#pragma once

#include <TFT_eSPI.h>

// Generated by calendar-viewer/tools/generate_latin_font.py from
// Noto Sans SemiCondensed Bold. Noto fonts are licensed under the
// SIL Open Font License 1.1; see tools/fonts/LICENSE.noto.
namespace calendar_latin_font {
namespace data {

static const uint16_t kCodepoints[] PROGMEM = {
    0x0020, 0x0021, 0x0022, 0x0023, 0x0024, 0x0025, 0x0026, 0x0027, 0x0028, 0x0029, 0x002A, 0x002B,
    0x002C, 0x002D, 0x002E, 0x002F, 0x0030, 0x0031, 0x0032, 0x0033, 0x0034, 0x0035, 0x0036, 0x0037,
    0x0038, 0x0039, 0x003A, 0x003B, 0x003C, 0x003D, 0x003E, 0x003F, 0x0040, 0x0041, 0x0042, 0x0043,
    0x0044, 0x0045, 0x0046, 0x0047, 0x0048, 0x0049, 0x004A, 0x004B, 0x004C, 0x004D, 0x004E, 0x004F,
    0x0050, 0x0051, 0x0052, 0x0053, 0x0054, 0x0055, 0x0056, 0x0057, 0x0058, 0x0059, 0x005A, 0x005B,
    0x005C, 0x005D, 0x005E, 0x005F, 0x0060, 0x0061, 0x0062, 0x0063, 0x0064, 0x0065, 0x0066, 0x0067,
    0x0068, 0x0069, 0x006A, 0x006B, 0x006C, 0x006D, 0x006E, 0x006F, 0x0070, 0x0071, 0x0072, 0x0073,
    0x0074, 0x0075, 0x0076, 0x0077, 0x0078, 0x0079, 0x007A, 0x007B, 0x007C, 0x007D, 0x007E, 0x00A0,
    0x00A1, 0x00A2, 0x00A3, 0x00A4, 0x00A5, 0x00A6, 0x00A7, 0x00A8, 0x00A9, 0x00AA, 0x00AB, 0x00AC,
    0x00AD, 0x00AE, 0x00AF, 0x00B0, 0x00B1, 0x00B2, 0x00B3, 0x00B4, 0x00B5, 0x00B6, 0x00B7, 0x00B8,
    0x00B9, 0x00BA, 0x00BB, 0x00BC, 0x00BD, 0x00BE, 0x00BF, 0x00C0, 0x00C1, 0x00C2, 0x00C3, 0x00C4,
    0x00C5, 0x00C6, 0x00C7, 0x00C8, 0x00C9, 0x00CA, 0x00CB, 0x00CC, 0x00CD, 0x00CE, 0x00CF, 0x00D0,
    0x00D1, 0x00D2, 0x00D3, 0x00D4, 0x00D5, 0x00D6, 0x00D7, 0x00D8, 0x00D9, 0x00DA, 0x00DB, 0x00DC,
    0x00DD, 0x00DE, 0x00DF, 0x00E0, 0x00E1, 0x00E2, 0x00E3, 0x00E4, 0x00E5, 0x00E6, 0x00E7, 0x00E8,
    0x00E9, 0x00EA, 0x00EB, 0x00EC, 0x00ED, 0x00EE, 0x00EF, 0x00F0, 0x00F1, 0x00F2, 0x00F3, 0x00F4,
    0x00F5, 0x00F6, 0x00F7, 0x00F8, 0x00F9, 0x00FA, 0x00FB, 0x00FC, 0x00FD, 0x00FE, 0x00FF, 0x0100,
    0x0101, 0x0102, 0x0103, 0x0104, 0x0105, 0x0106, 0x0107, 0x0108, 0x0109, 0x010A, 0x010B, 0x010C,
    0x010D, 0x010E, 0x010F, 0x0110, 0x0111, 0x0112, 0x0113, 0x0114, 0x0115, 0x0116, 0x0117, 0x0118,
    0x0119, 0x011A, 0x011B, 0x011C, 0x011D, 0x011E, 0x011F, 0x0120, 0x0121, 0x0122, 0x0123, 0x0124,
    0x0125, 0x0126, 0x0127, 0x0128, 0x0129, 0x012A, 0x012B, 0x012C, 0x012D, 0x012E, 0x012F, 0x0130,
    0x0131, 0x0132, 0x0133, 0x0134, 0x0135, 0x0136, 0x0137, 0x0138, 0x0139, 0x013A, 0x013B, 0x013C,
    0x013D, 0x013E, 0x013F, 0x0140, 0x0141, 0x0142, 0x0143, 0x0144, 0x0145, 0x0146, 0x0147, 0x0148,
    0x0149, 0x014A, 0x014B, 0x014C, 0x014D, 0x014E, 0x014F, 0x0150, 0x0151, 0x0152, 0x0153, 0x0154,
    0x0155, 0x0156, 0x0157, 0x0158, 0x0159, 0x015A, 0x015B, 0x015C, 0x015D, 0x015E, 0x015F, 0x0160,
    0x0161, 0x0162, 0x0163, 0x0164, 0x0165, 0x0166, 0x0167, 0x0168, 0x0169, 0x016A, 0x016B, 0x016C,
    0x016D, 0x016E, 0x016F, 0x0170, 0x0171, 0x0172, 0x0173, 0x0174, 0x0175, 0x0176, 0x0177, 0x0178,
    0x0179, 0x017A, 0x017B, 0x017C, 0x017D, 0x017E, 0x017F, 0x0180, 0x0181, 0x0182, 0x0183, 0x0184,
    0x0185, 0x0186, 0x0187, 0x0188, 0x0189, 0x018A, 0x018B, 0x018C, 0x018D, 0x018E, 0x018F, 0x0190,
    0x0191, 0x0192, 0x0193, 0x0194, 0x0195, 0x0196, 0x0197, 0x0198, 0x0199, 0x019A, 0x019B, 0x019C,
    0x019D, 0x019E, 0x019F, 0x01A0, 0x01A1, 0x01A2, 0x01A3, 0x01A4, 0x01A5, 0x01A6, 0x01A7, 0x01A8,
    0x01A9, 0x01AA, 0x01AB, 0x01AC, 0x01AD, 0x01AE, 0x01AF, 0x01B0, 0x01B1, 0x01B2, 0x01B3, 0x01B4,
    0x01B5, 0x01B6, 0x01B7, 0x01B8, 0x01B9, 0x01BA, 0x01BB, 0x01BC, 0x01BD, 0x01BE, 0x01BF, 0x01C0,
    0x01C1, 0x01C2, 0x01C3, 0x01C4, 0x01C5, 0x01C6, 0x01C7, 0x01C8, 0x01C9, 0x01CA, 0x01CB, 0x01CC,
    0x01CD, 0x01CE, 0x01CF, 0x01D0, 0x01D1, 0x01D2, 0x01D3, 0x01D4, 0x01D5, 0x01D6, 0x01D7, 0x01D8,
    0x01D9, 0x01DA, 0x01DB, 0x01DC, 0x01DD, 0x01DE, 0x01DF, 0x01E0, 0x01E1, 0x01E2, 0x01E3, 0x01E4,
    0x01E5, 0x01E6, 0x01E7, 0x01E8, 0x01E9, 0x01EA, 0x01EB, 0x01EC, 0x01ED, 0x01EE, 0x01EF, 0x01F0,
    0x01F1, 0x01F2, 0x01F3, 0x01F4, 0x01F5, 0x01F6, 0x01F7, 0x01F8, 0x01F9, 0x01FA, 0x01FB, 0x01FC,
    0x01FD, 0x01FE, 0x01FF, 0x0200, 0x0201, 0x0202, 0x0203, 0x0204, 0x0205, 0x0206, 0x0207, 0x0208,
    0x0209, 0x020A, 0x020B, 0x020C, 0x020D, 0x020E, 0x020F, 0x0210, 0x0211, 0x0212, 0x0213, 0x0214,
    0x0215, 0x0216, 0x0217, 0x0218, 0x0219, 0x021A, 0x021B, 0x021C, 0x021D, 0x021E, 0x021F, 0x0220,
    0x0221, 0x0222, 0x0223, 0x0224, 0x0225, 0x0226, 0x0227, 0x0228, 0x0229, 0x022A, 0x022B, 0x022C,
    0x022D, 0x022E, 0x022F, 0x0230, 0x0231, 0x0232, 0x0233, 0x0234, 0x0235, 0x0236, 0x0237, 0x0238,
    0x0239, 0x023A, 0x023B, 0x023C, 0x023D, 0x023E, 0x023F, 0x0240, 0x0241, 0x0242, 0x0243, 0x0244,
    0x0245, 0x0246, 0x0247, 0x0248, 0x0249, 0x024A, 0x024B, 0x024C, 0x024D, 0x024E, 0x024F, 0x0250,
    0x0251, 0x0252, 0x0253, 0x0254, 0x0255, 0x0256, 0x0257, 0x0258, 0x0259, 0x025A, 0x025B, 0x025C,
    0x025D, 0x025E, 0x025F, 0x0260, 0x0261, 0x0262, 0x0263, 0x0264, 0x0265, 0x0266, 0x0267, 0x0268,
    0x0269, 0x026A, 0x026B, 0x026C, 0x026D, 0x026E, 0x026F, 0x0270, 0x0271, 0x0272, 0x0273, 0x0274,
    0x0275, 0x0276, 0x0277, 0x0278, 0x0279, 0x027A, 0x027B, 0x027C, 0x027D, 0x027E, 0x027F, 0x0280,
    0x0281, 0x0282, 0x0283, 0x0284, 0x0285, 0x0286, 0x0287, 0x0288, 0x0289, 0x028A, 0x028B, 0x028C,
    0x028D, 0x028E, 0x028F, 0x0290, 0x0291, 0x0292, 0x0293, 0x0294, 0x0295, 0x0296, 0x0297, 0x0298,
    0x0299, 0x029A, 0x029B, 0x029C, 0x029D, 0x029E, 0x029F, 0x02A0, 0x02A1, 0x02A2, 0x02A3, 0x02A4,
    0x02A5, 0x02A6, 0x02A7, 0x02A8, 0x02A9, 0x02AA, 0x02AB, 0x02AC, 0x02AD, 0x02AE, 0x02AF, 0x02B0,
    0x02B1, 0x02B2, 0x02B3, 0x02B4, 0x02B5, 0x02B6, 0x02B7, 0x02B8, 0x02B9, 0x02BA, 0x02BB, 0x02BC,
    0x02BD, 0x02BE, 0x02BF, 0x02C0, 0x02C1, 0x02C2, 0x02C3, 0x02C4, 0x02C5, 0x02C6, 0x02C7, 0x02C8,
    0x02C9, 0x02CA, 0x02CB, 0x02CC, 0x02CD, 0x02CE, 0x02CF, 0x02D0, 0x02D1, 0x02D2, 0x02D3, 0x02D4,
    0x02D5, 0x02D6, 0x02D7, 0x02D8, 0x02D9, 0x02DA, 0x02DB, 0x02DC, 0x02DD, 0x02DE, 0x02DF, 0x02E0,
    0x02E1, 0x02E2, 0x02E3, 0x02E4, 0x02E5, 0x02E6, 0x02E7, 0x02E8, 0x02E9, 0x02EA, 0x02EB, 0x02EC,
    0x02ED, 0x02EE, 0x02EF, 0x02F0, 0x02F1, 0x02F2, 0x02F3, 0x02F4, 0x02F5, 0x02F6, 0x02F7, 0x02F8,
    0x02F9, 0x02FA, 0x02FB, 0x02FC, 0x02FD, 0x02FE, 0x02FF, 0x0300, 0x0301, 0x0302, 0x0303, 0x0304,
    0x0305, 0x0306, 0x0307, 0x0308, 0x0309, 0x030A, 0x030B, 0x030C, 0x030D, 0x030E, 0x030F, 0x0310,
    0x0311, 0x0312, 0x0313, 0x0314, 0x0315, 0x0316, 0x0317, 0x0318, 0x0319, 0x031A, 0x031B, 0x031C,
    0x031D, 0x031E, 0x031F, 0x0320, 0x0321, 0x0322, 0x0323, 0x0324, 0x0325, 0x0326, 0x0327, 0x0328,
    0x0329, 0x032A, 0x032B, 0x032C, 0x032D, 0x032E, 0x032F, 0x0330, 0x0331, 0x0332, 0x0333, 0x0334,
    0x0335, 0x0336, 0x0337, 0x0338, 0x0339, 0x033A, 0x033B, 0x033C, 0x033D, 0x033E, 0x033F, 0x0340,
    0x0341, 0x0342, 0x0343, 0x0344, 0x0345, 0x0346, 0x0347, 0x0348, 0x0349, 0x034A, 0x034B, 0x034C,
    0x034D, 0x034E, 0x034F, 0x0350, 0x0351, 0x0352, 0x0353, 0x0354, 0x0355, 0x0356, 0x0357, 0x0358,
    0x0359, 0x035A, 0x035B, 0x035C, 0x035D, 0x035E, 0x035F, 0x0360, 0x0361, 0x0362, 0x0363, 0x0364,
    0x0365, 0x0366, 0x0367, 0x0368, 0x0369, 0x036A, 0x036B, 0x036C, 0x036D, 0x036E, 0x036F, 0x1AB0,
    0x1AB1, 0x1AB2, 0x1AB3, 0x1AB4, 0x1AB5, 0x1AB6, 0x1AB7, 0x1AB8, 0x1AB9, 0x1ABA, 0x1ABB, 0x1ABC,
    0x1ABD, 0x1ABE, 0x1ABF, 0x1AC0, 0x1D00, 0x1D01, 0x1D02, 0x1D03, 0x1D04, 0x1D05, 0x1D06, 0x1D07,
    0x1D08, 0x1D09, 0x1D0A, 0x1D0B, 0x1D0C, 0x1D0D, 0x1D0E, 0x1D0F, 0x1D10, 0x1D11, 0x1D12, 0x1D13,
    0x1D14, 0x1D15, 0x1D16, 0x1D17, 0x1D18, 0x1D19, 0x1D1A, 0x1D1B, 0x1D1C, 0x1D1D, 0x1D1E, 0x1D1F,
    0x1D20, 0x1D21, 0x1D22, 0x1D23, 0x1D24, 0x1D25, 0x1D26, 0x1D27, 0x1D28, 0x1D29, 0x1D2A, 0x1D2B,
    0x1D2C, 0x1D2D, 0x1D2E, 0x1D2F, 0x1D30, 0x1D31, 0x1D32, 0x1D33, 0x1D34, 0x1D35, 0x1D36, 0x1D37,
    0x1D38, 0x1D39, 0x1D3A, 0x1D3B, 0x1D3C, 0x1D3D, 0x1D3E, 0x1D3F, 0x1D40, 0x1D41, 0x1D42, 0x1D43,
    0x1D44, 0x1D45, 0x1D46, 0x1D47, 0x1D48, 0x1D49, 0x1D4A, 0x1D4B, 0x1D4C, 0x1D4D, 0x1D4E, 0x1D4F,
    0x1D50, 0x1D51, 0x1D52, 0x1D53, 0x1D54, 0x1D55, 0x1D56, 0x1D57, 0x1D58, 0x1D59, 0x1D5A, 0x1D5B,
    0x1D5C, 0x1D5D, 0x1D5E, 0x1D5F, 0x1D60, 0x1D61, 0x1D62, 0x1D63, 0x1D64, 0x1D65, 0x1D66, 0x1D67,
    0x1D68, 0x1D69, 0x1D6A, 0x1D6B, 0x1D6C, 0x1D6D, 0x1D6E, 0x1D6F, 0x1D70, 0x1D71, 0x1D72, 0x1D73,
    0x1D74, 0x1D75, 0x1D76, 0x1D77, 0x1D78, 0x1D79, 0x1D7A, 0x1D7B, 0x1D7C, 0x1D7D, 0x1D7E, 0x1D7F,
    0x1D80, 0x1D81, 0x1D82, 0x1D83, 0x1D84, 0x1D85, 0x1D86, 0x1D87, 0x1D88, 0x1D89, 0x1D8A, 0x1D8B,
    0x1D8C, 0x1D8D, 0x1D8E, 0x1D8F, 0x1D90, 0x1D91, 0x1D92, 0x1D93, 0x1D94, 0x1D95, 0x1D96, 0x1D97,
    0x1D98, 0x1D99, 0x1D9A, 0x1D9B, 0x1D9C, 0x1D9D, 0x1D9E, 0x1D9F, 0x1DA0, 0x1DA1, 0x1DA2, 0x1DA3,
    0x1DA4, 0x1DA5, 0x1DA6, 0x1DA7, 0x1DA8, 0x1DA9, 0x1DAA, 0x1DAB, 0x1DAC, 0x1DAD, 0x1DAE, 0x1DAF,
    0x1DB0, 0x1DB1, 0x1DB2, 0x1DB3, 0x1DB4, 0x1DB5, 0x1DB6, 0x1DB7, 0x1DB8, 0x1DB9, 0x1DBA, 0x1DBB,
    0x1DBC, 0x1DBD, 0x1DBE, 0x1DBF, 0x1DC0, 0x1DC1, 0x1DC2, 0x1DC3, 0x1DC4, 0x1DC5, 0x1DC6, 0x1DC7,
    0x1DC8, 0x1DC9, 0x1DCA, 0x1DCB, 0x1DCC, 0x1DCD, 0x1DCE, 0x1DCF, 0x1DD0, 0x1DD1, 0x1DD2, 0x1DD3,
    0x1DD4, 0x1DD5, 0x1DD6, 0x1DD7, 0x1DD8, 0x1DD9, 0x1DDA, 0x1DDB, 0x1DDC, 0x1DDD, 0x1DDE, 0x1DDF,
    0x1DE0, 0x1DE1, 0x1DE2, 0x1DE3, 0x1DE4, 0x1DE5, 0x1DE6, 0x1DE7, 0x1DE8, 0x1DE9, 0x1DEA, 0x1DEB,
    0x1DEC, 0x1DED, 0x1DEE, 0x1DEF, 0x1DF0, 0x1DF1, 0x1DF2, 0x1DF3, 0x1DF4, 0x1DF5, 0x1DF6, 0x1DF7,
    0x1DF8, 0x1DF9, 0x1DFB, 0x1DFC, 0x1DFD, 0x1DFE, 0x1DFF, 0x1E00, 0x1E01, 0x1E02, 0x1E03, 0x1E04,
    0x1E05, 0x1E06, 0x1E07, 0x1E08, 0x1E09, 0x1E0A, 0x1E0B, 0x1E0C, 0x1E0D, 0x1E0E, 0x1E0F, 0x1E10,
    0x1E11, 0x1E12, 0x1E13, 0x1E14, 0x1E15, 0x1E16, 0x1E17, 0x1E18, 0x1E19, 0x1E1A, 0x1E1B, 0x1E1C,
    0x1E1D, 0x1E1E, 0x1E1F, 0x1E20, 0x1E21, 0x1E22, 0x1E23, 0x1E24, 0x1E25, 0x1E26, 0x1E27, 0x1E28,
    0x1E29, 0x1E2A, 0x1E2B, 0x1E2C, 0x1E2D, 0x1E2E, 0x1E2F, 0x1E30, 0x1E31, 0x1E32, 0x1E33, 0x1E34,
    0x1E35, 0x1E36, 0x1E37, 0x1E38, 0x1E39, 0x1E3A, 0x1E3B, 0x1E3C, 0x1E3D, 0x1E3E, 0x1E3F, 0x1E40,
    0x1E41, 0x1E42, 0x1E43, 0x1E44, 0x1E45, 0x1E46, 0x1E47, 0x1E48, 0x1E49, 0x1E4A, 0x1E4B, 0x1E4C,
    0x1E4D, 0x1E4E, 0x1E4F, 0x1E50, 0x1E51, 0x1E52, 0x1E53, 0x1E54, 0x1E55, 0x1E56, 0x1E57, 0x1E58,
    0x1E59, 0x1E5A, 0x1E5B, 0x1E5C, 0x1E5D, 0x1E5E, 0x1E5F, 0x1E60, 0x1E61, 0x1E62, 0x1E63, 0x1E64,
    0x1E65, 0x1E66, 0x1E67, 0x1E68, 0x1E69, 0x1E6A, 0x1E6B, 0x1E6C, 0x1E6D, 0x1E6E, 0x1E6F, 0x1E70,
    0x1E71, 0x1E72, 0x1E73, 0x1E74, 0x1E75, 0x1E76, 0x1E77, 0x1E78, 0x1E79, 0x1E7A, 0x1E7B, 0x1E7C,
    0x1E7D, 0x1E7E, 0x1E7F, 0x1E80, 0x1E81, 0x1E82, 0x1E83, 0x1E84, 0x1E85, 0x1E86, 0x1E87, 0x1E88,
    0x1E89, 0x1E8A, 0x1E8B, 0x1E8C, 0x1E8D, 0x1E8E, 0x1E8F, 0x1E90, 0x1E91, 0x1E92, 0x1E93, 0x1E94,
    0x1E95, 0x1E96, 0x1E97, 0x1E98, 0x1E99, 0x1E9A, 0x1E9B, 0x1E9C, 0x1E9D, 0x1E9E, 0x1E9F, 0x1EA0,
    0x1EA1, 0x1EA2, 0x1EA3, 0x1EA4, 0x1EA5, 0x1EA6, 0x1EA7, 0x1EA8, 0x1EA9, 0x1EAA, 0x1EAB, 0x1EAC,
    0x1EAD, 0x1EAE, 0x1EAF, 0x1EB0, 0x1EB1, 0x1EB2, 0x1EB3, 0x1EB4, 0x1EB5, 0x1EB6, 0x1EB7, 0x1EB8,
    0x1EB9, 0x1EBA, 0x1EBB, 0x1EBC, 0x1EBD, 0x1EBE, 0x1EBF, 0x1EC0, 0x1EC1, 0x1EC2, 0x1EC3, 0x1EC4,
    0x1EC5, 0x1EC6, 0x1EC7, 0x1EC8, 0x1EC9, 0x1ECA, 0x1ECB, 0x1ECC, 0x1ECD, 0x1ECE, 0x1ECF, 0x1ED0,
    0x1ED1, 0x1ED2, 0x1ED3, 0x1ED4, 0x1ED5, 0x1ED6, 0x1ED7, 0x1ED8, 0x1ED9, 0x1EDA, 0x1EDB, 0x1EDC,
    0x1EDD, 0x1EDE, 0x1EDF, 0x1EE0, 0x1EE1, 0x1EE2, 0x1EE3, 0x1EE4, 0x1EE5, 0x1EE6, 0x1EE7, 0x1EE8,
    0x1EE9, 0x1EEA, 0x1EEB, 0x1EEC, 0x1EED, 0x1EEE, 0x1EEF, 0x1EF0, 0x1EF1, 0x1EF2, 0x1EF3, 0x1EF4,
    0x1EF5, 0x1EF6, 0x1EF7, 0x1EF8, 0x1EF9, 0x1EFA, 0x1EFB, 0x1EFC, 0x1EFD, 0x1EFE, 0x1EFF, 0x2000,
    0x2001, 0x2002, 0x2003, 0x2004, 0x2005, 0x2006, 0x2007, 0x2008, 0x2009, 0x200A, 0x200B, 0x200C,
    0x200D, 0x200E, 0x200F, 0x2010, 0x2011, 0x2012, 0x2013, 0x2014, 0x2015, 0x2016, 0x2017, 0x2018,
    0x2019, 0x201A, 0x201B, 0x201C, 0x201D, 0x201E, 0x201F, 0x2020, 0x2021, 0x2022, 0x2023, 0x2024,
    0x2025, 0x2026, 0x2027, 0x2028, 0x2029, 0x202A, 0x202B, 0x202C, 0x202D, 0x202E, 0x202F, 0x2030,
    0x2031, 0x2032, 0x2033, 0x2034, 0x2035, 0x2036, 0x2037, 0x2038, 0x2039, 0x203A, 0x203B, 0x203C,
    0x203D, 0x203E, 0x203F, 0x2040, 0x2041, 0x2042, 0x2043, 0x2044, 0x2045, 0x2046, 0x2047, 0x2048,
    0x2049, 0x204A, 0x204B, 0x204C, 0x204D, 0x204E, 0x204F, 0x2050, 0x2051, 0x2052, 0x2053, 0x2054,
    0x2055, 0x2056, 0x2057, 0x2058, 0x2059, 0x205A, 0x205B, 0x205C, 0x205D, 0x205E, 0x205F, 0x2060,
    0x2061, 0x2062, 0x2063, 0x2064, 0x2066, 0x2067, 0x2068, 0x2069, 0x206A, 0x206B, 0x206C, 0x206D,
    0x206E, 0x206F, 0x2070, 0x2071, 0x2074, 0x2075, 0x2076, 0x2077, 0x2078, 0x2079, 0x207A, 0x207B,
    0x207C, 0x207D, 0x207E, 0x207F, 0x2080, 0x2081, 0x2082, 0x2083, 0x2084, 0x2085, 0x2086, 0x2087,
    0x2088, 0x2089, 0x208A, 0x208B, 0x208C, 0x208D, 0x208E, 0x2090, 0x2091, 0x2092, 0x2093, 0x2094,
    0x2095, 0x2096, 0x2097, 0x2098, 0x2099, 0x209A, 0x209B, 0x209C, 0x20A0, 0x20A1, 0x20A2, 0x20A3,
    0x20A4, 0x20A5, 0x20A6, 0x20A7, 0x20A8, 0x20A9, 0x20AA, 0x20AB, 0x20AC, 0x20AD, 0x20AE, 0x20AF,
    0x20B0, 0x20B1, 0x20B2, 0x20B3, 0x20B4, 0x20B5, 0x20B6, 0x20B7, 0x20B8, 0x20B9, 0x20BA, 0x20BB,
    0x20BC, 0x20BD, 0x20BE, 0x20BF, 0x20F0, 0x2100, 0x2101, 0x2102, 0x2103, 0x2104, 0x2105, 0x2106,
    0x2107, 0x2108, 0x2109, 0x210A, 0x210B, 0x210C, 0x210D, 0x210E, 0x210F, 0x2110, 0x2111, 0x2112,
    0x2113, 0x2114, 0x2115, 0x2116, 0x2117, 0x2118, 0x2119, 0x211A, 0x211B, 0x211C, 0x211D, 0x211E,
    0x211F, 0x2120, 0x2121, 0x2122, 0x2123, 0x2124, 0x2125, 0x2126, 0x2127, 0x2128, 0x2129, 0x212A,
    0x212B, 0x212C, 0x212D, 0x212E, 0x212F, 0x2130, 0x2131, 0x2132, 0x2133, 0x2134, 0x2135, 0x2136,
    0x2137, 0x2138, 0x2139, 0x213A, 0x213B, 0x213C, 0x213D, 0x213E, 0x213F, 0x2140, 0x2141, 0x2142,
    0x2143, 0x2144, 0x2145, 0x2146, 0x2147, 0x2148, 0x2149, 0x214A, 0x214B, 0x214C, 0x214D, 0x214E,
    0x214F, 0x2150, 0x2151, 0x2152, 0x2153, 0x2154, 0x2155, 0x2156, 0x2157, 0x2158, 0x2159, 0x215A,
    0x215B, 0x215C, 0x215D, 0x215E, 0x215F, 0x2184, 0x2189, 0x2C60, 0x2C61, 0x2C62, 0x2C63, 0x2C64,
    0x2C65, 0x2C66, 0x2C67, 0x2C68, 0x2C69, 0x2C6A, 0x2C6B, 0x2C6C, 0x2C6D, 0x2C6E, 0x2C6F, 0x2C70,
    0x2C71, 0x2C72, 0x2C73, 0x2C74, 0x2C75, 0x2C76, 0x2C77, 0x2C78, 0x2C79, 0x2C7A, 0x2C7B, 0x2C7C,
    0x2C7D, 0x2C7E, 0x2C7F, 0xA720, 0xA721, 0xA722, 0xA723, 0xA724, 0xA725, 0xA726, 0xA727, 0xA728,
    0xA729, 0xA72A, 0xA72B, 0xA72C, 0xA72D, 0xA72E, 0xA72F, 0xA730, 0xA731, 0xA732, 0xA733, 0xA734,
    0xA735, 0xA736, 0xA737, 0xA738, 0xA739, 0xA73A, 0xA73B, 0xA73C, 0xA73D, 0xA73E, 0xA73F, 0xA740,
    0xA741, 0xA742, 0xA743, 0xA744, 0xA745, 0xA746, 0xA747, 0xA748, 0xA749, 0xA74A, 0xA74B, 0xA74C,
    0xA74D, 0xA74E, 0xA74F, 0xA750, 0xA751, 0xA752, 0xA753, 0xA754, 0xA755, 0xA756, 0xA757, 0xA758,
    0xA759, 0xA75A, 0xA75B, 0xA75C, 0xA75D, 0xA75E, 0xA75F, 0xA760, 0xA761, 0xA762, 0xA763, 0xA764,
    0xA765, 0xA766, 0xA767, 0xA768, 0xA769, 0xA76A, 0xA76B, 0xA76C, 0xA76D, 0xA76E, 0xA76F, 0xA770,
    0xA771, 0xA772, 0xA773, 0xA774, 0xA775, 0xA776, 0xA777, 0xA778, 0xA779, 0xA77A, 0xA77B, 0xA77C,
    0xA77D, 0xA77E, 0xA77F, 0xA780, 0xA781, 0xA782, 0xA783, 0xA784, 0xA785, 0xA786, 0xA787, 0xA788,
    0xA789, 0xA78A, 0xA78B, 0xA78C, 0xA78D, 0xA78E, 0xA78F, 0xA790, 0xA791, 0xA792, 0xA793, 0xA794,
    0xA795, 0xA796, 0xA797, 0xA798, 0xA799, 0xA79A, 0xA79B, 0xA79C, 0xA79D, 0xA79E, 0xA79F, 0xA7A0,
    0xA7A1, 0xA7A2, 0xA7A3, 0xA7A4, 0xA7A5, 0xA7A6, 0xA7A7, 0xA7A8, 0xA7A9, 0xA7AA, 0xA7AB, 0xA7AC,
    0xA7AD, 0xA7AE, 0xA7AF, 0xA7B0, 0xA7B1, 0xA7B2, 0xA7B3, 0xA7B4, 0xA7B5, 0xA7B6, 0xA7B7, 0xA7B8,
    0xA7B9, 0xA7BA, 0xA7BB, 0xA7BC, 0xA7BD, 0xA7BE, 0xA7BF, 0xA7C2, 0xA7C3, 0xA7C4, 0xA7C5, 0xA7C6,
    0xA7C7, 0xA7C8, 0xA7C9, 0xA7CA, 0xA7F5, 0xA7F6, 0xA7F7, 0xA7F8, 0xA7F9, 0xA7FA, 0xA7FB, 0xA7FC,
    0xA7FD, 0xA7FE, 0xA7FF, 0xAB30, 0xAB31, 0xAB32, 0xAB33, 0xAB34, 0xAB35, 0xAB36, 0xAB37, 0xAB38,
    0xAB39, 0xAB3A, 0xAB3B, 0xAB3C, 0xAB3D, 0xAB3E, 0xAB3F, 0xAB40, 0xAB41, 0xAB42, 0xAB43, 0xAB44,
    0xAB45, 0xAB46, 0xAB47, 0xAB48, 0xAB49, 0xAB4A, 0xAB4B, 0xAB4C, 0xAB4D, 0xAB4E, 0xAB4F, 0xAB50,
    0xAB51, 0xAB52, 0xAB53, 0xAB54, 0xAB55, 0xAB56, 0xAB57, 0xAB58, 0xAB59, 0xAB5A, 0xAB5B, 0xAB5C,
    0xAB5D, 0xAB5E, 0xAB5F, 0xAB60, 0xAB61, 0xAB62, 0xAB63, 0xAB64, 0xAB65, 0xAB66, 0xAB67, 0xAB68,
    0xAB69, 0xAB6A, 0xAB6B, 0xFB00, 0xFB01, 0xFB02, 0xFB03, 0xFB04, 0xFB05, 0xFB06, 0xFE20, 0xFE21,
    0xFE22, 0xFE23, 0xFE24, 0xFE25, 0xFE26, 0xFE27, 0xFE28, 0xFE29, 0xFE2A, 0xFE2B, 0xFE2C, 0xFE2D,
    0xFE2E, 0xFE2F,
};

constexpr size_t kCodepointCount = 1922;

constexpr int kReplacementGlyphIndex = 31;

static const uint8_t kGridBitmaps[] PROGMEM = {
    0x73, 0x9C, 0xE7, 0x39, 0xCE, 0x70, 0x1C, 0xE7, 0x00, 0x76, 0x76, 0x76, 0x76, 0x66, 0x00, 0x00,
    0x00, 0x00, 0x00, 0x00, 0x00, 0x00, 0x1D, 0x83, 0xB0, 0x76, 0x0D, 0xC7, 0xFE, 0xFF, 0xC6, 0xC1,
    0xD8, 0xFF, 0xDF, 0xF8, 0xDC, 0x1B, 0x83, 0x60, 0x0C, 0x07, 0xC7, 0xF9, 0xFC, 0x6C, 0x1F, 0x07,
    0xE0, 0xFC, 0x0F, 0x83, 0xE6, 0xF9, 0xFE, 0x7F, 0x03, 0x00, 0xC0, 0x78, 0x70, 0xF8, 0xC3, 0xB3,
    0x87, 0x66, 0x0E, 0xDC, 0x1D, 0xB7, 0x9F, 0xFF, 0xBD, 0xBF, 0x07, 0x6E, 0x0C, 0xDC, 0x39, 0xF8,
    0x63, 0xF1, 0xC3, 0xC0, 0x1F, 0x01, 0xF8, 0x0E, 0xE0, 0x67, 0x03, 0xF0, 0x1F, 0x00, 0xF9, 0xCF,
    0xEE, 0xF7, 0xE7, 0x9F, 0x1C, 0xF0, 0xFF, 0xC3, 0xFF, 0x00, 0x73, 0x9C, 0xE6, 0x00, 0x00, 0x00,
    0x00, 0x00, 0x00, 0x18, 0xE3, 0x1C, 0x71, 0xC6, 0x18, 0x61, 0x87, 0x1C, 0x70, 0xC3, 0x86, 0xE1,
    0xC7, 0x0E, 0x38, 0xE3, 0x86, 0x18, 0x63, 0x8E, 0x39, 0xC7, 0x38, 0x1C, 0x0E, 0x1F, 0xFF, 0xF7,
    0xF1, 0xF1, 0xDC, 0x6C, 0x00, 0x00, 0x00, 0x00, 0x00, 0x00, 0x00, 0x0C, 0x03, 0x00, 0xC0, 0x30,
    0xFF, 0xBF, 0xE0, 0xC0, 0x30, 0x0C, 0x00, 0x00, 0x00, 0x73, 0x9C, 0xCE, 0x00, 0x03, 0xEF, 0x80,
    0x00, 0x00, 0x00, 0x73, 0x9C, 0x06, 0x0E, 0x0E, 0x1C, 0x1C, 0x18, 0x38, 0x38, 0x30, 0x70, 0x70,
    0xE0, 0xE0, 0x3E, 0x1F, 0xC7, 0x79, 0xCE, 0x73, 0xBC, 0xEF, 0x3B, 0xCE, 0x73, 0x9C, 0xE7, 0x78,
    0xFC, 0x3E, 0x00, 0x0E, 0x07, 0x83, 0xE1, 0xF8, 0x2E, 0x03, 0x80, 0xE0, 0x38, 0x0E, 0x03, 0x80,
    0xE0, 0x38, 0x0E, 0x00, 0x3E, 0x1F, 0xC7, 0x78, 0x0E, 0x03, 0x81, 0xC0, 0xF0, 0x38, 0x1C, 0x0E,
    0x07, 0x83, 0xFE, 0xFF, 0x80, 0x7E, 0x1F, 0xC6, 0x78, 0x0E, 0x07, 0x0F, 0x83, 0xF0, 0x1E, 0x03,
    0x80, 0xEE, 0x7B, 0xFC, 0x7E, 0x00, 0x07, 0x03, 0xC0, 0xF0, 0x7C, 0x3F, 0x0D, 0xC7, 0x73, 0x9C,
    0xFF, 0xFF, 0xF0, 0x70, 0x1C, 0x07, 0x00, 0x7F, 0x1F, 0xC7, 0x01, 0xC0, 0x70, 0x1F, 0xC7, 0xF0,
    0x1E, 0x03, 0x80, 0xE6, 0x79, 0xFC, 0x7E, 0x00, 0x1F, 0x0F, 0xC7, 0x81, 0xC0, 0x7F, 0x1F, 0xEF,
    0x7B, 0xCE, 0xF3, 0x9C, 0xE7, 0x78, 0xFC, 0x1E, 0x00, 0xFF, 0xBF, 0xE0, 0x38, 0x1E, 0x07, 0x01,
    0xC0, 0xE0, 0x38, 0x1E, 0x07, 0x01, 0xC0, 0xE0, 0x38, 0x00, 0x3E, 0x1F, 0xC7, 0x79, 0xCE, 0x77,
    0x8F, 0xC3, 0xE1, 0xFC, 0x73, 0xB8, 0xEF, 0x39, 0xFE, 0x3F, 0x00, 0x3E, 0x1F, 0xC7, 0x7B, 0x8E,
    0xE3, 0x9D, 0xE7, 0xF8, 0xFE, 0x03, 0x80, 0xE0, 0xF1, 0xF8, 0x7C, 0x00, 0x73, 0x9C, 0x00, 0x00,
    0x0E, 0x73, 0x80, 0x73, 0x9C, 0x00, 0x00, 0x00, 0x73, 0x9C, 0xCE, 0x00, 0x00, 0x00, 0x60, 0x78,
    0x7C, 0x7C, 0x3C, 0x07, 0xC0, 0x7C, 0x07, 0x80, 0x60, 0x00, 0x00, 0xFF, 0xBF, 0xE0, 0x00, 0x00,
    0xFF, 0xBF, 0xE0, 0x00, 0x00, 0x00, 0x00, 0x00, 0x00, 0x30, 0x0F, 0x01, 0xF0, 0x1F, 0x01, 0xE0,
    0xF9, 0xF8, 0xF8, 0x38, 0x00, 0x00, 0x00, 0x7C, 0xFE, 0xEF, 0x07, 0x0E, 0x1E, 0x3C, 0x38, 0x30,
    0x00, 0x38, 0x38, 0x38, 0x07, 0xE0, 0x3F, 0xE0, 0xF9, 0xE1, 0xDF, 0xE7, 0x7E, 0xCD, 0xDD, 0x9B,
    0x3B, 0x36, 0x76, 0x6E, 0xFC, 0xDF, 0xF9, 0x9E, 0xE3, 0x80, 0x03, 0xC7, 0x03, 0xFE, 0x03, 0xF8,
    0x00, 0x0F, 0x01, 0xF0, 0x1F, 0x01, 0xF8, 0x3B, 0x83, 0xB8, 0x39, 0xC7, 0x9C, 0x7F, 0xC7, 0xFE,
    0x70, 0xEE, 0x0E, 0xE0, 0xE0, 0x7F, 0x8F, 0xF9, 0xCF, 0x38, 0xE7, 0x1C, 0xFF, 0x1F, 0xE3, 0x9E,
    0x71, 0xCE, 0x39, 0xCF, 0x3F, 0xE7, 0xF8, 0x0F, 0xCF, 0xF3, 0xD9, 0xE0, 0x70, 0x1C, 0x07, 0x01,
    0xC0, 0x70, 0x1E, 0x03, 0xCC, 0xFF, 0x1F, 0x80, 0x7F, 0x07, 0xFC, 0x73, 0xC7, 0x0E, 0x70, 0xE7,
    0x0E, 0x70, 0xE7, 0x0E, 0x70, 0xE7, 0x0E, 0x73, 0xC7, 0xFC, 0x7F, 0x00, 0x7F, 0xBF, 0xDC, 0x0E,
    0x07, 0x03, 0xF9, 0xFC, 0xE0, 0x70, 0x38, 0x1C, 0x0F, 0xF7, 0xF8, 0x7F, 0x3F, 0x9C, 0x0E, 0x07,
    0x03, 0x81, 0xFC, 0xFE, 0x70, 0x38, 0x1C, 0x0E, 0x07, 0x00, 0x0F, 0xC1, 0xFE, 0x3C, 0xC7, 0x80,
    0x70, 0x07, 0x00, 0x73, 0xE7, 0x3E, 0x70, 0xE7, 0x8E, 0x3C, 0xE3, 0xFE, 0x0F, 0xE0, 0x70, 0xE3,
    0x87, 0x1C, 0x38, 0xE1, 0xC7, 0x0E, 0x3F, 0xF1, 0xFF, 0x8E, 0x1C, 0x70, 0xE3, 0x87, 0x1C, 0x38,
    0xE1, 0xC7, 0x0E, 0x00, 0xFD, 0xF8, 0xE1, 0xC3, 0x87, 0x0E, 0x1C, 0x38, 0x70, 0xE3, 0xEF, 0xC0,
    0x1C, 0x1C, 0x1C, 0x1C, 0x1C, 0x1C, 0x1C, 0x1C, 0x1C, 0x1C, 0x1C, 0x1C, 0x1C, 0x1C, 0x1C, 0x7C,
    0x78, 0x71, 0xEE, 0x39, 0xCF, 0x3B, 0xC7, 0x70, 0xFC, 0x1F, 0xC3, 0xF8, 0x77, 0x8E, 0x71, 0xCF,
    0x38, 0xE7, 0x0E, 0x70, 0x38, 0x1C, 0x0E, 0x07, 0x03, 0x81, 0xC0, 0xE0, 0x70, 0x38, 0x1E, 0x0F,
    0xF7, 0xF8, 0x78, 0x3E, 0x7C, 0x3E, 0x7C, 0x3E, 0x7C, 0x7E, 0x7E, 0x7E, 0x7E, 0x7E, 0x7E, 0x6E,
    0x76, 0xEE, 0x77, 0xEE, 0x77, 0xCE, 0x73, 0xCE, 0x73, 0xCE, 0x73, 0x8E, 0x78, 0x73, 0xE3, 0x9F,
    0x1C, 0xFC, 0xE7, 0xE7, 0x3B, 0xB9, 0xDD, 0xCE, 0x7E, 0x73, 0xF3, 0x8F, 0x9C, 0x7C, 0xE1, 0xE7,
    0x0F, 0x00, 0x1F, 0x81, 0xFF, 0x0F, 0x78, 0xF1, 0xE7, 0x07, 0x38, 0x39, 0xC1, 0xCE, 0x0E, 0x70,
    0x73, 0xC7, 0x8F, 0x78, 0x7F, 0xC0, 0xF8, 0x00, 0x7F, 0x1F, 0xE7, 0x3D, 0xC7, 0x71, 0xDC, 0xF7,
    0xF9, 0xFC, 0x70, 0x1C, 0x07, 0x01, 0xC0, 0x70, 0x00, 0x1F, 0xC1, 0xFF, 0x0F, 0x78, 0xF1, 0xE7,
    0x07, 0x38, 0x39, 0xC1, 0xCE, 0x0E, 0x70, 0x73, 0xC7, 0x8F, 0x78, 0x7F, 0xC0, 0xFC, 0x00, 0xE0,
    0x07, 0x80, 0x1E, 0x7F, 0x0F, 0xF1, 0xCF, 0x38, 0xE7, 0x1C, 0xE7, 0x9F, 0xE3, 0xF8, 0x77, 0x0E,
    0x71, 0xCF, 0x38, 0xE7, 0x1E, 0x3F, 0x3F, 0x9C, 0xCE, 0x07, 0x03, 0xE0, 0xFC, 0x3E, 0x07, 0x81,
    0xF9, 0xFF, 0xE7, 0xE0, 0xFF, 0xBF, 0xE1, 0xC0, 0x70, 0x1C, 0x07, 0x01, 0xC0, 0x70, 0x1C, 0x07,
    0x01, 0xC0, 0x70, 0x1C, 0x00, 0x70, 0xE7, 0x0E, 0x70, 0xE7, 0x0E, 0x70, 0xE7, 0x0E, 0x70, 0xE7,
    0x0E, 0x70, 0xE7, 0x0E, 0x3F, 0xE3, 0xFC, 0x1F, 0x80, 0xE0, 0xFC, 0x3D, 0xC7, 0x38, 0xE7, 0x1C,
    0xE7, 0x0E, 0xE1, 0xDC, 0x3B, 0x03, 0xE0, 0x7C, 0x0F, 0x80, 0xE0, 0xE1, 0xC7, 0x71, 0xE3, 0xB8,
    0xF1, 0xCE, 0x78, 0xE7, 0x3E, 0xE3, 0xBF, 0x71, 0xDF, 0xB8, 0xEE, 0xDC, 0x3E, 0x7C, 0x1F, 0x3E,
    0x0F, 0x9F, 0x07, 0xC7, 0x81, 0xC3, 0x80, 0xF1, 0xCE, 0x39, 0xEE, 0x1D, 0xC3, 0xF0, 0x3E, 0x07,
    0x80, 0xF8, 0x3F, 0x07, 0x71, 0xCF, 0x38, 0xEE, 0x1E, 0xE1, 0xDE, 0x39, 0xCE, 0x3D, 0xC3, 0xF0,
    0x7E, 0x07, 0x80, 0xF0, 0x0E, 0x01, 0xC0, 0x38, 0x07, 0x00, 0xE0, 0xFF, 0xBF, 0xE0, 0x78, 0x1C,
    0x0E, 0x03, 0x81, 0xC0, 0xF0, 0x38, 0x1E, 0x07, 0x03, 0xFE, 0xFF, 0x80, 0x7D, 0xF7, 0x1C, 0x71,
    0xC7, 0x1C, 0x71, 0xC7, 0x1C, 0x71, 0xC7, 0xDF, 0x00, 0xE0, 0xE0, 0x70, 0x70, 0x30, 0x38, 0x38,
    0x18, 0x1C, 0x1C, 0x0E, 0x0E, 0x06, 0xFB, 0xE3, 0x8E, 0x38, 0xE3, 0x8E, 0x38, 0xE3, 0x8E, 0x38,
    0xEF, 0xBE, 0x00, 0x0C, 0x07, 0x01, 0xE0, 0xF8, 0x37, 0x1C, 0xC6, 0x3B, 0x86, 0x00, 0x00, 0x00,
    0x00, 0x00, 0x00, 0x00, 0x00, 0x00, 0x1F, 0xE0, 0x00, 0x70, 0xE1, 0x80, 0x00, 0x00, 0x00, 0x00,
    0x00, 0x00, 0x00, 0x00, 0x3F, 0x0F, 0xC3, 0x78, 0x0E, 0x3F, 0x9F, 0xE7, 0x3B, 0xDE, 0x7F, 0x9F,
    0x60, 0x70, 0x0E, 0x01, 0xC0, 0x38, 0x07, 0xF0, 0xFF, 0x1E, 0xF3, 0x8E, 0x71, 0xCE, 0x39, 0xC7,
    0x3D, 0xE7, 0xF8, 0xFE, 0x00, 0x1F, 0x1F, 0x9E, 0x8E, 0x07, 0x03, 0x81, 0xC0, 0xF6, 0x7F, 0x1F,
    0x80, 0x03, 0xC0, 0x78, 0x0F, 0x01, 0xE3, 0xFC, 0xFF, 0x9E, 0xF3, 0x9E, 0x71, 0xCE, 0x39, 0xCF,
    0x3D, 0xE7, 0xFC, 0x7B, 0x80, 0x1E, 0x1F, 0xC7, 0x39, 0xCE, 0x7F, 0x9F, 0xE7, 0x01, 0xE6, 0x3F,
    0x87, 0xC0, 0x1E, 0x3E, 0x78, 0x70, 0xFE, 0xFE, 0x78, 0x70, 0x70, 0x70, 0x70, 0x70, 0x70, 0x70,
    0x3D, 0xCF, 0xF9, 0xEF, 0x39, 0xE7, 0x1C, 0xE3, 0x9C, 0xF3, 0xDE, 0x7F, 0xC7, 0xF0, 0x0E, 0x31,
    0xC7, 0xF8, 0xFE, 0x00, 0x70, 0x0E, 0x01, 0xC0, 0x38, 0x07, 0xF8, 0xFF, 0x1E, 0xF3, 0x8E, 0x71,
    0xCE, 0x39, 0xC7, 0x38, 0xE7, 0x1C, 0xE3, 0x80, 0x73, 0x80, 0x07, 0x39, 0xCE, 0x73, 0x9C, 0xE7,
    0x38, 0x38, 0xE0, 0x00, 0x38, 0xE3, 0x8E, 0x38, 0xE3, 0x8E, 0x38, 0xE3, 0x8E, 0xFB, 0xC0, 0x70,
    0x0E, 0x01, 0xC0, 0x38, 0x07, 0x1C, 0xE7, 0x1D, 0xC3, 0xF0, 0x7E, 0x0F, 0xE1, 0xFC, 0x39, 0xC7,
    0x3C, 0xE3, 0x80, 0x73, 0x9C, 0xE7, 0x39, 0xCE, 0x73, 0x9C, 0xE7, 0x38, 0x7F, 0xFC, 0x7F, 0xFE,
    0x7B, 0xEE, 0x73, 0xCE, 0x71, 0xCE, 0x71, 0xCE, 0x71, 0xCE, 0x71, 0xCE, 0x71, 0xCE, 0x71, 0xCE,
    0x7F, 0x8F, 0xF1, 0xEF, 0x38, 0xE7, 0x1C, 0xE3, 0x9C, 0x73, 0x8E, 0x71, 0xCE, 0x38, 0x1F, 0x0F,
    0xE7, 0xB9, 0xCF, 0x71, 0xDC, 0x77, 0x3D, 0xEE, 0x3F, 0x87, 0xC0, 0x7F, 0x0F, 0xF1, 0xEF, 0x38,
    0xE7, 0x1C, 0xE3, 0x9C, 0x73, 0xDE, 0x7F, 0x8F, 0xE1, 0xC0, 0x38, 0x07, 0x00, 0xE0, 0x00, 0x3D,
    0xCF, 0xF9, 0xEF, 0x39, 0xE7, 0x1C, 0xE3, 0x9C, 0xF3, 0xDE, 0x7F, 0xC7, 0xF8, 0x0F, 0x01, 0xE0,
    0x3C, 0x07, 0x80, 0x7E, 0x7E, 0x78, 0x70, 0x70, 0x70, 0x70, 0x70, 0x70, 0x70, 0x3E, 0x7E, 0x76,
    0x70, 0x7C, 0x3E, 0x0F, 0x6F, 0xFE, 0x7C, 0x30, 0x61, 0xFF, 0xF7, 0x0E, 0x1C, 0x38, 0x70, 0xF0,
    0xF9, 0xF0, 0x71, 0xCE, 0x39, 0xC7, 0x38, 0xE7, 0x1C, 0xE3, 0x9C, 0x73, 0x9E, 0x7F, 0xC7, 0xF8,
    0xE3, 0xB8, 0xE7, 0x39, 0xDC, 0x77, 0x0F, 0xC3, 0xE0, 0xF8, 0x1E, 0x07, 0x00, 0xE7, 0x9D, 0xCF,
    0x39, 0xDE, 0x73, 0xBE, 0xC7, 0xFF, 0x8F, 0xDF, 0x0F, 0x3E, 0x1E, 0x78, 0x3C, 0xF0, 0x79, 0xE0,
    0xF3, 0x9D, 0xE7, 0xF0, 0xF8, 0x1E, 0x0F, 0x83, 0xF1, 0xFC, 0x77, 0xB8, 0xE0, 0xE3, 0xB8, 0xE7,
    0x39, 0xDC, 0x77, 0x0F, 0xC3, 0xE0, 0xF8, 0x1E, 0x07, 0x01, 0xC0, 0xF0, 0xF8, 0x3C, 0x00, 0xFF,
    0xFF, 0x0E, 0x1C, 0x1C, 0x38, 0x78, 0x70, 0xFF, 0xFF, 0x1E, 0x7C, 0xE1, 0xC3, 0x87, 0x0E, 0x78,
    0xF0, 0xF0, 0xE1, 0xC3, 0x87, 0x0F, 0x8F, 0x1C, 0x0E, 0x07, 0x03, 0x81, 0xC0, 0xE0, 0x70, 0x38,
    0x1C, 0x0E, 0x07, 0x03, 0x81, 0xC0, 0xE0, 0x70, 0x38, 0x1C, 0x0E, 0x00, 0xF1, 0xF1, 0xE1, 0xC3,
    0x87, 0x0E, 0x0F, 0x1E, 0x78, 0xE1, 0xC3, 0x8F, 0x3E, 0x78, 0x00, 0x1F, 0x2F, 0xFB, 0x3E, 0x00,
    0x00, 0x00, 0x00, 0x00, 0x00, 0x00, 0x73, 0x9C, 0x07, 0x39, 0xCE, 0x73, 0x9C, 0xE7, 0x00, 0x0C,
    0x07, 0xC3, 0xF1, 0xE4, 0x70, 0x1C, 0x07, 0x01, 0xC0, 0x79, 0x0F, 0xC1, 0xF0, 0x30, 0x0C, 0x00,
    0x1F, 0x8F, 0xE3, 0x90, 0xE0, 0x38, 0x3F, 0xCF, 0xF0, 0xE0, 0x38, 0x0E, 0x07, 0x01, 0xFE, 0xFF,
    0x80, 0x00, 0x1F, 0xE7, 0xF8, 0xCC, 0x73, 0x9C, 0x63, 0x39, 0xFE, 0x7F, 0x88, 0x40, 0x00, 0xE3,
    0x9C, 0xE7, 0x30, 0xDC, 0x3E, 0x07, 0x87, 0xF1, 0xFC, 0x1C, 0x1F, 0xC7, 0xF0, 0x70, 0x1C, 0x00,
    0x1C, 0x0E, 0x07, 0x03, 0x81, 0xC0, 0xE0, 0x70, 0x00, 0x00, 0x00, 0x00, 0x03, 0x81, 0xC0, 0xE0,
    0x70, 0x38, 0x1C, 0x0E, 0x00, 0x3E, 0x7E, 0x76, 0x70, 0x7C, 0x7E, 0x67, 0x77, 0x7E, 0x1E, 0x07,
    0x67, 0x7E, 0x7C, 0x00, 0x0F, 0xC3, 0xB0, 0x00, 0x00, 0x00, 0x00, 0x00, 0x00, 0x00, 0x00, 0x00,
    0x00, 0x00, 0x00, 0x00, 0x00, 0x0F, 0xE0, 0x38, 0xE0, 0xDF, 0x63, 0x36, 0x66, 0xC0, 0xC9, 0x81,
    0x93, 0x01, 0x26, 0x06, 0x6E, 0x4C, 0xCF, 0x98, 0xC0, 0x60, 0xE3, 0x80, 0xFE, 0x00, 0x78, 0xF9,
    0xF7, 0xEF, 0xCF, 0x80, 0x00, 0x00, 0x00, 0x00, 0x00, 0x00, 0x00, 0x06, 0x63, 0x9D, 0xEE, 0x77,
    0x1D, 0xC7, 0xB8, 0xEF, 0x19, 0xC0, 0x00, 0x00, 0x3F, 0xEF, 0xF8, 0x06, 0x01, 0x80, 0x60, 0x00,
    0x00, 0x03, 0xEF, 0x80, 0x00, 0x00, 0x00, 0x0F, 0xE0, 0x38, 0xE0, 0xDE, 0x63, 0x36, 0x66, 0x6C,
    0xC8, 0xD9, 0x91, 0xF1, 0x23, 0xC6, 0x66, 0xCC, 0xCD, 0xD8, 0xD1, 0xE0, 0xE3, 0x80, 0xFE, 0x00,
    0x00, 0x1F, 0xF7, 0xFC, 0x00, 0x00, 0x00, 0x00, 0x00, 0x00, 0x00, 0x00, 0x00, 0x00, 0x00, 0x00,
    0x00, 0x00, 0x00, 0x00, 0x00, 0x00, 0x3C, 0xFB, 0xBF, 0x77, 0xC7, 0x80, 0x00, 0x00, 0x00, 0x00,
    0x00, 0x00, 0x0C, 0x03, 0x00, 0xC3, 0xFE, 0xFF, 0x83, 0x00, 0xC0, 0x30, 0x0C, 0x3F, 0xEF, 0xF8,
    0x79, 0xF8, 0x70, 0xE3, 0x8E, 0x3F, 0x7E, 0x00, 0x00, 0x00, 0x00, 0x00, 0x00, 0x00, 0x78, 0xF8,
    0x73, 0xC3, 0xC1, 0xBF, 0x3C, 0x00, 0x00, 0x00, 0x00, 0x00, 0x00, 0x00, 0x39, 0xC6, 0x00, 0x00,
    0x00, 0x00, 0x00, 0x00, 0x00, 0x00, 0x00, 0x71, 0xCE, 0x39, 0xC7, 0x38, 0xE7, 0x1C, 0xE3, 0x9C,
    0x73, 0xDE, 0x7F, 0xCF, 0xF9, 0xC0, 0x38, 0x07, 0x00, 0xE0, 0x00, 0x3F, 0xCF, 0xF9, 0xFB, 0x3F,
    0x67, 0xEC, 0xFD, 0x9F, 0xB3, 0xF6, 0x3E, 0xC3, 0xD8, 0x1B, 0x03, 0x60, 0x6C, 0x0D, 0x81, 0xB0,
    0x36, 0x06, 0x80, 0x73, 0x9C, 0x00, 0x00, 0x00, 0x03, 0x9E, 0x7F, 0x30, 0x38, 0xF1, 0xE0, 0xC1,
    0x83, 0x06, 0x0C, 0x00, 0x00, 0x00, 0x00, 0x00, 0x00, 0x00, 0x78, 0xFB, 0xB7, 0x66, 0xCF, 0x00,
    0x00, 0x00, 0x00, 0x00, 0x00, 0x00, 0x00, 0x19, 0x87, 0x70, 0xEE, 0x3B, 0xCF, 0x73, 0xB9, 0xDC,
    0x67, 0x00, 0x00, 0x38, 0x70, 0xF0, 0xC1, 0xE3, 0x81, 0xC6, 0x03, 0x9C, 0x07, 0x33, 0x8E, 0xEF,
    0x1D, 0x9E, 0x07, 0x7C, 0x0D, 0xF8, 0x3B, 0xF8, 0x63, 0xE1, 0x81, 0xC0, 0x38, 0x70, 0xF0, 0xC1,
    0xE3, 0x81, 0xC6, 0x03, 0x9C, 0x07, 0x37, 0x8E, 0xFF, 0x9D, 0x97, 0x07, 0x0C, 0x1C, 0x30, 0x30,
    0xC0, 0xE3, 0xF1, 0x87, 0xE0, 0x00, 0x00, 0xF0, 0x61, 0xF1, 0xC0, 0x63, 0x03, 0x8E, 0x03, 0x99,
    0x13, 0x77, 0x3F, 0xDE, 0x33, 0x3C, 0x0E, 0xF8, 0x19, 0xF0, 0x77, 0xF0, 0xC7, 0xC3, 0x81, 0x80,
    0x1C, 0x1C, 0x1C, 0x00, 0x1C, 0x1C, 0x3C, 0x78, 0x70, 0xE0, 0xE2, 0x7F, 0x7E, 0x00, 0x1C, 0x00,
    0xE0, 0x06, 0x00, 0x00, 0x0F, 0x01, 0xF0, 0x1F, 0x01, 0xF8, 0x3B, 0x83, 0xB8, 0x39, 0xC7, 0x9C,
    0x7F, 0xC7, 0xFE, 0x70, 0xEE, 0x0E, 0xE0, 0xE0, 0x03, 0x80, 0x70, 0x0E, 0x00, 0x00, 0x0F, 0x01,
    0xF0, 0x1F, 0x01, 0xF8, 0x3B, 0x83, 0xB8, 0x39, 0xC7, 0x9C, 0x7F, 0xC7, 0xFE, 0x70, 0xEE, 0x0E,
    0xE0, 0xE0, 0x0F, 0x01, 0xF0, 0x3B, 0x80, 0x00, 0x0F, 0x01, 0xF0, 0x1F, 0x01, 0xF8, 0x3B, 0x83,
    0xB8, 0x39, 0xC7, 0x9C, 0x7F, 0xC7, 0xFE, 0x70, 0xEE, 0x0E, 0xE0, 0xE0, 0x1D, 0x83, 0xF8, 0x37,
    0x00, 0x00, 0x0F, 0x01, 0xF0, 0x1F, 0x01, 0xF8, 0x3B, 0x83, 0xB8, 0x39, 0xC7, 0x9C, 0x7F, 0xC7,
    0xFE, 0x70, 0xEE, 0x0E, 0xE0, 0xE0, 0x00, 0x01, 0xB8, 0x1B, 0x80, 0x00, 0x0F, 0x01, 0xF0, 0x1F,
    0x01, 0xF8, 0x3B, 0x83, 0xB8, 0x39, 0xC7, 0x9C, 0x7F, 0xC7, 0xFE, 0x70, 0xEE, 0x0E, 0xE0, 0xE0,
    0x0E, 0x01, 0xF0, 0x1B, 0x00, 0xF0, 0x1F, 0x01, 0xF0, 0x1F, 0x83, 0xB8, 0x3B, 0x83, 0x9C, 0x79,
    0xC7, 0xFC, 0x7F, 0xE7, 0x0E, 0xE0, 0xEE, 0x0E, 0x03, 0xFF, 0x07, 0xFF, 0x07, 0xE0, 0x0E, 0xE0,
    0x0E, 0xE0, 0x0E, 0xFE, 0x1C, 0xFE, 0x1C, 0xE0, 0x3F, 0xE0, 0x3F, 0xE0, 0x38, 0xE0, 0x78, 0xFF,
    0x70, 0xFF, 0x0F, 0xCF, 0xF3, 0xD9, 0xE0, 0x70, 0x1C, 0x07, 0x01, 0xC0, 0x70, 0x1E, 0x03, 0xCC,
    0xFF, 0x1F, 0x81, 0x80, 0x70, 0x0C, 0x0F, 0x01, 0x00, 0x38, 0x0E, 0x03, 0x80, 0x07, 0xFB, 0xFD,
    0xC0, 0xE0, 0x70, 0x3F, 0x9F, 0xCE, 0x07, 0x03, 0x81, 0xC0, 0xFF, 0x7F, 0x80, 0x07, 0x07, 0x03,
    0x00, 0x07, 0xFB, 0xFD, 0xC0, 0xE0, 0x70, 0x3F, 0x9F, 0xCE, 0x07, 0x03, 0x81, 0xC0, 0xFF, 0x7F,
    0x80, 0x1E, 0x1F, 0x9C, 0xC0, 0x07, 0xFB, 0xFD, 0xC0, 0xE0, 0x70, 0x3F, 0x9F, 0xCE, 0x07, 0x03,
    0x81, 0xC0, 0xFF, 0x7F, 0x80, 0x00, 0x1B, 0x8D, 0xC0, 0x07, 0xFB, 0xFD, 0xC0, 0xE0, 0x70, 0x3F,
    0x9F, 0xCE, 0x07, 0x03, 0x81, 0xC0, 0xFF, 0x7F, 0x80, 0xF0, 0xE0, 0xE0, 0x0F, 0xDF, 0x8E, 0x1C,
    0x38, 0x70, 0xE1, 0xC3, 0x87, 0x0E, 0x3E, 0xFC, 0x1E, 0x38, 0xE0, 0x0F, 0xDF, 0x8E, 0x1C, 0x38,
    0x70, 0xE1, 0xC3, 0x87, 0x0E, 0x3E, 0xFC, 0x3C, 0x3E, 0x67, 0x00, 0x7E, 0x7E, 0x1C, 0x1C, 0x1C,
    0x1C, 0x1C, 0x1C, 0x1C, 0x1C, 0x1C, 0x3E, 0x7E, 0x01, 0xDB, 0xB0, 0x0F, 0xDF, 0x8E, 0x1C, 0x38,
    0x70, 0xE1, 0xC3, 0x87, 0x0E, 0x3E, 0xFC, 0x7F, 0x07, 0xFC, 0x73, 0xC7, 0x0E, 0x70, 0xE7, 0x0E,
    0xFC, 0xEF, 0xCE, 0x70, 0xE7, 0x0E, 0x73, 0xC7, 0xFC, 0x7F, 0x00, 0x0E, 0xC0, 0xFE, 0x06, 0xE0,
    0x00, 0x07, 0x87, 0x3E, 0x39, 0xF1, 0xCF, 0xCE, 0x7E, 0x73, 0xBB, 0x9D, 0xDC, 0xE7, 0xE7, 0x3F,
    0x38, 0xF9, 0xC7, 0xCE, 0x1E, 0x70, 0xF0, 0x0E, 0x00, 0x38, 0x00, 0xC0, 0x00, 0x01, 0xF8, 0x1F,
    0xF0, 0xF7, 0x8F, 0x1E, 0x70, 0x73, 0x83, 0x9C, 0x1C, 0xE0, 0xE7, 0x07, 0x3C, 0x78, 0xF7, 0x87,
    0xFC, 0x0F, 0x80, 0x01, 0xC0, 0x1C, 0x01, 0xC0, 0x00, 0x01, 0xF8, 0x1F, 0xF0, 0xF7, 0x8F, 0x1E,
    0x70, 0x73, 0x83, 0x9C, 0x1C, 0xE0, 0xE7, 0x07, 0x3C, 0x78, 0xF7, 0x87, 0xFC, 0x0F, 0x80, 0x07,
    0x00, 0x7C, 0x07, 0x70, 0x00, 0x01, 0xF8, 0x1F, 0xF0, 0xF7, 0x8F, 0x1E, 0x70, 0x73, 0x83, 0x9C,
    0x1C, 0xE0, 0xE7, 0x07, 0x3C, 0x78, 0xF7, 0x87, 0xFC, 0x0F, 0x80, 0x0E, 0xC0, 0xFE, 0x06, 0xE0,
    0x00, 0x01, 0xF8, 0x1F, 0xF0, 0xF7, 0x8F, 0x1E, 0x70, 0x73, 0x83, 0x9C, 0x1C, 0xE0, 0xE7, 0x07,
    0x3C, 0x78, 0xF7, 0x87, 0xFC, 0x0F, 0x80, 0x00, 0x00, 0xEC, 0x03, 0x60, 0x00, 0x01, 0xF8, 0x1F,
    0xF0, 0xF7, 0x8F, 0x1E, 0x70, 0x73, 0x83, 0x9C, 0x1C, 0xE0, 0xE7, 0x07, 0x3C, 0x78, 0xF7, 0x87,
    0xFC, 0x0F, 0x80, 0x00, 0x18, 0xC7, 0x78, 0xFC, 0x1E, 0x0F, 0x87, 0xF1, 0xCE, 0x00, 0x00, 0x00,
    0x00, 0x00, 0x00, 0xFF, 0x0F, 0xF8, 0x7B, 0xC7, 0x9F, 0x38, 0xF9, 0xCD, 0xCE, 0xEE, 0x76, 0x73,
    0xF3, 0x9F, 0x3C, 0x7B, 0xC3, 0xFE, 0x1F, 0xC0, 0x80, 0x00, 0x1E, 0x00, 0xE0, 0x07, 0x00, 0x00,
    0x70, 0xE7, 0x0E, 0x70, 0xE7, 0x0E, 0x70, 0xE7, 0x0E, 0x70, 0xE7, 0x0E, 0x70, 0xE7, 0x0E, 0x3F,
    0xE3, 0xFC, 0x1F, 0x80, 0x03, 0xC0, 0x38, 0x07, 0x00, 0x00, 0x70, 0xE7, 0x0E, 0x70, 0xE7, 0x0E,
    0x70, 0xE7, 0x0E, 0x70, 0xE7, 0x0E, 0x70, 0xE7, 0x0E, 0x3F, 0xE3, 0xFC, 0x1F, 0x80, 0x0F, 0x01,
    0xF8, 0x19, 0xC0, 0x00, 0x70, 0xE7, 0x0E, 0x70, 0xE7, 0x0E, 0x70, 0xE7, 0x0E, 0x70, 0xE7, 0x0E,
    0x70, 0xE7, 0x0E, 0x3F, 0xE3, 0xFC, 0x1F, 0x80, 0x00, 0x01, 0xD8, 0x1D, 0x80, 0x00, 0x70, 0xE7,
    0x0E, 0x70, 0xE7, 0x0E, 0x70, 0xE7, 0x0E, 0x70, 0xE7, 0x0E, 0x70, 0xE7, 0x0E, 0x3F, 0xE3, 0xFC,
    0x1F, 0x80, 0x07, 0x80, 0xE0, 0x38, 0x00, 0x0E, 0x1D, 0xE3, 0x9C, 0xE3, 0xDC, 0x3F, 0x07, 0xE0,
    0x78, 0x0F, 0x00, 0xE0, 0x1C, 0x03, 0x80, 0x70, 0x0E, 0x00, 0x70, 0x1C, 0x07, 0xF1, 0xFE, 0x73,
    0xDC, 0x77, 0x1D, 0xCF, 0x7F, 0x9F, 0xC7, 0x01, 0xC0, 0x70, 0x00, 0x1F, 0x83, 0xFC, 0x7B, 0xC7,
    0x1C, 0x73, 0xC7, 0x78, 0x77, 0x07, 0x78, 0x73, 0xC7, 0x1E, 0x70, 0xE7, 0x4E, 0x77, 0xE7, 0x7C,
    0x38, 0x07, 0x00, 0xE0, 0x00, 0x3F, 0x0F, 0xC3, 0x78, 0x0E, 0x3F, 0x9F, 0xE7, 0x3B, 0xDE, 0x7F,
    0x9F, 0x60, 0x07, 0x03, 0xC0, 0xC0, 0x00, 0x3F, 0x0F, 0xC3, 0x78, 0x0E, 0x3F, 0x9F, 0xE7, 0x3B,
    0xDE, 0x7F, 0x9F, 0x60, 0x1E, 0x0F, 0xC3, 0x30, 0x00, 0x3F, 0x0F, 0xC3, 0x78, 0x0E, 0x3F, 0x9F,
    0xE7, 0x3B, 0xDE, 0x7F, 0x9F, 0x60, 0x3D, 0x8F, 0xC7, 0xF0, 0x00, 0x3F, 0x0F, 0xC3, 0x78, 0x0E,
    0x3F, 0x9F, 0xE7, 0x3B, 0xDE, 0x7F, 0x9F, 0x60, 0x00, 0x0F, 0xC3, 0x70, 0x00, 0x3F, 0x0F, 0xC3,
    0x78, 0x0E, 0x3F, 0x9F, 0xE7, 0x3B, 0xDE, 0x7F, 0x9F, 0x60, 0x1E, 0x07, 0x81, 0xE0, 0x78, 0x00,
    0x0F, 0xC3, 0xF0, 0xDE, 0x03, 0x8F, 0xE7, 0xF9, 0xCE, 0xF7, 0x9F, 0xE7, 0xD8, 0x3E, 0xF8, 0x7F,
    0xF8, 0xDF, 0x70, 0x1C, 0x63, 0xFF, 0xEF, 0xFF, 0xDC, 0xE0, 0x3B, 0xE6, 0x7F, 0xFC, 0x79, 0xF8,
    0x1F, 0x1F, 0x9E, 0x8E, 0x07, 0x03, 0x81, 0xC0, 0xF6, 0x7F, 0x1F, 0x83, 0x01, 0xC0, 0xE0, 0xF0,
    0x20, 0x38, 0x07, 0x00, 0xE0, 0x00, 0x1E, 0x1F, 0xC7, 0x39, 0xCE, 0x7F, 0x9F, 0xE7, 0x01, 0xE6,
    0x3F, 0x87, 0xC0, 0x07, 0x03, 0x80, 0xC0, 0x00, 0x1E, 0x1F, 0xC7, 0x39, 0xCE, 0x7F, 0x9F, 0xE7,
    0x01, 0xE6, 0x3F, 0x87, 0xC0, 0x1E, 0x0F, 0xC7, 0x30, 0x00, 0x1E, 0x1F, 0xC7, 0x39, 0xCE, 0x7F,
    0x9F, 0xE7, 0x01, 0xE6, 0x3F, 0x87, 0xC0, 0x00, 0x0D, 0xC3, 0x70, 0x00, 0x1E, 0x1F, 0xC7, 0x39,
    0xCE, 0x7F, 0x9F, 0xE7, 0x01, 0xE6, 0x3F, 0x87, 0xC0, 0x70, 0xE1, 0x80, 0x38, 0xE3, 0x8E, 0x38,
    0xE3, 0x8E, 0x38, 0xE0, 0x1C, 0x71, 0xC0, 0x07, 0x0E, 0x1C, 0x38, 0x70, 0xE1, 0xC3, 0x87, 0x0E,
    0x00, 0x3C, 0xFB, 0xB8, 0x03, 0x87, 0x0E, 0x1C, 0x38, 0x70, 0xE1, 0xC3, 0x87, 0x00, 0x00, 0xDD,
    0xB0, 0x03, 0x87, 0x0E, 0x1C, 0x38, 0x70, 0xE1, 0xC3, 0x87, 0x00, 0x1B, 0x07, 0xC1, 0xF0, 0x7C,
    0x03, 0x8F, 0xE7, 0xFD, 0xCF, 0x71, 0xDC, 0x77, 0x1D, 0xEE, 0x7F, 0x87, 0xC0, 0x1D, 0x87, 0xF0,
    0xDC, 0x00, 0x07, 0xF8, 0xFF, 0x1E, 0xF3, 0x8E, 0x71, 0xCE, 0x39, 0xC7, 0x38, 0xE7, 0x1C, 0xE3,
    0x80, 0x3C, 0x07, 0x00, 0xE0, 0x00, 0x1F, 0x0F, 0xE7, 0xB9, 0xCF, 0x71, 0xDC, 0x77, 0x3D, 0xEE,
    0x3F, 0x87, 0xC0, 0x07, 0x81, 0xC0, 0xE0, 0x00, 0x1F, 0x0F, 0xE7, 0xB9, 0xCF, 0x71, 0xDC, 0x77,
    0x3D, 0xEE, 0x3F, 0x87, 0xC0, 0x1E, 0x0F, 0xC3, 0x38, 0x00, 0x1F, 0x0F, 0xE7, 0xB9, 0xCF, 0x71,
    0xDC, 0x77, 0x3D, 0xEE, 0x3F, 0x87, 0xC0, 0x3D, 0x8F, 0xC3, 0xF0, 0x00, 0x1F, 0x0F, 0xE7, 0xB9,
    0xCF, 0x71, 0xDC, 0x77, 0x3D, 0xEE, 0x3F, 0x87, 0xC0, 0x00, 0x0E, 0xC3, 0xB0, 0x00, 0x1F, 0x0F,
    0xE7, 0xB9, 0xCF, 0x71, 0xDC, 0x77, 0x3D, 0xEE, 0x3F, 0x87, 0xC0, 0x0C, 0x07, 0x00, 0x03, 0xFE,
    0xFF, 0x80, 0x00, 0x00, 0x70, 0x0C, 0x00, 0x00, 0x00, 0x00, 0x07, 0xE3, 0xF9, 0xFE, 0x77, 0xDF,
    0xF7, 0xDD, 0xE7, 0x7B, 0x8F, 0xE7, 0xF0, 0x80, 0x3C, 0x03, 0xC0, 0x18, 0x00, 0x07, 0x1C, 0xE3,
    0x9C, 0x73, 0x8E, 0x71, 0xCE, 0x39, 0xC7, 0x39, 0xE7, 0xFC, 0x7F, 0x80, 0x07, 0x80, 0xE0, 0x38,
    0x00, 0x07, 0x1C, 0xE3, 0x9C, 0x73, 0x8E, 0x71, 0xCE, 0x39, 0xC7, 0x39, 0xE7, 0xFC, 0x7F, 0x80,
    0x1E, 0x03, 0xE0, 0xEE, 0x00, 0x07, 0x1C, 0xE3, 0x9C, 0x73, 0x8E, 0x71, 0xCE, 0x39, 0xC7, 0x39,
    0xE7, 0xFC, 0x7F, 0x80, 0x00, 0x07, 0x60, 0xEC, 0x00, 0x07, 0x1C, 0xE3, 0x9C, 0x73, 0x8E, 0x71,
    0xCE, 0x39, 0xC7, 0x39, 0xE7, 0xFC, 0x7F, 0x80, 0x07, 0x03, 0x81, 0xC0, 0x00, 0xE3, 0xB8, 0xE7,
    0x39, 0xDC, 0x77, 0x0F, 0xC3, 0xE0, 0xF8, 0x1E, 0x07, 0x01, 0xC0, 0xF0, 0xF8, 0x3C, 0x00, 0x70,
    0x0E, 0x01, 0xC0, 0x38, 0x07, 0xF0, 0xFF, 0x1E, 0xF3, 0x8E, 0x71, 0xCE, 0x39, 0xC7, 0x3D, 0xE7,
    0xF8, 0xFE, 0x1C, 0x03, 0x80, 0x70, 0x0E, 0x00, 0x00, 0x0D, 0xC3, 0x70, 0x00, 0xE3, 0xB8, 0xE7,
    0x39, 0xDC, 0x77, 0x0F, 0xC3, 0xE0, 0xF8, 0x1E, 0x07, 0x01, 0xC0, 0xF0, 0xF8, 0x3C, 0x00, 0x00,
    0x01, 0xF8, 0x1F, 0x80, 0x00, 0x0F, 0x01, 0xF0, 0x1F, 0x01, 0xF8, 0x3B, 0x83, 0xB8, 0x39, 0xC7,
    0x9C, 0x7F, 0xC7, 0xFE, 0x70, 0xEE, 0x0E, 0xE0, 0xE0, 0x00, 0x0F, 0xC3, 0xF0, 0x00, 0x3F, 0x0F,
    0xC3, 0x78, 0x0E, 0x3F, 0x9F, 0xE7, 0x3B, 0xDE, 0x7F, 0x9F, 0x60, 0x39, 0x81, 0xF8, 0x0F, 0x00,
    0x00, 0x0F, 0x01, 0xF0, 0x1F, 0x01, 0xF8, 0x3B, 0x83, 0xB8, 0x39, 0xC7, 0x9C, 0x7F, 0xC7, 0xFE,
    0x70, 0xEE, 0x0E, 0xE0, 0xE0, 0x33, 0x0F, 0xC1, 0xE0, 0x00, 0x3F, 0x0F, 0xC3, 0x78, 0x0E, 0x3F,
    0x9F, 0xE7, 0x3B, 0xDE, 0x7F, 0x9F, 0x60, 0x0F, 0x01, 0xF0, 0x1F, 0x01, 0xF8, 0x3B, 0x83, 0xB8,
    0x39, 0xC7, 0x9C, 0x7F, 0xC7, 0xFE, 0x70, 0xEE, 0x0E, 0xE0, 0xE0, 0x0C, 0x01, 0xC0, 0x1E, 0x00,
    0xE0, 0x3F, 0x0F, 0xC3, 0x78, 0x0E, 0x3F, 0x9F, 0xE7, 0x3B, 0xDE, 0x7F, 0x9F, 0xE0, 0x30, 0x1C,
    0x07, 0x80, 0xE0, 0x03, 0xC0, 0xE0, 0x70, 0x00, 0x0F, 0xCF, 0xF3, 0xD9, 0xE0, 0x70, 0x1C, 0x07,
    0x01, 0xC0, 0x70, 0x1E, 0x03, 0xCC, 0xFF, 0x1F, 0x80, 0x07, 0x07, 0x03, 0x00, 0x01, 0xF1, 0xF9,
    0xE8, 0xE0, 0x70, 0x38, 0x1C, 0x0F, 0x67, 0xF1, 0xF8, 0x0F, 0x03, 0xE1, 0x9C, 0x00, 0x0F, 0xCF,
    0xF3, 0xD9, 0xE0, 0x70, 0x1C, 0x07, 0x01, 0xC0, 0x70, 0x1E, 0x03, 0xCC, 0xFF, 0x1F, 0x80, 0x1E,
    0x1F, 0x1C, 0xC0, 0x01, 0xF1, 0xF9, 0xE8, 0xE0, 0x70, 0x38, 0x1C, 0x0F, 0x67, 0xF1, 0xF8, 0x00,
    0x01, 0xC0, 0x70, 0x00, 0x0F, 0xCF, 0xF3, 0xD9, 0xE0, 0x70, 0x1C, 0x07, 0x01, 0xC0, 0x70, 0x1E,
    0x03, 0xCC, 0xFF, 0x1F, 0x80, 0x00, 0x0E, 0x07, 0x00, 0x01, 0xF1, 0xF9, 0xE8, 0xE0, 0x70, 0x38,
    0x1C, 0x0F, 0x67, 0xF1, 0xF8, 0x19, 0xC3, 0xE0, 0xF0, 0x00, 0x0F, 0xCF, 0xF3, 0xD9, 0xE0, 0x70,
    0x1C, 0x07, 0x01, 0xC0, 0x70, 0x1E, 0x03, 0xCC, 0xFF, 0x1F, 0x80, 0x73, 0x1F, 0x87, 0x80, 0x01,
    0xF1, 0xF9, 0xE8, 0xE0, 0x70, 0x38, 0x1C, 0x0F, 0x67, 0xF1, 0xF8, 0x19, 0xC1, 0xF8, 0x0F, 0x00,
    0x00, 0x7F, 0x07, 0xFC, 0x73, 0xC7, 0x0E, 0x70, 0xE7, 0x0E, 0x70, 0xE7, 0x0E, 0x70, 0xE7, 0x0E,
    0x73, 0xC7, 0xFC, 0x7F, 0x00, 0x03, 0xF8, 0x1F, 0x80, 0xFC, 0x07, 0x83, 0xFC, 0x3F, 0xE1, 0xEF,
    0x0E, 0x78, 0x71, 0xC3, 0x8E, 0x1C, 0xF0, 0xF7, 0x87, 0xFC, 0x1E, 0xE0, 0x7F, 0x07, 0xFC, 0x73,
    0xC7, 0x0E, 0x70, 0xE7, 0x0E, 0xFC, 0xEF, 0xCE, 0x70, 0xE7, 0x0E, 0x73, 0xC7, 0xFC, 0x7F, 0x00,
    0x03, 0xC1, 0xFC, 0x3F, 0x81, 0xE3, 0xFC, 0xFF, 0x9E, 0xF3, 0x9E, 0x71, 0xCE, 0x39, 0xCF, 0x3D,
    0xE7, 0xFC, 0x7B, 0x80, 0x00, 0x1F, 0x8F, 0xC0, 0x07, 0xFB, 0xFD, 0xC0, 0xE0, 0x70, 0x3F, 0x9F,
    0xCE, 0x07, 0x03, 0x81, 0xC0, 0xFF, 0x7F, 0x80, 0x00, 0x0F, 0xC3, 0xF0, 0x00, 0x1E, 0x1F, 0xC7,
    0x39, 0xCE, 0x7F, 0x9F, 0xE7, 0x01, 0xE6, 0x3F, 0x87, 0xC0, 0x33, 0x1F, 0x87, 0x80, 0x07, 0xFB,
    0xFD, 0xC0, 0xE0, 0x70, 0x3F, 0x9F, 0xCE, 0x07, 0x03, 0x81, 0xC0, 0xFF, 0x7F, 0x80, 0x33, 0x0F,
    0xC1, 0xE0, 0x00, 0x1E, 0x1F, 0xC7, 0x39, 0xCE, 0x7F, 0x9F, 0xE7, 0x01, 0xE6, 0x3F, 0x87, 0xC0,
    0x00, 0x06, 0x03, 0x00, 0x07, 0xFB, 0xFD, 0xC0, 0xE0, 0x70, 0x3F, 0x9F, 0xCE, 0x07, 0x03, 0x81,
    0xC0, 0xFF, 0x7F, 0x80, 0x00, 0x03, 0x00, 0xC0, 0x00, 0x1E, 0x1F, 0xC7, 0x39, 0xCE, 0x7F, 0x9F,
    0xE7, 0x01, 0xE6, 0x3F, 0x87, 0xC0, 0x7F, 0xBF, 0xDC, 0x0E, 0x07, 0x03, 0xF9, 0xFC, 0xE0, 0x70,
    0x38, 0x1C, 0x0F, 0xF7, 0xF8, 0x30, 0x18, 0x0F, 0x07, 0x00, 0x1E, 0x1F, 0xC7, 0x39, 0xCE, 0x7F,
    0x9F, 0xE7, 0x01, 0xE6, 0x3F, 0x87, 0xE0, 0x60, 0x18, 0x07, 0x81, 0xE0, 0x73, 0x1F, 0x87, 0x80,
    0x07, 0xFB, 0xFD, 0xC0, 0xE0, 0x70, 0x3F, 0x9F, 0xCE, 0x07, 0x03, 0x81, 0xC0, 0xFF, 0x7F, 0x80,
    0x73, 0x0F, 0xC1, 0xE0, 0x00, 0x1E, 0x1F, 0xC7, 0x39, 0xCE, 0x7F, 0x9F, 0xE7, 0x01, 0xE6, 0x3F,
    0x87, 0xC0, 0x07, 0x80, 0xF8, 0x1D, 0xC0, 0x00, 0x0F, 0xC1, 0xFE, 0x3C, 0xC7, 0x80, 0x70, 0x07,
    0x00, 0x73, 0xE7, 0x3E, 0x70, 0xE7, 0x8E, 0x3C, 0xE3, 0xFE, 0x0F, 0xE0, 0x1E, 0x03, 0xE0, 0xCE,
    0x00, 0x03, 0xDC, 0xFF, 0x9E, 0xF3, 0x9E, 0x71, 0xCE, 0x39, 0xCF, 0x3D, 0xE7, 0xFC, 0x7F, 0x00,
    0xE3, 0x1C, 0x7F, 0x8F, 0xE0, 0x1C, 0xC0, 0xFC, 0x07, 0x80, 0x00, 0x0F, 0xC1, 0xFE, 0x3C, 0xC7,
    0x80, 0x70, 0x07, 0x00, 0x73, 0xE7, 0x3E, 0x70, 0xE7, 0x8E, 0x3C, 0xE3, 0xFE, 0x0F, 0xE0, 0x33,
    0x87, 0xE0, 0x78, 0x00, 0x03, 0xDC, 0xFF, 0x9E, 0xF3, 0x9E, 0x71, 0xCE, 0x39, 0xCF, 0x3D, 0xE7,
    0xFC, 0x7F, 0x00, 0xE3, 0x1C, 0x7F, 0x8F, 0xE0, 0x00, 0x00, 0x70, 0x07, 0x00, 0x00, 0x0F, 0xC1,
    0xFE, 0x3C, 0xC7, 0x80, 0x70, 0x07, 0x00, 0x73, 0xE7, 0x3E, 0x70, 0xE7, 0x8E, 0x3C, 0xE3, 0xFE,
    0x0F, 0xE0, 0x00, 0x01, 0xC0, 0x38, 0x00, 0x03, 0xDC, 0xFF, 0x9E, 0xF3, 0x9E, 0x71, 0xCE, 0x39,
    0xCF, 0x3D, 0xE7, 0xFC, 0x7F, 0x00, 0xE3, 0x1C, 0x7F, 0x8F, 0xE0, 0x0F, 0xC1, 0xFE, 0x3C, 0xC7,
    0x80, 0x70, 0x07, 0x00, 0x73, 0xE7, 0x3E, 0x70, 0xE7, 0x8E, 0x3C, 0xE3, 0xFE, 0x0F, 0xE0, 0x00,
    0x07, 0x00, 0x70, 0x06, 0x00, 0x06, 0x01, 0xC0, 0x30, 0x00, 0x03, 0xDC, 0xFF, 0x9E, 0xF3, 0x9E,
    0x71, 0xCE, 0x39, 0xCF, 0x3D, 0xE7, 0xFC, 0x7F, 0x00, 0xE3, 0x1C, 0x7F, 0x8F, 0xE0, 0x0F, 0x00,
    0x7C, 0x06, 0x70, 0x00, 0x07, 0x0E, 0x38, 0x71, 0xC3, 0x8E, 0x1C, 0x70, 0xE3, 0xFF, 0x1F, 0xF8,
    0xE1, 0xC7, 0x0E, 0x38, 0x71, 0xC3, 0x8E, 0x1C, 0x70, 0xE0, 0x3C, 0x07, 0xC0, 0xEE, 0x00, 0x00,
    0x38, 0x03, 0x80, 0x38, 0x03, 0x80, 0x3F, 0xC3, 0xFC, 0x3D, 0xE3, 0x8E, 0x38, 0xE3, 0x8E, 0x38,
    0xE3, 0x8E, 0x38, 0xE3, 0x8E, 0x38, 0x70, 0xE1, 0xC7, 0xFF, 0xDF, 0xFF, 0x38, 0x70, 0xFF, 0xC3,
    0xFF, 0x0E, 0x1C, 0x38, 0x70, 0xE1, 0xC3, 0x87, 0x0E, 0x1C, 0x38, 0x70, 0x70, 0x0E, 0x03, 0xF0,
    0x7E, 0x07, 0xF0, 0xFF, 0x1E, 0xF3, 0x8E, 0x71, 0xCE, 0x39, 0xC7, 0x38, 0xE7, 0x1C, 0xE3, 0x80,
    0x3B, 0x7F, 0x7E, 0x00, 0x7E, 0x7E, 0x1C, 0x1C, 0x1C, 0x1C, 0x1C, 0x1C, 0x1C, 0x1C, 0x1C, 0x3E,
    0x7E, 0x77, 0xFF, 0x70, 0x03, 0x87, 0x0E, 0x1C, 0x38, 0x70, 0xE1, 0xC3, 0x87, 0x00, 0x01, 0xFB,
    0xF0, 0x0F, 0xDF, 0x8E, 0x1C, 0x38, 0x70, 0xE1, 0xC3, 0x87, 0x0E, 0x3E, 0xFC, 0x01, 0xFF, 0xF8,
    0x03, 0x87, 0x0E, 0x1C, 0x38, 0x70, 0xE1, 0xC3, 0x87, 0x00, 0xCF, 0xF9, 0xE0, 0x0F, 0xDF, 0x8E,
    0x1C, 0x38, 0x70, 0xE1, 0xC3, 0x87, 0x0E, 0x3E, 0xFC, 0xEE, 0xF9, 0xF0, 0x03, 0x87, 0x0E, 0x1C,
    0x38, 0x70, 0xE1, 0xC3, 0x87, 0x00, 0xFD, 0xF8, 0xE1, 0xC3, 0x87, 0x0E, 0x1C, 0x38, 0x70, 0xE3,
    0xEF, 0xC3, 0x0E, 0x1E, 0x1C, 0x73, 0x80, 0x07, 0x39, 0xCE, 0x73, 0x9C, 0xE7, 0x39, 0x9C, 0xF3,
    0x80, 0x00, 0x70, 0xE0, 0x0F, 0xDF, 0x8E, 0x1C, 0x38, 0x70, 0xE1, 0xC3, 0x87, 0x0E, 0x3E, 0xFC,
    0x73, 0x9C, 0xE7, 0x39, 0xCE, 0x73, 0x80, 0xFC, 0xEF, 0xCE, 0x38, 0xE3, 0x8E, 0x38, 0xE3, 0x8E,
    0x38, 0xE3, 0x8E, 0x38, 0xE3, 0x8E, 0x38, 0xE7, 0xCE, 0xFC, 0xE0, 0x0E, 0x01, 0xE0, 0x7C, 0x07,
    0x80, 0x73, 0x9C, 0xE0, 0x00, 0x00, 0x73, 0x9C, 0xE7, 0x39, 0xCE, 0x73, 0x9C, 0xE7, 0x39, 0xCE,
    0x73, 0x9C, 0xE0, 0x38, 0x0E, 0x0F, 0x83, 0xC0, 0x1E, 0x1F, 0x1C, 0xC0, 0x01, 0xC0, 0xE0, 0x70,
    0x38, 0x1C, 0x0E, 0x07, 0x03, 0x81, 0xC0, 0xE0, 0x70, 0x38, 0x1C, 0x0E, 0x07, 0x0F, 0x87, 0x80,
    0x3C, 0xFB, 0xB8, 0x03, 0x87, 0x0E, 0x1C, 0x38, 0x70, 0xE1, 0xC3, 0x87, 0x0E, 0x1C, 0xF9, 0xE0,
    0x71, 0xEE, 0x39, 0xCF, 0x3B, 0xC7, 0x70, 0xFC, 0x1F, 0xC3, 0xF8, 0x77, 0x8E, 0x71, 0xCF, 0x38,
    0xE7, 0x0E, 0x00, 0x01, 0x80, 0x70, 0x0C, 0x00, 0x70, 0x0E, 0x01, 0xC0, 0x38, 0x07, 0x1C, 0xE7,
    0x1D, 0xC3, 0xF0, 0x7E, 0x0F, 0xE1, 0xFC, 0x39, 0xC7, 0x3C, 0xE3, 0x80, 0x00, 0x70, 0x0C, 0x01,
    0x80, 0x71, 0xCE, 0x71, 0xDC, 0x3F, 0x87, 0xE0, 0xFE, 0x1F, 0xC3, 0x9C, 0x73, 0x8E, 0x38, 0x1C,
    0x1C, 0x1C, 0x00, 0x07, 0x03, 0x81, 0xC0, 0xE0, 0x70, 0x38, 0x1C, 0x0E, 0x07, 0x03, 0x81, 0xE0,
    0xFF, 0x7F, 0x80, 0x1C, 0x71, 0xC0, 0x07, 0x0E, 0x1C, 0x38, 0x70, 0xE1, 0xC3, 0x87, 0x0E, 0x1C,
    0x38, 0x70, 0xE0, 0x70, 0x38, 0x1C, 0x0E, 0x07, 0x03, 0x81, 0xC0, 0xE0, 0x70, 0x38, 0x1E, 0x0F,
    0xF7, 0xF8, 0x00, 0x38, 0x18, 0x1C, 0x00, 0x73, 0x9C, 0xE7, 0x39, 0xCE, 0x73, 0x9C, 0xE7, 0x38,
    0x0E, 0x73, 0x00, 0x71, 0x9C, 0xE7, 0x31, 0xC0, 0x70, 0x1C, 0x07, 0x01, 0xC0, 0x70, 0x1C, 0x07,
    0x81, 0xFE, 0x7F, 0x80, 0x76, 0x7E, 0x7C, 0x70, 0x70, 0x70, 0x70, 0x70, 0x70, 0x70, 0x70, 0x70,
    0x70, 0x70, 0x70, 0x38, 0x1C, 0x0E, 0x07, 0x03, 0x9D, 0xCE, 0xE0, 0x70, 0x38, 0x1E, 0x0F, 0xF7,
    0xF8, 0x70, 0x70, 0x70, 0x70, 0x70, 0x70, 0x7E, 0x7E, 0x70, 0x70, 0x70, 0x70, 0x70, 0x70, 0x38,
    0x0E, 0x03, 0x80, 0xE0, 0x3E, 0x0F, 0xC3, 0xC1, 0xE0, 0x78, 0x0E, 0x03, 0xC0, 0xFF, 0x3F, 0xC0,
    0x38, 0x70, 0xE1, 0xC3, 0x87, 0x8F, 0x9E, 0x78, 0xF0, 0xE1, 0xC3, 0x87, 0x00, 0x01, 0xC0, 0x1C,
    0x01, 0xC0, 0x00, 0x07, 0x87, 0x3E, 0x39, 0xF1, 0xCF, 0xCE, 0x7E, 0x73, 0xBB, 0x9D, 0xDC, 0xE7,
    0xE7, 0x3F, 0x38, 0xF9, 0xC7, 0xCE, 0x1E, 0x70, 0xF0, 0x03, 0x80, 0xE0, 0x38, 0x00, 0x07, 0xF8,
    0xFF, 0x1E, 0xF3, 0x8E, 0x71, 0xCE, 0x39, 0xC7, 0x38, 0xE7, 0x1C, 0xE3, 0x80, 0x78, 0x73, 0xE3,
    0x9F, 0x1C, 0xFC, 0xE7, 0xE7, 0x3B, 0xB9, 0xDD, 0xCE, 0x7E, 0x73, 0xF3, 0x8F, 0x9C, 0x7C, 0xE1,
    0xE7, 0x0F, 0x00, 0x00, 0x1C, 0x00, 0xE0, 0x06, 0x00, 0x7F, 0x8F, 0xF1, 0xEF, 0x38, 0xE7, 0x1C,
    0xE3, 0x9C, 0x73, 0x8E, 0x71, 0xCE, 0x38, 0x00, 0x07, 0x00, 0xE0, 0x18, 0x00, 0x1C, 0xC0, 0x7C,
    0x01, 0xE0, 0x00, 0x07, 0x87, 0x3E, 0x39, 0xF1, 0xCF, 0xCE, 0x7E, 0x73, 0xBB, 0x9D, 0xDC, 0xE7,
    0xE7, 0x3F, 0x38, 0xF9, 0xC7, 0xCE, 0x1E, 0x70, 0xF0, 0x3B, 0x83, 0xE0, 0x78, 0x00, 0x07, 0xF8,
    0xFF, 0x1E, 0xF3, 0x8E, 0x71, 0xCE, 0x39, 0xC7, 0x38, 0xE7, 0x1C, 0xE3, 0x80, 0x70, 0x07, 0x00,
    0x38, 0x01, 0xFF, 0xCD, 0xFE, 0x0F, 0x78, 0x71, 0xC3, 0x8E, 0x1C, 0x70, 0xE3, 0x87, 0x1C, 0x38,
    0xE1, 0xC7, 0x00, 0x78, 0x73, 0xE3, 0x9F, 0x1C, 0xFC, 0xE7, 0xF7, 0x3B, 0xB9, 0xDF, 0xCE, 0x7E,
    0x71, 0xF3, 0x8F, 0x9C, 0x3C, 0xE1, 0xE7, 0x07, 0x00, 0x38, 0x03, 0xC0, 0x7E, 0x03, 0xE0, 0x7F,
    0x8F, 0xF1, 0xEF, 0x38, 0xE7, 0x1C, 0xE3, 0x9C, 0x73, 0x8E, 0x71, 0xCE, 0x38, 0x07, 0x01, 0xE0,
    0x78, 0x0F, 0x00, 0x00, 0x00, 0xFE, 0x07, 0xF0, 0x00, 0x01, 0xF8, 0x1F, 0xF0, 0xF7, 0x8F, 0x1E,
    0x70, 0x73, 0x83, 0x9C, 0x1C, 0xE0, 0xE7, 0x07, 0x3C, 0x78, 0xF7, 0x87, 0xFC, 0x0F, 0x80, 0x00,
    0x0F, 0xC3, 0xF0, 0x00, 0x1F, 0x0F, 0xE7, 0xB9, 0xCF, 0x71, 0xDC, 0x77, 0x3D, 0xEE, 0x3F, 0x87,
    0xC0, 0x1D, 0xC0, 0x7C, 0x03, 0xE0, 0x00, 0x01, 0xF8, 0x1F, 0xF0, 0xF7, 0x8F, 0x1E, 0x70, 0x73,
    0x83, 0x9C, 0x1C, 0xE0, 0xE7, 0x07, 0x3C, 0x78, 0xF7, 0x87, 0xFC, 0x0F, 0x80, 0x33, 0x0F, 0xC1,
    0xE0, 0x00, 0x1F, 0x0F, 0xE7, 0xB9, 0xCF, 0x71, 0xDC, 0x77, 0x3D, 0xEE, 0x3F, 0x87, 0xC0, 0x0F,
    0xC0, 0xEC, 0x06, 0xC0, 0x00, 0x01, 0xF8, 0x1F, 0xF0, 0xF7, 0x8F, 0x1E, 0x70, 0x73, 0x83, 0x9C,
    0x1C, 0xE0, 0xE7, 0x07, 0x3C, 0x78, 0xF7, 0x87, 0xFC, 0x0F, 0x80, 0x1F, 0x8F, 0xC7, 0x60, 0x00,
    0x1F, 0x0F, 0xE7, 0xB9, 0xCF, 0x71, 0xDC, 0x77, 0x3D, 0xEE, 0x3F, 0x87, 0xC0, 0x1F, 0xFE, 0x3F,
    0xFE, 0x3D, 0xE0, 0x70, 0xE0, 0x70, 0xE0, 0x70, 0xFE, 0x70, 0xFE, 0x70, 0xE0, 0x70, 0xE0, 0x70,
    0xE0, 0x3D, 0xE0, 0x3F, 0xFE, 0x1F, 0xFE, 0x1E, 0x7C, 0x7F, 0xFE, 0x7B, 0xEE, 0x73, 0xC6, 0x71,
    0xFF, 0x71, 0xFF, 0x73, 0xC0, 0x7B, 0xE6, 0x3F, 0xFE, 0x1F, 0x7E, 0x03, 0x80, 0xE0, 0x38, 0x00,
    0x07, 0xF0, 0xFF, 0x1C, 0xF3, 0x8E, 0x71, 0xCE, 0x79, 0xFE, 0x3F, 0x87, 0x70, 0xE7, 0x1C, 0xF3,
    0x8E, 0x71, 0xE0, 0x0F, 0x0E, 0x1C, 0x00, 0x7E, 0x7E, 0x78, 0x70, 0x70, 0x70, 0x70, 0x70, 0x70,
    0x70, 0x7F, 0x0F, 0xF1, 0xCF, 0x38, 0xE7, 0x1C, 0xE7, 0x9F, 0xE3, 0xF8, 0x77, 0x0E, 0x71, 0xCF,
    0x38, 0xE7, 0x1E, 0x00, 0x01, 0x80, 0x70, 0x0C, 0x00, 0x7E, 0x7E, 0x78, 0x70, 0x70, 0x70, 0x70,
    0x70, 0x70, 0x70, 0x00, 0x70, 0x70, 0x60, 0x3B, 0x83, 0xE0, 0x3C, 0x00, 0x07, 0xF0, 0xFF, 0x1C,
    0xF3, 0x8E, 0x71, 0xCE, 0x79, 0xFE, 0x3F, 0x87, 0x70, 0xE7, 0x1C, 0xF3, 0x8E, 0x71, 0xE0, 0x67,
    0x7E, 0x3C, 0x00, 0x7E, 0x7E, 0x78, 0x70, 0x70, 0x70, 0x70, 0x70, 0x70, 0x70, 0x07, 0x07, 0x07,
    0x00, 0x03, 0xF3, 0xF9, 0xCC, 0xE0, 0x70, 0x3E, 0x0F, 0xC3, 0xE0, 0x78, 0x1F, 0x9F, 0xFE, 0x7E,
    0x00, 0x0F, 0x0E, 0x1C, 0x00, 0x3E, 0x7E, 0x76, 0x70, 0x7C, 0x3E, 0x0F, 0x6F, 0xFE, 0x7C, 0x1E,
    0x1F, 0x1C, 0xC0, 0x03, 0xF3, 0xF9, 0xCC, 0xE0, 0x70, 0x3E, 0x0F, 0xC3, 0xE0, 0x78, 0x1F, 0x9F,
    0xFE, 0x7E, 0x00, 0x3C, 0x7E, 0x67, 0x00, 0x3E, 0x7E, 0x76, 0x70, 0x7C, 0x3E, 0x0F, 0x6F, 0xFE,
    0x7C, 0x3F, 0x3F, 0x9C, 0xCE, 0x07, 0x03, 0xE0, 0xFC, 0x3E, 0x07, 0x81, 0xF9, 0xFF, 0xE7, 0xE0,
    0xC0, 0x70, 0x1C, 0x3C, 0x08, 0x00, 0x3E, 0x7E, 0x76, 0x70, 0x7C, 0x3E, 0x0F, 0x6F, 0xFE, 0x7C,
    0x18, 0x1C, 0x1C, 0x3C, 0x10, 0x73, 0x1F, 0x07, 0x80, 0x03, 0xF3, 0xF9, 0xCC, 0xE0, 0x70, 0x3E,
    0x0F, 0xC3, 0xE0, 0x78, 0x1F, 0x9F, 0xFE, 0x7E, 0x00, 0x67, 0x7E, 0x3C, 0x00, 0x3E, 0x7E, 0x76,
    0x70, 0x7C, 0x3E, 0x0F, 0x6F, 0xFE, 0x7C, 0xFF, 0xBF, 0xE1, 0xC0, 0x70, 0x1C, 0x07, 0x01, 0xC0,
    0x70, 0x1C, 0x07, 0x01, 0xC0, 0x70, 0x1C, 0x07, 0x01, 0xE0, 0x38, 0x1E, 0x06, 0x00, 0x30, 0x61,
    0xFF, 0xF7, 0x0E, 0x1C, 0x38, 0x70, 0xF0, 0xF9, 0xF1, 0x83, 0x87, 0x1E, 0x10, 0x73, 0x0F, 0x81,
    0xE0, 0x00, 0xFF, 0xBF, 0xE1, 0xC0, 0x70, 0x1C, 0x07, 0x01, 0xC0, 0x70, 0x1C, 0x07, 0x01, 0xC0,
    0x70, 0x1C, 0x00, 0x01, 0xC0, 0x63, 0x38, 0xC0, 0x7E, 0x3F, 0x87, 0x01, 0xC0, 0x70, 0x1C, 0x07,
    0x01, 0xE0, 0x3E, 0x0F, 0x80, 0xFF, 0xBF, 0xE1, 0xC0, 0x70, 0x1C, 0x07, 0x07, 0xF1, 0xFC, 0x1C,
    0x07, 0x01, 0xC0, 0x70, 0x1C, 0x00, 0x30, 0x61, 0xFF, 0xF7, 0x0E, 0x3F, 0x7E, 0x70, 0xF1, 0xF9,
    0xF0, 0x1E, 0xC1, 0xF8, 0x1F, 0x80, 0x00, 0x70, 0xE7, 0x0E, 0x70, 0xE7, 0x0E, 0x70, 0xE7, 0x0E,
    0x70, 0xE7, 0x0E, 0x70, 0xE7, 0x0E, 0x3F, 0xE3, 0xFC, 0x1F, 0x80, 0x1D, 0x87, 0xF0, 0xDC, 0x00,
    0x07, 0x1C, 0xE3, 0x9C, 0x73, 0x8E, 0x71, 0xCE, 0x39, 0xC7, 0x39, 0xE7, 0xFC, 0x7F, 0x80, 0x00,
    0x01, 0xF8, 0x1F, 0x80, 0x00, 0x70, 0xE7, 0x0E, 0x70, 0xE7, 0x0E, 0x70, 0xE7, 0x0E, 0x70, 0xE7,
    0x0E, 0x70, 0xE7, 0x0E, 0x3F, 0xE3, 0xFC, 0x1F, 0x80, 0x00, 0x07, 0xE0, 0xFC, 0x00, 0x07, 0x1C,
    0xE3, 0x9C, 0x73, 0x8E, 0x71, 0xCE, 0x39, 0xC7, 0x39, 0xE7, 0xFC, 0x7F, 0x80, 0x19, 0x81, 0xF8,
    0x0F, 0x00, 0x00, 0x70, 0xE7, 0x0E, 0x70, 0xE7, 0x0E, 0x70, 0xE7, 0x0E, 0x70, 0xE7, 0x0E, 0x70,
    0xE7, 0x0E, 0x3F, 0xE3, 0xFC, 0x1F, 0x80, 0x33, 0x87, 0xE0, 0x78, 0x00, 0x07, 0x1C, 0xE3, 0x9C,
    0x73, 0x8E, 0x71, 0xCE, 0x39, 0xC7, 0x39, 0xE7, 0xFC, 0x7F, 0x80, 0x0F, 0x00, 0xF0, 0x0D, 0x80,
    0xF0, 0x00, 0x07, 0x0E, 0x70, 0xE7, 0x0E, 0x70, 0xE7, 0x0E, 0x70, 0xE7, 0x0E, 0x70, 0xE7, 0x0E,
    0x70, 0xE3, 0xFE, 0x3F, 0xC1, 0xF8, 0x0E, 0x03, 0xE0, 0x6C, 0x07, 0x00, 0x00, 0xE3, 0x9C, 0x73,
    0x8E, 0x71, 0xCE, 0x39, 0xC7, 0x38, 0xE7, 0x3C, 0xFF, 0x8F, 0xF0, 0x0F, 0xC1, 0xF8, 0x3B, 0x00,
    0x00, 0x70, 0xE7, 0x0E, 0x70, 0xE7, 0x0E, 0x70, 0xE7, 0x0E, 0x70, 0xE7, 0x0E, 0x70, 0xE7, 0x0E,
    0x3F, 0xE3, 0xFC, 0x1F, 0x80, 0x1F, 0x87, 0x60, 0xD8, 0x00, 0x07, 0x1C, 0xE3, 0x9C, 0x73, 0x8E,
    0x71, 0xCE, 0x39, 0xC7, 0x39, 0xE7, 0xFC, 0x7F, 0x80, 0x70, 0xE7, 0x0E, 0x70, 0xE7, 0x0E, 0x70,
    0xE7, 0x0E, 0x70, 0xE7, 0x0E, 0x70, 0xE7, 0x0E, 0x3F, 0xE3, 0xFC, 0x1F, 0x80, 0x30, 0x03, 0x00,
    0x3C, 0x03, 0xC0, 0x71, 0xCE, 0x39, 0xC7, 0x38, 0xE7, 0x1C, 0xE3, 0x9C, 0x73, 0x9E, 0x7F, 0xC7,
    0xF8, 0x0C, 0x01, 0x80, 0x3C, 0x07, 0x80, 0x03, 0xC0, 0x03, 0xF0, 0x01, 0x9C, 0x00, 0x00, 0x0E,
    0x1C, 0x77, 0x1E, 0x3B, 0x8F, 0x1C, 0xE7, 0x8E, 0x73, 0xEE, 0x3B, 0xF7, 0x1D, 0xFB, 0x8E, 0xED,
    0xC3, 0xE7, 0xC1, 0xF3, 0xE0, 0xF9, 0xF0, 0x7C, 0x78, 0x1C, 0x38, 0x00, 0x07, 0x80, 0x1F, 0x80,
    0x33, 0x80, 0x00, 0x0E, 0x79, 0xDC, 0xF3, 0x9D, 0xE7, 0x3B, 0xEC, 0x7F, 0xF8, 0xFD, 0xF0, 0xF3,
    0xE1, 0xE7, 0x83, 0xCF, 0x07, 0x9E, 0x00, 0x1E, 0x07, 0xE0, 0xCE, 0x00, 0x0E, 0x1D, 0xE3, 0x9C,
    0xE3, 0xDC, 0x3F, 0x07, 0xE0, 0x78, 0x0F, 0x00, 0xE0, 0x1C, 0x03, 0x80, 0x70, 0x0E, 0x00, 0x1E,
    0x0F, 0x87, 0x30, 0x00, 0xE3, 0xB8, 0xE7, 0x39, 0xDC, 0x77, 0x0F, 0xC3, 0xE0, 0xF8, 0x1E, 0x07,
    0x01, 0xC0, 0xF0, 0xF8, 0x3C, 0x00, 0x00, 0x07, 0x60, 0xEC, 0x00, 0x0E, 0x1D, 0xE3, 0x9C, 0xE3,
    0xDC, 0x3F, 0x07, 0xE0, 0x78, 0x0F, 0x00, 0xE0, 0x1C, 0x03, 0x80, 0x70, 0x0E, 0x00, 0x07, 0x03,
    0x81, 0xC0, 0x00, 0xFF, 0xBF, 0xE0, 0x78, 0x1C, 0x0E, 0x03, 0x81, 0xC0, 0xF0, 0x38, 0x1E, 0x07,
    0x03, 0xFE, 0xFF, 0x80, 0x0E, 0x1C, 0x18, 0x00, 0xFF, 0xFF, 0x0E, 0x1C, 0x1C, 0x38, 0x78, 0x70,
    0xFF, 0xFF, 0x00, 0x07, 0x01, 0xC0, 0x00, 0xFF, 0xBF, 0xE0, 0x78, 0x1C, 0x0E, 0x03, 0x81, 0xC0,
    0xF0, 0x38, 0x1E, 0x07, 0x03, 0xFE, 0xFF, 0x80, 0x00, 0x1C, 0x1C, 0x00, 0xFF, 0xFF, 0x0E, 0x1C,
    0x1C, 0x38, 0x78, 0x70, 0xFF, 0xFF, 0x73, 0x0F, 0x81, 0xE0, 0x00, 0xFF, 0xBF, 0xE0, 0x78, 0x1C,
    0x0E, 0x03, 0x81, 0xC0, 0xF0, 0x38, 0x1E, 0x07, 0x03, 0xFE, 0xFF, 0x80, 0x66, 0x7E, 0x3C, 0x00,
    0xFF, 0xFF, 0x0E, 0x1C, 0x1C, 0x38, 0x78, 0x70, 0xFF, 0xFF, 0x3E, 0xFD, 0xC3, 0x87, 0x0E, 0x1C,
    0x38, 0x70, 0xE1, 0xC3, 0x87, 0x0E, 0x00, 0x70, 0x1F, 0x83, 0xF0, 0x38, 0x07, 0xF0, 0xFF, 0x1E,
    0xF3, 0x8E, 0x71, 0xCE, 0x39, 0xC7, 0x3D, 0xE7, 0xF8, 0xFE, 0x00, 0x7F, 0xE7, 0xFF, 0xBF, 0xBD,
    0xF8, 0xE1, 0xC7, 0x0F, 0xF0, 0x7F, 0xC3, 0xCE, 0x1C, 0x78, 0xE3, 0xC7, 0x9C, 0x3F, 0xE1, 0xFE,
    0x00, 0x7F, 0x8F, 0xF1, 0xC0, 0x38, 0x07, 0x00, 0xFE, 0x1F, 0xE3, 0x9E, 0x71, 0xCE, 0x39, 0xCF,
    0x3F, 0xC7, 0xF0, 0x7F, 0x8F, 0xF1, 0xC0, 0x38, 0x07, 0xF0, 0xFF, 0x1E, 0xF3, 0x8E, 0x71, 0xCE,
    0x39, 0xC7, 0x3D, 0xE7, 0xF8, 0xFE, 0x00, 0x70, 0x0E, 0x01, 0xC0, 0x38, 0x07, 0x00, 0xFE, 0x1F,
    0xF3, 0x9E, 0x71, 0xCE, 0x39, 0xEF, 0x1F, 0xE1, 0xF8, 0x70, 0x1C, 0x07, 0x01, 0xC0, 0x7F, 0x1F,
    0xE7, 0xBD, 0xC7, 0x71, 0xDC, 0x77, 0x1D, 0xEE, 0x3F, 0x87, 0xC0, 0x7E, 0x1F, 0xC6, 0x78, 0x0E,
    0x03, 0xC0, 0xF0, 0x1C, 0x0F, 0x03, 0xC0, 0xE6, 0x79, 0xFC, 0x7E, 0x00, 0x00, 0x70, 0x0F, 0x00,
    0xC0, 0xFC, 0x3F, 0xC3, 0xD8, 0x78, 0x07, 0x00, 0x70, 0x07, 0x00, 0x70, 0x07, 0x00, 0x78, 0x03,
    0xCC, 0x3F, 0xC1, 0xF8, 0x01, 0xC0, 0xF0, 0x38, 0x0C, 0x1F, 0x0F, 0xC7, 0xA1, 0xC0, 0x70, 0x1C,
    0x07, 0x01, 0xEC, 0x7F, 0x0F, 0xC0, 0x7F, 0x07, 0xFC, 0x73, 0xC7, 0x0E, 0x70, 0xE7, 0x0E, 0xFC,
    0xEF, 0xCE, 0x70, 0xE7, 0x0E, 0x73, 0xC7, 0xFC, 0x7F, 0x00, 0x7F, 0xC3, 0xFF, 0xCF, 0xEF, 0xB7,
    0x0E, 0x1C, 0x38, 0x70, 0xE1, 0xC3, 0xC7, 0x0E, 0x1C, 0x38, 0x70, 0xE1, 0xEF, 0x07, 0xFC, 0x1F,
    0xC0, 0x7F, 0x8F, 0xF0, 0x0E, 0x01, 0xC0, 0x38, 0x7F, 0x1F, 0xE3, 0xDC, 0xF3, 0x9E, 0x71, 0xEE,
    0x3F, 0xC3, 0xF8, 0x7F, 0xCF, 0xF8, 0x0F, 0x01, 0xE3, 0xFC, 0xFF, 0x9E, 0xF3, 0x9E, 0x71, 0xCE,
    0x39, 0xCF, 0x3D, 0xE7, 0xFC, 0x7B, 0x80, 0x1F, 0x0F, 0xE7, 0xBD, 0xC7, 0x71, 0xDC, 0x77, 0xB8,
    0xFC, 0x1E, 0x03, 0xC0, 0x78, 0xDE, 0x7F, 0x0F, 0x80, 0x7F, 0x3F, 0x81, 0xC0, 0xE0, 0x73, 0xF9,
    0xFC, 0x0E, 0x07, 0x03, 0x81, 0xCF, 0xE7, 0xF0, 0x1F, 0x81, 0xFF, 0x0E, 0x78, 0x01, 0xE0, 0x07,
    0x00, 0x39, 0xFF, 0xCF, 0xFE, 0x70, 0x73, 0x83, 0x8F, 0x78, 0x7F, 0xC0, 0xFC, 0x00, 0x1F, 0x87,
    0xF9, 0xE6, 0x38, 0x07, 0x80, 0x7E, 0x0F, 0xC3, 0xC0, 0x70, 0x0E, 0x01, 0xE3, 0x3F, 0xE3, 0xFC,
    0x07, 0xF0, 0x7F, 0x07, 0x00, 0x70, 0x07, 0x00, 0x7E, 0x07, 0xE0, 0x70, 0x07, 0x00, 0x70, 0x07,
    0x00, 0x70, 0x47, 0x06, 0x70, 0x6F, 0x07, 0xE0, 0x3C, 0x00, 0x03, 0xC0, 0xF8, 0x1C, 0x03, 0x80,
    0xFC, 0x3F, 0x81, 0xC0, 0x38, 0x07, 0x00, 0xE0, 0x1C, 0x03, 0x80, 0x70, 0x0E, 0x19, 0xC3, 0xF8,
    0x7E, 0x07, 0x80, 0x00, 0x78, 0x03, 0xC0, 0x38, 0x1F, 0xC1, 0xFE, 0x1E, 0x61, 0xE0, 0x0E, 0x00,
    0x70, 0x03, 0x9F, 0x1C, 0xF8, 0xE1, 0xC7, 0x8E, 0x1E, 0x70, 0xFF, 0x81, 0xFC, 0xE0, 0xFE, 0x39,
    0xC7, 0x39, 0xE3, 0xB8, 0x77, 0x0F, 0xC0, 0xF8, 0x1F, 0x03, 0xC0, 0x38, 0x0F, 0x01, 0xF0, 0x36,
    0x07, 0xC0, 0xF8, 0x1E, 0x00, 0x70, 0x00, 0x70, 0x00, 0x70, 0x00, 0x70, 0x00, 0x7F, 0x0E, 0x7F,
    0x8E, 0x7B, 0xCE, 0x71, 0xCE, 0x71, 0xCE, 0x71, 0xCE, 0x71, 0xCE, 0x71, 0xDE, 0x71, 0xFE, 0x70,
    0xFC, 0x70, 0xE1, 0xC3, 0x87, 0x0E, 0x1C, 0x38, 0x70, 0xE1, 0xF3, 0xF3, 0xE0, 0xFC, 0xF8, 0xE1,
    0xC3, 0x9F, 0xBF, 0x1C, 0x38, 0x70, 0xE7, 0xEF, 0xC0, 0x70, 0xEE, 0x3D, 0xCF, 0x3B, 0xC7, 0x70,
    0xFC, 0x1F, 0xC3, 0xF8, 0x77, 0x8E, 0x71, 0xCF, 0x38, 0xE7, 0x0E, 0x3C, 0x0F, 0x81, 0xC0, 0x38,
    0x07, 0x1C, 0xE7, 0x1D, 0xC3, 0xF0, 0x7E, 0x0F, 0xE1, 0xFC, 0x39, 0xC7, 0x3C, 0xE3, 0x80, 0x71,
    0xC7, 0x1C, 0x71, 0xCF, 0xFF, 0x71, 0xC7, 0x1C, 0x71, 0xC0, 0x78, 0x0F, 0xC0, 0xF8, 0x3E, 0x03,
    0xE0, 0x3C, 0x07, 0x81, 0xF8, 0x3F, 0x07, 0xE1, 0xCE, 0x39, 0xEF, 0x3D, 0xC3, 0x80, 0x71, 0xC7,
    0x1C, 0x71, 0xC7, 0x1C, 0x71, 0xC7, 0x1C, 0x71, 0xC7, 0x1C, 0x71, 0xC7, 0x1C, 0x71, 0xC7, 0x1C,
    0x71, 0xC7, 0x1C, 0x71, 0xC7, 0xFF, 0xF0, 0xFF, 0xFC, 0x3E, 0xFB, 0x00, 0x3C, 0x38, 0xF8, 0xE3,
    0xE3, 0x8F, 0xCE, 0x3F, 0x38, 0xEE, 0xE3, 0xBB, 0x8E, 0x7E, 0x39, 0xF8, 0xE3, 0xE3, 0x8F, 0x8E,
    0x1E, 0x38, 0x78, 0xE0, 0x03, 0x80, 0x3E, 0x00, 0xF0, 0x00, 0x7F, 0x0F, 0xF1, 0xEF, 0x38, 0xE7,
    0x1C, 0xE3, 0x9C, 0x73, 0x8E, 0x71, 0xCE, 0x38, 0x07, 0x00, 0xE0, 0x1C, 0x03, 0x80, 0x0F, 0xC1,
    0xFF, 0x0F, 0x78, 0xE0, 0xE7, 0x07, 0x3F, 0xF9, 0xFF, 0xCE, 0x0E, 0x70, 0x73, 0xC3, 0x8F, 0x78,
    0x7F, 0xC0, 0xFC, 0x00, 0x00, 0x1C, 0x7F, 0x73, 0xFF, 0xCF, 0x7E, 0x78, 0xF1, 0xC1, 0xC7, 0x07,
    0x1C, 0x1C, 0x70, 0x71, 0xC1, 0xC7, 0x8F, 0x0F, 0x78, 0x3F, 0xE0, 0x3E, 0x00, 0x00, 0x70, 0x03,
    0x87, 0xDC, 0x7F, 0xC7, 0xBC, 0x39, 0xE1, 0xC7, 0x0E, 0x38, 0x73, 0xC3, 0xDC, 0x0F, 0xE0, 0x3E,
    0x00, 0x1F, 0x9F, 0x07, 0xFF, 0xF0, 0xF7, 0xCE, 0x3C, 0x79, 0xE7, 0x07, 0x1C, 0xE0, 0xE3, 0x9C,
    0x1C, 0x73, 0x83, 0x8E, 0x70, 0x71, 0xCE, 0x1E, 0x38, 0xF7, 0x87, 0x1F, 0xE0, 0xE1, 0xF8, 0x1C,
    0x1E, 0x78, 0x7F, 0xFC, 0x73, 0xDE, 0x73, 0x8E, 0x73, 0xCE, 0x73, 0xCE, 0x73, 0x8E, 0x73, 0x8E,
    0x3F, 0x8E, 0x1E, 0x0E, 0x00, 0x0E, 0x00, 0x0E, 0x00, 0x0E, 0x00, 0x0E, 0x7F, 0xC7, 0xFF, 0x3F,
    0x3D, 0xB8, 0xE1, 0xC7, 0x0E, 0x78, 0x7F, 0x83, 0xF8, 0x1C, 0x00, 0xE0, 0x07, 0x00, 0x38, 0x01,
    0xC0, 0x00, 0x3C, 0x0F, 0x81, 0xC0, 0x38, 0x07, 0xF0, 0xFF, 0x1E, 0xF3, 0x8E, 0x71, 0xCE, 0x39,
    0xC7, 0x3D, 0xE7, 0xF8, 0xFE, 0x1C, 0x03, 0x80, 0x70, 0x0E, 0x00, 0x70, 0x0E, 0x01, 0xFC, 0x3F,
    0xC7, 0x3C, 0xE3, 0x9C, 0x73, 0x9E, 0x7F, 0x8F, 0xE1, 0xDC, 0x39, 0xC7, 0x3C, 0x03, 0x80, 0x78,
    0x7E, 0x3F, 0x99, 0xE0, 0x70, 0x78, 0xF8, 0xF8, 0xF8, 0x70, 0x78, 0x1C, 0xEF, 0xF3, 0xF0, 0x7E,
    0x7E, 0x6F, 0x0F, 0x3E, 0x7C, 0xF0, 0xF3, 0x7F, 0x3E, 0xFF, 0xFF, 0xDC, 0x07, 0x03, 0xC0, 0xF0,
    0x78, 0x38, 0x38, 0x3C, 0x1C, 0x1F, 0xFF, 0xF8, 0x78, 0x3E, 0x1F, 0x0F, 0xC1, 0xE0, 0xF0, 0x78,
    0x3C, 0x1E, 0x0F, 0x07, 0x83, 0xC1, 0xE0, 0xF0, 0x78, 0x1C, 0x0F, 0x87, 0xC0, 0x30, 0x61, 0xFF,
    0xF7, 0x0E, 0x1C, 0x38, 0x70, 0xF0, 0xF9, 0xF0, 0xE1, 0xCF, 0x9E, 0x7F, 0xFF, 0xFE, 0xE3, 0xB8,
    0x0E, 0x03, 0x80, 0xE0, 0x38, 0x0E, 0x03, 0x80, 0xE0, 0x38, 0x0E, 0x00, 0x3C, 0x79, 0xE3, 0x87,
    0xFF, 0xDC, 0x38, 0x70, 0xE1, 0xC3, 0xC3, 0xE7, 0xC0, 0xFF, 0xBF, 0xE1, 0xC0, 0x70, 0x1C, 0x07,
    0x01, 0xC0, 0x70, 0x1C, 0x07, 0x01, 0xC0, 0x70, 0x1C, 0x07, 0x01, 0xE0, 0x3C, 0x0F, 0x00, 0x00,
    0x0E, 0xE1, 0xDD, 0xC3, 0xF3, 0x87, 0xE7, 0x0F, 0x0E, 0x1C, 0x1C, 0x38, 0x38, 0x70, 0x70, 0xE0,
    0xE1, 0xC1, 0xE3, 0x81, 0xFF, 0x03, 0xFC, 0x03, 0xF0, 0x00, 0x00, 0x18, 0x00, 0xE7, 0x1F, 0x9C,
    0x7E, 0x71, 0xE1, 0xC7, 0x07, 0x1C, 0x1C, 0x70, 0x71, 0xC1, 0xCF, 0x07, 0xFC, 0x0F, 0xF0, 0xFD,
    0xFF, 0xEF, 0xC7, 0x70, 0x71, 0xC7, 0x07, 0x38, 0x39, 0xC1, 0xCE, 0x0E, 0x70, 0x73, 0x83, 0x9F,
    0x78, 0x7F, 0xC1, 0xF8, 0x00, 0x73, 0xC7, 0x3E, 0x70, 0xE7, 0x0E, 0x70, 0xE7, 0x0E, 0x70, 0xE7,
    0x0E, 0x70, 0xE7, 0x0E, 0x3F, 0xE3, 0xFC, 0x1F, 0x80, 0xE1, 0xFE, 0x3D, 0xCE, 0x3D, 0xC3, 0xF0,
    0x7E, 0x07, 0x80, 0xF0, 0x0E, 0x01, 0xC0, 0x38, 0x07, 0x00, 0xE0, 0xE1, 0xDE, 0x79, 0xCE, 0x39,
    0xC3, 0x70, 0x7E, 0x0F, 0xC0, 0xF0, 0x1E, 0x03, 0xC0, 0x70, 0x1E, 0x0F, 0x80, 0xE0, 0x00, 0xFF,
    0xBF, 0xE0, 0x78, 0x1C, 0x0F, 0x03, 0x87, 0xF9, 0xFE, 0x38, 0x1E, 0x07, 0x03, 0xFE, 0xFF, 0x80,
    0xFF, 0xFF, 0x0E, 0x1C, 0x7E, 0x7E, 0x78, 0x70, 0xFF, 0xFF, 0x7F, 0x9F, 0xE0, 0xF0, 0x38, 0x1C,
    0x0F, 0x83, 0xF0, 0x1E, 0x03, 0x80, 0xEE, 0x7B, 0xFE, 0x7E, 0x00, 0x7F, 0x9F, 0xE3, 0x80, 0x70,
    0x0E, 0x07, 0xC7, 0xF1, 0xE0, 0x70, 0x1C, 0x07, 0x9D, 0xFF, 0x3F, 0x80, 0x7F, 0xBF, 0xDE, 0x07,
    0x81, 0xE0, 0xF0, 0xFC, 0xFC, 0x70, 0x78, 0x3C, 0x0F, 0x37, 0xF9, 0xFC, 0x7F, 0x3F, 0x83, 0xC3,
    0x83, 0xE1, 0xF8, 0x0E, 0x0F, 0x7F, 0x3F, 0xB8, 0x1E, 0x67, 0xF1, 0xF8, 0x3E, 0x1F, 0xC6, 0x70,
    0x1C, 0x07, 0x01, 0xC7, 0xF9, 0xFE, 0x1E, 0x0F, 0x03, 0x81, 0xC0, 0xFF, 0xBF, 0xE0, 0xFF, 0xBF,
    0xE3, 0x80, 0xE0, 0x38, 0x0F, 0xC3, 0xF8, 0x1E, 0x03, 0x80, 0xEE, 0x7B, 0xFC, 0x7E, 0x00, 0xFF,
    0x7F, 0x8E, 0x07, 0x03, 0xE1, 0xF8, 0x1C, 0x8E, 0xFF, 0x3F, 0x00, 0x38, 0x38, 0x7E, 0xFE, 0x38,
    0x38, 0x3C, 0x1E, 0x07, 0xCF, 0xFE, 0x7C, 0x7F, 0x0F, 0xF1, 0xEF, 0x38, 0xE7, 0x1C, 0xE3, 0x9C,
    0xF3, 0xBC, 0x7F, 0x0F, 0xC1, 0xC0, 0x38, 0x07, 0x00, 0xE0, 0x00, 0x73, 0x9C, 0xE7, 0x39, 0xCE,
    0x73, 0x9C, 0xE7, 0x38, 0x73, 0x9C, 0xE7, 0x39, 0xCE, 0x73, 0x9C, 0xE7, 0x39, 0xCE, 0x73, 0x9C,
    0xE7, 0x39, 0xCE, 0x73, 0x9C, 0xE0, 0x1C, 0x0E, 0x07, 0x03, 0x87, 0xF3, 0xF8, 0x70, 0x38, 0x7F,
    0x3F, 0x87, 0x03, 0x81, 0xC0, 0xE0, 0x73, 0x9C, 0xE7, 0x39, 0xCE, 0x70, 0x1C, 0xE7, 0x00, 0x00,
    0x07, 0x30, 0x00, 0x0F, 0xC0, 0x00, 0x1E, 0x00, 0x00, 0x00, 0x7F, 0x0F, 0xF9, 0xFF, 0x3F, 0xE7,
    0x3C, 0x07, 0x9C, 0x38, 0x1C, 0x70, 0xE0, 0xE1, 0xC3, 0x83, 0x87, 0x0E, 0x1C, 0x1C, 0x38, 0xF0,
    0x70, 0xE3, 0x81, 0xC3, 0x9E, 0x07, 0x3C, 0x70, 0x1F, 0xF3, 0xFE, 0x7F, 0x0F, 0xF8, 0x00, 0x06,
    0x77, 0xF0, 0x7E, 0x7F, 0xC3, 0xC7, 0x3C, 0x00, 0x70, 0xE7, 0xF7, 0x0E, 0x7F, 0x70, 0xE0, 0xE7,
    0x0E, 0x1E, 0x70, 0xE1, 0xC7, 0x0E, 0x38, 0x70, 0xE3, 0x87, 0x3C, 0x70, 0x7F, 0xCF, 0xF7, 0xF0,
    0xFF, 0x03, 0xDD, 0xC0, 0xF3, 0xE0, 0x3C, 0x78, 0x0F, 0x00, 0x3F, 0xDF, 0xDF, 0xF7, 0xF7, 0xBC,
    0x3D, 0xCF, 0x0E, 0x71, 0xC7, 0x1C, 0x71, 0xC7, 0x3C, 0xE1, 0xEF, 0x78, 0x7F, 0xDF, 0xCF, 0x77,
    0xF0, 0x70, 0x38, 0xE0, 0x71, 0xC0, 0xE3, 0x81, 0xC7, 0x03, 0x8E, 0x07, 0x1C, 0x0E, 0x38, 0x1C,
    0x70, 0x38, 0xE0, 0x71, 0xE0, 0xE3, 0xFD, 0xC7, 0xFB, 0x80, 0x07, 0x00, 0x0E, 0x00, 0x7C, 0x00,
    0xF0, 0x00, 0x39, 0xC0, 0xE7, 0x00, 0x1C, 0x00, 0x70, 0x39, 0xC0, 0xE7, 0x03, 0x9C, 0x0E, 0x70,
    0x39, 0xC0, 0xE7, 0x03, 0x9E, 0x0E, 0x7F, 0xB9, 0xFE, 0xE0, 0x03, 0x80, 0x0E, 0x00, 0xF8, 0x03,
    0xC0, 0x73, 0x9C, 0xE7, 0x01, 0xC0, 0x73, 0x9C, 0xE7, 0x39, 0xCE, 0x73, 0x9C, 0xE7, 0x39, 0xCE,
    0x73, 0x9C, 0xE0, 0x38, 0x0E, 0x0F, 0x83, 0xC0, 0x78, 0x71, 0xCF, 0x8E, 0x39, 0xF1, 0xC7, 0x3F,
    0x38, 0xE7, 0xE7, 0x1C, 0xEE, 0xE3, 0x9D, 0xDC, 0x73, 0x9F, 0x8E, 0x73, 0xF1, 0xCE, 0x3E, 0x39,
    0xC7, 0xC7, 0x38, 0x78, 0xE7, 0x0F, 0x1C, 0x00, 0x07, 0x80, 0x00, 0xE0, 0x00, 0x7C, 0x00, 0x0F,
    0x00, 0x00, 0x03, 0x9E, 0x1C, 0xE7, 0xC7, 0x01, 0xF1, 0xC0, 0x7E, 0x73, 0x9F, 0x9C, 0xE7, 0x77,
    0x39, 0xDD, 0xCE, 0x73, 0xF3, 0x9C, 0xFC, 0xE7, 0x1F, 0x39, 0xC7, 0xCE, 0x70, 0xF3, 0x9C, 0x3C,
    0xE0, 0x00, 0x38, 0x00, 0x0E, 0x00, 0x0F, 0x80, 0x03, 0xC0, 0x00, 0x0E, 0x00, 0x0E, 0x00, 0x00,
    0x00, 0x00, 0x7F, 0x8E, 0x7F, 0x8E, 0x7B, 0xCE, 0x71, 0xCE, 0x71, 0xCE, 0x71, 0xCE, 0x71, 0xCE,
    0x71, 0xCE, 0x71, 0xCE, 0x71, 0xCE, 0x00, 0x0E, 0x00, 0x1E, 0x00, 0x3C, 0x00, 0x3C, 0x39, 0x81,
    0xF0, 0x0F, 0x00, 0x00, 0x0F, 0x01, 0xF0, 0x1F, 0x01, 0xF8, 0x3B, 0x83, 0xB8, 0x39, 0xC7, 0x9C,
    0x7F, 0xC7, 0xFE, 0x70, 0xEE, 0x0E, 0xE0, 0xE0, 0x33, 0x8F, 0xC1, 0xE0, 0x00, 0x3F, 0x0F, 0xC3,
    0x78, 0x0E, 0x3F, 0x9F, 0xE7, 0x3B, 0xDE, 0x7F, 0x9F, 0x60, 0x67, 0x3E, 0x3C, 0x00, 0x7E, 0x7E,
    0x1C, 0x1C, 0x1C, 0x1C, 0x1C, 0x1C, 0x1C, 0x1C, 0x1C, 0x3E, 0x7E, 0xEE, 0xF8, 0xF0, 0x03, 0x87,
    0x0E, 0x1C, 0x38, 0x70, 0xE1, 0xC3, 0x87, 0x00, 0x1D, 0xC0, 0x7C, 0x01, 0xE0, 0x00, 0x01, 0xF8,
    0x1F, 0xF0, 0xF7, 0x8F, 0x1E, 0x70, 0x73, 0x83, 0x9C, 0x1C, 0xE0, 0xE7, 0x07, 0x3C, 0x78, 0xF7,
    0x87, 0xFC, 0x0F, 0x80, 0x33, 0x8F, 0xC1, 0xE0, 0x00, 0x1F, 0x0F, 0xE7, 0xB9, 0xCF, 0x71, 0xDC,
    0x77, 0x3D, 0xEE, 0x3F, 0x87, 0xC0, 0x19, 0xC1, 0xF8, 0x0F, 0x00, 0x00, 0x70, 0xE7, 0x0E, 0x70,
    0xE7, 0x0E, 0x70, 0xE7, 0x0E, 0x70, 0xE7, 0x0E, 0x70, 0xE7, 0x0E, 0x3F, 0xE3, 0xFC, 0x1F, 0x80,
    0x3B, 0x83, 0xE0, 0x78, 0x00, 0x07, 0x1C, 0xE3, 0x9C, 0x73, 0x8E, 0x71, 0xCE, 0x39, 0xC7, 0x39,
    0xE7, 0xFC, 0x7F, 0x80, 0x1F, 0x81, 0xF8, 0x00, 0x01, 0xD8, 0x1D, 0x80, 0x00, 0x70, 0xE7, 0x0E,
    0x70, 0xE7, 0x0E, 0x70, 0xE7, 0x0E, 0x70, 0xE7, 0x0E, 0x70, 0xE7, 0x0E, 0x3F, 0xE3, 0xFC, 0x1F,
    0x80, 0x3F, 0x07, 0xE0, 0x6C, 0x0D, 0x80, 0x00, 0xE3, 0x9C, 0x73, 0x8E, 0x71, 0xCE, 0x39, 0xC7,
    0x38, 0xE7, 0x3C, 0xFF, 0x8F, 0xF0, 0x03, 0x80, 0x70, 0x00, 0x01, 0xD8, 0x1D, 0x80, 0x00, 0x70,
    0xE7, 0x0E, 0x70, 0xE7, 0x0E, 0x70, 0xE7, 0x0E, 0x70, 0xE7, 0x0E, 0x70, 0xE7, 0x0E, 0x3F, 0xE3,
    0xFC, 0x1F, 0x80, 0x07, 0x01, 0xC0, 0x00, 0x0D, 0x81, 0xB0, 0x00, 0x1C, 0x73, 0x8E, 0x71, 0xCE,
    0x39, 0xC7, 0x38, 0xE7, 0x1C, 0xE7, 0x9F, 0xF1, 0xFE, 0x19, 0x80, 0xF0, 0x07, 0x01, 0xD8, 0x1D,
    0x80, 0x00, 0x70, 0xE7, 0x0E, 0x70, 0xE7, 0x0E, 0x70, 0xE7, 0x0E, 0x70, 0xE7, 0x0E, 0x70, 0xE7,
    0x0E, 0x3F, 0xE3, 0xFC, 0x1F, 0x80, 0x3B, 0x03, 0xE0, 0x38, 0x0D, 0x81, 0xB0, 0x00, 0x1C, 0x73,
    0x8E, 0x71, 0xCE, 0x39, 0xC7, 0x38, 0xE7, 0x1C, 0xE7, 0x9F, 0xF1, 0xFE, 0x1C, 0x00, 0xE0, 0x00,
    0x01, 0xD8, 0x1D, 0x80, 0x00, 0x70, 0xE7, 0x0E, 0x70, 0xE7, 0x0E, 0x70, 0xE7, 0x0E, 0x70, 0xE7,
    0x0E, 0x70, 0xE7, 0x0E, 0x3F, 0xE3, 0xFC, 0x1F, 0x80, 0x3C, 0x01, 0x80, 0x00, 0x0D, 0x81, 0xB0,
    0x00, 0x1C, 0x73, 0x8E, 0x71, 0xCE, 0x39, 0xC7, 0x38, 0xE7, 0x1C, 0xE7, 0x9F, 0xF1, 0xFE, 0x7E,
    0x1F, 0xC6, 0x78, 0x0E, 0xFF, 0xBF, 0xE6, 0x39, 0xDE, 0x7F, 0x0F, 0x80, 0x00, 0x01, 0xF8, 0x1F,
    0x80, 0x00, 0x1B, 0x81, 0xB8, 0x00, 0x00, 0xF0, 0x1F, 0x01, 0xF0, 0x1F, 0x83, 0xB8, 0x3B, 0x83,
    0x9C, 0x79, 0xC7, 0xFC, 0x7F, 0xE7, 0x0E, 0xE0, 0xEE, 0x0E, 0x3F, 0x0F, 0xC3, 0x30, 0xEC, 0x00,
    0x0F, 0xC3, 0xF0, 0xDE, 0x03, 0x8F, 0xE7, 0xF9, 0xCE, 0xF7, 0x9F, 0xE7, 0xD8, 0x1F, 0x81, 0xF8,
    0x0E, 0x00, 0xE0, 0x00, 0x00, 0xF0, 0x1F, 0x01, 0xF0, 0x1F, 0x83, 0xB8, 0x3B, 0x83, 0x9C, 0x79,
    0xC7, 0xFC, 0x7F, 0xE7, 0x0E, 0xE0, 0xEE, 0x0E, 0x3F, 0x0F, 0xC0, 0xC0, 0x30, 0x00, 0x0F, 0xC3,
    0xF0, 0xDE, 0x03, 0x8F, 0xE7, 0xF9, 0xCE, 0xF7, 0x9F, 0xE7, 0xD8, 0x00, 0x00, 0x03, 0xF0, 0x03,
    0xF0, 0x00, 0x00, 0x03, 0xFF, 0x07, 0xFF, 0x07, 0xE0, 0x0E, 0xE0, 0x0E, 0xE0, 0x0E, 0xFE, 0x1C,
    0xFE, 0x1C, 0xE0, 0x3F, 0xE0, 0x3F, 0xE0, 0x38, 0xE0, 0x78, 0xFF, 0x70, 0xFF, 0x00, 0x00, 0x0F,
    0xC0, 0x1F, 0x80, 0x00, 0x03, 0xEF, 0x87, 0xFF, 0x8D, 0xF7, 0x01, 0xC6, 0x3F, 0xFE, 0xFF, 0xFD,
    0xCE, 0x03, 0xBE, 0x67, 0xFF, 0xC7, 0x9F, 0x80, 0x0F, 0xC1, 0xFE, 0x3C, 0xC7, 0x80, 0x70, 0x07,
    0x3E, 0x73, 0xE7, 0x0E, 0x73, 0xF7, 0xBF, 0x3C, 0xE3, 0xFE, 0x0F, 0xE0, 0x3D, 0xCF, 0xF9, 0xCF,
    0x39, 0xE7, 0x1C, 0xE7, 0x9C, 0xF3, 0xFE, 0x3F, 0xC0, 0x78, 0x3F, 0xB7, 0xE7, 0xF8, 0xFE, 0x00,
    0x1C, 0xC0, 0xF8, 0x07, 0x80, 0x00, 0x0F, 0xC1, 0xFE, 0x3C, 0xC7, 0x80, 0x70, 0x07, 0x00, 0x73,
    0xE7, 0x3E, 0x70, 0xE7, 0x8E, 0x3C, 0xE3, 0xFE, 0x0F, 0xE0, 0x33, 0x83, 0xE0, 0x78, 0x00, 0x03,
    0xDC, 0xFF, 0x9E, 0xF3, 0x9E, 0x71, 0xCE, 0x39, 0xCF, 0x3D, 0xE7, 0xFC, 0x7F, 0x00, 0xE3, 0x1C,
    0x7F, 0x8F, 0xE0, 0x39, 0x83, 0xF0, 0x3C, 0x00, 0x07, 0x1E, 0xE3, 0x9C, 0xF3, 0xBC, 0x77, 0x0F,
    0xC1, 0xFC, 0x3F, 0x87, 0x78, 0xE7, 0x1C, 0xF3, 0x8E, 0x70, 0xE0, 0xEE, 0x07, 0xC0, 0x3C, 0x00,
    0x00, 0x38, 0x03, 0x80, 0x38, 0x03, 0x80, 0x38, 0xE3, 0x9C, 0x3B, 0x83, 0xF0, 0x3F, 0x03, 0xF8,
    0x3F, 0x83, 0x9C, 0x39, 0xE3, 0x8E, 0x1F, 0x81, 0xFF, 0x0F, 0x78, 0xF1, 0xE7, 0x07, 0x38, 0x39,
    0xC1, 0xCE, 0x0E, 0x70, 0x73, 0xC7, 0x8F, 0x78, 0x7F, 0xC0, 0xF8, 0x03, 0x00, 0x18, 0x00, 0xE0,
    0x07, 0x00, 0x1F, 0x0F, 0xE7, 0xB9, 0xCF, 0x71, 0xDC, 0x77, 0x3D, 0xEE, 0x3F, 0x87, 0xC1, 0xC0,
    0x70, 0x1E, 0x03, 0x80, 0x00, 0x00, 0xFE, 0x07, 0xF0, 0x00, 0x01, 0xF8, 0x1F, 0xF0, 0xF7, 0x8F,
    0x1E, 0x70, 0x73, 0x83, 0x9C, 0x1C, 0xE0, 0xE7, 0x07, 0x3C, 0x78, 0xF7, 0x87, 0xFC, 0x0F, 0x80,
    0x30, 0x01, 0x80, 0x0E, 0x00, 0x70, 0x00, 0x00, 0x0F, 0xC3, 0xF0, 0x00, 0x1F, 0x0F, 0xE7, 0xB9,
    0xCF, 0x71, 0xDC, 0x77, 0x3D, 0xEE, 0x3F, 0x87, 0xC1, 0xC0, 0x70, 0x1E, 0x03, 0x80, 0x73, 0x0F,
    0xC1, 0xE0, 0x00, 0x7F, 0x9F, 0xE0, 0xF0, 0x38, 0x1C, 0x0F, 0x83, 0xF0, 0x1E, 0x03, 0x80, 0xEE,
    0x7B, 0xFE, 0x7E, 0x00, 0x77, 0x1F, 0x07, 0x80, 0x0F, 0xFF, 0xFC, 0x1C, 0x1C, 0x1C, 0x1E, 0x0F,
    0xC7, 0xF0, 0x38, 0x1C, 0x0F, 0x8F, 0xFF, 0x7F, 0x00, 0xEE, 0x7C, 0x3C, 0x00, 0x38, 0x38, 0x38,
    0x38, 0x38, 0x38, 0x38, 0x38, 0x38, 0x38, 0x38, 0x38, 0xF8, 0xF0, 0x7F, 0x0F, 0xFB, 0xFE, 0x7F,
    0xDC, 0xF0, 0x1E, 0xE1, 0xC0, 0xE7, 0x0E, 0x0E, 0x38, 0x70, 0x71, 0xC3, 0x87, 0x0E, 0x1C, 0x78,
    0x70, 0xE3, 0x83, 0x87, 0x3C, 0x1C, 0xF1, 0xC0, 0xFF, 0x9F, 0xF7, 0xF0, 0xFF, 0x80, 0x7F, 0x00,
    0x07, 0xFC, 0x00, 0x73, 0xC0, 0x07, 0x0E, 0x7F, 0x70, 0xE7, 0xF7, 0x0E, 0x0E, 0x70, 0xE1, 0xE7,
    0x0E, 0x1C, 0x70, 0xE3, 0x87, 0x0E, 0x78, 0x73, 0xC7, 0x07, 0xFC, 0xFF, 0x7F, 0x0F, 0xF0, 0x03,
    0xC0, 0x00, 0xF0, 0x00, 0x3C, 0x00, 0x0F, 0x00, 0x3F, 0xDF, 0xDF, 0xF7, 0xF7, 0xBC, 0x3D, 0xCF,
    0x0E, 0x71, 0xC7, 0x1C, 0x71, 0xC7, 0x3C, 0xE1, 0xEF, 0x78, 0x7F, 0xDF, 0xCF, 0x77, 0xF0, 0x01,
    0xC0, 0x38, 0x07, 0x00, 0x00, 0x0F, 0xC1, 0xFE, 0x3C, 0xC7, 0x80, 0x70, 0x07, 0x00, 0x73, 0xE7,
    0x3E, 0x70, 0xE7, 0x8E, 0x3C, 0xE3, 0xFE, 0x0F, 0xE0, 0x07, 0x80, 0xE0, 0x38, 0x00, 0x03, 0xDC,
    0xFF, 0x9E, 0xF3, 0x9E, 0x71, 0xCE, 0x39, 0xCF, 0x3D, 0xE7, 0xFC, 0x7F, 0x00, 0xE3, 0x1C, 0x7F,
    0x8F, 0xE0, 0x70, 0xE0, 0x1C, 0x38, 0x07, 0x0E, 0x01, 0xC3, 0x9E, 0x70, 0xE7, 0x9F, 0xF9, 0xE7,
    0xFE, 0x79, 0xC3, 0x9E, 0x70, 0xE7, 0x1C, 0x39, 0xC7, 0x0F, 0x71, 0xC3, 0xFC, 0x70, 0x7E, 0x00,
    0x77, 0x8F, 0xF9, 0xF7, 0xBC, 0x77, 0x0E, 0xE1, 0xDC, 0x7B, 0x8E, 0x73, 0xCE, 0xF1, 0xFC, 0x3F,
    0x07, 0x80, 0xE0, 0x1C, 0x03, 0x80, 0x70, 0x00, 0x0E, 0x00, 0x38, 0x00, 0xC0, 0x00, 0x07, 0x87,
    0x3E, 0x39, 0xF1, 0xCF, 0xCE, 0x7E, 0x73, 0xBB, 0x9D, 0xDC, 0xE7, 0xE7, 0x3F, 0x38, 0xF9, 0xC7,
    0xCE, 0x1E, 0x70, 0xF0, 0x1C, 0x03, 0xC0, 0x18, 0x00, 0x07, 0xF8, 0xFF, 0x1E, 0xF3, 0x8E, 0x71,
    0xCE, 0x39, 0xC7, 0x38, 0xE7, 0x1C, 0xE3, 0x80, 0x00, 0x00, 0x78, 0x06, 0x00, 0xE0, 0x1F, 0x01,
    0xB0, 0x0F, 0x01, 0xF0, 0x1F, 0x01, 0xB8, 0x3B, 0x83, 0x98, 0x39, 0xC7, 0xFC, 0x7F, 0xC7, 0x1E,
    0xF0, 0xEE, 0x0E, 0x00, 0x01, 0xC0, 0xE0, 0x78, 0x1E, 0x07, 0x81, 0xE0, 0x00, 0x3F, 0x0F, 0xC3,
    0x78, 0x0E, 0x3F, 0x9F, 0xE7, 0x3B, 0xDE, 0x7F, 0x9F, 0x60, 0x00, 0x78, 0x00, 0xF0, 0x00, 0xC0,
    0x00, 0x00, 0x03, 0xFF, 0x07, 0xFF, 0x07, 0xE0, 0x0E, 0xE0, 0x0E, 0xE0, 0x0E, 0xFE, 0x1C, 0xFE,
    0x1C, 0xE0, 0x3F, 0xE0, 0x3F, 0xE0, 0x38, 0xE0, 0x78, 0xFF, 0x70, 0xFF, 0x00, 0xE0, 0x03, 0x80,
    0x0E, 0x00, 0x00, 0x03, 0xEF, 0x87, 0xFF, 0x8D, 0xF7, 0x01, 0xC6, 0x3F, 0xFE, 0xFF, 0xFD, 0xCE,
    0x03, 0xBE, 0x67, 0xFF, 0xC7, 0x9F, 0x80, 0x01, 0xC0, 0x1C, 0x01, 0xC0, 0x00, 0x01, 0xFE, 0x1F,
    0xF0, 0xF7, 0x8F, 0x3E, 0x71, 0xF3, 0x9B, 0x9D, 0xDC, 0xEC, 0xE7, 0xE7, 0x3E, 0x78, 0xF7, 0x87,
    0xFC, 0x3F, 0x81, 0x00, 0x00, 0x07, 0x81, 0xC0, 0xE0, 0x00, 0x1F, 0x8F, 0xE7, 0xF9, 0xDF, 0x7F,
    0xDF, 0x77, 0x9D, 0xEE, 0x3F, 0x9F, 0xC2, 0x00, 0x7E, 0x03, 0x70, 0x1B, 0x00, 0x00, 0x0F, 0x01,
    0xF0, 0x1F, 0x01, 0xF8, 0x3B, 0x83, 0xB8, 0x39, 0xC7, 0x9C, 0x7F, 0xC7, 0xFE, 0x70, 0xEE, 0x0E,
    0xE0, 0xE0, 0xEE, 0x1F, 0x83, 0x70, 0x00, 0x3F, 0x0F, 0xC3, 0x78, 0x0E, 0x3F, 0x9F, 0xE7, 0x3B,
    0xDE, 0x7F, 0x9F, 0x60, 0x00, 0x00, 0xF0, 0x1F, 0x83, 0x98, 0x00, 0x00, 0xF0, 0x1F, 0x01, 0xF0,
    0x1F, 0x83, 0xB8, 0x3B, 0x83, 0x9C, 0x79, 0xC7, 0xFC, 0x7F, 0xE7, 0x0E, 0xE0, 0xEE, 0x0E, 0x00,
    0x07, 0x83, 0xF0, 0xCC, 0x00, 0x0F, 0xC3, 0xF0, 0xDE, 0x03, 0x8F, 0xE7, 0xF9, 0xCE, 0xF7, 0x9F,
    0xE7, 0xD8, 0xEE, 0x3F, 0x0D, 0xC0, 0x07, 0xFB, 0xFD, 0xC0, 0xE0, 0x70, 0x3F, 0x9F, 0xCE, 0x07,
    0x03, 0x81, 0xC0, 0xFF, 0x7F, 0x80, 0xEE, 0x1F, 0x83, 0x70, 0x00, 0x1E, 0x1F, 0xC7, 0x39, 0xCE,
    0x7F, 0x9F, 0xE7, 0x01, 0xE6, 0x3F, 0x87, 0xC0, 0x00, 0x0F, 0x0F, 0xC6, 0x60, 0x03, 0xFD, 0xFE,
    0xE0, 0x70, 0x38, 0x1F, 0xCF, 0xE7, 0x03, 0x81, 0xC0, 0xE0, 0x7F, 0xBF, 0xC0, 0x00, 0x07, 0x83,
    0xF0, 0xCC, 0x00, 0x07, 0x87, 0xF1, 0xCE, 0x73, 0x9F, 0xE7, 0xF9, 0xC0, 0x79, 0x8F, 0xE1, 0xF0,
    0x7E, 0x3B, 0x0E, 0xC0, 0x03, 0xF1, 0xF8, 0x38, 0x1C, 0x0E, 0x07, 0x03, 0x81, 0xC0, 0xE0, 0x70,
    0x38, 0x3E, 0x3F, 0x00, 0x7E, 0x1B, 0x86, 0xC0, 0x00, 0xE0, 0x70, 0x38, 0x1C, 0x0E, 0x07, 0x03,
    0x81, 0xC0, 0xE0, 0x70, 0x00, 0xFB, 0xF6, 0x70, 0x1F, 0xBF, 0x1C, 0x38, 0x70, 0xE1, 0xC3, 0x87,
    0x0E, 0x1C, 0x7D, 0xF8, 0x00, 0xF9, 0xFF, 0x30, 0x07, 0x0E, 0x1C, 0x38, 0x70, 0xE1, 0xC3, 0x87,
    0x0E, 0x00, 0x3F, 0x00, 0xDC, 0x03, 0x60, 0x00, 0x01, 0xF8, 0x1F, 0xF0, 0xF7, 0x8F, 0x1E, 0x70,
    0x73, 0x83, 0x9C, 0x1C, 0xE0, 0xE7, 0x07, 0x3C, 0x78, 0xF7, 0x87, 0xFC, 0x0F, 0x80, 0x7E, 0x1D,
    0x83, 0xB0, 0x00, 0x1F, 0x0F, 0xE7, 0xB9, 0xCF, 0x71, 0xDC, 0x77, 0x3D, 0xEE, 0x3F, 0x87, 0xC0,
    0x00, 0x00, 0x7C, 0x03, 0xF0, 0x31, 0x80, 0x00, 0x0F, 0xC0, 0xFF, 0x87, 0xBC, 0x78, 0xF3, 0x83,
    0x9C, 0x1C, 0xE0, 0xE7, 0x07, 0x38, 0x39, 0xE3, 0xC7, 0xBC, 0x3F, 0xE0, 0x7C, 0x00, 0x00, 0x07,
    0x83, 0xF0, 0xCC, 0x00, 0x07, 0xC3, 0xF9, 0xEE, 0x73, 0xDC, 0x77, 0x1D, 0xCF, 0x7B, 0x8F, 0xE1,
    0xF0, 0x7E, 0x06, 0xE0, 0x6C, 0x00, 0x07, 0xF0, 0xFF, 0x1C, 0xF3, 0x8E, 0x71, 0xCE, 0x79, 0xFE,
    0x3F, 0x87, 0x70, 0xE7, 0x1C, 0xF3, 0x8E, 0x71, 0xE0, 0x7E, 0x3B, 0x0E, 0xC0, 0x03, 0xF1, 0xF8,
    0xF0, 0x70, 0x38, 0x1C, 0x0E, 0x07, 0x03, 0x81, 0xC0, 0x00, 0x03, 0xE0, 0x7E, 0x1C, 0xC0, 0x00,
    0xFE, 0x1F, 0xE3, 0x9E, 0x71, 0xCE, 0x39, 0xCF, 0x3F, 0xC7, 0xF0, 0xEE, 0x1C, 0xE3, 0x9E, 0x71,
    0xCE, 0x3C, 0x00, 0x3C, 0x7E, 0x66, 0x00, 0x7E, 0x7E, 0x78, 0x70, 0x70, 0x70, 0x70, 0x70, 0x70,
    0x70, 0x3F, 0x03, 0xB0, 0x1D, 0x80, 0x00, 0x70, 0xE7, 0x0E, 0x70, 0xE7, 0x0E, 0x70, 0xE7, 0x0E,
    0x70, 0xE7, 0x0E, 0x70, 0xE7, 0x0E, 0x3F, 0xE3, 0xFC, 0x1F, 0x80, 0x7E, 0x06, 0xE0, 0x6C, 0x00,
    0x07, 0x1C, 0xE3, 0x9C, 0x73, 0x8E, 0x71, 0xCE, 0x39, 0xC7, 0x39, 0xE7, 0xFC, 0x7F, 0x80, 0x00,
    0x00, 0xF0, 0x1F, 0x81, 0x98, 0x00, 0x07, 0x0E, 0x70, 0xE7, 0x0E, 0x70, 0xE7, 0x0E, 0x70, 0xE7,
    0x0E, 0x70, 0xE7, 0x0E, 0x70, 0xE3, 0xFE, 0x3F, 0xC1, 0xF8, 0x00, 0x03, 0xE0, 0xFC, 0x18, 0xC0,
    0x00, 0xE3, 0x9C, 0x73, 0x8E, 0x71, 0xCE, 0x39, 0xC7, 0x38, 0xE7, 0x3C, 0xFF, 0x8F, 0xF0, 0x3F,
    0x3F, 0x9C, 0xCE, 0x07, 0x03, 0xE0, 0xFC, 0x3E, 0x07, 0x81, 0xF9, 0xFF, 0xE7, 0xE0, 0x00, 0x70,
    0x38, 0x18, 0x00, 0x3E, 0x7E, 0x76, 0x70, 0x7C, 0x3E, 0x0F, 0x6F, 0xFE, 0x7C, 0x00, 0x1C, 0x18,
    0x38, 0xFF, 0xBF, 0xE1, 0xC0, 0x70, 0x1C, 0x07, 0x01, 0xC0, 0x70, 0x1C, 0x07, 0x01, 0xC0, 0x70,
    0x1C, 0x00, 0x01, 0xC0, 0x70, 0x18, 0x00, 0x30, 0x61, 0xFF, 0xF7, 0x0E, 0x1C, 0x38, 0x70, 0xF0,
    0xF9, 0xF0, 0x03, 0x86, 0x1C, 0x3F, 0x1F, 0xE7, 0x38, 0x0E, 0x03, 0x87, 0xE3, 0xF0, 0x7E, 0x03,
    0x80, 0xF0, 0x38, 0x0E, 0x0F, 0x9F, 0xCF, 0xC3, 0xC0, 0x00, 0x00, 0x7C, 0x7F, 0x1B, 0xC0, 0xE0,
    0xF1, 0xF0, 0xF8, 0x0E, 0x07, 0x03, 0x83, 0xC7, 0xCF, 0xC7, 0x80, 0x00, 0x19, 0xC0, 0x7C, 0x03,
    0xC0, 0x00, 0x07, 0x0E, 0x38, 0x71, 0xC3, 0x8E, 0x1C, 0x70, 0xE3, 0xFF, 0x1F, 0xF8, 0xE1, 0xC7,
    0x0E, 0x38, 0x71, 0xC3, 0x8E, 0x1C, 0x70, 0xE0, 0xEE, 0x07, 0xC0, 0x3C, 0x00, 0x00, 0x38, 0x03,
    0x80, 0x38, 0x03, 0x80, 0x3F, 0xC3, 0xFC, 0x3D, 0xE3, 0x8E, 0x38, 0xE3, 0x8E, 0x38, 0xE3, 0x8E,
    0x38, 0xE3, 0x8E, 0x77, 0xC7, 0xFE, 0x7D, 0xE7, 0x8E, 0x70, 0xE7, 0x0E, 0x70, 0xE7, 0x0E, 0x70,
    0xE7, 0x0E, 0x70, 0xE7, 0x0E, 0x70, 0xE0, 0x0E, 0x00, 0xE0, 0x0E, 0x00, 0xE0, 0x03, 0xC0, 0x07,
    0x80, 0x0F, 0x00, 0x1E, 0x03, 0xFC, 0x0F, 0xF8, 0x1E, 0xF0, 0x39, 0xE0, 0x71, 0xC0, 0xE3, 0x81,
    0xCF, 0xF3, 0xDF, 0xF7, 0xFF, 0xE7, 0xDF, 0x80, 0x30, 0x00, 0x60, 0x70, 0xE3, 0x87, 0x1E, 0x38,
    0x73, 0xC3, 0xFC, 0x1F, 0xF1, 0xE7, 0x8E, 0x0E, 0x70, 0x73, 0x87, 0x9F, 0xFC, 0x7F, 0xC1, 0xFC,
    0x00, 0x73, 0x9C, 0xE7, 0x39, 0xCE, 0x7B, 0x8F, 0xC3, 0xF9, 0xCE, 0x71, 0xDC, 0x77, 0x1D, 0xEF,
    0x7F, 0x87, 0xC0, 0xFF, 0xBF, 0xE0, 0x78, 0x1C, 0x0E, 0x03, 0x81, 0xC0, 0xF0, 0x38, 0x1E, 0x07,
    0x03, 0xFE, 0xFF, 0x80, 0xE0, 0x38, 0x3E, 0x0F, 0x00, 0xFF, 0xFF, 0x0E, 0x1C, 0x1C, 0x38, 0x78,
    0x70, 0xFF, 0xFF, 0x07, 0x07, 0x0F, 0x0E, 0x00, 0x00, 0xE0, 0x0E, 0x00, 0x00, 0x0F, 0x01, 0xF0,
    0x1F, 0x01, 0xF8, 0x3B, 0x83, 0xB8, 0x39, 0xC7, 0x9C, 0x7F, 0xC7, 0xFE, 0x70, 0xEE, 0x0E, 0xE0,
    0xE0, 0x00, 0x03, 0x80, 0xE0, 0x00, 0x3F, 0x0F, 0xC3, 0x78, 0x0E, 0x3F, 0x9F, 0xE7, 0x3B, 0xDE,
    0x7F, 0x9F, 0x60, 0x7F, 0xBF, 0xDC, 0x0E, 0x07, 0x03, 0xF9, 0xFC, 0xE0, 0x70, 0x38, 0x1C, 0x0F,
    0xF7, 0xF8, 0x60, 0x38, 0x1C, 0x1E, 0x04, 0x00, 0x1E, 0x1F, 0xC7, 0x39, 0xCE, 0x7F, 0x9F, 0xE7,
    0x01, 0xE6, 0x3F, 0x87, 0xC0, 0xC0, 0x38, 0x0E, 0x07, 0x80, 0x80, 0x1F, 0xC0, 0xFE, 0x00, 0x00,
    0x1B, 0x00, 0xD8, 0x00, 0x00, 0x7E, 0x07, 0xFC, 0x3D, 0xE3, 0xC7, 0x9C, 0x1C, 0xE0, 0xE7, 0x07,
    0x38, 0x39, 0xC1, 0xCF, 0x1E, 0x3D, 0xE1, 0xFF, 0x03, 0xE0, 0x00, 0x0F, 0xC3, 0xF0, 0x00, 0x3B,
    0x0E, 0xC0, 0x00, 0x7C, 0x3F, 0x9E, 0xE7, 0x3D, 0xC7, 0x71, 0xDC, 0xF7, 0xB8, 0xFE, 0x1F, 0x00,
    0x00, 0x00, 0xFE, 0x07, 0xF0, 0x00, 0x00, 0xEC, 0x0F, 0xC0, 0x00, 0x03, 0xF0, 0x3F, 0xE1, 0xEF,
    0x1E, 0x3C, 0xE0, 0xE7, 0x07, 0x38, 0x39, 0xC1, 0xCE, 0x0E, 0x78, 0xF1, 0xEF, 0x0F, 0xF8, 0x1F,
    0x00, 0x00, 0x0F, 0xC3, 0xF0, 0x00, 0x1D, 0x0F, 0xC0, 0x00, 0x7C, 0x3F, 0x9E, 0xE7, 0x3D, 0xC7,
    0x71, 0xDC, 0xF7, 0xB8, 0xFE, 0x1F, 0x00, 0x00, 0x00, 0x38, 0x01, 0xC0, 0x00, 0x01, 0xF8, 0x1F,
    0xF0, 0xF7, 0x8F, 0x1E, 0x70, 0x73, 0x83, 0x9C, 0x1C, 0xE0, 0xE7, 0x07, 0x3C, 0x78, 0xF7, 0x87,
    0xFC, 0x0F, 0x80, 0x00, 0x03, 0x80, 0xE0, 0x00, 0x1F, 0x0F, 0xE7, 0xB9, 0xCF, 0x71, 0xDC, 0x77,
    0x3D, 0xEE, 0x3F, 0x87, 0xC0, 0x1F, 0xC0, 0xFE, 0x00, 0x00, 0x0E, 0x00, 0x70, 0x00, 0x00, 0x7E,
    0x07, 0xFC, 0x3D, 0xE3, 0xC7, 0x9C, 0x1C, 0xE0, 0xE7, 0x07, 0x38, 0x39, 0xC1, 0xCF, 0x1E, 0x3D,
    0xE1, 0xFF, 0x03, 0xE0, 0x00, 0x0F, 0xC3, 0xF0, 0x00, 0x0C, 0x03, 0x00, 0x00, 0x7C, 0x3F, 0x9E,
    0xE7, 0x3D, 0xC7, 0x71, 0xDC, 0xF7, 0xB8, 0xFE, 0x1F, 0x00, 0x00, 0x07, 0xE0, 0xFC, 0x00, 0x0E,
    0x1D, 0xE3, 0x9C, 0xE3, 0xDC, 0x3F, 0x07, 0xE0, 0x78, 0x0F, 0x00, 0xE0, 0x1C, 0x03, 0x80, 0x70,
    0x0E, 0x00, 0x00, 0x0F, 0xC3, 0xF0, 0x00, 0xE3, 0xB8, 0xE7, 0x39, 0xDC, 0x77, 0x0F, 0xC3, 0xE0,
    0xF8, 0x1E, 0x07, 0x01, 0xC0, 0xF0, 0xF8, 0x3C, 0x00, 0x70, 0x70, 0x70, 0x70, 0x70, 0x70, 0x70,
    0x70, 0x70, 0x7E, 0x7E, 0x7F, 0x7E, 0xFE, 0x40, 0x7F, 0x03, 0xFC, 0x1E, 0xE0, 0xE7, 0x87, 0x1C,
    0x38, 0xF9, 0xC7, 0xEE, 0x3B, 0x73, 0xFB, 0x9F, 0x80, 0xC0, 0x30, 0x30, 0x7E, 0xFE, 0x70, 0x70,
    0x70, 0x7E, 0x7F, 0x7F, 0x7F, 0x7E, 0x00, 0x38, 0xE3, 0x8E, 0x38, 0xE3, 0x8E, 0x38, 0xE3, 0x8E,
    0xFB, 0xC0, 0x03, 0xC0, 0x03, 0xC0, 0x03, 0xC0, 0x03, 0x80, 0x3F, 0xFC, 0x7F, 0xFE, 0x73, 0xDE,
    0x73, 0xCE, 0x73, 0xCE, 0x73, 0xCE, 0x73, 0xCE, 0x73, 0xDE, 0x7F, 0xFC, 0x3E, 0x78, 0x1E, 0x78,
    0x3F, 0xFC, 0x73, 0xDE, 0x73, 0xCE, 0x73, 0xCE, 0x73, 0xCE, 0x73, 0xCE, 0x7B, 0xDE, 0x7F, 0xFE,
    0x3F, 0xFC, 0x03, 0x80, 0x03, 0xC0, 0x03, 0xC0, 0x03, 0xC0, 0x01, 0x80, 0xF8, 0x1F, 0x01, 0xF0,
    0x1F, 0x83, 0xF8, 0x3F, 0x83, 0xFC, 0x7F, 0xC7, 0xFC, 0x7F, 0xC7, 0xDE, 0xFC, 0xEF, 0x8E, 0x18,
    0x01, 0x80, 0x01, 0x83, 0xF3, 0xFC, 0xFE, 0x7B, 0x1C, 0xC7, 0x31, 0xD8, 0x76, 0x1D, 0x87, 0xE0,
    0xF3, 0x3F, 0xC7, 0xE1, 0x80, 0x03, 0x01, 0x80, 0xC0, 0x61, 0xF1, 0xF9, 0xF8, 0xEC, 0x7C, 0x3E,
    0x1F, 0x0F, 0x67, 0xF1, 0xF8, 0x40, 0x60, 0x30, 0x10, 0x00, 0x70, 0x38, 0x1C, 0x0E, 0x07, 0x03,
    0x83, 0xF1, 0xF8, 0x70, 0x38, 0x1E, 0x0F, 0xF7, 0xF8, 0x01, 0xBF, 0xEF, 0xF8, 0x7C, 0x1E, 0x07,
    0x81, 0xE0, 0x70, 0x1C, 0x07, 0x01, 0xC0, 0x70, 0x3C, 0x0F, 0x06, 0x01, 0x80, 0x3E, 0x7E, 0x76,
    0x70, 0x7C, 0x3E, 0x0F, 0x47, 0xFE, 0x7C, 0x38, 0x3C, 0x1E, 0x0E, 0xFF, 0x7F, 0x83, 0x83, 0x81,
    0xC1, 0xC1, 0xE0, 0xE0, 0xF0, 0x7C, 0x0F, 0x03, 0xC0, 0xF0, 0x78, 0x7C, 0xFE, 0xCF, 0x07, 0x07,
    0x0E, 0x1E, 0x3C, 0x38, 0x38, 0x38, 0x38, 0x38, 0x7C, 0xFE, 0xCF, 0x07, 0x07, 0x0E, 0x1E, 0x3C,
    0x38, 0x38, 0x7F, 0x8F, 0xF9, 0xCF, 0x38, 0xE7, 0x1C, 0xFF, 0x1F, 0xE3, 0x9E, 0xFD, 0xDF, 0xB9,
    0xCF, 0x3F, 0xE7, 0xF8, 0x70, 0xE3, 0x87, 0x1C, 0x38, 0xE1, 0xC7, 0x0E, 0x7F, 0xFF, 0xFF, 0xEE,
    0x1C, 0x70, 0xE3, 0x87, 0x1F, 0xF8, 0x7F, 0x81, 0xF8, 0x00, 0x0F, 0x01, 0xF0, 0x1F, 0x01, 0xF0,
    0x3B, 0x83, 0xB8, 0x3B, 0x87, 0x1C, 0x71, 0xC7, 0x1C, 0xF1, 0xEE, 0x0E, 0xE0, 0xE0, 0x03, 0x3F,
    0xDF, 0xEE, 0xC7, 0x63, 0xB1, 0xFC, 0xFE, 0x7C, 0x3E, 0x1F, 0x0F, 0x87, 0xFB, 0xFC, 0x60, 0x30,
    0x01, 0x07, 0xE7, 0xF1, 0xDE, 0x77, 0x9F, 0xE7, 0xF9, 0xE0, 0x79, 0x9F, 0xE7, 0xF1, 0x80, 0x1C,
    0x1C, 0x1C, 0x1C, 0x1C, 0x3F, 0x3F, 0x1C, 0x1C, 0x1C, 0x1C, 0x1C, 0x1C, 0x1C, 0x3C, 0x7C, 0x78,
    0x38, 0x70, 0x00, 0x03, 0x87, 0x0E, 0x1C, 0x7C, 0xF8, 0xE1, 0xC3, 0x87, 0x0E, 0x1C, 0xF9, 0xE0,
    0x1F, 0x70, 0xFF, 0xC3, 0xDF, 0x1E, 0x3C, 0x70, 0xF1, 0xC3, 0xC7, 0x0F, 0x1C, 0x3C, 0x70, 0xF1,
    0xC3, 0xC3, 0xDF, 0x0F, 0xFC, 0x1F, 0xF0, 0x03, 0xC0, 0x07, 0x00, 0x1E, 0x00, 0x78, 0x3D, 0xC7,
    0xFC, 0x7B, 0xC7, 0x3C, 0x71, 0xC7, 0x1C, 0x73, 0xC7, 0xBC, 0x7F, 0xC3, 0xFC, 0x03, 0xC0, 0x1C,
    0x01, 0xE0, 0x1E, 0x7F, 0x0F, 0xF1, 0xCF, 0x38, 0xE7, 0x1C, 0xE7, 0xBF, 0xE7, 0xF8, 0x77, 0x0E,
    0x71, 0xCF, 0x38, 0xE7, 0x1E, 0x00, 0x7E, 0x7E, 0x78, 0x70, 0xFC, 0xFC, 0x70, 0x70, 0x70, 0x70,
    0xE1, 0xDE, 0x3B, 0xFF, 0x7F, 0xE3, 0xF0, 0x7E, 0x07, 0x80, 0xF0, 0x0E, 0x01, 0xC0, 0x38, 0x07,
    0x00, 0xE0, 0xE3, 0xB8, 0xE7, 0x3B, 0xFF, 0xFF, 0x8F, 0xC3, 0xE0, 0xF8, 0x1E, 0x07, 0x01, 0xC0,
    0xF0, 0xF8, 0x3C, 0x00, 0x6F, 0x1F, 0xE7, 0xB9, 0xCE, 0x7F, 0x9F, 0xC7, 0x01, 0xEC, 0x7F, 0x0F,
    0xC0, 0x3D, 0xCF, 0xF9, 0xEF, 0x39, 0xE7, 0x1C, 0xE3, 0x9C, 0xF3, 0xDE, 0x7F, 0xE7, 0xBC, 0xEF,
    0x1F, 0xF1, 0xEF, 0x38, 0xE7, 0x1C, 0xE3, 0x9C, 0x73, 0xDE, 0x7F, 0x8F, 0xE0, 0x3C, 0x0F, 0x81,
    0xC0, 0x38, 0x07, 0xF0, 0xFF, 0x1E, 0xF3, 0x8E, 0x71, 0xCE, 0x39, 0xC7, 0x3D, 0xE7, 0xF8, 0xFE,
    0x00, 0x7C, 0x3F, 0x13, 0xC0, 0xE0, 0x70, 0x38, 0x1C, 0x9E, 0xFE, 0x3E, 0x00, 0x1F, 0x3F, 0x9E,
    0xCE, 0x07, 0x03, 0xF9, 0xFC, 0xFF, 0x7F, 0x3F, 0x90, 0x00, 0x03, 0xC0, 0x3C, 0x03, 0xC0, 0x3C,
    0x3F, 0xC7, 0xFC, 0x7B, 0xC7, 0x3C, 0x71, 0xC7, 0x1C, 0x73, 0xC7, 0xBC, 0x7F, 0xC3, 0xFC, 0x03,
    0xC0, 0x1C, 0x01, 0xE0, 0x1E, 0x00, 0xE0, 0x1E, 0x01, 0xC0, 0x3C, 0x3F, 0xC7, 0xFC, 0x7B, 0xC7,
    0x3C, 0x71, 0xC7, 0x1C, 0x73, 0xC7, 0xBC, 0x7F, 0xC3, 0xDC, 0x3E, 0x1F, 0xC7, 0x79, 0x8E, 0xFF,
    0xBF, 0xE0, 0x39, 0x9E, 0x7F, 0x1F, 0x80, 0x7E, 0x1F, 0xC6, 0x78, 0x0E, 0xFF, 0xBF, 0xE6, 0x39,
    0xDE, 0x7F, 0x0F, 0x80, 0x7E, 0x01, 0xFC, 0x06, 0x78, 0x00, 0xF8, 0x0F, 0xF1, 0xFE, 0xF7, 0xBB,
    0xDD, 0xE0, 0x7F, 0x00, 0xF8, 0x00, 0x3F, 0x3F, 0x9C, 0xCE, 0x03, 0xE3, 0xF1, 0xC1, 0xE2, 0x7F,
    0x9F, 0x80, 0x7E, 0x3F, 0x99, 0xC0, 0xE3, 0xE1, 0xF8, 0x1D, 0x8F, 0xFF, 0x3F, 0x00, 0x7E, 0x03,
    0xFE, 0x11, 0xF8, 0x0E, 0xF3, 0xE7, 0x9F, 0x80, 0x1E, 0x18, 0xF0, 0xFF, 0x03, 0xF0, 0x00, 0x1F,
    0x87, 0xF9, 0xEF, 0x38, 0xE7, 0x78, 0xEF, 0x1C, 0x73, 0xDE, 0x3F, 0xC3, 0xF0, 0x38, 0x70, 0xE1,
    0xC7, 0xCF, 0x8E, 0x1C, 0x38, 0x70, 0xE1, 0xCF, 0x9E, 0x00, 0x00, 0xE0, 0x1E, 0x01, 0xC0, 0x3C,
    0x3F, 0xC7, 0xFC, 0x7B, 0xC7, 0x3C, 0x71, 0xC7, 0x1C, 0x73, 0xC7, 0xBC, 0x7F, 0xC3, 0xF8, 0x03,
    0x86, 0x38, 0x7F, 0x87, 0xF0, 0x3D, 0xCF, 0xF9, 0xEF, 0x39, 0xE7, 0x1C, 0xE3, 0x9C, 0xF3, 0xDE,
    0x7F, 0xC7, 0xF0, 0x0E, 0x31, 0xC7, 0xF8, 0xFE, 0x00, 0x1F, 0x8F, 0xE7, 0x91, 0xC0, 0x77, 0x9D,
    0xE7, 0x39, 0xEE, 0x3F, 0x87, 0xE0, 0xE3, 0xBC, 0xE7, 0x79, 0xDC, 0x3F, 0x0F, 0x81, 0xE0, 0x70,
    0x1E, 0x0F, 0x83, 0x60, 0xF8, 0x3E, 0x07, 0x00, 0xE3, 0xFC, 0xF7, 0xF0, 0xF8, 0x1E, 0x07, 0x83,
    0xE0, 0xFC, 0x3E, 0x07, 0x80, 0x71, 0xCE, 0x39, 0xC7, 0x38, 0xE7, 0x1C, 0xE3, 0x9C, 0xF3, 0xDE,
    0x7F, 0xC7, 0xB8, 0x07, 0x00, 0xE0, 0x1C, 0x03, 0x80, 0x3C, 0x0F, 0x81, 0xC0, 0x38, 0x07, 0xF8,
    0xFF, 0x1E, 0xF3, 0x8E, 0x71, 0xCE, 0x39, 0xC7, 0x38, 0xE7, 0x1C, 0xE3, 0x80, 0x3C, 0x0F, 0x81,
    0xC0, 0x38, 0x07, 0xF8, 0xFF, 0x1E, 0xF3, 0x8E, 0x71, 0xCE, 0x39, 0xC7, 0x38, 0xE7, 0x1C, 0xE3,
    0x80, 0x70, 0x1E, 0x07, 0x80, 0xF0, 0x71, 0xC0, 0x00, 0x71, 0xC7, 0x1C, 0xFB, 0xE7, 0x1C, 0x71,
    0xC0, 0x71, 0xC7, 0x1C, 0x71, 0xC7, 0x1C, 0x7C, 0xF0, 0xFD, 0xE3, 0x8E, 0x38, 0xE3, 0x8E, 0x7B,
    0xF0, 0x38, 0x38, 0x38, 0x38, 0x38, 0x38, 0x7B, 0xFE, 0xFE, 0x38, 0x38, 0x38, 0x38, 0x38, 0x1E,
    0x1E, 0x1E, 0x1E, 0x1E, 0x7E, 0x7E, 0x7F, 0x1E, 0x1E, 0x1E, 0x1E, 0x1E, 0x1E, 0x71, 0xC7, 0x1C,
    0x71, 0xC7, 0x1C, 0x71, 0xC7, 0x1C, 0x71, 0xC7, 0x1C, 0x7C, 0xF0, 0x70, 0x07, 0x00, 0x70, 0x07,
    0x00, 0x7F, 0xF7, 0xFF, 0x70, 0xE7, 0x1C, 0x73, 0x87, 0x78, 0x77, 0xE7, 0x7F, 0x70, 0x77, 0x07,
    0x00, 0x71, 0x8F, 0x1F, 0xE1, 0xFC, 0x73, 0xCE, 0x73, 0xCE, 0x73, 0xCE, 0x73, 0xCE, 0x73, 0xCE,
    0x73, 0xCE, 0x73, 0xCE, 0x7B, 0xDE, 0x7F, 0xFE, 0x3F, 0xFE, 0x71, 0xCE, 0x71, 0xCE, 0x71, 0xCE,
    0x71, 0xCE, 0x71, 0xCE, 0x73, 0xCE, 0x73, 0xCE, 0x7B, 0xDE, 0x7F, 0xFE, 0x3F, 0xFE, 0x00, 0x0E,
    0x00, 0x0E, 0x00, 0x0E, 0x00, 0x0E, 0x7F, 0xFC, 0x7F, 0xFE, 0x7B, 0xEE, 0x73, 0xCE, 0x71, 0xCE,
    0x71, 0xCE, 0x71, 0xCE, 0x71, 0xCE, 0x71, 0xCE, 0x71, 0xCE, 0x00, 0x0E, 0x00, 0x0E, 0x00, 0x3E,
    0x00, 0x3C, 0x3F, 0xC3, 0xFC, 0x3D, 0xE3, 0x8E, 0x38, 0xE3, 0x8E, 0x38, 0xE3, 0x8E, 0x38, 0xE3,
    0x8E, 0x38, 0x03, 0x80, 0xF8, 0x0F, 0x00, 0x7F, 0x87, 0xF8, 0x7B, 0xC7, 0x1C, 0x71, 0xC7, 0x1C,
    0x71, 0xC7, 0x1C, 0x71, 0xC7, 0x1C, 0x01, 0xC0, 0x1C, 0x01, 0xF0, 0x0F, 0x78, 0xCF, 0x19, 0xF3,
    0x3E, 0x67, 0xEC, 0xEF, 0x9D, 0xF3, 0x9E, 0x73, 0xCE, 0x38, 0x1F, 0x0F, 0xE7, 0xB9, 0xC7, 0x7F,
    0xDF, 0xF7, 0x1D, 0xEE, 0x3F, 0x87, 0xC0, 0x3F, 0xF9, 0xFF, 0xE7, 0xBC, 0x1C, 0xF0, 0x71, 0xF9,
    0xC7, 0xE7, 0x3C, 0x1E, 0xF0, 0x3F, 0xF8, 0x7F, 0xE0, 0x0F, 0xC0, 0xFF, 0xC7, 0xCF, 0x9C, 0x0E,
    0x73, 0x39, 0xCC, 0xE7, 0x73, 0x9D, 0xEE, 0x7F, 0xF8, 0xF3, 0xC0, 0x07, 0x00, 0x1C, 0x00, 0x70,
    0x01, 0xC0, 0x1F, 0xE0, 0xFF, 0xC7, 0xF7, 0x9D, 0xCE, 0x77, 0x39, 0xDC, 0xE7, 0x73, 0x9F, 0xFC,
    0x3F, 0xF0, 0x3F, 0x00, 0x70, 0x01, 0xC0, 0x07, 0x00, 0x1C, 0x00, 0x1C, 0x38, 0x70, 0xE1, 0xC3,
    0x87, 0x1E, 0xFD, 0xD8, 0x1C, 0x38, 0x70, 0xE1, 0xC3, 0x87, 0x0E, 0x1C, 0x38, 0x71, 0xEF, 0xDD,
    0x80, 0x1C, 0x0E, 0x07, 0x03, 0x81, 0xC0, 0xE0, 0x70, 0x78, 0xFC, 0x7E, 0x07, 0x03, 0xC0, 0xF0,
    0x78, 0x7E, 0x7E, 0x78, 0x70, 0x70, 0x70, 0x70, 0x70, 0x70, 0x70, 0x70, 0x70, 0x70, 0x70, 0x7E,
    0x7E, 0x78, 0x70, 0x70, 0x70, 0x70, 0x70, 0x70, 0x70, 0x70, 0x70, 0x7C, 0x3C, 0x3E, 0x7D, 0xE3,
    0x87, 0x0E, 0x1C, 0x38, 0x70, 0xE0, 0xF1, 0xF0, 0xF0, 0xE1, 0xC3, 0x87, 0x0E, 0x1C, 0x38, 0x70,
    0xE1, 0xC3, 0x80, 0x7E, 0x1F, 0xC7, 0x71, 0xDC, 0x7F, 0x1F, 0x87, 0x61, 0xDC, 0x73, 0x9C, 0xE0,
    0x73, 0x9C, 0xE7, 0x71, 0xD8, 0x7E, 0x1F, 0xC7, 0x71, 0xDC, 0x7F, 0x1F, 0x80, 0x3E, 0x7E, 0x76,
    0x70, 0x7C, 0x3E, 0x0F, 0x6F, 0xFE, 0xFC, 0xE0, 0xE0, 0x78, 0x78, 0x1E, 0x7C, 0xE1, 0xC3, 0x87,
    0x0E, 0x1C, 0x38, 0x70, 0xE1, 0xC3, 0x87, 0x0E, 0x1C, 0xF9, 0xE0, 0x1E, 0x7C, 0xE1, 0xC3, 0x87,
    0x0E, 0x3E, 0x7C, 0x70, 0xE1, 0xC3, 0x87, 0x0E, 0x1C, 0xF9, 0xE0, 0xF1, 0xF0, 0xE1, 0xC3, 0x87,
    0x0E, 0x1C, 0x38, 0x70, 0xE1, 0xE1, 0xE3, 0xC0, 0x0F, 0x1F, 0x1C, 0x1C, 0x1C, 0x1C, 0x1C, 0x1C,
    0x1C, 0x1C, 0x1C, 0x1C, 0x1C, 0x1C, 0x7E, 0xFC, 0xFC, 0x78, 0xF9, 0xF8, 0xF0, 0xE1, 0xC3, 0x87,
    0x0E, 0xFF, 0xFC, 0x60, 0xC0, 0x30, 0x61, 0xFF, 0xF7, 0x0E, 0x1C, 0x38, 0x70, 0xE1, 0xC3, 0x87,
    0x0F, 0x0F, 0x9F, 0x71, 0xCE, 0x39, 0xC7, 0x38, 0xEF, 0xFF, 0xFF, 0xDC, 0x73, 0x9E, 0x7F, 0xC7,
    0xF8, 0xFB, 0xFF, 0x7C, 0xCE, 0x38, 0xE7, 0x1C, 0xE3, 0x9C, 0x73, 0xDE, 0x3F, 0x83, 0xE0, 0x77,
    0x8E, 0xF9, 0xC7, 0x38, 0xE7, 0x1C, 0xE3, 0x9C, 0x73, 0xDE, 0x3F, 0x83, 0xE0, 0x1C, 0x07, 0x83,
    0xE0, 0xF8, 0x3F, 0x1D, 0xC7, 0x71, 0xCE, 0xE3, 0xB8, 0xE0, 0x3C, 0xF0, 0x79, 0xE0, 0xF3, 0xC1,
    0xF7, 0xC7, 0xEF, 0x8F, 0xFF, 0x1D, 0xF6, 0x3B, 0xCE, 0xE7, 0x9D, 0xCF, 0x38, 0x00, 0x01, 0xE0,
    0xF8, 0x38, 0x1C, 0x07, 0x01, 0xE0, 0xF8, 0x3E, 0x0F, 0xC7, 0x71, 0xDC, 0x73, 0xB8, 0xEE, 0x38,
    0xE3, 0xBB, 0x9D, 0xC7, 0xC3, 0xE0, 0xE0, 0x70, 0x38, 0x1C, 0x0E, 0x00, 0xFF, 0x7F, 0x83, 0x83,
    0x81, 0xC1, 0xC1, 0xE0, 0xE0, 0xFF, 0x7F, 0x81, 0xC0, 0xE0, 0x78, 0x1C, 0xFF, 0x3F, 0xC0, 0xE0,
    0x78, 0x1C, 0x0E, 0xE7, 0xFD, 0xFF, 0xFF, 0xFF, 0xE1, 0x80, 0x20, 0xFF, 0xFF, 0xC1, 0xC1, 0xC1,
    0xC1, 0xE0, 0xFC, 0x7F, 0x03, 0x81, 0xC0, 0xF8, 0xFF, 0xF7, 0xF0, 0xFF, 0xFF, 0xC3, 0xC1, 0xC1,
    0xC1, 0xF0, 0xFC, 0x1F, 0x03, 0xBD, 0xFF, 0xFF, 0xFF, 0xFB, 0xF8, 0x7C, 0xFE, 0xCF, 0x07, 0x07,
    0x0E, 0x1E, 0x3C, 0x38, 0x38, 0x38, 0x38, 0x38, 0x38, 0x3E, 0x3F, 0xBC, 0xDC, 0x0E, 0x03, 0x81,
    0xE0, 0x78, 0x1C, 0x0E, 0x07, 0x03, 0x81, 0xC0, 0xE0, 0x38, 0x38, 0x38, 0x38, 0x38, 0x38, 0x3C,
    0x1E, 0x0E, 0x07, 0x07, 0xEF, 0xFE, 0x7C, 0x1F, 0x1F, 0x9E, 0xCE, 0x07, 0x03, 0x81, 0xC0, 0xE0,
    0x70, 0x38, 0x1C, 0x0F, 0x63, 0xF0, 0xF8, 0x1F, 0x81, 0xFF, 0x0F, 0x78, 0xF1, 0xE7, 0x07, 0x3B,
    0xB9, 0xDD, 0xCE, 0xEE, 0x70, 0x73, 0xC7, 0x8F, 0x78, 0x7F, 0xC0, 0xF8, 0x00, 0x7F, 0x1F, 0xC7,
    0x79, 0xDE, 0x7F, 0x1F, 0xC7, 0x39, 0xCE, 0x7F, 0x9F, 0xC0, 0x3F, 0x0F, 0xF1, 0xCF, 0x38, 0xE3,
    0xDC, 0xFB, 0x9C, 0x77, 0x9E, 0x7F, 0x87, 0xE0, 0x01, 0xE0, 0x3C, 0x0E, 0x01, 0xC1, 0xF8, 0x7F,
    0x1E, 0x43, 0x80, 0x77, 0x8E, 0xF1, 0xCE, 0x3D, 0xC7, 0xF8, 0x3F, 0x00, 0x71, 0xCE, 0x39, 0xC7,
    0x38, 0xE7, 0xFC, 0xFF, 0x9C, 0x73, 0x8E, 0x71, 0xCE, 0x38, 0x1C, 0x38, 0x00, 0x01, 0xC3, 0x87,
    0x0E, 0x1C, 0x38, 0x70, 0xE1, 0xC3, 0x9F, 0xFF, 0xFC, 0xF0, 0x71, 0xC7, 0x38, 0xF7, 0x0E, 0xE0,
    0xFC, 0x1F, 0x83, 0xF0, 0xEE, 0x39, 0xCF, 0x38, 0x07, 0x00, 0xE0, 0x1C, 0x03, 0x80, 0x70, 0x70,
    0x70, 0x70, 0x70, 0x70, 0x70, 0x70, 0x7F, 0x7F, 0x00, 0xE0, 0x1E, 0x01, 0xC0, 0x3C, 0x3F, 0xC7,
    0xFC, 0x7B, 0xC7, 0x3C, 0x71, 0xC7, 0x1C, 0x73, 0xC7, 0xBC, 0x7F, 0xC3, 0xFC, 0x03, 0xC0, 0x3C,
    0x03, 0xC0, 0x3C, 0x7C, 0xFE, 0xCF, 0x07, 0x07, 0x0F, 0x1E, 0x3C, 0x38, 0x38, 0xFE, 0xFE, 0x38,
    0x38, 0x3E, 0x3F, 0xBC, 0xDC, 0x0E, 0x07, 0x81, 0xE0, 0x78, 0x1C, 0x0E, 0x1F, 0xCF, 0xE1, 0xC0,
    0xE0, 0x03, 0xC0, 0x01, 0xE0, 0x00, 0xF0, 0x00, 0x78, 0x03, 0xFF, 0xF3, 0xFF, 0xF9, 0xEF, 0x1C,
    0xE7, 0x9C, 0x71, 0xDE, 0x38, 0xEE, 0x1C, 0xFE, 0x0F, 0xFF, 0x07, 0xFF, 0xF1, 0xEF, 0xF8, 0x03,
    0xC0, 0x00, 0xF0, 0x00, 0x3C, 0x00, 0x0F, 0x00, 0x3F, 0xFF, 0x9F, 0xFF, 0xE7, 0xBC, 0x71, 0xCF,
    0x38, 0x71, 0xDE, 0x1C, 0x7F, 0x87, 0x3F, 0xF1, 0xEF, 0x3E, 0x7F, 0xC3, 0x8F, 0x70, 0xE0, 0x00,
    0x38, 0x01, 0x9E, 0x00, 0x7F, 0x00, 0x1F, 0x80, 0x03, 0xC0, 0x00, 0x78, 0x00, 0x0F, 0x00, 0x01,
    0xE0, 0x03, 0xFF, 0xF0, 0xFF, 0xFE, 0x1E, 0xF1, 0xC3, 0x9E, 0x70, 0x71, 0xDE, 0x0E, 0x3B, 0xF9,
    0xCF, 0xFF, 0x39, 0xFF, 0x77, 0xFF, 0xFC, 0x7B, 0xFF, 0x80, 0x03, 0x00, 0x00, 0x40, 0x30, 0x00,
    0xC0, 0x07, 0xFF, 0xBF, 0xFE, 0x73, 0x99, 0xCF, 0x07, 0x1F, 0x1C, 0x3E, 0x70, 0x39, 0xE0, 0xE3,
    0xFF, 0x8F, 0xFC, 0x00, 0xE0, 0x1F, 0x31, 0xC3, 0x1C, 0x7F, 0xCF, 0xFC, 0x71, 0xC7, 0x1C, 0x71,
    0xC7, 0x1C, 0x71, 0xC7, 0xBC, 0x3F, 0xC3, 0xFC, 0x01, 0xC0, 0x3C, 0x07, 0x80, 0x78, 0x30, 0x00,
    0x60, 0x01, 0xF9, 0xF7, 0xF7, 0xE7, 0x1E, 0x4E, 0x38, 0x1C, 0x70, 0x38, 0xFE, 0x71, 0xFE, 0xF7,
    0xFC, 0xFF, 0xF9, 0xF3, 0xE0, 0x1E, 0x00, 0x3E, 0x00, 0x78, 0x00, 0x70, 0x00, 0xFF, 0xFC, 0xFF,
    0xFE, 0x7B, 0xDE, 0x73, 0xCE, 0x73, 0x8E, 0x73, 0x8E, 0x73, 0x8E, 0x73, 0x8E, 0x73, 0x8E, 0x73,
    0x8E, 0x00, 0x0E, 0x00, 0x0E, 0x00, 0x3E, 0x00, 0x3C, 0x70, 0x07, 0x00, 0x70, 0x07, 0x00, 0x73,
    0xE7, 0x7E, 0x77, 0x67, 0x70, 0x77, 0xC7, 0x1E, 0x70, 0xF7, 0xCF, 0x7F, 0xE7, 0xFC, 0x70, 0x0E,
    0x01, 0xC0, 0x38, 0x07, 0xFE, 0xFF, 0xDC, 0x73, 0x8E, 0x73, 0x8E, 0xE1, 0xDC, 0x3F, 0x07, 0xFE,
    0xFF, 0xC0, 0xDD, 0xB7, 0x6F, 0xF9, 0xFE, 0x77, 0x1D, 0xC0, 0x03, 0x76, 0xDD, 0xBF, 0xE7, 0xF9,
    0xDC, 0x77, 0x00, 0x7F, 0x9F, 0xE7, 0x19, 0xC6, 0x61, 0x80, 0x00, 0x00, 0x00, 0x7F, 0x9F, 0xE7,
    0x19, 0xC6, 0x71, 0x80, 0x70, 0xEF, 0x8E, 0x38, 0xE3, 0x8E, 0x38, 0xE3, 0x8E, 0x38, 0xE3, 0xDE,
    0x1F, 0xE1, 0xFE, 0x00, 0xE0, 0x0E, 0x00, 0xE0, 0x0E, 0x70, 0xE7, 0xC7, 0x0E, 0x38, 0x71, 0xC3,
    0x8E, 0x1C, 0x70, 0xE3, 0x87, 0xBC, 0x1F, 0xE0, 0xFF, 0x00, 0x38, 0x01, 0xC0, 0x0F, 0x80, 0x3C,
    0x60, 0xC1, 0xF3, 0xE6, 0xCD, 0x9B, 0x36, 0x00, 0x00, 0x00, 0x00, 0x00, 0x70, 0xC1, 0xF3, 0xE6,
    0xCD, 0x9B, 0x36, 0x00, 0x00, 0x00, 0x00, 0x00, 0x30, 0x33, 0x33, 0x33, 0x7E, 0x00, 0x00, 0x7B,
    0x98, 0xC6, 0x30, 0x00, 0x00, 0x00, 0x31, 0x8C, 0x67, 0x78, 0x00, 0x00, 0x00, 0x30, 0xC3, 0x0C,
    0x73, 0xC3, 0x8E, 0x00, 0x00, 0x00, 0x6D, 0xE7, 0x9E, 0x7D, 0xE0, 0x00, 0x00, 0x00, 0x00, 0xDD,
    0xB7, 0x67, 0xF9, 0xDC, 0x77, 0x1D, 0xC0, 0x00, 0x00, 0x00, 0x00, 0x00, 0x00, 0xCD, 0xD9, 0xE3,
    0xC3, 0x86, 0x1C, 0x70, 0x00, 0x00, 0x00, 0x77, 0x6E, 0xE0, 0x00, 0x00, 0x00, 0x00, 0x77, 0x77,
    0x6E, 0xEE, 0xEE, 0x00, 0x00, 0x00, 0x00, 0x00, 0x00, 0x00, 0x00, 0x77, 0x6E, 0xE0, 0x00, 0x00,
    0x00, 0x00, 0x77, 0x6E, 0xE0, 0x00, 0x00, 0x00, 0x00, 0xEE, 0x67, 0x70, 0x00, 0x00, 0x00, 0x00,
    0xCD, 0xE0, 0x00, 0x00, 0x00, 0x00, 0x7F, 0x30, 0x00, 0x00, 0x00, 0x00, 0xF7, 0xCE, 0xF6, 0x00,
    0x00, 0x00, 0x00, 0x00, 0x00, 0x7B, 0xAE, 0x1C, 0x30, 0x00, 0x00, 0x00, 0x00, 0x00, 0x00, 0x00,
    0x00, 0xDD, 0xC3, 0x80, 0x00, 0x00, 0x00, 0x00, 0x00, 0x00, 0x06, 0x1C, 0x7E, 0x00, 0x00, 0x00,
    0x00, 0x00, 0x00, 0x00, 0x21, 0x9C, 0xBD, 0x80, 0x00, 0x00, 0x00, 0x00, 0x00, 0x00, 0x8E, 0xD4,
    0xE2, 0x00, 0x00, 0x00, 0x00, 0x00, 0x00, 0x00, 0x3C, 0x7E, 0x67, 0x00, 0x00, 0x00, 0x00, 0x00,
    0x00, 0x00, 0x00, 0x00, 0x00, 0x00, 0x67, 0x7E, 0x3C, 0x00, 0x00, 0x00, 0x00, 0x00, 0x00, 0x00,
    0x00, 0x00, 0x00, 0x00, 0xFF, 0xFE, 0x00, 0x00, 0x00, 0x00, 0x01, 0xFF, 0xF8, 0x00, 0x00, 0x00,
    0x00, 0x00, 0x00, 0x00, 0x00, 0x00, 0x00, 0x39, 0xC6, 0x00, 0x00, 0x00, 0x00, 0x00, 0x00, 0x00,
    0x00, 0x00, 0x70, 0xE1, 0x80, 0x00, 0x00, 0x00, 0x00, 0x00, 0x00, 0x00, 0x00, 0xFF, 0xFE, 0x01,
    0xFF, 0xF8, 0x01, 0xC3, 0x86, 0x00, 0xE7, 0x18, 0x71, 0x00, 0x00, 0x00, 0x00, 0x23, 0x80, 0x71,
    0x00, 0x00, 0x00, 0x00, 0x00, 0x00, 0xC6, 0x6E, 0x00, 0x00, 0x66, 0x66, 0x00, 0x00, 0x23, 0x3C,
    0x00, 0x00, 0x00, 0xF3, 0x18, 0x00, 0x00, 0x00, 0x27, 0x98, 0x00, 0x00, 0x00, 0xF0, 0x00, 0x00,
    0x00, 0x66, 0x7E, 0x3C, 0x00, 0x00, 0x00, 0x00, 0x00, 0x00, 0x00, 0x00, 0x00, 0x00, 0x00, 0x07,
    0x70, 0x00, 0x00, 0x00, 0x00, 0x00, 0x79, 0xE5, 0x9E, 0x00, 0x00, 0x00, 0x00, 0x00, 0x00, 0x00,
    0x00, 0x00, 0x01, 0x98, 0xC7, 0x38, 0x7B, 0x7E, 0x7E, 0x00, 0x00, 0x00, 0x00, 0x00, 0x00, 0x00,
    0x00, 0x00, 0x00, 0x00, 0x3F, 0x3B, 0x1B, 0x00, 0x00, 0x00, 0x00, 0x00, 0x00, 0x00, 0x00, 0x00,
    0x00, 0x00, 0x00, 0x00, 0x10, 0x78, 0xF8, 0x1E, 0x0E, 0x00, 0x00, 0x00, 0x53, 0x9C, 0xA0, 0x00,
    0x00, 0x00, 0x00, 0x00, 0x00, 0xCD, 0xF9, 0xE3, 0xC3, 0x0F, 0x1E, 0x18, 0x00, 0x00, 0x00, 0x6D,
    0xB6, 0xDB, 0x00, 0x00, 0x7F, 0xFC, 0x7F, 0xFC, 0x00, 0x00, 0x00, 0xEC, 0xF1, 0xE3, 0xC7, 0x99,
    0x80, 0x00, 0x00, 0x00, 0x00, 0x7B, 0xEC, 0x38, 0x70, 0xC3, 0x0C, 0x00, 0x00, 0x00, 0x00, 0x7C,
    0x04, 0x04, 0x04, 0x04, 0x04, 0x04, 0x04, 0x04, 0x04, 0x04, 0x04, 0x00, 0x04, 0x04, 0x04, 0x7C,
    0x04, 0x04, 0x04, 0x04, 0x04, 0x04, 0x04, 0x04, 0x04, 0x04, 0x04, 0x04, 0x04, 0x7C, 0x04, 0x04,
    0x04, 0x04, 0x04, 0x04, 0x04, 0x04, 0x04, 0x04, 0x04, 0x04, 0x04, 0x04, 0x7C, 0x04, 0x04, 0x04,
    0x04, 0x04, 0x04, 0x04, 0x04, 0x04, 0x04, 0x04, 0x04, 0x04, 0x04, 0x04, 0x7C, 0x00, 0x00, 0x60,
    0x60, 0x60, 0x60, 0x60, 0x7C, 0x00, 0x00, 0x00, 0x60, 0x60, 0x60, 0x7C, 0x60, 0x60, 0x60, 0x00,
    0x00, 0x00, 0x67, 0x7E, 0x3C, 0xFF, 0x80, 0x3F, 0xE0, 0x00, 0x00, 0x00, 0x00, 0x00, 0x00, 0x00,
    0x00, 0x00, 0x00, 0x00, 0x00, 0x77, 0x77, 0x6E, 0xEE, 0xEE, 0x00, 0x00, 0x00, 0x00, 0x00, 0x00,
    0x00, 0x00, 0x6C, 0xD8, 0xE0, 0x80, 0x10, 0x71, 0xB3, 0x60, 0x00, 0xE7, 0x1C, 0x18, 0x00, 0x01,
    0x83, 0x8E, 0xE0, 0x00, 0x01, 0xE7, 0x9B, 0x78, 0x00, 0x70, 0xE1, 0x80, 0x00, 0x00, 0x00, 0x7E,
    0x3B, 0x86, 0xC0, 0x00, 0x00, 0x00, 0x00, 0x00, 0x3F, 0x3B, 0x1B, 0x00, 0x00, 0x00, 0x00, 0x00,
    0x00, 0x00, 0x7B, 0x7E, 0x7E, 0x73, 0x9C, 0x00, 0x00, 0x0E, 0x73, 0x80, 0x00, 0x00, 0xFE, 0x31,
    0x80, 0x00, 0x00, 0x00, 0x00, 0x00, 0xF8, 0xC6, 0x30, 0x00, 0x00, 0x00, 0x00, 0x00, 0x06, 0x31,
    0x8F, 0x80, 0x00, 0xC6, 0x3F, 0x80, 0x00, 0x43, 0xC3, 0xFF, 0x00, 0x00, 0x40, 0xC0, 0xFF, 0x00,
    0x00, 0x0C, 0x1C, 0x1F, 0xE7, 0x00, 0xC0, 0x00, 0xF0, 0x38, 0x0E, 0x00, 0x00, 0x00, 0x00, 0x00,
    0x00, 0x00, 0x00, 0x00, 0x00, 0x00, 0x00, 0x00, 0x39, 0xCE, 0x00, 0x00, 0x00, 0x00, 0x00, 0x00,
    0x00, 0x00, 0x00, 0x3C, 0x7E, 0x66, 0x00, 0x00, 0x00, 0x00, 0x00, 0x00, 0x00, 0x00, 0x00, 0x00,
    0x00, 0x76, 0x7F, 0x37, 0x00, 0x00, 0x00, 0x00, 0x00, 0x00, 0x00, 0x00, 0x00, 0x00, 0x00, 0x00,
    0x00, 0x03, 0xFF, 0xC0, 0x00, 0x00, 0x00, 0x00, 0x00, 0x00, 0x00, 0x00, 0x00, 0xFF, 0xFF, 0x00,
    0x00, 0x00, 0x00, 0x00, 0x00, 0x00, 0x00, 0x00, 0x00, 0x00, 0x00, 0x00, 0x66, 0x7E, 0x3C, 0x00,
    0x00, 0x00, 0x00, 0x00, 0x00, 0x00, 0x00, 0x00, 0x00, 0x00, 0x07, 0x70, 0x00, 0x00, 0x00, 0x00,
    0x00, 0x03, 0xFD, 0xC0, 0x00, 0x00, 0x00, 0x00, 0x00, 0x00, 0x00, 0x00, 0xF0, 0xE1, 0xC3, 0x00,
    0x00, 0x00, 0x00, 0x00, 0x00, 0x00, 0x00, 0x00, 0x00, 0x00, 0x79, 0xE7, 0x9E, 0x00, 0x00, 0x00,
    0x00, 0x00, 0x00, 0x00, 0x00, 0x00, 0x3F, 0x7E, 0xEC, 0x00, 0x00, 0x00, 0x00, 0x00, 0x00, 0x00,
    0x00, 0x00, 0x00, 0x00, 0x67, 0x7E, 0x3C, 0x00, 0x00, 0x00, 0x00, 0x00, 0x00, 0x00, 0x00, 0x00,
    0x00, 0x00, 0xFC, 0x00, 0x00, 0x00, 0xFF, 0xFF, 0xC0, 0x00, 0x00, 0x00, 0x00, 0x00, 0x00, 0x00,
    0x00, 0xFC, 0x1F, 0x83, 0x60, 0x00, 0x00, 0x00, 0x00, 0x00, 0x00, 0x00, 0x00, 0x00, 0x00, 0x00,
    0x00, 0x00, 0x00, 0x00, 0x31, 0x7B, 0x33, 0xC0, 0x00, 0x00, 0x00, 0x00, 0x00, 0x00, 0x00, 0x00,
    0x00, 0x00, 0x3C, 0x7E, 0x66, 0x00, 0x00, 0x00, 0x00, 0x00, 0x00, 0x00, 0x00, 0x00, 0x00, 0x00,
    0x77, 0x76, 0xE0, 0x00, 0x00, 0x00, 0x00, 0x77, 0x6E, 0xE0, 0x00, 0x00, 0x00, 0x00, 0xEE, 0x67,
    0x70, 0x00, 0x00, 0x00, 0x00, 0x77, 0x6E, 0xE0, 0x00, 0x00, 0x00, 0x00, 0x07, 0x9C, 0x70, 0x01,
    0xDD, 0xC0, 0x03, 0xF3, 0x0C, 0xFC, 0xF8, 0xC6, 0x30, 0x00, 0x00, 0x00, 0x00, 0x00, 0x00, 0x00,
    0x00, 0x7B, 0xBD, 0xC0, 0x00, 0x00, 0x00, 0x00, 0x00, 0x00, 0x66, 0x66, 0x06, 0x6F, 0x00, 0x0F,
    0x66, 0x00, 0x06, 0xF6, 0x00, 0xF0, 0x33, 0x3F, 0xE0, 0xCC, 0xCF, 0x70, 0x00, 0x03, 0x87, 0x00,
    0x00, 0x0F, 0xF7, 0x79, 0xE7, 0x9E, 0x00, 0x07, 0x6E, 0x06, 0x77, 0xF4, 0x06, 0xEE, 0xF7, 0x3F,
    0x03, 0xFC, 0xE1, 0x00, 0x00, 0x5A, 0x7E, 0x66, 0x7E, 0x3C, 0x00, 0x3C, 0x7E, 0x66, 0x00, 0x66,
    0x7E, 0x3C, 0x00, 0x3C, 0x7E, 0x66, 0x00, 0x7F, 0x7E, 0xFE, 0x03, 0xFF, 0xC0, 0x00, 0x00, 0x07,
    0xF8, 0x00, 0x00, 0xFF, 0x00, 0xFF, 0x00, 0x7F, 0x7E, 0xFE, 0x00, 0x00, 0x00, 0x00, 0x00, 0xFF,
    0xFF, 0x00, 0x00, 0x00, 0x00, 0x00, 0x01, 0xFF, 0xE7, 0xFF, 0x80, 0x00, 0x00, 0x00, 0x00, 0x00,
    0x00, 0x00, 0x00, 0x38, 0xF7, 0x8E, 0x00, 0x00, 0x00, 0x02, 0x06, 0x06, 0x0E, 0x0C, 0x0C, 0x1C,
    0x18, 0x18, 0x30, 0x30, 0x30, 0x60, 0x60, 0xE0, 0x66, 0x66, 0x02, 0x18, 0x7F, 0x00, 0x7E, 0x42,
    0x42, 0x7E, 0x00, 0x7E, 0x5A, 0xF6, 0xF9, 0x00, 0x00, 0x00, 0x00, 0x00, 0x66, 0x66, 0x60, 0x00,
    0x00, 0x00, 0x00, 0x00, 0xFF, 0x00, 0xFF, 0x00, 0x00, 0x00, 0x00, 0x00, 0x00, 0x00, 0x00, 0x00,
    0x00, 0x00, 0x00, 0x00, 0x00, 0xF3, 0x8E, 0x00, 0x00, 0x00, 0x00, 0x00, 0x00, 0x00, 0x39, 0xCE,
    0x00, 0x00, 0x00, 0x00, 0x00, 0x00, 0x00, 0x00, 0x00, 0x7F, 0x7E, 0xFE, 0x00, 0x00, 0x00, 0x00,
    0x00, 0x00, 0x00, 0x00, 0x00, 0x00, 0x00, 0x0E, 0xF7, 0x60, 0x00, 0x00, 0x00, 0x00, 0x00, 0x1E,
    0x3F, 0x6F, 0xD8, 0x00, 0x00, 0x00, 0x00, 0x00, 0x00, 0x00, 0x00, 0x00, 0x00, 0x00, 0x00, 0x00,
    0x00, 0x0E, 0xEF, 0xFF, 0xC3, 0xC3, 0x00, 0x00, 0x00, 0x00, 0x00, 0x00, 0x00, 0x00, 0x00, 0x00,
    0x00, 0x00, 0xFF, 0x00, 0xFF, 0x00, 0x03, 0xFF, 0xFF, 0x0F, 0x33, 0x00, 0x08, 0x7E, 0x7E, 0x10,
    0x00, 0x00, 0x00, 0x00, 0x00, 0x00, 0x00, 0x00, 0x00, 0x00, 0x18, 0x18, 0x00, 0x7E, 0x78, 0x18,
    0x18, 0x00, 0x00, 0x00, 0x00, 0x00, 0x00, 0x00, 0x00, 0x00, 0x00, 0x03, 0xFF, 0xFF, 0xFC, 0x00,
    0x00, 0x00, 0x00, 0x00, 0x00, 0x00, 0x00, 0x01, 0x2F, 0xDE, 0x00, 0x06, 0x66, 0x40, 0x0B, 0x00,
    0x3C, 0x30, 0xC0, 0x00, 0x00, 0x03, 0x00, 0x3C, 0x00, 0xF0, 0x03, 0x00, 0x00, 0x00, 0x04, 0x00,
    0xB0, 0x03, 0xC0, 0x0C, 0xC6, 0x6C, 0x00, 0x00, 0x00, 0x00, 0x00, 0x00, 0x7B, 0x70, 0x00, 0x00,
    0x00, 0x00, 0x3C, 0xFD, 0x68, 0xC0, 0x00, 0x00, 0x00, 0x00, 0x00, 0x00, 0x00, 0x00, 0x00, 0x00,
    0x0F, 0x67, 0x3E, 0xE3, 0xC6, 0x6C, 0x44, 0x7E, 0x7E, 0x4A, 0xDB, 0x60, 0x00, 0x00, 0x00, 0x00,
    0x01, 0xCE, 0x00, 0x00, 0x00, 0x00, 0x00, 0x00, 0x00, 0x06, 0xF6, 0x60, 0x7E, 0xDA, 0xDA, 0x7E,
    0x0C, 0xF3, 0x20, 0x00, 0x00, 0x00, 0x00, 0x00, 0x60, 0x19, 0xE1, 0xE3, 0xFF, 0x07, 0xF8, 0x60,
    0x19, 0xE1, 0xE3, 0xFF, 0x07, 0xF8, 0x00, 0x00, 0x00, 0x00, 0x00, 0x00, 0x00, 0x00, 0x00, 0x00,
    0x00, 0x00, 0x00, 0x00, 0x00, 0x00, 0x00, 0x00, 0x00, 0x00, 0xFF, 0xC0, 0x00, 0x00, 0x00, 0x00,
    0x00, 0x00, 0x00, 0x00, 0x00, 0x00, 0x00, 0x00, 0x00, 0x00, 0x3F, 0xF0, 0x00, 0x7F, 0x9D, 0xFF,
    0xEE, 0x7F, 0x80, 0x00, 0x00, 0x00, 0x00, 0x00, 0x00, 0x00, 0x00, 0x00, 0x00, 0x00, 0x00, 0x00,
    0x00, 0x00, 0x00, 0x00, 0x00, 0x00, 0x00, 0x00, 0x7F, 0x83, 0xFF, 0x1E, 0x1E, 0xE0, 0x1C, 0x00,
    0x00, 0x00, 0x00, 0x00, 0x00, 0x00, 0x00, 0x00, 0x00, 0x00, 0x00, 0x00, 0x00, 0x00, 0x00, 0x00,
    0x00, 0x00, 0x00, 0x00, 0x00, 0x00, 0x00, 0x67, 0xFF, 0xC0, 0x06, 0x00, 0x00, 0x73, 0xFF, 0xF0,
    0x00, 0x00, 0x00, 0x00, 0x00, 0x03, 0xBD, 0x87, 0x00, 0x00, 0x00, 0x00, 0x00, 0x00, 0x00, 0xFF,
    0xC0, 0x00, 0x00, 0x76, 0xB4, 0xE0, 0x00, 0x00, 0x00, 0x00, 0x00, 0x00, 0x00, 0x06, 0xB5, 0xAF,
    0x00, 0x00, 0x00, 0x00, 0x00, 0x00, 0x00, 0x7C, 0xC7, 0x00, 0x00, 0x00, 0x00, 0x00, 0x00, 0x11,
    0xFF, 0xFF, 0x00, 0x00, 0x00, 0x00, 0x00, 0x00, 0xC7, 0xB5, 0xAD, 0x00, 0x00, 0x00, 0x00, 0x00,
    0x00, 0x00, 0xFD, 0xEF, 0xDF, 0xB0, 0x00, 0x00, 0x00, 0x00, 0x00, 0x00, 0x00, 0x00, 0x00, 0x00,
    0xFA, 0x40, 0x00, 0x00, 0x00, 0x00, 0x06, 0x76, 0x67, 0x00, 0x00, 0x00, 0x00, 0x00, 0x00, 0xD7,
    0x9C, 0xC0, 0x00, 0x00, 0x00, 0x00, 0x00, 0x00, 0x00, 0xF3, 0x9D, 0xE0, 0x00, 0x00, 0x00, 0x00,
    0x00, 0x00, 0x00, 0x3C, 0xF1, 0xFF, 0xEE, 0x79, 0xC0, 0x00, 0x00, 0x00, 0x00, 0x00, 0x00, 0x00,
    0x00, 0x00, 0x00, 0x00, 0x00, 0x00, 0x00, 0x00, 0x00, 0x00, 0x00, 0x00, 0x0F, 0x0E, 0xF7, 0xEF,
    0x70, 0xF0, 0x00, 0x00, 0x00, 0x00, 0x00, 0x00, 0x00, 0x00, 0x00, 0x00, 0x00, 0x00, 0x00, 0x00,
    0x00, 0x00, 0x00, 0x7F, 0x9F, 0xE6, 0xD9, 0xFE, 0x00, 0x00, 0x00, 0x00, 0x00, 0x00, 0x00, 0x00,
    0x00, 0x00, 0x00, 0x00, 0x00, 0x00, 0x30, 0xC7, 0x9E, 0x30, 0x00, 0x00, 0x00, 0x00, 0x00, 0x00,
    0x00, 0x00, 0x00, 0xC3, 0x00, 0xFF, 0x70, 0x00, 0x00, 0x00, 0x00, 0x00, 0x00, 0x00, 0x00, 0x00,
    0x1D, 0xE7, 0x39, 0xCE, 0x52, 0x80, 0x00, 0x00, 0x00, 0x00, 0x00, 0x38, 0xF1, 0xC6, 0xDF, 0xB6,
    0x67, 0x9E, 0x60, 0x00, 0x00, 0x0E, 0xE6, 0x70, 0x03, 0x6D, 0xBF, 0xEC, 0x30, 0x06, 0x01, 0x80,
    0x30, 0x0C, 0x00, 0x30, 0x0C, 0x06, 0x03, 0x80, 0x60, 0x00, 0xC3, 0xC3, 0xC3, 0xC3, 0x00, 0x00,
    0x00, 0x00, 0x00, 0x00, 0x00, 0x00, 0x00, 0x00, 0x00, 0x78, 0x79, 0x61, 0xE5, 0x87, 0x9E, 0x1E,
    0x00, 0x00, 0x00, 0x00, 0x00, 0x00, 0x00, 0x00, 0x00, 0x00, 0x00, 0x00, 0x00, 0x00, 0x00, 0x00,
    0x00, 0x00, 0x00, 0x00, 0xC3, 0xC3, 0xC3, 0xC3, 0x60, 0x06, 0xC0, 0x03, 0xC0, 0x03, 0x60, 0x06,
    0x00, 0x00, 0x00, 0x00, 0x00, 0x5A, 0x7E, 0x7E, 0x3C, 0x00, 0x3C, 0x7E, 0x7E, 0x5A, 0x1E, 0x07,
    0x83, 0xE0, 0xFC, 0x37, 0x1C, 0xC7, 0xF9, 0xFE, 0xE3, 0xB8, 0x70, 0x0F, 0xF0, 0xFF, 0x87, 0xE0,
    0x77, 0x03, 0xBF, 0x19, 0xF9, 0xFE, 0x0F, 0xF0, 0xE3, 0xF7, 0x1F, 0x80, 0x7E, 0x78, 0xFF, 0xF9,
    0x9F, 0x78, 0x1C, 0xFF, 0xFF, 0xDF, 0xFF, 0x18, 0xE0, 0x3B, 0xEC, 0x7F, 0xFC, 0x7D, 0xF0, 0x7F,
    0x0F, 0xE1, 0xDE, 0x3B, 0xCF, 0xFD, 0xFF, 0x9C, 0xE3, 0x9C, 0x7F, 0x8F, 0xE0, 0x1F, 0x1F, 0x9E,
    0xCE, 0x07, 0x03, 0x81, 0xC0, 0xF6, 0x7F, 0x1F, 0x80, 0x7E, 0x1F, 0xC7, 0x79, 0xCE, 0x71, 0xDC,
    0x67, 0x39, 0xDE, 0x7F, 0x1F, 0x80, 0x7E, 0x1F, 0xC7, 0x79, 0xCE, 0xF9, 0xBE, 0x67, 0x39, 0xDE,
    0x7F, 0x1F, 0x80, 0x7E, 0x7E, 0x70, 0x70, 0x7E, 0x7E, 0x70, 0x70, 0x7E, 0x7E, 0x7E, 0x7F, 0xB1,
    0xE0, 0xE3, 0xF1, 0xF0, 0x1C, 0xCE, 0x7F, 0x3F, 0x00, 0x73, 0x9C, 0xE7, 0x39, 0xCE, 0x73, 0x80,
    0x07, 0x38, 0x38, 0xE3, 0x8E, 0x38, 0xE3, 0x8E, 0xFB, 0xC0, 0x73, 0x9D, 0xC7, 0x71, 0xF8, 0x7E,
    0x1F, 0x87, 0xF1, 0xDC, 0x73, 0x9C, 0xE0, 0x70, 0x70, 0x70, 0x7C, 0x78, 0xF0, 0xF0, 0x70, 0x7F,
    0x7F, 0x78, 0xF3, 0xC7, 0x9F, 0x3C, 0xFB, 0xE7, 0xDF, 0x3E, 0xD9, 0xFE, 0xCE, 0xF6, 0x77, 0x33,
    0xB9, 0x80, 0x71, 0xCE, 0x79, 0xCF, 0x3B, 0xE7, 0x6C, 0xFD, 0x9F, 0x33, 0xE6, 0x78, 0xCF, 0x18,
    0x1F, 0x07, 0xF1, 0xEF, 0x38, 0xE7, 0x1C, 0xE3, 0x9C, 0x73, 0xDE, 0x3F, 0x83, 0xE0, 0x7C, 0x3F,
    0x13, 0x80, 0xE0, 0x70, 0x38, 0x1C, 0x9C, 0x7E, 0x3E, 0x00, 0x00, 0x03, 0xF8, 0x7F, 0xCF, 0x1E,
    0xE0, 0xEE, 0x0E, 0xF1, 0xE7, 0xFC, 0x3F, 0x80, 0x00, 0x03, 0xF8, 0x7F, 0xC7, 0x1E, 0x60, 0xE6,
    0x0E, 0x60, 0xE6, 0x06, 0x00, 0x00, 0x3F, 0x8F, 0xFC, 0x79, 0xE7, 0xCE, 0xEE, 0x66, 0x7E, 0x7B,
    0xE3, 0xFE, 0x1F, 0xA0, 0x7E, 0x78, 0x7F, 0xFC, 0x67, 0xDE, 0x03, 0xCE, 0xFF, 0x8E, 0xFF, 0x8E,
    0x63, 0xCE, 0x77, 0xDE, 0x7F, 0xFE, 0x3E, 0x78, 0x73, 0x9C, 0xE7, 0x38, 0xFC, 0x7F, 0x9C, 0xE6,
    0x39, 0xCE, 0x7F, 0x8F, 0xC0, 0x1F, 0x0F, 0xE7, 0xB9, 0xCF, 0x71, 0xC0, 0x00, 0x00, 0x00, 0x00,
    0x00, 0x00, 0x71, 0xDC, 0xF7, 0xB8, 0xFE, 0x1F, 0x00, 0x7E, 0x3F, 0x9D, 0xCE, 0xE7, 0x73, 0xF9,
    0xF8, 0xE0, 0x70, 0x38, 0x00, 0x3F, 0x3F, 0x9D, 0xCE, 0xE7, 0xF1, 0xF8, 0xFC, 0xEE, 0x77, 0x73,
    0x80, 0xE7, 0x3B, 0x9D, 0xC7, 0xE3, 0xF3, 0xF9, 0xDC, 0xEE, 0x7F, 0x1F, 0x80, 0xFF, 0xFF, 0x1C,
    0x1C, 0x1C, 0x1C, 0x1C, 0x1C, 0x1C, 0x1C, 0x71, 0xCE, 0x39, 0xC7, 0x38, 0xE7, 0x1C, 0xE3, 0x9C,
    0x73, 0x9C, 0x3F, 0x83, 0xE0, 0x00, 0x1F, 0xFF, 0xFF, 0x80, 0xE0, 0x0E, 0x01, 0xC0, 0x7F, 0xFE,
    0xFF, 0xC0, 0x00, 0x00, 0x00, 0x1F, 0xFB, 0xBF, 0xF7, 0x00, 0xE0, 0x00, 0xC0, 0x01, 0xB8, 0x07,
    0x77, 0xFE, 0x0F, 0xF8, 0x00, 0x00, 0x00, 0x1F, 0xFF, 0xFF, 0x80, 0xE0, 0x0E, 0x01, 0xFF, 0xFF,
    0xFE, 0x01, 0xC0, 0x1C, 0x03, 0x80, 0xFF, 0xFF, 0xFF, 0x80, 0xE3, 0xB8, 0xE7, 0x39, 0xDC, 0x77,
    0x0D, 0xC3, 0xE0, 0xF8, 0x1E, 0x07, 0x00, 0xE7, 0x9F, 0x9E, 0x77, 0x79, 0x9D, 0xEE, 0x77, 0xF9,
    0xFF, 0xE3, 0xEF, 0x0F, 0x3C, 0x3C, 0xF0, 0xF3, 0xC0, 0xFF, 0xFF, 0x0E, 0x1C, 0x1C, 0x38, 0x38,
    0x70, 0xFF, 0xFF, 0x7E, 0x7E, 0x1C, 0x38, 0x3C, 0x3E, 0x07, 0x07, 0xFE, 0xFC, 0x7C, 0xFE, 0x6F,
    0x07, 0x07, 0x1E, 0x1C, 0x3C, 0x78, 0xF0, 0xE0, 0xF6, 0x7F, 0x3E, 0x3C, 0x3F, 0x1F, 0xCF, 0xE7,
    0xE1, 0xF0, 0x70, 0x7C, 0xFF, 0xF3, 0x80, 0x7F, 0x7F, 0x70, 0x70, 0x70, 0x70, 0x70, 0x70, 0x70,
    0x70, 0x1C, 0x0E, 0x0F, 0x87, 0xC3, 0x63, 0xB9, 0xDC, 0xC6, 0xE3, 0xF1, 0xC0, 0x7F, 0x9F, 0xE7,
    0x39, 0xC6, 0x71, 0x9C, 0x67, 0x19, 0xC6, 0x71, 0x9C, 0x60, 0x7E, 0x3F, 0x9D, 0xCE, 0xE7, 0x73,
    0xF9, 0xF8, 0xE0, 0x70, 0x38, 0x00, 0x67, 0x76, 0x77, 0x67, 0x76, 0x77, 0x77, 0x77, 0xFE, 0x3F,
    0xC0, 0x70, 0x07, 0x00, 0x70, 0x3F, 0x8F, 0xE3, 0xB8, 0xEE, 0x3B, 0x8C, 0xE3, 0x39, 0xCE, 0xF3,
    0xB8, 0xE0, 0x38, 0x38, 0x3C, 0x6C, 0x6C, 0x7E, 0xFE, 0xC6, 0x00, 0x00, 0x00, 0x00, 0x00, 0x0F,
    0xE3, 0xF8, 0x6C, 0x0D, 0xE3, 0x30, 0x7E, 0x1D, 0xF3, 0x1F, 0x00, 0x00, 0x00, 0x00, 0x00, 0x00,
    0x00, 0x7C, 0xFD, 0xBB, 0xE6, 0xEC, 0xDF, 0xBE, 0x00, 0x00, 0x00, 0x00, 0x00, 0x7C, 0x7E, 0x6E,
    0xFE, 0x6E, 0x66, 0x7E, 0x7C, 0x00, 0x00, 0x00, 0x00, 0x00, 0x7C, 0x7E, 0x66, 0x66, 0x66, 0x66,
    0x7E, 0x7C, 0x00, 0x00, 0x00, 0x00, 0x00, 0x7D, 0xE6, 0x1E, 0x61, 0x87, 0x9F, 0x00, 0x00, 0x00,
    0x00, 0xF9, 0xE1, 0x9E, 0x18, 0x67, 0xBE, 0x00, 0x00, 0x00, 0x00, 0x3E, 0x7E, 0x60, 0xE0, 0xEE,
    0x66, 0x7E, 0x3E, 0x00, 0x00, 0x00, 0x00, 0x00, 0x66, 0x66, 0x66, 0x7E, 0x66, 0x66, 0x66, 0x66,
    0x00, 0x00, 0x00, 0x00, 0x00, 0xF6, 0x66, 0x66, 0x6F, 0x00, 0x00, 0x00, 0x31, 0x8C, 0x63, 0x18,
    0xC6, 0x77, 0x00, 0x00, 0x00, 0x66, 0x6C, 0x7C, 0x78, 0x78, 0x6C, 0x6E, 0x66, 0x00, 0x00, 0x00,
    0x00, 0x00, 0x61, 0x86, 0x18, 0x61, 0x87, 0x9F, 0x00, 0x00, 0x00, 0x00, 0x71, 0xDC, 0xF7, 0x3D,
    0xEF, 0x7F, 0xDF, 0xB6, 0xED, 0xB3, 0x00, 0x00, 0x00, 0x00, 0x00, 0x00, 0x00, 0x73, 0x39, 0x9E,
    0xCF, 0x67, 0xF3, 0x79, 0x9C, 0xCE, 0x00, 0x00, 0x00, 0x00, 0x00, 0x00, 0x67, 0x33, 0x9B, 0xCF,
    0xE7, 0xB3, 0xD9, 0xCC, 0xE6, 0x00, 0x00, 0x00, 0x00, 0x00, 0x00, 0x3E, 0x7E, 0x63, 0xE3, 0xE3,
    0x63, 0x7E, 0x3E, 0x00, 0x00, 0x00, 0x00, 0x00, 0x67, 0x66, 0x66, 0x7E, 0x7F, 0xE3, 0x7F, 0x7E,
    0x00, 0x00, 0x00, 0x00, 0x00, 0x7C, 0xF9, 0xB3, 0x67, 0xCF, 0x18, 0x30, 0x00, 0x00, 0x00, 0x00,
    0x00, 0x7C, 0x7C, 0x6E, 0x6C, 0x7C, 0x7C, 0x6C, 0x66, 0x00, 0x00, 0x00, 0x00, 0x00, 0xFD, 0xE3,
    0x0C, 0x30, 0xC3, 0x0C, 0x00, 0x00, 0x00, 0x00, 0x66, 0x66, 0x66, 0x66, 0x66, 0x66, 0x7E, 0x3C,
    0x00, 0x00, 0x00, 0x00, 0x00, 0xCC, 0xF9, 0xDB, 0x3B, 0x3F, 0x67, 0xFC, 0xF7, 0x1E, 0xE1, 0x9C,
    0x00, 0x00, 0x00, 0x00, 0x00, 0x00, 0x00, 0x79, 0xF1, 0xDF, 0xFD, 0xF0, 0x00, 0x00, 0x00, 0x00,
    0x7C, 0xF9, 0xF3, 0xE7, 0x8F, 0x00, 0x00, 0x00, 0x00, 0x00, 0x7C, 0xFB, 0x36, 0x67, 0xEF, 0xC0,
    0x00, 0x00, 0x00, 0x00, 0x7B, 0x9F, 0xF7, 0xFB, 0xFE, 0xFF, 0x1F, 0xE0, 0x00, 0x00, 0x00, 0x00,
    0x00, 0x00, 0x60, 0xC1, 0xF3, 0xE6, 0xED, 0xDF, 0x3E, 0x00, 0x00, 0x00, 0x00, 0x00, 0x0C, 0x19,
    0xF3, 0xEC, 0xD9, 0xBF, 0x3E, 0x00, 0x00, 0x00, 0x00, 0x00, 0x79, 0xFF, 0xFF, 0x79, 0xF0, 0x00,
    0x00, 0x00, 0x00, 0x79, 0xF7, 0xFF, 0xFD, 0xE0, 0x00, 0x00, 0x00, 0x00, 0x79, 0xE7, 0x1E, 0xF9,
    0xF0, 0x00, 0x00, 0x00, 0x00, 0xFB, 0xF3, 0xDE, 0x7B, 0xE0, 0x00, 0x00, 0x00, 0x00, 0x7C, 0xFB,
    0x36, 0x6F, 0xCF, 0x9F, 0x3C, 0x00, 0x00, 0x00, 0x6D, 0xB6, 0xC3, 0x00, 0x00, 0x60, 0xC1, 0xB3,
    0xC7, 0x8F, 0x1B, 0x37, 0x00, 0x00, 0x00, 0x00, 0x00, 0x7F, 0x9F, 0xF6, 0xCD, 0xB3, 0x6C, 0xDB,
    0x30, 0x00, 0x00, 0x00, 0x00, 0x00, 0x00, 0x7C, 0xF9, 0xB3, 0x66, 0xCD, 0x83, 0x0E, 0x00, 0x00,
    0x00, 0x78, 0xFB, 0x36, 0x67, 0xCF, 0x00, 0x00, 0x00, 0x00, 0x00, 0xF1, 0xE1, 0x86, 0xFB, 0xC0,
    0x00, 0x00, 0x00, 0x00, 0x78, 0xFB, 0x30, 0x00, 0x00, 0x00, 0x00, 0x00, 0x00, 0x00, 0xCC, 0xF9,
    0xE0, 0x00, 0x00, 0x00, 0x00, 0x7C, 0xF9, 0xBB, 0x77, 0xCF, 0x98, 0x30, 0x00, 0x00, 0x00, 0x67,
    0x98, 0xC6, 0x39, 0xC0, 0x00, 0x00, 0x00, 0x6C, 0xD9, 0xB3, 0x66, 0xCF, 0x80, 0x00, 0x00, 0x00,
    0x00, 0x01, 0xFC, 0x38, 0x37, 0xFF, 0xC0, 0x00, 0x00, 0x00, 0x00, 0x6C, 0xDB, 0x36, 0xCD, 0xB3,
    0x7F, 0xDF, 0xF0, 0x00, 0x00, 0x00, 0x00, 0x00, 0x00, 0xCD, 0x99, 0xE3, 0xC7, 0x86, 0x00, 0x00,
    0x00, 0x00, 0x00, 0x71, 0xE7, 0x9C, 0x7B, 0x70, 0x00, 0x00, 0x00, 0x00, 0x7C, 0xF9, 0xB3, 0xC6,
    0xCD, 0xDF, 0x3E, 0x60, 0xC0, 0x00, 0x00, 0x00, 0xCF, 0x36, 0xDE, 0x78, 0xC3, 0x0C, 0x00, 0x00,
    0x00, 0x3C, 0xF9, 0xC3, 0xCE, 0xD9, 0xBF, 0x3C, 0x00, 0x00, 0x00, 0x00, 0x00, 0x18, 0x0C, 0x1F,
    0x8F, 0xEF, 0xB7, 0xD9, 0xFC, 0x7C, 0x18, 0x0C, 0x00, 0x00, 0x00, 0x00, 0xE7, 0xD8, 0xF1, 0xC3,
    0x87, 0x1B, 0xE7, 0x00, 0x00, 0x00, 0x61, 0xB6, 0xDB, 0x7B, 0x98, 0xC6, 0x30, 0x6C, 0xD9, 0xB3,
    0x66, 0xCF, 0x80, 0xCD, 0x99, 0xE3, 0xC7, 0x86, 0x00, 0x7C, 0xF9, 0xB3, 0xC6, 0xCD, 0xDB, 0x3E,
    0x60, 0xC0, 0xCF, 0x36, 0xDE, 0x78, 0xC3, 0x0C, 0x78, 0xFB, 0xB7, 0x6E, 0xDF, 0x38, 0x70, 0x18,
    0x0C, 0x1F, 0x8F, 0xEF, 0xB7, 0xD9, 0xFC, 0x7C, 0x18, 0x0C, 0x00, 0xE6, 0xD8, 0xF1, 0xC3, 0x87,
    0x1B, 0x67, 0x71, 0xFC, 0x71, 0xFE, 0x71, 0xEE, 0x71, 0xC6, 0x71, 0xFF, 0x71, 0xFF, 0x71, 0xC0,
    0x7B, 0xE6, 0x3F, 0xFE, 0x1F, 0x7E, 0x1C, 0x03, 0xF8, 0x1F, 0xC0, 0xFE, 0x01, 0xFC, 0x0F, 0xF0,
    0x7B, 0xC3, 0x8E, 0x1C, 0x70, 0xE3, 0x87, 0x1C, 0x3D, 0xE1, 0xFE, 0x0F, 0xE0, 0x03, 0xC0, 0x7F,
    0x0F, 0xF0, 0xFE, 0x3F, 0xC7, 0xFC, 0x7B, 0xC7, 0x3C, 0x71, 0xC7, 0x1C, 0x73, 0xC7, 0xBC, 0x7F,
    0xC3, 0xDC, 0x0F, 0x0F, 0x87, 0x03, 0x83, 0xF3, 0xF8, 0x70, 0x38, 0x7F, 0x3F, 0x97, 0x83, 0x81,
    0xC0, 0xE0, 0x3F, 0xDE, 0x07, 0xFF, 0xE0, 0xF7, 0xDE, 0x1E, 0x73, 0xC3, 0xFE, 0x3E, 0xFF, 0xFF,
    0x9F, 0x3F, 0xF1, 0xE7, 0x1C, 0x3C, 0xE3, 0x87, 0x9C, 0x70, 0x3F, 0xC1, 0xFF, 0x0F, 0x78, 0x71,
    0xC7, 0xEF, 0xBF, 0xFF, 0xE7, 0xC7, 0x1C, 0x38, 0xE1, 0xC7, 0x00, 0x1F, 0xC0, 0xFF, 0x07, 0xBC,
    0x38, 0xE1, 0xC7, 0x0E, 0x38, 0x71, 0xC3, 0xDE, 0x1F, 0xE0, 0xFE, 0x0F, 0x40, 0xFE, 0x07, 0xF0,
    0x0E, 0x00, 0x00, 0x1D, 0xCF, 0xE7, 0xC3, 0xC3, 0xFB, 0xFD, 0xFC, 0x3C, 0x1E, 0x0F, 0x00, 0x0F,
    0x1F, 0x1C, 0x3C, 0x7F, 0xFF, 0xFE, 0x3C, 0x3C, 0x3C, 0x1F, 0x8F, 0xE3, 0x90, 0xF0, 0x7F, 0xDF,
    0xF0, 0x38, 0xCE, 0x3F, 0x8F, 0xC0, 0x1C, 0x1C, 0x3F, 0x7F, 0x1C, 0x7F, 0x7F, 0xDE, 0x1C, 0x1D,
    0x1F, 0x0F, 0x7F, 0x3F, 0x83, 0x81, 0xC7, 0xDF, 0xFB, 0xFC, 0xE0, 0x7F, 0x7F, 0x80, 0x00, 0x03,
    0xF0, 0xFE, 0x3C, 0x47, 0x00, 0xFE, 0x1F, 0xE3, 0xDE, 0x71, 0xCE, 0x39, 0xC7, 0x38, 0xE7, 0xBC,
    0xFF, 0x1F, 0xC0, 0x6E, 0xDD, 0xFB, 0xF6, 0xED, 0xC0, 0x00, 0x00, 0x00, 0x00, 0xFF, 0xFF, 0x83,
    0xC3, 0x83, 0xC0, 0xF0, 0xFC, 0xFF, 0xE3, 0xF1, 0xF8, 0xFE, 0xF7, 0xF1, 0xF0, 0x00, 0xFC, 0x00,
    0x3E, 0x03, 0x0F, 0x00, 0xC3, 0xC0, 0x7E, 0xFF, 0x3F, 0xBF, 0xC7, 0x1F, 0x79, 0xCF, 0x8E, 0x73,
    0xE3, 0x9D, 0xB8, 0xE7, 0xCE, 0x39, 0xF3, 0x8E, 0x7E, 0xE3, 0x8F, 0xB8, 0xE6, 0x00, 0x01, 0x80,
    0x00, 0xFD, 0xE3, 0x8E, 0xFF, 0xF3, 0x8E, 0x7B, 0xF0, 0x70, 0xE1, 0xC3, 0x8F, 0xDF, 0x9C, 0x38,
    0x7C, 0x78, 0x7F, 0x0F, 0xF1, 0xEF, 0x38, 0xEF, 0xFF, 0xFF, 0xDC, 0x73, 0xDE, 0x7F, 0x8F, 0xE1,
    0xC0, 0x38, 0x07, 0x00, 0xE0, 0x00, 0x71, 0xCE, 0x39, 0xC7, 0x38, 0xEF, 0xFF, 0xFF, 0xDC, 0x73,
    0xDE, 0x3F, 0x83, 0xE0, 0xFB, 0xFF, 0x7D, 0xCE, 0x38, 0xEF, 0xFF, 0xFF, 0xDC, 0x73, 0xDE, 0x7F,
    0x83, 0xE0, 0x70, 0x0E, 0x01, 0xC0, 0x38, 0x07, 0xF0, 0xFF, 0x1E, 0xF3, 0x8E, 0x71, 0xCE, 0x39,
    0xC7, 0x3D, 0xE7, 0xF8, 0xFF, 0x00, 0xE0, 0x1C, 0x07, 0x80, 0xE0, 0x03, 0xC0, 0x78, 0x0F, 0x01,
    0xE3, 0xFC, 0xFF, 0x9E, 0xF3, 0x9E, 0x71, 0xCE, 0x39, 0xCF, 0x3D, 0xE7, 0xFC, 0x7B, 0x80, 0x30,
    0x0E, 0x03, 0xC0, 0x78, 0x1E, 0x3E, 0x78, 0x70, 0xFE, 0xFE, 0x78, 0x70, 0x70, 0x70, 0x70, 0x70,
    0x78, 0x78, 0x18, 0x38, 0x78, 0x70, 0x3D, 0xC1, 0xFF, 0x07, 0xBC, 0x1C, 0xF0, 0x71, 0xC1, 0xC7,
    0x07, 0x3C, 0x1E, 0xF0, 0x7F, 0xFC, 0xFF, 0xF0, 0x39, 0xD8, 0xE7, 0x7F, 0xF9, 0xFC, 0xE0, 0x70,
    0x0E, 0x01, 0xC0, 0x38, 0x07, 0x1C, 0xE7, 0x1D, 0xC3, 0xF0, 0x7E, 0x0F, 0xE1, 0xFC, 0x39, 0xC7,
    0x3E, 0xE3, 0xC0, 0x38, 0x06, 0x03, 0xC0, 0x78, 0x73, 0x9C, 0xE7, 0x39, 0xCE, 0x73, 0x9C, 0xE7,
    0xBC, 0xE7, 0x7B, 0x80, 0x7F, 0xFC, 0x7F, 0xFE, 0x7B, 0xEE, 0x73, 0xCE, 0x71, 0xCE, 0x71, 0xCE,
    0x71, 0xCE, 0x71, 0xCE, 0x71, 0xCF, 0x71, 0xCF, 0x00, 0x07, 0x00, 0x07, 0x00, 0x0F, 0x00, 0x0E,
    0x7F, 0x8F, 0xF1, 0xEF, 0x38, 0xE7, 0x1C, 0xE3, 0x9C, 0x73, 0x8E, 0x71, 0xEE, 0x3C, 0x03, 0x80,
    0x70, 0x3C, 0x07, 0x80, 0x7F, 0x0F, 0xF1, 0xEF, 0x38, 0xE7, 0x1C, 0xE3, 0x9C, 0x73, 0xDE, 0x7F,
    0x8F, 0xF1, 0xCE, 0x39, 0xC7, 0x78, 0xEE, 0x00, 0x7E, 0x7E, 0x78, 0x70, 0x70, 0x70, 0x70, 0x70,
    0x78, 0x78, 0x38, 0x38, 0x78, 0x70, 0x3E, 0x7E, 0x76, 0x70, 0x7C, 0x3E, 0x0F, 0x6F, 0xFE, 0x7E,
    0x0E, 0x0E, 0x1E, 0x1C, 0x1E, 0x0F, 0x83, 0x80, 0xE0, 0x38, 0x0E, 0x03, 0x80, 0xE0, 0x38, 0x0E,
    0x03, 0x80, 0xE0, 0x3F, 0x8F, 0xE3, 0x98, 0xE6, 0xFF, 0xBD, 0xE0, 0xE3, 0xB8, 0xE7, 0x39, 0xDC,
    0x77, 0x0F, 0xC3, 0xE0, 0xF8, 0x1F, 0x87, 0xE0, 0x38, 0x0E, 0x07, 0x81, 0xC0, 0xF3, 0x9D, 0xE7,
    0xF0, 0xF8, 0x1E, 0x0F, 0x83, 0xF1, 0xFC, 0x77, 0xF8, 0xF0, 0x1C, 0x06, 0x07, 0x81, 0xE0, 0xFF,
    0xFF, 0x0E, 0x1C, 0x1C, 0x38, 0x78, 0x70, 0xFF, 0xFF, 0x07, 0x07, 0x0F, 0x0E, 0x3F, 0x03, 0xF0,
    0x37, 0x80, 0x38, 0x3F, 0x87, 0xF8, 0x73, 0x8F, 0x78, 0x7F, 0xC7, 0xFC, 0x01, 0xC0, 0x1C, 0x01,
    0xF0, 0x0E, 0x3D, 0xC3, 0xFE, 0x1E, 0xF0, 0xE7, 0x87, 0x1C, 0x38, 0xE1, 0xCF, 0x0F, 0x78, 0x7F,
    0xE1, 0xEF, 0x00, 0x38, 0x01, 0xC0, 0x0F, 0x00, 0x38, 0x00, 0xE0, 0x1E, 0x01, 0xC0, 0x3C, 0x3F,
    0xC7, 0xFC, 0x7B, 0xC7, 0x3C, 0x71, 0xC7, 0x1C, 0x73, 0xC7, 0xBC, 0x7F, 0xC3, 0xFC, 0x03, 0xC0,
    0x1C, 0x01, 0xE0, 0x1E, 0x1E, 0x0F, 0xE1, 0xCE, 0x39, 0xC7, 0xF8, 0xFF, 0x1C, 0x03, 0xCC, 0x3F,
    0x83, 0xF0, 0x0E, 0x01, 0xC0, 0x3C, 0x03, 0x80, 0x3F, 0x1F, 0xC7, 0x31, 0xC0, 0x3E, 0x1F, 0x87,
    0x03, 0xC4, 0x7F, 0x8F, 0xE0, 0x38, 0x0E, 0x03, 0xC0, 0x70, 0x7E, 0x3F, 0x99, 0xC0, 0xE3, 0xE1,
    0xF8, 0x1D, 0x8F, 0xFF, 0x7F, 0x38, 0x1C, 0x07, 0x83, 0xC0, 0x7E, 0x03, 0xF8, 0x19, 0xE0, 0x07,
    0x0F, 0xFE, 0x7F, 0xF1, 0x8F, 0x8E, 0x7C, 0x7F, 0x61, 0xF3, 0x00, 0x18, 0x00, 0xC0, 0x07, 0x80,
    0x1C, 0x70, 0xE0, 0x00, 0x07, 0x0E, 0x1C, 0x38, 0x70, 0xE1, 0xC3, 0x87, 0x8F, 0x0E, 0x1C, 0x1E,
    0x3C, 0x7C, 0x3F, 0x13, 0xC0, 0xE0, 0x70, 0x38, 0x1C, 0x9E, 0xFE, 0x7E, 0x38, 0x1C, 0x07, 0x83,
    0xC0, 0x1E, 0x3C, 0xF1, 0xC3, 0x87, 0x0E, 0x1C, 0x38, 0x70, 0xE1, 0xCF, 0x9E, 0x38, 0x70, 0x78,
    0xF0, 0x71, 0xC3, 0x8E, 0x1C, 0x70, 0xE3, 0x87, 0x1C, 0x38, 0xE1, 0xC7, 0x0E, 0x78, 0x7F, 0xE1,
    0xFF, 0x00, 0x38, 0x01, 0xC0, 0x0F, 0x00, 0x38, 0x7F, 0x3F, 0x83, 0xC3, 0x83, 0xE1, 0xF8, 0x0F,
    0xCF, 0xFF, 0x7F, 0x38, 0x1C, 0x07, 0x83, 0xC0, 0xFD, 0xF9, 0xBB, 0x77, 0xCF, 0x80, 0x00, 0x00,
    0x00, 0x00, 0x79, 0xEC, 0x30, 0x79, 0xE0, 0x00, 0x00, 0x00, 0x00, 0x79, 0xEC, 0x3F, 0x7F, 0xE0,
    0x00, 0x00, 0x00, 0x00, 0x38, 0x70, 0xF3, 0xEF, 0xD9, 0xBF, 0x3C, 0x00, 0x00, 0x00, 0x00, 0x00,
    0xF9, 0xE3, 0x9E, 0xFF, 0xE0, 0x00, 0x00, 0x00, 0x00, 0x7B, 0xBC, 0xE6, 0x31, 0x8C, 0x00, 0x00,
    0x00, 0x00, 0x31, 0x9C, 0xF3, 0x19, 0xDC, 0x00, 0x00, 0x7C, 0xFB, 0x36, 0x6F, 0xCF, 0x9F, 0x3C,
    0x00, 0x00, 0x00, 0x6C, 0xD9, 0xB3, 0x67, 0xCF, 0x83, 0x06, 0x00, 0x00, 0x00, 0x60, 0x66, 0xEF,
    0x66, 0x00, 0x00, 0x00, 0x66, 0x66, 0x67, 0x00, 0x00, 0x00, 0xF6, 0x66, 0x6F, 0x00, 0x00, 0x00,
    0xF6, 0x6F, 0x6F, 0x00, 0x00, 0x00, 0x18, 0x01, 0x86, 0x18, 0x61, 0x9E, 0x79, 0xC0, 0x00, 0x00,
    0x66, 0x66, 0x66, 0x66, 0x67, 0x00, 0x00, 0x66, 0x66, 0x66, 0x66, 0x6E, 0x00, 0x00, 0x63, 0x18,
    0xC6, 0x3C, 0x00, 0x00, 0x00, 0x7F, 0x9F, 0xF6, 0xCD, 0xB3, 0x6C, 0xDB, 0x30, 0x1C, 0x06, 0x00,
    0x00, 0x00, 0x00, 0x6C, 0xDB, 0x36, 0xCD, 0xB3, 0x7F, 0xDF, 0xF0, 0x0C, 0x03, 0x00, 0x00, 0x00,
    0x00, 0x3E, 0x3E, 0x36, 0x36, 0x36, 0x36, 0x70, 0xE0, 0x00, 0x00, 0x00, 0x7C, 0x7C, 0x6C, 0x6C,
    0x6C, 0x6C, 0x0E, 0x07, 0x00, 0x00, 0x00, 0x66, 0x76, 0x76, 0x7E, 0x6E, 0x6E, 0x00, 0x00, 0x00,
    0x00, 0x00, 0x78, 0xFB, 0xF7, 0xE7, 0xCF, 0x00, 0x00, 0x00, 0x00, 0x00, 0x18, 0x0C, 0x1F, 0x8F,
    0xEF, 0xBF, 0xD9, 0xFC, 0x7C, 0x18, 0x0C, 0x00, 0x00, 0x00, 0x00, 0x7F, 0xFC, 0x7F, 0xFF, 0x0C,
    0x00, 0x00, 0x39, 0x8C, 0x63, 0x18, 0xC6, 0x77, 0x00, 0x00, 0x00, 0x63, 0x3C, 0xE6, 0x31, 0xCF,
    0x33, 0x80, 0x00, 0x00, 0x6C, 0xDB, 0xFF, 0xF6, 0xCF, 0x80, 0x00, 0x00, 0x00, 0x00, 0xEE, 0xDB,
    0x1E, 0x37, 0xCF, 0x80, 0x00, 0x00, 0x00, 0x00, 0x6C, 0xD9, 0xB3, 0x66, 0xCF, 0x80, 0x00, 0x00,
    0x00, 0x00, 0x7C, 0xDD, 0x9B, 0x77, 0xEF, 0x80, 0x00, 0x00, 0x00, 0x00, 0x30, 0xF1, 0xE3, 0xCC,
    0xD9, 0x80, 0x00, 0x00, 0x00, 0x00, 0xFB, 0xCC, 0xCF, 0x7C, 0x00, 0x00, 0x00, 0xF9, 0xE3, 0x18,
    0xF3, 0xE1, 0x87, 0x00, 0x00, 0x00, 0xF8, 0xF0, 0xC3, 0xEF, 0xDF, 0x88, 0x00, 0x00, 0x00, 0x00,
    0xFD, 0xE3, 0x1E, 0x1C, 0x3F, 0xFE, 0x00, 0x00, 0x00, 0x78, 0xFB, 0x37, 0xEE, 0xDD, 0x9F, 0x3C,
    0x00, 0x00, 0x00, 0x00, 0x00, 0x00, 0x3F, 0xFF, 0xE8, 0x00, 0x00, 0x00, 0x00, 0x00, 0x00, 0x00,
    0x00, 0x00, 0x00, 0x00, 0x00, 0x1F, 0xFF, 0xF0, 0x00, 0x00, 0x00, 0x00, 0x00, 0x00, 0x00, 0x00,
    0x00, 0x00, 0x00, 0xFF, 0x6E, 0x7E, 0x7C, 0x00, 0x00, 0x00, 0x00, 0x00, 0x00, 0x00, 0x00, 0x00,
    0x00, 0x00, 0x00, 0x6F, 0xBC, 0x00, 0x00, 0x00, 0x00, 0x00, 0x00, 0x00, 0x00, 0x00, 0x01, 0x87,
    0xCF, 0x00, 0x00, 0x00, 0x00, 0x00, 0x00, 0x00, 0x00, 0x00, 0x03, 0xCF, 0xC6, 0x00, 0x00, 0x00,
    0x00, 0x00, 0x00, 0x00, 0x00, 0x00, 0x00, 0xFF, 0xD8, 0x00, 0x00, 0x00, 0x00, 0x00, 0x00, 0x00,
    0x00, 0x00, 0x00, 0xFE, 0x7F, 0x20, 0x00, 0x00, 0x00, 0x00, 0x00, 0x00, 0x00, 0x00, 0x00, 0x00,
    0x00, 0x7F, 0xFE, 0x04, 0x00, 0x00, 0x00, 0x00, 0x00, 0x00, 0x00, 0x00, 0x00, 0x00, 0x07, 0x64,
    0x40, 0x00, 0x1C, 0xFD, 0xFF, 0x9E, 0x00, 0x00, 0x00, 0x00, 0x00, 0x00, 0x00, 0x00, 0x00, 0x00,
    0x00, 0x00, 0x00, 0x00, 0x00, 0x00, 0x00, 0x3F, 0x3F, 0xFC, 0x1E, 0x00, 0x00, 0x00, 0x00, 0x00,
    0x00, 0x00, 0x00, 0x00, 0x00, 0x00, 0x00, 0x00, 0x07, 0xE0, 0x1F, 0xF8, 0x78, 0x1E, 0x00, 0x00,
    0x00, 0x00, 0x00, 0x00, 0x00, 0x00, 0x00, 0x00, 0x00, 0x00, 0x00, 0x00, 0x00, 0x00, 0x00, 0x00,
    0x00, 0x00, 0x00, 0x00, 0x01, 0xE3, 0xC1, 0x83, 0x0C, 0x00, 0x00, 0x00, 0x00, 0x00, 0x00, 0x00,
    0x00, 0x00, 0x00, 0x81, 0xC1, 0x80, 0x00, 0x00, 0x0C, 0x63, 0xED, 0xFF, 0x67, 0x80, 0x76, 0xDB,
    0xDB, 0x6E, 0x00, 0x00, 0x00, 0x00, 0x00, 0x00, 0x00, 0x00, 0x00, 0x00, 0x00, 0x79, 0xE6, 0xDE,
    0x18, 0x40, 0x00, 0x00, 0x00, 0x00, 0x00, 0x00, 0x00, 0xEF, 0x77, 0xFE, 0x7F, 0xC0, 0x00, 0x00,
    0x00, 0x00, 0x00, 0x00, 0x00, 0x00, 0x00, 0x00, 0x00, 0x00, 0x00, 0x00, 0x00, 0x00, 0xFD, 0xFB,
    0xC7, 0xE0, 0x00, 0x00, 0x00, 0x00, 0x00, 0x00, 0x00, 0x00, 0x00, 0x00, 0x7E, 0x7B, 0x7B, 0x7E,
    0x00, 0x00, 0x00, 0x00, 0x00, 0x00, 0x00, 0x00, 0x00, 0x00, 0x00, 0x74, 0x7B, 0xF7, 0xCF, 0x80,
    0x00, 0x00, 0x00, 0x00, 0x00, 0x00, 0x00, 0x00, 0x00, 0x7C, 0xC7, 0x22, 0x00, 0x00, 0x00, 0x00,
    0x00, 0x00, 0x03, 0x1D, 0xAD, 0x38, 0x00, 0x00, 0x00, 0x00, 0x00, 0x00, 0x00, 0x73, 0x9D, 0xAD,
    0x38, 0x00, 0x00, 0x00, 0x00, 0x00, 0x00, 0x00, 0xFF, 0xDF, 0x3F, 0x00, 0x00, 0x00, 0x00, 0x00,
    0x00, 0x7C, 0xF7, 0x00, 0x00, 0x00, 0x00, 0x00, 0x00, 0xC7, 0xB9, 0xED, 0x00, 0x00, 0x00, 0x00,
    0x00, 0x00, 0x00, 0xFF, 0xC0, 0x00, 0x00, 0x12, 0x4E, 0x00, 0x00, 0x00, 0x00, 0x6D, 0xF7, 0xDF,
    0x00, 0x00, 0x00, 0x00, 0x00, 0x00, 0x00, 0x00, 0x00, 0xF6, 0xB5, 0xA0, 0x00, 0x00, 0x00, 0x00,
    0x00, 0x00, 0x00, 0xD7, 0xBD, 0x60, 0x00, 0x00, 0x00, 0x00, 0x00, 0x00, 0x00, 0xF7, 0xB9, 0xE5,
    0x00, 0x00, 0x00, 0x00, 0x00, 0x00, 0x00, 0x71, 0x9C, 0x61, 0x00, 0x00, 0x00, 0x00, 0x00, 0x00,
    0x00, 0x76, 0x3F, 0x00, 0x00, 0x00, 0x00, 0x00, 0x00, 0xFB, 0x6D, 0x80, 0x00, 0x00, 0x00, 0x00,
    0xF2, 0x6F, 0x00, 0x00, 0x00, 0x00, 0x00, 0x00, 0xF7, 0xBD, 0xF0, 0x00, 0x00, 0x00, 0x00, 0x00,
    0x00, 0x00, 0xC6, 0x3D, 0xAD, 0x78, 0x00, 0x00, 0x00, 0x00, 0x00, 0x00, 0x00, 0xF7, 0xBD, 0xEF,
    0x7B, 0x10, 0x00, 0x00, 0x00, 0x00, 0x00, 0x00, 0x00, 0xF3, 0xBC, 0xE0, 0x00, 0x00, 0x00, 0x00,
    0x00, 0x00, 0x00, 0x36, 0x76, 0x66, 0x00, 0x00, 0x00, 0x00, 0x00, 0x00, 0x6F, 0x7F, 0x60, 0x00,
    0x00, 0x00, 0x00, 0x00, 0x39, 0xA6, 0x9E, 0x40, 0x00, 0x00, 0x00, 0x00, 0x00, 0x00, 0x00, 0x00,
    0xF6, 0xB5, 0xEC, 0x60, 0x00, 0x00, 0x00, 0x00, 0x00, 0x00, 0x00, 0x36, 0x66, 0x66, 0x60, 0x00,
    0x00, 0x00, 0x00, 0x00, 0x01, 0xA6, 0x9A, 0x7B, 0x00, 0x00, 0x00, 0x00, 0x00, 0x00, 0x00, 0x00,
    0xF5, 0xFB, 0xF3, 0x60, 0x00, 0x00, 0x00, 0x00, 0x00, 0x00, 0x00, 0x00, 0x00, 0x00, 0x77, 0x3F,
    0xFF, 0x00, 0x00, 0x00, 0x00, 0x00, 0x00, 0x70, 0x1D, 0xAD, 0x38, 0x00, 0x00, 0x00, 0x00, 0x00,
    0x00, 0x00, 0x70, 0x35, 0xAD, 0x78, 0x00, 0x00, 0x00, 0x00, 0x00, 0x00, 0x00, 0x66, 0xF0, 0x00,
    0x00, 0x00, 0x00, 0x66, 0x7E, 0x3C, 0x00, 0x00, 0x00, 0x00, 0x00, 0x00, 0x00, 0x00, 0x00, 0x00,
    0x00, 0x66, 0x7E, 0x3C, 0x00, 0x00, 0x00, 0x00, 0x00, 0x00, 0x00, 0x00, 0x00, 0x00, 0x00, 0x07,
    0x60, 0x00, 0x00, 0x00, 0x00, 0x00, 0x00, 0x30, 0x36, 0x19, 0xFE, 0x00, 0x00, 0x3B, 0xB8, 0xEE,
    0xE3, 0x37, 0x1D, 0xD8, 0x66, 0x60, 0x00, 0x00, 0x00, 0x00, 0x00, 0x00, 0x00, 0x00, 0x00, 0x00,
    0x00, 0x00, 0x00, 0x00, 0x00, 0x03, 0xFC, 0x7F, 0xEE, 0x07, 0xFC, 0x0F, 0x6F, 0x00, 0x3E, 0xE3,
    0x00, 0x00, 0x00, 0x00, 0x00, 0x00, 0x4A, 0x7E, 0x7E, 0x44, 0x0F, 0x01, 0xF0, 0x1F, 0x01, 0xF8,
    0x3B, 0x83, 0xB8, 0x39, 0xC7, 0x9C, 0x7F, 0xC7, 0xFE, 0x70, 0xEE, 0x0E, 0xE0, 0xE0, 0x00, 0x0E,
    0x01, 0xF0, 0x1B, 0x00, 0xF0, 0x00, 0x00, 0x3F, 0x0F, 0xC3, 0x78, 0x0E, 0x3F, 0x9F, 0xE7, 0x3B,
    0xDE, 0x7F, 0x9F, 0x60, 0x00, 0x78, 0x1E, 0x0D, 0x81, 0xE0, 0x00, 0x00, 0x01, 0xC0, 0x38, 0x00,
    0x07, 0xF8, 0xFF, 0x9C, 0xF3, 0x8E, 0x71, 0xCF, 0xF1, 0xFE, 0x39, 0xE7, 0x1C, 0xE3, 0x9C, 0xF3,
    0xFE, 0x7F, 0x80, 0x00, 0x01, 0xC0, 0x38, 0x00, 0x07, 0x00, 0xE0, 0x1C, 0x03, 0x80, 0x7F, 0x0F,
    0xF1, 0xEF, 0x38, 0xE7, 0x1C, 0xE3, 0x9C, 0x73, 0xDE, 0x7F, 0x8F, 0xE0, 0x7F, 0x8F, 0xF9, 0xCF,
    0x38, 0xE7, 0x1C, 0xFF, 0x1F, 0xE3, 0x9E, 0x71, 0xCE, 0x39, 0xCF, 0x3F, 0xE7, 0xF8, 0x00, 0x00,
    0x00, 0x70, 0x0E, 0x00, 0x70, 0x0E, 0x01, 0xC0, 0x38, 0x07, 0xF0, 0xFF, 0x1E, 0xF3, 0x8E, 0x71,
    0xCE, 0x39, 0xC7, 0x3D, 0xE7, 0xF8, 0xFE, 0x00, 0x00, 0x00, 0x0E, 0x01, 0xC0, 0x7F, 0x8F, 0xF9,
    0xCF, 0x38, 0xE7, 0x1C, 0xFF, 0x1F, 0xE3, 0x9E, 0x71, 0xCE, 0x39, 0xCF, 0x3F, 0xE7, 0xF8, 0x00,
    0x07, 0xE0, 0xFC, 0x70, 0x0E, 0x01, 0xC0, 0x38, 0x07, 0xF0, 0xFF, 0x1E, 0xF3, 0x8E, 0x71, 0xCE,
    0x39, 0xC7, 0x3D, 0xE7, 0xF8, 0xFE, 0x00, 0x00, 0xFC, 0x1F, 0x80, 0x03, 0x81, 0xC0, 0x60, 0x00,
    0x0F, 0xCF, 0xF3, 0xD9, 0xE0, 0x70, 0x1C, 0x07, 0x01, 0xC0, 0x70, 0x1E, 0x03, 0xCC, 0xFF, 0x1F,
    0x81, 0x80, 0x70, 0x0C, 0x0F, 0x01, 0x00, 0x07, 0x07, 0x07, 0x00, 0x01, 0xF1, 0xF9, 0xE8, 0xE0,
    0x70, 0x38, 0x1C, 0x0F, 0x67, 0xF1, 0xF8, 0x30, 0x1C, 0x0E, 0x0F, 0x02, 0x00, 0x00, 0x00, 0x70,
    0x07, 0x00, 0x00, 0x7F, 0x07, 0xFC, 0x73, 0xC7, 0x0E, 0x70, 0xE7, 0x0E, 0x70, 0xE7, 0x0E, 0x70,
    0xE7, 0x0E, 0x73, 0xC7, 0xFC, 0x7F, 0x00, 0x00, 0x03, 0x80, 0x70, 0x00, 0x00, 0x3C, 0x07, 0x80,
    0xF0, 0x1E, 0x3F, 0xCF, 0xF9, 0xEF, 0x39, 0xE7, 0x1C, 0xE3, 0x9C, 0xF3, 0xDE, 0x7F, 0xC7, 0xB8,
    0x7F, 0x07, 0xFC, 0x73, 0xC7, 0x0E, 0x70, 0xE7, 0x0E, 0x70, 0xE7, 0x0E, 0x70, 0xE7, 0x0E, 0x73,
    0xC7, 0xFC, 0x7F, 0x00, 0x00, 0x00, 0x00, 0xE0, 0x0E, 0x00, 0x03, 0xC0, 0x78, 0x0F, 0x01, 0xE3,
    0xFC, 0xFF, 0x9E, 0xF3, 0x9E, 0x71, 0xCE, 0x39, 0xCF, 0x3D, 0xE7, 0xFC, 0x7B, 0x80, 0x00, 0x00,
    0x0E, 0x01, 0x80, 0x7F, 0x07, 0xFC, 0x73, 0xC7, 0x0E, 0x70, 0xE7, 0x0E, 0x70, 0xE7, 0x0E, 0x70,
    0xE7, 0x0E, 0x73, 0xC7, 0xFC, 0x7F, 0x00, 0x00, 0x1F, 0x81, 0xF8, 0x03, 0xC0, 0x78, 0x0F, 0x01,
    0xE3, 0xFC, 0xFF, 0x9E, 0xF3, 0x9E, 0x71, 0xCE, 0x39, 0xCF, 0x3D, 0xE7, 0xFC, 0x7B, 0x80, 0x01,
    0xF8, 0x3F, 0x00, 0x7F, 0x07, 0xFC, 0x73, 0xC7, 0x0E, 0x70, 0xE7, 0x0E, 0x70, 0xE7, 0x0E, 0x70,
    0xE7, 0x0E, 0x73, 0xC7, 0xFC, 0x7F, 0x00, 0xE0, 0x0F, 0x00, 0x70, 0x0E, 0x00, 0x03, 0xC0, 0x78,
    0x0F, 0x01, 0xE3, 0xFC, 0xFF, 0x9E, 0xF3, 0x9E, 0x71, 0xCE, 0x39, 0xCF, 0x3D, 0xE7, 0xFC, 0x7B,
    0x83, 0x00, 0x70, 0x06, 0x03, 0xC0, 0x7F, 0x07, 0xFC, 0x73, 0xC7, 0x0E, 0x70, 0xE7, 0x0E, 0x70,
    0xE7, 0x0E, 0x70, 0xE7, 0x0E, 0x73, 0xC7, 0xFC, 0x7F, 0x00, 0x00, 0x0F, 0x01, 0xF0, 0x3B, 0x80,
    0x03, 0xC0, 0x78, 0x0F, 0x01, 0xE3, 0xFC, 0xFF, 0x9E, 0xF3, 0x9E, 0x71, 0xCE, 0x39, 0xCF, 0x3D,
    0xE7, 0xFC, 0x7B, 0x80, 0x00, 0xF0, 0x3F, 0x06, 0x60, 0x3C, 0x0E, 0x00, 0x07, 0xE3, 0xF0, 0x01,
    0xFE, 0xFF, 0x70, 0x38, 0x1C, 0x0F, 0xE7, 0xF3, 0x81, 0xC0, 0xE0, 0x70, 0x3F, 0xDF, 0xE0, 0x38,
    0x07, 0x00, 0x00, 0xFC, 0x3F, 0x00, 0x01, 0xE1, 0xFC, 0x73, 0x9C, 0xE7, 0xF9, 0xFE, 0x70, 0x1E,
    0x63, 0xF8, 0x7C, 0x0F, 0x0E, 0x00, 0x07, 0xE3, 0xF0, 0x01, 0xFE, 0xFF, 0x70, 0x38, 0x1C, 0x0F,
    0xE7, 0xF3, 0x81, 0xC0, 0xE0, 0x70, 0x3F, 0xDF, 0xE0, 0x0F, 0x07, 0x00, 0x00, 0xFC, 0x3F, 0x00,
    0x01, 0xE1, 0xFC, 0x73, 0x9C, 0xE7, 0xF9, 0xFE, 0x70, 0x1E, 0x63, 0xF8, 0x7C, 0x7F, 0xBF, 0xDC,
    0x0E, 0x07, 0x03, 0xF9, 0xFC, 0xE0, 0x70, 0x38, 0x1C, 0x0F, 0xF7, 0xF8, 0x00, 0x78, 0x7E, 0x73,
    0x00, 0x1E, 0x1F, 0xC7, 0x39, 0xCE, 0x7F, 0x9F, 0xE7, 0x01, 0xE6, 0x3F, 0x87, 0xC0, 0x00, 0x78,
    0x3F, 0x0C, 0xC0, 0x7F, 0xBF, 0xDC, 0x0E, 0x07, 0x03, 0xF9, 0xFC, 0xE0, 0x70, 0x38, 0x1C, 0x0F,
    0xF7, 0xF8, 0x00, 0xFE, 0x7E, 0x6F, 0x00, 0x1E, 0x1F, 0xC7, 0x39, 0xCE, 0x7F, 0x9F, 0xE7, 0x01,
    0xE6, 0x3F, 0x87, 0xC0, 0x00, 0xFE, 0x3F, 0x1F, 0xC0, 0x33, 0x1F, 0x87, 0x80, 0x07, 0xFB, 0xFD,
    0xC0, 0xE0, 0x70, 0x3F, 0x9F, 0xCE, 0x07, 0x03, 0x81, 0xC0, 0xFF, 0x7F, 0x86, 0x03, 0x81, 0xC1,
    0xE0, 0x40, 0x33, 0x0F, 0xC1, 0xE0, 0x00, 0x1E, 0x1F, 0xC7, 0x39, 0xCE, 0x7F, 0x9F, 0xE7, 0x01,
    0xE6, 0x3F, 0x87, 0xC0, 0xC0, 0x38, 0x0E, 0x07, 0x80, 0x80, 0x00, 0x0E, 0x03, 0x00, 0x07, 0xF3,
    0xF9, 0xC0, 0xE0, 0x70, 0x38, 0x1F, 0xCF, 0xE7, 0x03, 0x81, 0xC0, 0xE0, 0x70, 0x00, 0x00, 0x1C,
    0x1C, 0x00, 0x1E, 0x3E, 0x78, 0x70, 0xFE, 0xFE, 0x78, 0x70, 0x70, 0x70, 0x70, 0x70, 0x70, 0x70,
    0x00, 0x00, 0xFC, 0x0F, 0xC0, 0x00, 0x0F, 0xC1, 0xFE, 0x3C, 0xC7, 0x80, 0x70, 0x07, 0x00, 0x73,
    0xE7, 0x3E, 0x70, 0xE7, 0x8E, 0x3C, 0xE3, 0xFE, 0x0F, 0xE0, 0x00, 0x07, 0xE0, 0xFC, 0x00, 0x03,
    0xDC, 0xFF, 0x9E, 0xF3, 0x9E, 0x71, 0xCE, 0x39, 0xCF, 0x3D, 0xE7, 0xFC, 0x7F, 0x00, 0xE3, 0x1C,
    0x7F, 0x8F, 0xE0, 0x00, 0x00, 0x38, 0x01, 0xC0, 0x00, 0x07, 0x0E, 0x38, 0x71, 0xC3, 0x8E, 0x1C,
    0x70, 0xE3, 0xFF, 0x1F, 0xF8, 0xE1, 0xC7, 0x0E, 0x38, 0x71, 0xC3, 0x8E, 0x1C, 0x70, 0xE0, 0x00,
    0x0E, 0x01, 0xC0, 0x00, 0x07, 0x00, 0xE0, 0x1C, 0x03, 0x80, 0x7F, 0x8F, 0xF1, 0xEF, 0x38, 0xE7,
    0x1C, 0xE3, 0x9C, 0x73, 0x8E, 0x71, 0xCE, 0x38, 0x70, 0xE3, 0x87, 0x1C, 0x38, 0xE1, 0xC7, 0x0E,
    0x3F, 0xF1, 0xFF, 0x8E, 0x1C, 0x70, 0xE3, 0x87, 0x1C, 0x38, 0xE1, 0xC7, 0x0E, 0x00, 0x00, 0x00,
    0x00, 0xE0, 0x07, 0x00, 0x70, 0x0E, 0x01, 0xC0, 0x38, 0x07, 0xF8, 0xFF, 0x1E, 0xF3, 0x8E, 0x71,
    0xCE, 0x39, 0xC7, 0x38, 0xE7, 0x1C, 0xE3, 0x80, 0x00, 0x00, 0x0E, 0x01, 0xC0, 0x00, 0x00, 0xEC,
    0x07, 0x60, 0x00, 0x07, 0x0E, 0x38, 0x71, 0xC3, 0x8E, 0x1C, 0x70, 0xE3, 0xFF, 0x1F, 0xF8, 0xE1,
    0xC7, 0x0E, 0x38, 0x71, 0xC3, 0x8E, 0x1C, 0x70, 0xE0, 0x00, 0x06, 0xE0, 0x6E, 0x00, 0x00, 0x38,
    0x03, 0x80, 0x38, 0x03, 0x80, 0x3F, 0xC3, 0xFC, 0x3D, 0xE3, 0x8E, 0x38, 0xE3, 0x8E, 0x38, 0xE3,
    0x8E, 0x38, 0xE3, 0x8E, 0x70, 0xE3, 0x87, 0x1C, 0x38, 0xE1, 0xC7, 0x0E, 0x3F, 0xF1, 0xFF, 0x8E,
    0x1C, 0x70, 0xE3, 0x87, 0x1C, 0x38, 0xE1, 0xC7, 0x0E, 0x18, 0x00, 0xE0, 0x07, 0x00, 0x78, 0x03,
    0x00, 0x00, 0x70, 0x0E, 0x01, 0xC0, 0x38, 0x07, 0xF8, 0xFF, 0x1E, 0xF3, 0x8E, 0x71, 0xCE, 0x39,
    0xC7, 0x38, 0xE7, 0x1C, 0xE3, 0x9C, 0x03, 0xC0, 0x38, 0x1E, 0x01, 0x80, 0x00, 0x70, 0xE3, 0x87,
    0x1C, 0x38, 0xE1, 0xC7, 0x0E, 0x3F, 0xF1, 0xFF, 0x8E, 0x1C, 0x70, 0xE3, 0x87, 0x1C, 0x38, 0xE1,
    0xC7, 0x0E, 0x00, 0x00, 0x67, 0x03, 0xF0, 0x0F, 0x00, 0x70, 0x0E, 0x01, 0xC0, 0x38, 0x07, 0xF8,
    0xFF, 0x1E, 0xF3, 0x8E, 0x71, 0xCE, 0x39, 0xC7, 0x38, 0xE7, 0x1C, 0xE3, 0x80, 0x01, 0x9C, 0x3F,
    0x03, 0xC0, 0x7E, 0x7E, 0x1C, 0x1C, 0x1C, 0x1C, 0x1C, 0x1C, 0x1C, 0x1C, 0x1C, 0x3E, 0x7E, 0x00,
    0x3B, 0x7F, 0x7E, 0x38, 0x70, 0x00, 0x03, 0x87, 0x0E, 0x1C, 0x38, 0x70, 0xE1, 0xC3, 0x87, 0x00,
    0x3B, 0xFF, 0xB8, 0x1C, 0x70, 0x03, 0x6E, 0xC0, 0x3F, 0x7E, 0x38, 0x70, 0xE1, 0xC3, 0x87, 0x0E,
    0x1C, 0x38, 0xFB, 0xF0, 0x1E, 0x30, 0x03, 0x66, 0xC0, 0x0E, 0x1C, 0x38, 0x70, 0xE1, 0xC3, 0x87,
    0x0E, 0x1C, 0x03, 0x80, 0xE0, 0x18, 0x00, 0x07, 0x1E, 0xE3, 0x9C, 0xF3, 0xBC, 0x77, 0x0F, 0xC1,
    0xFC, 0x3F, 0x87, 0x78, 0xE7, 0x1C, 0xF3, 0x8E, 0x70, 0xE0, 0x1C, 0x07, 0x01, 0xC0, 0x00, 0x07,
    0x00, 0xE0, 0x1C, 0x03, 0x80, 0x71, 0xCE, 0x71, 0xDC, 0x3F, 0x07, 0xE0, 0xFE, 0x1F, 0xC3, 0x9C,
    0x73, 0xCE, 0x38, 0x71, 0xEE, 0x39, 0xCF, 0x3B, 0xC7, 0x70, 0xFC, 0x1F, 0xC3, 0xF8, 0x77, 0x8E,
    0x71, 0xCF, 0x38, 0xE7, 0x0E, 0x00, 0x00, 0x00, 0x70, 0x0E, 0x00, 0x70, 0x0E, 0x01, 0xC0, 0x38,
    0x07, 0x1C, 0xE7, 0x1D, 0xC3, 0xF0, 0x7E, 0x0F, 0xE1, 0xFC, 0x39, 0xC7, 0x3C, 0xE3, 0x80, 0x00,
    0x00, 0x0E, 0x01, 0xC0, 0x71, 0xEE, 0x39, 0xCF, 0x3B, 0xC7, 0x70, 0xFC, 0x1F, 0xC3, 0xF8, 0x77,
    0x8E, 0x71, 0xCF, 0x38, 0xE7, 0x0E, 0x00, 0x07, 0xE0, 0xFC, 0x70, 0x0E, 0x01, 0xC0, 0x38, 0x07,
    0x1C, 0xE7, 0x1D, 0xC3, 0xF0, 0x7E, 0x0F, 0xE1, 0xFC, 0x39, 0xC7, 0x3C, 0xE3, 0x80, 0x01, 0xF8,
    0x3F, 0x00, 0x70, 0x38, 0x1C, 0x0E, 0x07, 0x03, 0x81, 0xC0, 0xE0, 0x70, 0x38, 0x1E, 0x0F, 0xF7,
    0xF8, 0x00, 0x00, 0x18, 0x0C, 0x00, 0x73, 0x9C, 0xE7, 0x39, 0xCE, 0x73, 0x9C, 0xE7, 0x38, 0x00,
    0x73, 0x80, 0x00, 0x1F, 0x87, 0xE0, 0x00, 0x38, 0x0E, 0x03, 0x80, 0xE0, 0x38, 0x0E, 0x03, 0x80,
    0xE0, 0x38, 0x0E, 0x03, 0xC0, 0xFF, 0x3F, 0xC0, 0x00, 0x00, 0x18, 0x06, 0x00, 0x01, 0xFF, 0xF8,
    0x03, 0x87, 0x0E, 0x1C, 0x38, 0x70, 0xE1, 0xC3, 0x87, 0x0E, 0x1C, 0x38, 0x70, 0x00, 0x03, 0x87,
    0x00, 0x70, 0x38, 0x1C, 0x0E, 0x07, 0x03, 0x81, 0xC0, 0xE0, 0x70, 0x38, 0x1E, 0x0F, 0xF7, 0xF8,
    0x00, 0xFC, 0x7E, 0x38, 0x70, 0xE1, 0xC3, 0x87, 0x0E, 0x1C, 0x38, 0x70, 0xE1, 0xC3, 0x87, 0x00,
    0x3F, 0x7E, 0x70, 0x38, 0x1C, 0x0E, 0x07, 0x03, 0x81, 0xC0, 0xE0, 0x70, 0x38, 0x1E, 0x0F, 0xF7,
    0xF8, 0x00, 0x78, 0x7E, 0x33, 0x00, 0x38, 0x70, 0xE1, 0xC3, 0x87, 0x0E, 0x1C, 0x38, 0x70, 0xE1,
    0xC3, 0x87, 0x00, 0x1E, 0x7D, 0xDC, 0x00, 0xE0, 0x01, 0xC0, 0x03, 0x80, 0x00, 0x00, 0x78, 0x3E,
    0x7C, 0x3E, 0x7C, 0x3E, 0x7C, 0x7E, 0x7E, 0x7E, 0x7E, 0x7E, 0x7E, 0x6E, 0x76, 0xEE, 0x77, 0xEE,
    0x77, 0xCE, 0x73, 0xCE, 0x73, 0xCE, 0x73, 0x8E, 0x00, 0xF0, 0x01, 0xE0, 0x01, 0x80, 0x00, 0x00,
    0x7F, 0xFC, 0x7F, 0xFE, 0x7B, 0xEE, 0x73, 0xCE, 0x71, 0xCE, 0x71, 0xCE, 0x71, 0xCE, 0x71, 0xCE,
    0x71, 0xCE, 0x71, 0xCE, 0x00, 0x00, 0x01, 0xC0, 0x01, 0x80, 0x00, 0x00, 0x78, 0x3E, 0x7C, 0x3E,
    0x7C, 0x3E, 0x7C, 0x7E, 0x7E, 0x7E, 0x7E, 0x7E, 0x7E, 0x6E, 0x76, 0xEE, 0x77, 0xEE, 0x77, 0xCE,
    0x73, 0xCE, 0x73, 0xCE, 0x73, 0x8E, 0x00, 0x00, 0x01, 0xC0, 0x01, 0xC0, 0x00, 0x00, 0x7F, 0xFC,
    0x7F, 0xFE, 0x7B, 0xEE, 0x73, 0xCE, 0x71, 0xCE, 0x71, 0xCE, 0x71, 0xCE, 0x71, 0xCE, 0x71, 0xCE,
    0x71, 0xCE, 0x78, 0x3E, 0x7C, 0x3E, 0x7C, 0x3E, 0x7C, 0x7E, 0x7E, 0x7E, 0x7E, 0x7E, 0x7E, 0x6E,
    0x76, 0xEE, 0x77, 0xEE, 0x77, 0xCE, 0x73, 0xCE, 0x73, 0xCE, 0x73, 0x8E, 0x00, 0x00, 0x00, 0x00,
    0x03, 0x80, 0x03, 0x80, 0x7F, 0xFC, 0x7F, 0xFE, 0x7B, 0xEE, 0x73, 0xCE, 0x71, 0xCE, 0x71, 0xCE,
    0x71, 0xCE, 0x71, 0xCE, 0x71, 0xCE, 0x71, 0xCE, 0x00, 0x00, 0x00, 0x00, 0x01, 0xC0, 0x01, 0xC0,
    0x00, 0x00, 0x38, 0x01, 0xC0, 0x00, 0x07, 0x87, 0x3E, 0x39, 0xF1, 0xCF, 0xCE, 0x7E, 0x73, 0xBB,
    0x9D, 0xDC, 0xE7, 0xE7, 0x3F, 0x38, 0xF9, 0xC7, 0xCE, 0x1E, 0x70, 0xF0, 0x00, 0x01, 0xC0, 0x38,
    0x00, 0x07, 0xF8, 0xFF, 0x1E, 0xF3, 0x8E, 0x71, 0xCE, 0x39, 0xC7, 0x38, 0xE7, 0x1C, 0xE3, 0x80,
    0x78, 0x73, 0xE3, 0x9F, 0x1C, 0xFC, 0xE7, 0xE7, 0x3B, 0xB9, 0xDD, 0xCE, 0x7E, 0x73, 0xF3, 0x8F,
    0x9C, 0x7C, 0xE1, 0xE7, 0x0F, 0x00, 0x00, 0x00, 0x00, 0xE0, 0x07, 0x00, 0x7F, 0x8F, 0xF1, 0xEF,
    0x38, 0xE7, 0x1C, 0xE3, 0x9C, 0x73, 0x8E, 0x71, 0xCE, 0x38, 0x00, 0x00, 0x00, 0xE0, 0x1C, 0x00,
    0x78, 0x73, 0xE3, 0x9F, 0x1C, 0xFC, 0xE7, 0xE7, 0x3B, 0xB9, 0xDD, 0xCE, 0x7E, 0x73, 0xF3, 0x8F,
    0x9C, 0x7C, 0xE1, 0xE7, 0x0F, 0x00, 0x00, 0x3F, 0x01, 0xF8, 0x7F, 0x8F, 0xF1, 0xEF, 0x38, 0xE7,
    0x1C, 0xE3, 0x9C, 0x73, 0x8E, 0x71, 0xCE, 0x38, 0x00, 0x1F, 0x83, 0xF0, 0x78, 0x73, 0xE3, 0x9F,
    0x1C, 0xFC, 0xE7, 0xE7, 0x3B, 0xB9, 0xDD, 0xCE, 0x7E, 0x73, 0xF3, 0x8F, 0x9C, 0x7C, 0xE1, 0xE7,
    0x0F, 0x00, 0x00, 0x1E, 0x01, 0xF0, 0x1D, 0xC0, 0x7F, 0x8F, 0xF1, 0xEF, 0x38, 0xE7, 0x1C, 0xE3,
    0x9C, 0x73, 0x8E, 0x71, 0xCE, 0x38, 0x00, 0x0F, 0x01, 0xF0, 0x77, 0x00, 0x03, 0x80, 0x38, 0x00,
    0x00, 0x1D, 0x81, 0xF8, 0x00, 0x00, 0x7E, 0x07, 0xFC, 0x3D, 0xE3, 0xC7, 0x9C, 0x1C, 0xE0, 0xE7,
    0x07, 0x38, 0x39, 0xC1, 0xCF, 0x1E, 0x3D, 0xE1, 0xFF, 0x03, 0xE0, 0x07, 0x03, 0x80, 0x00, 0x74,
    0x3F, 0x00, 0x01, 0xF0, 0xFE, 0x7B, 0x9C, 0xF7, 0x1D, 0xC7, 0x73, 0xDE, 0xE3, 0xF8, 0x7C, 0x0D,
    0x80, 0x6C, 0x00, 0x00, 0x1D, 0x81, 0xF8, 0x00, 0x00, 0x7E, 0x07, 0xFC, 0x3D, 0xE3, 0xC7, 0x9C,
    0x1C, 0xE0, 0xE7, 0x07, 0x38, 0x39, 0xC1, 0xCF, 0x1E, 0x3D, 0xE1, 0xFF, 0x03, 0xE0, 0x3B, 0x0E,
    0xC0, 0x00, 0x74, 0x3F, 0x00, 0x01, 0xF0, 0xFE, 0x7B, 0x9C, 0xF7, 0x1D, 0xC7, 0x73, 0xDE, 0xE3,
    0xF8, 0x7C, 0x00, 0x00, 0x70, 0x01, 0xC0, 0x00, 0x01, 0xF8, 0x0F, 0xC0, 0x00, 0x03, 0xF0, 0x3F,
    0xE1, 0xEF, 0x1E, 0x3C, 0xE0, 0xE7, 0x07, 0x38, 0x39, 0xC1, 0xCE, 0x0E, 0x78, 0xF1, 0xEF, 0x0F,
    0xF8, 0x1F, 0x00, 0x3C, 0x03, 0x00, 0x00, 0xFC, 0x3F, 0x00, 0x01, 0xF0, 0xFE, 0x7B, 0x9C, 0xF7,
    0x1D, 0xC7, 0x73, 0xDE, 0xE3, 0xF8, 0x7C, 0x00, 0x00, 0x1C, 0x01, 0xC0, 0x00, 0x00, 0xF8, 0x07,
    0xC0, 0x00, 0x03, 0xF0, 0x3F, 0xE1, 0xEF, 0x1E, 0x3C, 0xE0, 0xE7, 0x07, 0x38, 0x39, 0xC1, 0xCE,
    0x0E, 0x78, 0xF1, 0xEF, 0x0F, 0xF8, 0x1F, 0x00, 0x0F, 0x03, 0x80, 0x00, 0xFC, 0x3F, 0x00, 0x01,
    0xF0, 0xFE, 0x7B, 0x9C, 0xF7, 0x1D, 0xC7, 0x73, 0xDE, 0xE3, 0xF8, 0x7C, 0x07, 0x81, 0xC0, 0xE0,
    0x00, 0x7F, 0x1F, 0xE7, 0x3D, 0xC7, 0x71, 0xDC, 0xF7, 0xF9, 0xFC, 0x70, 0x1C, 0x07, 0x01, 0xC0,
    0x70, 0x00, 0x03, 0x80, 0xE0, 0x38, 0x00, 0x07, 0xF0, 0xFF, 0x1E, 0xF3, 0x8E, 0x71, 0xCE, 0x39,
    0xC7, 0x3D, 0xE7, 0xF8, 0xFE, 0x1C, 0x03, 0x80, 0x70, 0x0E, 0x00, 0x00, 0x03, 0x80, 0xE0, 0x00,
    0x7F, 0x1F, 0xE7, 0x3D, 0xC7, 0x71, 0xDC, 0xF7, 0xF9, 0xFC, 0x70, 0x1C, 0x07, 0x01, 0xC0, 0x70,
    0x00, 0x00, 0x01, 0xC0, 0x38, 0x00, 0x07, 0xF0, 0xFF, 0x1E, 0xF3, 0x8E, 0x71, 0xCE, 0x39, 0xC7,
    0x3D, 0xE7, 0xF8, 0xFE, 0x1C, 0x03, 0x80, 0x70, 0x0E, 0x00, 0x00, 0x01, 0xC0, 0x38, 0x00, 0x07,
    0xF0, 0xFF, 0x1C, 0xF3, 0x8E, 0x71, 0xCE, 0x79, 0xFE, 0x3F, 0x87, 0x70, 0xE7, 0x1C, 0xF3, 0x8E,
    0x71, 0xE0, 0x00, 0x1C, 0x1C, 0x00, 0x7E, 0x7E, 0x78, 0x70, 0x70, 0x70, 0x70, 0x70, 0x70, 0x70,
    0x7F, 0x0F, 0xF1, 0xCF, 0x38, 0xE7, 0x1C, 0xE7, 0x9F, 0xE3, 0xF8, 0x77, 0x0E, 0x71, 0xCF, 0x38,
    0xE7, 0x1E, 0x00, 0x00, 0x00, 0x70, 0x0E, 0x00, 0x7E, 0x7E, 0x78, 0x70, 0x70, 0x70, 0x70, 0x70,
    0x70, 0x70, 0x00, 0x00, 0x70, 0x70, 0x00, 0x03, 0xF0, 0x7E, 0x00, 0x07, 0xF0, 0xFF, 0x1C, 0xF3,
    0x8E, 0x71, 0xCE, 0x79, 0xFE, 0x3F, 0x87, 0x70, 0xE7, 0x1C, 0xF3, 0x8E, 0x71, 0xE0, 0x00, 0x00,
    0x07, 0x00, 0xE0, 0x00, 0x7E, 0x7E, 0x00, 0x7E, 0x7E, 0x78, 0x70, 0x70, 0x70, 0x70, 0x70, 0x70,
    0x70, 0x00, 0x00, 0x70, 0x70, 0x7F, 0x0F, 0xF1, 0xCF, 0x38, 0xE7, 0x1C, 0xE7, 0x9F, 0xE3, 0xF8,
    0x77, 0x0E, 0x71, 0xCF, 0x38, 0xE7, 0x1E, 0x00, 0x07, 0xE0, 0xFC, 0x3F, 0x1F, 0x8F, 0x07, 0x03,
    0x81, 0xC0, 0xE0, 0x70, 0x38, 0x1C, 0x00, 0x0F, 0xC7, 0xE0, 0x00, 0x0E, 0x07, 0x00, 0x03, 0xF3,
    0xF9, 0xCC, 0xE0, 0x70, 0x3E, 0x0F, 0xC3, 0xE0, 0x78, 0x1F, 0x9F, 0xFE, 0x7E, 0x00, 0x00, 0x1C,
    0x1C, 0x00, 0x3E, 0x7E, 0x76, 0x70, 0x7C, 0x3E, 0x0F, 0x6F, 0xFE, 0x7C, 0x3F, 0x3F, 0x9C, 0xCE,
    0x07, 0x03, 0xE0, 0xFC, 0x3E, 0x07, 0x81, 0xF9, 0xFF, 0xE7, 0xE0, 0x00, 0x00, 0x38, 0x1C, 0x00,
    0x3E, 0x7E, 0x76, 0x70, 0x7C, 0x3E, 0x0F, 0x6F, 0xFE, 0x7C, 0x00, 0x00, 0x38, 0x18, 0x07, 0x9B,
    0x8F, 0x80, 0x03, 0xF3, 0xF9, 0xFC, 0xE0, 0x70, 0x3E, 0x0F, 0x81, 0xE0, 0x78, 0x1F, 0xFF, 0xFE,
    0x7E, 0x00, 0x77, 0x7E, 0x0C, 0x00, 0x3E, 0x7E, 0x72, 0x70, 0x7C, 0x3E, 0x0F, 0x47, 0xFE, 0x7C,
    0x0C, 0x06, 0x0D, 0xC7, 0xC1, 0xC0, 0x00, 0xFC, 0xFE, 0x73, 0x38, 0x1C, 0x0F, 0x83, 0xF0, 0xF8,
    0x1E, 0x07, 0xE7, 0xFF, 0x9F, 0x80, 0x18, 0x18, 0x66, 0x3C, 0x3C, 0x00, 0x3E, 0x7E, 0x76, 0x70,
    0x7C, 0x3E, 0x0F, 0x6F, 0xFE, 0x7C, 0x00, 0x0E, 0x07, 0x00, 0x03, 0xF3, 0xF9, 0xCC, 0xE0, 0x70,
    0x3E, 0x0F, 0xC3, 0xE0, 0x78, 0x1F, 0x9F, 0xFE, 0x7E, 0x00, 0x00, 0x03, 0x81, 0xC0, 0x00, 0x1C,
    0x1C, 0x00, 0x3E, 0x7E, 0x76, 0x70, 0x7C, 0x3E, 0x0F, 0x6F, 0xFE, 0x7C, 0x00, 0x00, 0x38, 0x18,
    0x00, 0x07, 0x01, 0xC0, 0x00, 0xFF, 0xBF, 0xE1, 0xC0, 0x70, 0x1C, 0x07, 0x01, 0xC0, 0x70, 0x1C,
    0x07, 0x01, 0xC0, 0x70, 0x1C, 0x00, 0x00, 0x70, 0xE0, 0x03, 0x06, 0x1F, 0xFF, 0x70, 0xE1, 0xC3,
    0x87, 0x0F, 0x0F, 0x9F, 0xFF, 0xBF, 0xE1, 0xC0, 0x70, 0x1C, 0x07, 0x01, 0xC0, 0x70, 0x1C, 0x07,
    0x01, 0xC0, 0x70, 0x1C, 0x00, 0x00, 0x00, 0x70, 0x1C, 0x00, 0x30, 0x61, 0xFF, 0xF7, 0x0E, 0x1C,
    0x38, 0x70, 0xF0, 0xF9, 0xF0, 0x00, 0x0E, 0x0C, 0xFF, 0xBF, 0xE1, 0xC0, 0x70, 0x1C, 0x07, 0x01,
    0xC0, 0x70, 0x1C, 0x07, 0x01, 0xC0, 0x70, 0x1C, 0x00, 0x03, 0xF0, 0xFC, 0x30, 0x61, 0xFF, 0xF7,
    0x0E, 0x1C, 0x38, 0x70, 0xF0, 0xF9, 0xF0, 0x0F, 0xDF, 0x80, 0xFF, 0xBF, 0xE1, 0xC0, 0x70, 0x1C,
    0x07, 0x01, 0xC0, 0x70, 0x1C, 0x07, 0x01, 0xC0, 0x70, 0x1C, 0x00, 0x01, 0xE0, 0xF8, 0x73, 0x00,
    0x30, 0x30, 0x7E, 0xFE, 0x70, 0x70, 0x70, 0x70, 0x70, 0x78, 0x3E, 0x3E, 0x00, 0x3C, 0x7E, 0x66,
    0x70, 0xE7, 0x0E, 0x70, 0xE7, 0x0E, 0x70, 0xE7, 0x0E, 0x70, 0xE7, 0x0E, 0x70, 0xE7, 0x0E, 0x3F,
    0xE3, 0xFC, 0x1F, 0x80, 0x00, 0x00, 0x01, 0xD8, 0x1D, 0x80, 0x71, 0xCE, 0x39, 0xC7, 0x38, 0xE7,
    0x1C, 0xE3, 0x9C, 0x73, 0x9E, 0x7F, 0xC7, 0xF8, 0x00, 0x00, 0x03, 0xB0, 0x76, 0x00, 0x70, 0xE7,
    0x0E, 0x70, 0xE7, 0x0E, 0x70, 0xE7, 0x0E, 0x70, 0xE7, 0x0E, 0x70, 0xE7, 0x0E, 0x3F, 0xE3, 0xFC,
    0x1F, 0x80, 0x00, 0x1E, 0xC1, 0xF8, 0x1F, 0x80, 0x71, 0xCE, 0x39, 0xC7, 0x38, 0xE7, 0x1C, 0xE3,
    0x9C, 0x73, 0x9E, 0x7F, 0xC7, 0xF8, 0x00, 0x0E, 0xC3, 0xF8, 0x7E, 0x00, 0x70, 0xE7, 0x0E, 0x70,
    0xE7, 0x0E, 0x70, 0xE7, 0x0E, 0x70, 0xE7, 0x0E, 0x70, 0xE7, 0x0E, 0x3F, 0xE3, 0xFC, 0x1F, 0x80,
    0x00, 0x0F, 0x01, 0xF8, 0x19, 0xC0, 0x71, 0xCE, 0x39, 0xC7, 0x38, 0xE7, 0x1C, 0xE3, 0x9C, 0x73,
    0x9E, 0x7F, 0xC7, 0xF8, 0x00, 0x0F, 0x01, 0xF0, 0x67, 0x00, 0x03, 0x80, 0x70, 0x00, 0x00, 0xE8,
    0x1F, 0x80, 0x00, 0x70, 0xE7, 0x0E, 0x70, 0xE7, 0x0E, 0x70, 0xE7, 0x0E, 0x70, 0xE7, 0x0E, 0x70,
    0xE7, 0x0E, 0x3F, 0xE3, 0xFC, 0x1F, 0x80, 0x07, 0x01, 0xC0, 0x00, 0x0E, 0x83, 0xF0, 0x00, 0x1C,
    0x73, 0x8E, 0x71, 0xCE, 0x39, 0xC7, 0x38, 0xE7, 0x1C, 0xE7, 0x9F, 0xF1, 0xFE, 0x1D, 0x81, 0xD8,
    0x00, 0x01, 0xF8, 0x1F, 0x80, 0x00, 0x70, 0xE7, 0x0E, 0x70, 0xE7, 0x0E, 0x70, 0xE7, 0x0E, 0x70,
    0xE7, 0x0E, 0x70, 0xE7, 0x0E, 0x3F, 0xE3, 0xFC, 0x1F, 0x80, 0x1B, 0x07, 0x60, 0x00, 0x1F, 0x83,
    0xF0, 0x00, 0x1C, 0x73, 0x8E, 0x71, 0xCE, 0x39, 0xC7, 0x38, 0xE7, 0x1C, 0xE7, 0x9F, 0xF1, 0xFE,
    0x1D, 0x87, 0xF0, 0xDC, 0x00, 0x0E, 0x0F, 0xC3, 0xDC, 0x73, 0x8E, 0x71, 0xCE, 0x70, 0xEE, 0x1D,
    0xC3, 0xB0, 0x3E, 0x07, 0xC0, 0xF8, 0x0E, 0x00, 0x3B, 0x1F, 0xC6, 0xE0, 0x00, 0xE3, 0xB8, 0xE7,
    0x39, 0xDC, 0x77, 0x0F, 0xC3, 0xE0, 0xF8, 0x1E, 0x07, 0x00, 0xE0, 0xFC, 0x3D, 0xC7, 0x38, 0xE7,
    0x1C, 0xE7, 0x0E, 0xE1, 0xDC, 0x3B, 0x03, 0xE0, 0x7C, 0x0F, 0x80, 0xE0, 0x00, 0x00, 0x00, 0x70,
    0x0E, 0x00, 0xE3, 0xB8, 0xE7, 0x39, 0xDC, 0x77, 0x0F, 0xC3, 0xE0, 0xF8, 0x1E, 0x07, 0x00, 0x00,
    0x00, 0x1C, 0x07, 0x00, 0x07, 0x80, 0x01, 0xC0, 0x00, 0x70, 0x00, 0x00, 0x0E, 0x1C, 0x77, 0x1E,
    0x3B, 0x8F, 0x1C, 0xE7, 0x8E, 0x73, 0xEE, 0x3B, 0xF7, 0x1D, 0xFB, 0x8E, 0xED, 0xC3, 0xE7, 0xC1,
    0xF3, 0xE0, 0xF9, 0xF0, 0x7C, 0x78, 0x1C, 0x38, 0x00, 0x0F, 0x00, 0x0E, 0x00, 0x0E, 0x00, 0x00,
    0x0E, 0x79, 0xDC, 0xF3, 0x9D, 0xE7, 0x3B, 0xEC, 0x7F, 0xF8, 0xFD, 0xF0, 0xF3, 0xE1, 0xE7, 0x83,
    0xCF, 0x07, 0x9E, 0x00, 0x00, 0xF0, 0x00, 0xF0, 0x00, 0x60, 0x00, 0x00, 0x0E, 0x1C, 0x77, 0x1E,
    0x3B, 0x8F, 0x1C, 0xE7, 0x8E, 0x73, 0xEE, 0x3B, 0xF7, 0x1D, 0xFB, 0x8E, 0xED, 0xC3, 0xE7, 0xC1,
    0xF3, 0xE0, 0xF9, 0xF0, 0x7C, 0x78, 0x1C, 0x38, 0x00, 0x01, 0xE0, 0x03, 0x80, 0x0E, 0x00, 0x00,
    0x0E, 0x79, 0xDC, 0xF3, 0x9D, 0xE7, 0x3B, 0xEC, 0x7F, 0xF8, 0xFD, 0xF0, 0xF3, 0xE1, 0xE7, 0x83,
    0xCF, 0x07, 0x9E, 0x00, 0x00, 0x00, 0x03, 0xF0, 0x01, 0xD8, 0x00, 0x00, 0x0E, 0x1C, 0x77, 0x1E,
    0x3B, 0x8F, 0x1C, 0xE7, 0x8E, 0x73, 0xEE, 0x3B, 0xF7, 0x1D, 0xFB, 0x8E, 0xED, 0xC3, 0xE7, 0xC1,
    0xF3, 0xE0, 0xF9, 0xF0, 0x7C, 0x78, 0x1C, 0x38, 0x00, 0x00, 0x00, 0x1D, 0x80, 0x3B, 0x00, 0x00,
    0x0E, 0x79, 0xDC, 0xF3, 0x9D, 0xE7, 0x3B, 0xEC, 0x7F, 0xF8, 0xFD, 0xF0, 0xF3, 0xE1, 0xE7, 0x83,
    0xCF, 0x07, 0x9E, 0x00, 0x00, 0x00, 0x00, 0xE0, 0x00, 0x70, 0x00, 0x00, 0x0E, 0x1C, 0x77, 0x1E,
    0x3B, 0x8F, 0x1C, 0xE7, 0x8E, 0x73, 0xEE, 0x3B, 0xF7, 0x1D, 0xFB, 0x8E, 0xED, 0xC3, 0xE7, 0xC1,
    0xF3, 0xE0, 0xF9, 0xF0, 0x7C, 0x78, 0x1C, 0x38, 0x00, 0x00, 0x00, 0x07, 0x00, 0x0E, 0x00, 0x00,
    0x0E, 0x79, 0xDC, 0xF3, 0x9D, 0xE7, 0x3B, 0xEC, 0x7F, 0xF8, 0xFD, 0xF0, 0xF3, 0xE1, 0xE7, 0x83,
    0xCF, 0x07, 0x9E, 0x00, 0xE1, 0xC7, 0x71, 0xE3, 0xB8, 0xF1, 0xCE, 0x78, 0xE7, 0x3E, 0xE3, 0xBF,
    0x71, 0xDF, 0xB8, 0xEE, 0xDC, 0x3E, 0x7C, 0x1F, 0x3E, 0x0F, 0x9F, 0x07, 0xC7, 0x81, 0xC3, 0x80,
    0x00, 0x00, 0x00, 0x00, 0x03, 0x80, 0x01, 0x80, 0x00, 0xE7, 0x9D, 0xCF, 0x39, 0xDE, 0x73, 0xBE,
    0xC7, 0xFF, 0x8F, 0xDF, 0x0F, 0x3E, 0x1E, 0x78, 0x3C, 0xF0, 0x79, 0xE0, 0x00, 0x00, 0x00, 0x00,
    0x38, 0x00, 0x70, 0x00, 0x00, 0x01, 0xC0, 0x38, 0x00, 0x0F, 0x1C, 0xE3, 0x9E, 0xE1, 0xDC, 0x3F,
    0x03, 0xE0, 0x78, 0x0F, 0x83, 0xF0, 0x77, 0x1C, 0xF3, 0x8E, 0xE1, 0xE0, 0x00, 0x07, 0x01, 0xC0,
    0x00, 0xF3, 0x9D, 0xE7, 0xF0, 0xF8, 0x1E, 0x0F, 0x83, 0xF1, 0xFC, 0x77, 0xB8, 0xE0, 0x00, 0x07,
    0x60, 0xEC, 0x00, 0x0F, 0x1C, 0xE3, 0x9E, 0xE1, 0xDC, 0x3F, 0x03, 0xE0, 0x78, 0x0F, 0x83, 0xF0,
    0x77, 0x1C, 0xF3, 0x8E, 0xE1, 0xE0, 0x00, 0x0D, 0xC3, 0x70, 0x00, 0xF3, 0x9D, 0xE7, 0xF0, 0xF8,
    0x1E, 0x0F, 0x83, 0xF1, 0xFC, 0x77, 0xB8, 0xE0, 0x00, 0x01, 0xC0, 0x38, 0x00, 0x0E, 0x1D, 0xE3,
    0x9C, 0xE3, 0xDC, 0x3F, 0x07, 0xE0, 0x78, 0x0F, 0x00, 0xE0, 0x1C, 0x03, 0x80, 0x70, 0x0E, 0x00,
    0x00, 0x07, 0x01, 0xC0, 0x00, 0xE3, 0xB8, 0xE7, 0x39, 0xDC, 0x77, 0x0F, 0xC3, 0xE0, 0xF8, 0x1E,
    0x07, 0x01, 0xC0, 0xF0, 0xF8, 0x3C, 0x00, 0x1E, 0x0F, 0x87, 0x30, 0x00, 0xFF, 0xBF, 0xE0, 0x78,
    0x1C, 0x0E, 0x03, 0x81, 0xC0, 0xF0, 0x38, 0x1E, 0x07, 0x03, 0xFE, 0xFF, 0x80, 0x3C, 0x7E, 0x66,
    0x00, 0xFF, 0xFF, 0x0E, 0x1C, 0x1C, 0x38, 0x78, 0x70, 0xFF, 0xFF, 0xFF, 0xBF, 0xE0, 0x78, 0x1C,
    0x0E, 0x03, 0x81, 0xC0, 0xF0, 0x38, 0x1E, 0x07, 0x03, 0xFE, 0xFF, 0x80, 0x00, 0x00, 0x70, 0x0C,
    0x00, 0xFF, 0xFF, 0x0E, 0x1C, 0x1C, 0x38, 0x78, 0x70, 0xFF, 0xFF, 0x00, 0x00, 0x1C, 0x18, 0xFF,
    0xBF, 0xE0, 0x78, 0x1C, 0x0E, 0x03, 0x81, 0xC0, 0xF0, 0x38, 0x1E, 0x07, 0x03, 0xFE, 0xFF, 0x80,
    0x03, 0xF0, 0xFC, 0xFF, 0xFF, 0x0E, 0x1C, 0x1C, 0x38, 0x78, 0x70, 0xFF, 0xFF, 0x00, 0x7E, 0x7E,
    0x70, 0x0E, 0x01, 0xC0, 0x38, 0x07, 0xF8, 0xFF, 0x1E, 0xF3, 0x8E, 0x71, 0xCE, 0x39, 0xC7, 0x38,
    0xE7, 0x1C, 0xE3, 0x80, 0x01, 0xF8, 0x3F, 0x00, 0x01, 0xDB, 0xB0, 0x03, 0x06, 0x1F, 0xFF, 0x70,
    0xE1, 0xC3, 0x87, 0x0F, 0x0F, 0x9F, 0x07, 0x80, 0x0F, 0x00, 0x1A, 0x00, 0x3C, 0x00, 0x00, 0x1C,
    0xF3, 0xB9, 0xE7, 0x3B, 0xCE, 0x77, 0xD8, 0xFF, 0xF1, 0xFB, 0xE1, 0xE7, 0xC3, 0xCF, 0x07, 0x9E,
    0x0F, 0x3C, 0x00, 0x1C, 0x0F, 0x83, 0x60, 0x78, 0x00, 0x38, 0xEE, 0x39, 0xCE, 0x77, 0x1D, 0xC3,
    0xF0, 0xF8, 0x3E, 0x07, 0x81, 0xC0, 0x70, 0x3C, 0x3E, 0x0F, 0x00, 0x00, 0xC0, 0x1C, 0x01, 0x80,
    0x60, 0x00, 0x7E, 0x0F, 0xC1, 0xBC, 0x03, 0x87, 0xF1, 0xFE, 0x39, 0xCF, 0x78, 0xFF, 0x1F, 0x60,
    0x00, 0x38, 0x71, 0xF7, 0xEE, 0x1C, 0x38, 0x70, 0xE1, 0xC3, 0x87, 0x0E, 0x1C, 0x38, 0x70, 0x1F,
    0x3F, 0x38, 0x38, 0x38, 0x3E, 0x3E, 0x78, 0x78, 0x38, 0x38, 0x38, 0x38, 0x38, 0x3E, 0x7D, 0xE3,
    0x8F, 0xDF, 0x9C, 0x38, 0x70, 0xE1, 0xC3, 0x87, 0x0E, 0x00, 0x1F, 0x81, 0xFE, 0x0E, 0x78, 0xE1,
    0xC7, 0x1C, 0x39, 0xE1, 0xCF, 0xCE, 0x1E, 0x70, 0x73, 0x83, 0x9D, 0x3C, 0xEF, 0xE7, 0x7E, 0x00,
    0x1F, 0x0F, 0xE3, 0xB8, 0xE0, 0x3C, 0x07, 0x83, 0xF1, 0xCE, 0x73, 0xB8, 0xFF, 0x3D, 0xCE, 0x7F,
    0x8F, 0xC0, 0x0F, 0x01, 0xF0, 0x1F, 0x01, 0xF8, 0x3B, 0x83, 0xB8, 0x39, 0xC7, 0x9C, 0x7F, 0xC7,
    0xFE, 0x70, 0xEE, 0x0E, 0xE0, 0xE0, 0x00, 0x00, 0x00, 0xE0, 0x0E, 0x00, 0x3F, 0x0F, 0xC3, 0x78,
    0x0E, 0x3F, 0x9F, 0xE7, 0x3B, 0xDE, 0x7F, 0x9F, 0x60, 0x00, 0x00, 0x1C, 0x07, 0x00, 0x0E, 0x00,
    0xF0, 0x07, 0x00, 0x60, 0x00, 0x00, 0xF0, 0x1F, 0x01, 0xF0, 0x1F, 0x83, 0xB8, 0x3B, 0x83, 0x9C,
    0x79, 0xC7, 0xFC, 0x7F, 0xE7, 0x0E, 0xE0, 0xEE, 0x0E, 0x1E, 0x01, 0x80, 0xE0, 0x30, 0x00, 0x0F,
    0xC3, 0xF0, 0xDE, 0x03, 0x8F, 0xE7, 0xF9, 0xCE, 0xF7, 0x9F, 0xE7, 0xD8, 0x00, 0x60, 0xEC, 0x1F,
    0x01, 0xB8, 0x00, 0x00, 0xF0, 0x1F, 0x01, 0xF0, 0x1F, 0x83, 0xB8, 0x3B, 0x83, 0x9C, 0x79, 0xC7,
    0xFC, 0x7F, 0xE7, 0x0E, 0xE0, 0xEE, 0x0E, 0x00, 0xC3, 0xF8, 0xF8, 0x19, 0x80, 0x00, 0x7E, 0x0F,
    0xC1, 0xBC, 0x03, 0x87, 0xF1, 0xFE, 0x39, 0xCF, 0x78, 0xFF, 0x1F, 0x60, 0xE0, 0x06, 0xE0, 0x1F,
    0x01, 0x98, 0x00, 0x00, 0xF0, 0x1F, 0x01, 0xF0, 0x1F, 0x83, 0xB8, 0x3B, 0x83, 0x9C, 0x79, 0xC7,
    0xFC, 0x7F, 0xE7, 0x0E, 0xE0, 0xEE, 0x0E, 0x60, 0x0F, 0xE0, 0x7C, 0x0C, 0xC0, 0x00, 0x3F, 0x07,
    0xE0, 0xDE, 0x01, 0xC3, 0xF8, 0xFF, 0x1C, 0xE7, 0xBC, 0x7F, 0x8F, 0xB0, 0x00, 0xC0, 0x06, 0x0E,
    0xC1, 0xF0, 0x19, 0x80, 0x00, 0x0F, 0x01, 0xF0, 0x1F, 0x01, 0xF8, 0x3B, 0x83, 0xB8, 0x39, 0xC7,
    0x9C, 0x7F, 0xC7, 0xFE, 0x70, 0xEE, 0x0E, 0xE0, 0xE0, 0x01, 0xC0, 0x31, 0xF8, 0xF8, 0x33, 0x00,
    0x03, 0xF0, 0xFC, 0x37, 0x80, 0xE3, 0xF9, 0xFE, 0x73, 0xBD, 0xE7, 0xF9, 0xF6, 0x00, 0x01, 0xD8,
    0x1F, 0x00, 0x60, 0x0F, 0x01, 0xB8, 0x00, 0x00, 0xF0, 0x1F, 0x01, 0xF0, 0x1F, 0x83, 0xB8, 0x3B,
    0x83, 0x9C, 0x79, 0xC7, 0xFC, 0x7F, 0xE7, 0x0E, 0xE0, 0xEE, 0x0E, 0x00, 0x0F, 0xC3, 0xF0, 0x78,
    0x1E, 0x0C, 0xC0, 0x00, 0xFC, 0x3F, 0x0D, 0xE0, 0x38, 0xFE, 0x7F, 0x9C, 0xEF, 0x79, 0xFE, 0x7D,
    0x80, 0x0F, 0x01, 0xF0, 0x3B, 0x80, 0x00, 0x0F, 0x01, 0xF0, 0x1F, 0x01, 0xF8, 0x3B, 0x83, 0xB8,
    0x39, 0xC7, 0x9C, 0x7F, 0xC7, 0xFE, 0x70, 0xEE, 0x0E, 0xE0, 0xE0, 0x00, 0x00, 0x00, 0xE0, 0x0E,
    0x00, 0x1E, 0x0F, 0xC3, 0x30, 0x00, 0x3F, 0x0F, 0xC3, 0x78, 0x0E, 0x3F, 0x9F, 0xE7, 0x3B, 0xDE,
    0x7F, 0x9F, 0x60, 0x00, 0x00, 0x1C, 0x07, 0x00, 0x00, 0x00, 0x70, 0x17, 0x81, 0x98, 0x1F, 0x00,
    0x00, 0x0F, 0x01, 0xF0, 0x1F, 0x01, 0xF8, 0x3B, 0x83, 0xB8, 0x39, 0xC7, 0x9C, 0x7F, 0xC7, 0xFE,
    0x70, 0xEE, 0x0E, 0xE0, 0xE0, 0x00, 0x01, 0x83, 0xF0, 0xCC, 0x1E, 0x00, 0x03, 0xF0, 0xFC, 0x37,
    0x80, 0xE3, 0xF9, 0xFE, 0x73, 0xBC, 0xE7, 0xF9, 0xFE, 0x00, 0x00, 0xC0, 0x17, 0x81, 0x98, 0x1F,
    0x00, 0x00, 0x0F, 0x01, 0xF0, 0x1F, 0x01, 0xF8, 0x3B, 0x83, 0xB8, 0x39, 0xC7, 0x9C, 0x7F, 0xC7,
    0xFE, 0x70, 0xEE, 0x0E, 0xE0, 0xE0, 0x00, 0x06, 0x03, 0xF0, 0xCC, 0x1E, 0x00, 0x03, 0xF0, 0xFC,
    0x37, 0x80, 0xE3, 0xF9, 0xFE, 0x73, 0xBC, 0xE7, 0xF9, 0xFE, 0x0E, 0x00, 0x60, 0x17, 0x81, 0x98,
    0x1F, 0x00, 0x00, 0x0F, 0x01, 0xF0, 0x1F, 0x01, 0xF8, 0x3B, 0x83, 0xB8, 0x39, 0xC7, 0x9C, 0x7F,
    0xC7, 0xFE, 0x70, 0xEE, 0x0E, 0xE0, 0xE0, 0x0C, 0x03, 0x03, 0xF0, 0xCC, 0x1E, 0x00, 0x03, 0xF0,
    0xFC, 0x37, 0x80, 0xE3, 0xF9, 0xFE, 0x73, 0xBC, 0xE7, 0xF9, 0xFE, 0x00, 0x01, 0xD8, 0x1F, 0x81,
    0x10, 0x19, 0x81, 0xF0, 0x00, 0x00, 0xF0, 0x1F, 0x01, 0xF0, 0x1F, 0x83, 0xB8, 0x3B, 0x83, 0x9C,
    0x79, 0xC7, 0xFC, 0x7F, 0xE7, 0x0E, 0xE0, 0xEE, 0x0E, 0x00, 0x0F, 0xC3, 0xF0, 0xCC, 0x33, 0x07,
    0x80, 0x00, 0xFC, 0x3F, 0x0D, 0xE0, 0x38, 0xFE, 0x7F, 0x9C, 0xEF, 0x39, 0xFE, 0x7F, 0x80, 0x39,
    0x81, 0xF8, 0x0F, 0x00, 0x00, 0x0F, 0x01, 0xF0, 0x1F, 0x01, 0xF8, 0x3B, 0x83, 0xB8, 0x39, 0xC7,
    0x9C, 0x7F, 0xC7, 0xFE, 0x70, 0xEE, 0x0E, 0xE0, 0xE0, 0x00, 0x00, 0x00, 0xE0, 0x0E, 0x00, 0x33,
    0x0F, 0xC1, 0xE0, 0x00, 0x3F, 0x0F, 0xC3, 0x78, 0x0E, 0x3F, 0x9F, 0xE7, 0x3B, 0xDE, 0x7F, 0x9F,
    0x60, 0x00, 0x00, 0x1C, 0x07, 0x00, 0x7F, 0xBF, 0xDC, 0x0E, 0x07, 0x03, 0xF9, 0xFC, 0xE0, 0x70,
    0x38, 0x1C, 0x0F, 0xF7, 0xF8, 0x00, 0x00, 0x38, 0x1C, 0x00, 0x1E, 0x1F, 0xC7, 0x39, 0xCE, 0x7F,
    0x9F, 0xE7, 0x01, 0xE6, 0x3F, 0x87, 0xC0, 0x00, 0x00, 0x1C, 0x03, 0x00, 0x1E, 0x07, 0x03, 0x81,
    0x80, 0x03, 0xFD, 0xFE, 0xE0, 0x70, 0x38, 0x1F, 0xCF, 0xE7, 0x03, 0x81, 0xC0, 0xE0, 0x7F, 0xBF,
    0xC0, 0x1E, 0x01, 0x80, 0xE0, 0x38, 0x00, 0x07, 0x87, 0xF1, 0xCE, 0x73, 0x9F, 0xE7, 0xF9, 0xC0,
    0x79, 0x8F, 0xE1, 0xF0, 0x3F, 0x1F, 0x9B, 0xC0, 0x07, 0xFB, 0xFD, 0xC0, 0xE0, 0x70, 0x3F, 0x9F,
    0xCE, 0x07, 0x03, 0x81, 0xC0, 0xFF, 0x7F, 0x80, 0x3F, 0x0F, 0xC6, 0xF0, 0x00, 0x1E, 0x1F, 0xC7,
    0x39, 0xCE, 0x7F, 0x9F, 0xE7, 0x01, 0xE6, 0x3F, 0x87, 0xC0, 0x00, 0xC3, 0xF0, 0xF8, 0x19, 0x80,
    0x00, 0xFF, 0x1F, 0xE3, 0x80, 0x70, 0x0E, 0x01, 0xFC, 0x3F, 0x87, 0x00, 0xE0, 0x1C, 0x03, 0x80,
    0x7F, 0x8F, 0xF0, 0x00, 0xC3, 0xF8, 0x7C, 0x19, 0x80, 0x00, 0x3C, 0x1F, 0xC3, 0x9C, 0x73, 0x8F,
    0xF1, 0xFE, 0x38, 0x07, 0x98, 0x7F, 0x07, 0xC0, 0xE0, 0x1F, 0xC1, 0xF0, 0x66, 0x00, 0x0F, 0xF3,
    0xFC, 0xE0, 0x38, 0x0E, 0x03, 0xF8, 0xFE, 0x38, 0x0E, 0x03, 0x80, 0xE0, 0x3F, 0xCF, 0xF0, 0x60,
    0x0F, 0xE0, 0x3C, 0x0C, 0xC0, 0x00, 0x1E, 0x0F, 0xE1, 0xCE, 0x39, 0xC7, 0xF8, 0xFF, 0x1C, 0x03,
    0xCC, 0x3F, 0x83, 0xE0, 0x01, 0xC0, 0x31, 0xF8, 0xF8, 0x33, 0x00, 0x07, 0xF9, 0xFE, 0x70, 0x1C,
    0x07, 0x01, 0xFC, 0x7F, 0x1C, 0x07, 0x01, 0xC0, 0x70, 0x1F, 0xE7, 0xF8, 0x01, 0xC0, 0x31, 0xF8,
    0x78, 0x33, 0x00, 0x01, 0xE1, 0xFC, 0x73, 0x9C, 0xE7, 0xF9, 0xFE, 0x70, 0x1E, 0x63, 0xF8, 0x7C,
    0x00, 0x1F, 0x8F, 0xC1, 0x81, 0xE1, 0xB8, 0x00, 0xFF, 0x7F, 0xB8, 0x1C, 0x0E, 0x07, 0xF3, 0xF9,
    0xC0, 0xE0, 0x70, 0x38, 0x1F, 0xEF, 0xF0, 0x00, 0x0F, 0xC3, 0xF0, 0x78, 0x1E, 0x0C, 0xC0, 0x00,
    0x78, 0x7F, 0x1C, 0xE7, 0x39, 0xFE, 0x7F, 0x9C, 0x07, 0x98, 0xFE, 0x1F, 0x00, 0x1E, 0x1F, 0x9C,
    0xC0, 0x07, 0xFB, 0xFD, 0xC0, 0xE0, 0x70, 0x3F, 0x9F, 0xCE, 0x07, 0x03, 0x81, 0xC0, 0xFF, 0x7F,
    0x80, 0x00, 0x03, 0x81, 0xC0, 0x1E, 0x0F, 0xC7, 0x30, 0x00, 0x1E, 0x1F, 0xC7, 0x39, 0xCE, 0x7F,
    0x9F, 0xE7, 0x01, 0xE6, 0x3F, 0x87, 0xC0, 0x00, 0x00, 0x1C, 0x07, 0x00, 0x78, 0x38, 0x61, 0xC0,
    0x1F, 0xBF, 0x1C, 0x38, 0x70, 0xE1, 0xC3, 0x87, 0x0E, 0x1C, 0x7D, 0xF8, 0x71, 0xCE, 0xE0, 0x39,
    0xCE, 0x73, 0x9C, 0xE7, 0x39, 0xC0, 0xFD, 0xF8, 0xE1, 0xC3, 0x87, 0x0E, 0x1C, 0x38, 0x70, 0xE3,
    0xEF, 0xC0, 0x00, 0x1C, 0x38, 0x73, 0x80, 0x07, 0x39, 0xCE, 0x73, 0x9C, 0xE7, 0x38, 0x00, 0x73,
    0x80, 0x1F, 0x81, 0xFF, 0x0F, 0x78, 0xF1, 0xE7, 0x07, 0x38, 0x39, 0xC1, 0xCE, 0x0E, 0x70, 0x73,
    0xC7, 0x8F, 0x78, 0x7F, 0xC0, 0xF8, 0x00, 0x00, 0x00, 0x00, 0xE0, 0x07, 0x00, 0x1F, 0x0F, 0xE7,
    0xB9, 0xCF, 0x71, 0xDC, 0x77, 0x3D, 0xEE, 0x3F, 0x87, 0xC0, 0x00, 0x00, 0x0E, 0x03, 0x80, 0x07,
    0x00, 0x1C, 0x00, 0xE0, 0x0E, 0x00, 0x20, 0x0F, 0xC0, 0xFF, 0x87, 0xBC, 0x78, 0xF3, 0x83, 0x9C,
    0x1C, 0xE0, 0xE7, 0x07, 0x38, 0x39, 0xE3, 0xC7, 0xBC, 0x3F, 0xE0, 0x7C, 0x00, 0x1E, 0x01, 0x80,
    0x60, 0x38, 0x00, 0x07, 0xC3, 0xF9, 0xEE, 0x73, 0xDC, 0x77, 0x1D, 0xCF, 0x7B, 0x8F, 0xE1, 0xF0,
    0x00, 0x70, 0x3B, 0x03, 0xE0, 0x3B, 0x00, 0x00, 0x0F, 0xC0, 0xFF, 0x87, 0xBC, 0x78, 0xF3, 0x83,
    0x9C, 0x1C, 0xE0, 0xE7, 0x07, 0x38, 0x39, 0xE3, 0xC7, 0xBC, 0x3F, 0xE0, 0x7C, 0x00, 0x00, 0xC3,
    0xF8, 0x7C, 0x19, 0x80, 0x00, 0x3E, 0x0F, 0xE3, 0xDC, 0x73, 0xCE, 0x39, 0xC7, 0x39, 0xE7, 0xB8,
    0x7F, 0x07, 0xC0, 0x70, 0x01, 0xB8, 0x03, 0xE0, 0x3B, 0x00, 0x00, 0x0F, 0xC0, 0xFF, 0x87, 0xBC,
    0x78, 0xF3, 0x83, 0x9C, 0x1C, 0xE0, 0xE7, 0x07, 0x38, 0x39, 0xE3, 0xC7, 0xBC, 0x3F, 0xE0, 0x7C,
    0x00, 0x60, 0x0F, 0xE0, 0x3E, 0x0C, 0xC0, 0x00, 0x1F, 0x07, 0xF1, 0xEE, 0x39, 0xE7, 0x1C, 0xE3,
    0x9C, 0xF3, 0xDC, 0x3F, 0x83, 0xE0, 0x00, 0xE0, 0x03, 0x01, 0xD8, 0x1F, 0x01, 0xD8, 0x00, 0x00,
    0x7E, 0x07, 0xFC, 0x3D, 0xE3, 0xC7, 0x9C, 0x1C, 0xE0, 0xE7, 0x07, 0x38, 0x39, 0xC1, 0xCF, 0x1E,
    0x3D, 0xE1, 0xFF, 0x03, 0xE0, 0x01, 0xC0, 0x31, 0xF8, 0x7C, 0x33, 0x00, 0x01, 0xF0, 0xFE, 0x7B,
    0x9C, 0xF7, 0x1D, 0xC7, 0x73, 0xDE, 0xE3, 0xF8, 0x7C, 0x00, 0x00, 0x76, 0x07, 0xE0, 0x06, 0x00,
    0xF0, 0x06, 0xC0, 0x00, 0x03, 0xF0, 0x3F, 0xE1, 0xEF, 0x1E, 0x3C, 0xE0, 0xE7, 0x07, 0x38, 0x39,
    0xC1, 0xCE, 0x0E, 0x78, 0xF1, 0xEF, 0x0F, 0xF8, 0x1F, 0x00, 0x00, 0x0F, 0x43, 0xF0, 0x78, 0x1F,
    0x0C, 0xC0, 0x00, 0x7C, 0x3F, 0x9E, 0xE7, 0x3D, 0xC7, 0x71, 0xDC, 0xF7, 0xB8, 0xFE, 0x1F, 0x00,
    0x07, 0x00, 0x7C, 0x07, 0x70, 0x00, 0x01, 0xF8, 0x1F, 0xF0, 0xF7, 0x8F, 0x1E, 0x70, 0x73, 0x83,
    0x9C, 0x1C, 0xE0, 0xE7, 0x07, 0x3C, 0x78, 0xF7, 0x87, 0xFC, 0x0F, 0x80, 0x00, 0x00, 0x00, 0x0E,
    0x00, 0x70, 0x00, 0x1E, 0x0F, 0xC3, 0x38, 0x00, 0x1F, 0x0F, 0xE7, 0xB9, 0xCF, 0x71, 0xDC, 0x77,
    0x3D, 0xEE, 0x3F, 0x87, 0xC0, 0x00, 0x00, 0x0E, 0x03, 0x80, 0x03, 0xC0, 0x0E, 0x00, 0x70, 0x00,
    0x07, 0x1F, 0xDC, 0xFF, 0xF3, 0xDF, 0x9E, 0x3C, 0x70, 0x71, 0xC1, 0xC7, 0x07, 0x1C, 0x1C, 0x70,
    0x71, 0xE3, 0xC3, 0xDE, 0x0F, 0xF8, 0x0F, 0x80, 0x07, 0x00, 0x70, 0x03, 0x1C, 0x00, 0xE1, 0xF7,
    0x1F, 0xF1, 0xEF, 0x0E, 0x78, 0x71, 0xC3, 0x8E, 0x1C, 0xF0, 0xF7, 0x03, 0xF8, 0x0F, 0x80, 0x1E,
    0x00, 0x38, 0x00, 0x70, 0x00, 0x07, 0x1F, 0xDC, 0xFF, 0xF3, 0xDF, 0x9E, 0x3C, 0x70, 0x71, 0xC1,
    0xC7, 0x07, 0x1C, 0x1C, 0x70, 0x71, 0xE3, 0xC3, 0xDE, 0x0F, 0xF8, 0x0F, 0x80, 0x38, 0x00, 0xE0,
    0x03, 0x9C, 0x00, 0xE1, 0xF7, 0x1F, 0xF1, 0xEF, 0x0E, 0x78, 0x71, 0xC3, 0x8E, 0x1C, 0xF0, 0xF7,
    0x03, 0xF8, 0x0F, 0x80, 0x07, 0x00, 0x0E, 0x00, 0x38, 0x01, 0xC0, 0x00, 0x1C, 0x7F, 0x73, 0xFF,
    0xCF, 0x7E, 0x78, 0xF1, 0xC1, 0xC7, 0x07, 0x1C, 0x1C, 0x70, 0x71, 0xC1, 0xC7, 0x8F, 0x0F, 0x78,
    0x3F, 0xE0, 0x3E, 0x00, 0x1E, 0x00, 0x30, 0x03, 0x80, 0x18, 0xE0, 0x07, 0x0F, 0xB8, 0xFF, 0x8F,
    0x78, 0x73, 0xC3, 0x8E, 0x1C, 0x70, 0xE7, 0x87, 0xB8, 0x1F, 0xC0, 0x7C, 0x00, 0x0E, 0xC0, 0x7F,
    0x01, 0xB8, 0x00, 0x07, 0x1F, 0xDC, 0xFF, 0xF3, 0xDF, 0x9E, 0x3C, 0x70, 0x71, 0xC1, 0xC7, 0x07,
    0x1C, 0x1C, 0x70, 0x71, 0xE3, 0xC3, 0xDE, 0x0F, 0xF8, 0x0F, 0x80, 0x3D, 0x81, 0xF8, 0x0F, 0xDC,
    0x00, 0xE1, 0xF7, 0x1F, 0xF1, 0xEF, 0x0E, 0x78, 0x71, 0xC3, 0x8E, 0x1C, 0xF0, 0xF7, 0x03, 0xF8,
    0x0F, 0x80, 0x00, 0x1C, 0x7F, 0x73, 0xFF, 0xCF, 0x7E, 0x78, 0xF1, 0xC1, 0xC7, 0x07, 0x1C, 0x1C,
    0x70, 0x71, 0xC1, 0xC7, 0x8F, 0x0F, 0x78, 0x3F, 0xE0, 0x3E, 0x00, 0x00, 0x00, 0x00, 0x07, 0x00,
    0x1C, 0x00, 0x00, 0x70, 0x03, 0x87, 0xDC, 0x7F, 0xC7, 0xBC, 0x39, 0xE1, 0xC7, 0x0E, 0x38, 0x73,
    0xC3, 0xDC, 0x0F, 0xE0, 0x3E, 0x00, 0x00, 0x00, 0x00, 0x38, 0x01, 0xC0, 0x70, 0xE7, 0x0E, 0x70,
    0xE7, 0x0E, 0x70, 0xE7, 0x0E, 0x70, 0xE7, 0x0E, 0x70, 0xE7, 0x0E, 0x3F, 0xE3, 0xFC, 0x1F, 0x80,
    0x00, 0x00, 0x00, 0x70, 0x07, 0x00, 0x71, 0xCE, 0x39, 0xC7, 0x38, 0xE7, 0x1C, 0xE3, 0x9C, 0x73,
    0x9E, 0x7F, 0xC7, 0xF8, 0x00, 0x00, 0x00, 0xE0, 0x1C, 0x00, 0x0F, 0x00, 0x30, 0x07, 0x00, 0x60,
    0x00, 0x07, 0x0E, 0x70, 0xE7, 0x0E, 0x70, 0xE7, 0x0E, 0x70, 0xE7, 0x0E, 0x70, 0xE7, 0x0E, 0x70,
    0xE3, 0xFE, 0x3F, 0xC1, 0xF8, 0x0E, 0x00, 0xE0, 0x1C, 0x07, 0x00, 0x00, 0xE3, 0x9C, 0x73, 0x8E,
    0x71, 0xCE, 0x39, 0xC7, 0x38, 0xE7, 0x3C, 0xFF, 0x8F, 0xF0, 0x03, 0x80, 0x0E, 0x00, 0x18, 0x00,
    0x00, 0x77, 0x0E, 0xEE, 0x1F, 0x9C, 0x3F, 0x38, 0x78, 0x70, 0xE0, 0xE1, 0xC1, 0xC3, 0x83, 0x87,
    0x07, 0x0E, 0x0F, 0x1C, 0x0F, 0xF8, 0x1F, 0xE0, 0x1F, 0x80, 0x07, 0x80, 0x1C, 0x00, 0xE1, 0x80,
    0x0E, 0x71, 0xF9, 0xC7, 0xE7, 0x1E, 0x1C, 0x70, 0x71, 0xC1, 0xC7, 0x07, 0x1C, 0x1C, 0xF0, 0x7F,
    0xC0, 0xFF, 0x00, 0x1C, 0x00, 0x1C, 0x00, 0x1C, 0x00, 0x00, 0x77, 0x0E, 0xEE, 0x1F, 0x9C, 0x3F,
    0x38, 0x78, 0x70, 0xE0, 0xE1, 0xC1, 0xC3, 0x83, 0x87, 0x07, 0x0E, 0x0F, 0x1C, 0x0F, 0xF8, 0x1F,
    0xE0, 0x1F, 0x80, 0x38, 0x00, 0x70, 0x00, 0xE1, 0x80, 0x0E, 0x71, 0xF9, 0xC7, 0xE7, 0x1E, 0x1C,
    0x70, 0x71, 0xC1, 0xC7, 0x07, 0x1C, 0x1C, 0xF0, 0x7F, 0xC0, 0xFF, 0x00, 0x0F, 0x00, 0x06, 0x00,
    0x1C, 0x00, 0x30, 0x00, 0x00, 0xEE, 0x1D, 0xDC, 0x3F, 0x38, 0x7E, 0x70, 0xF0, 0xE1, 0xC1, 0xC3,
    0x83, 0x87, 0x07, 0x0E, 0x0E, 0x1C, 0x1E, 0x38, 0x1F, 0xF0, 0x3F, 0xC0, 0x3F, 0x00, 0x0E, 0x00,
    0x1C, 0x00, 0x70, 0x03, 0x86, 0x00, 0x39, 0xC7, 0xE7, 0x1F, 0x9C, 0x78, 0x71, 0xC1, 0xC7, 0x07,
    0x1C, 0x1C, 0x70, 0x73, 0xC1, 0xFF, 0x03, 0xFC, 0x00, 0x1E, 0xC0, 0x3F, 0x80, 0x7E, 0x00, 0x00,
    0x77, 0x0E, 0xEE, 0x1F, 0x9C, 0x3F, 0x38, 0x78, 0x70, 0xE0, 0xE1, 0xC1, 0xC3, 0x83, 0x87, 0x07,
    0x0E, 0x0F, 0x1C, 0x0F, 0xF8, 0x1F, 0xE0, 0x1F, 0x80, 0x1D, 0x80, 0xFE, 0x03, 0x71, 0x80, 0x0E,
    0x71, 0xF9, 0xC7, 0xE7, 0x1E, 0x1C, 0x70, 0x71, 0xC1, 0xC7, 0x07, 0x1C, 0x1C, 0xF0, 0x7F, 0xC0,
    0xFF, 0x00, 0x00, 0x0E, 0xE1, 0xDD, 0xC3, 0xF3, 0x87, 0xE7, 0x0F, 0x0E, 0x1C, 0x1C, 0x38, 0x38,
    0x70, 0x70, 0xE0, 0xE1, 0xC1, 0xE3, 0x81, 0xFF, 0x03, 0xFC, 0x03, 0xF0, 0x00, 0x00, 0x00, 0x00,
    0x07, 0x00, 0x0E, 0x00, 0x00, 0x18, 0x00, 0xE7, 0x1F, 0x9C, 0x7E, 0x71, 0xE1, 0xC7, 0x07, 0x1C,
    0x1C, 0x70, 0x71, 0xC1, 0xCF, 0x07, 0xFC, 0x0F, 0xF0, 0x00, 0x00, 0x00, 0x00, 0xE0, 0x03, 0x80,
    0x3C, 0x03, 0x80, 0x38, 0x00, 0x0E, 0x1D, 0xE3, 0x9C, 0xE3, 0xDC, 0x3F, 0x07, 0xE0, 0x78, 0x0F,
    0x00, 0xE0, 0x1C, 0x03, 0x80, 0x70, 0x0E, 0x00, 0x38, 0x07, 0x00, 0xE0, 0x00, 0xE3, 0xB8, 0xE7,
    0x39, 0xDC, 0x77, 0x0F, 0xC3, 0xE0, 0xF8, 0x1E, 0x07, 0x01, 0xC0, 0xF0, 0xF8, 0x3C, 0x00, 0xE1,
    0xDE, 0x39, 0xCE, 0x3D, 0xC3, 0xF0, 0x7E, 0x07, 0x80, 0xF0, 0x0E, 0x01, 0xC0, 0x38, 0x07, 0x00,
    0xE0, 0x00, 0x00, 0x00, 0x70, 0x0E, 0x00, 0xE3, 0xB8, 0xE7, 0x39, 0xDC, 0x77, 0x0F, 0xC3, 0xE0,
    0xF8, 0x1E, 0x07, 0x01, 0xC0, 0xF0, 0xFB, 0xBC, 0xE0, 0x1E, 0x00, 0xC0, 0x38, 0x06, 0x00, 0x01,
    0xC3, 0xBC, 0x73, 0x9C, 0x7B, 0x87, 0xE0, 0xFC, 0x0F, 0x01, 0xE0, 0x1C, 0x03, 0x80, 0x70, 0x0E,
    0x01, 0xC0, 0x1C, 0x07, 0x80, 0xE0, 0x30, 0x00, 0x38, 0xEE, 0x39, 0xCE, 0x77, 0x1D, 0xC3, 0xF0,
    0xF8, 0x3E, 0x07, 0x81, 0xC0, 0x70, 0x3C, 0x3E, 0x0F, 0x00, 0x3D, 0x87, 0xE0, 0xFC, 0x00, 0x0E,
    0x1D, 0xE3, 0x9C, 0xE3, 0xDC, 0x3F, 0x07, 0xE0, 0x78, 0x0F, 0x00, 0xE0, 0x1C, 0x03, 0x80, 0x70,
    0x0E, 0x00, 0x3F, 0x1F, 0xC6, 0xE0, 0x00, 0xE3, 0xB8, 0xE7, 0x39, 0xDC, 0x77, 0x0F, 0xC3, 0xE0,
    0xF8, 0x1E, 0x07, 0x01, 0xC0, 0xF0, 0xF8, 0x3C, 0x00, 0x73, 0x81, 0xCE, 0x07, 0x38, 0x1C, 0xE0,
    0x73, 0x81, 0xCE, 0x07, 0x38, 0x1C, 0xE0, 0x73, 0x81, 0xCE, 0x07, 0x3C, 0x1C, 0xFF, 0x73, 0xFC,
    0x73, 0x8E, 0x73, 0xFF, 0x7F, 0xE7, 0x38, 0xE7, 0x1C, 0xE3, 0x9C, 0x73, 0x8E, 0x71, 0xCE, 0x39,
    0xC7, 0x38, 0xE7, 0x00, 0x00, 0x00, 0xE0, 0x1E, 0x03, 0x80, 0x7B, 0xC7, 0x3E, 0x71, 0xE7, 0x0F,
    0x70, 0x77, 0x0F, 0x78, 0xE3, 0xDE, 0x3F, 0xC0, 0xF8, 0x00, 0x01, 0x80, 0xF0, 0x70, 0x38, 0x1E,
    0x07, 0xF1, 0xFE, 0x73, 0xDC, 0x77, 0x1D, 0xC7, 0x7B, 0xCF, 0xE1, 0xF0, 0xF0, 0xEE, 0x3D, 0xC7,
    0x1C, 0xE3, 0xB8, 0x3F, 0x07, 0xE0, 0xF8, 0x7F, 0x0F, 0xC3, 0xB8, 0x7E, 0x07, 0x80, 0x71, 0xEF,
    0x38, 0xE7, 0x1C, 0xE1, 0xF8, 0x3F, 0x07, 0xE0, 0x78, 0x0F, 0x07, 0xE1, 0xF8, 0x37, 0x07, 0xC0,
    0xF0, 0x00, 0x00, 0xBF, 0xAE, 0x63, 0x18, 0xC6, 0x31, 0x8C, 0x63, 0x00, 0x02, 0x3E, 0xB3, 0x8C,
    0x63, 0x18, 0xC6, 0x31, 0x8C, 0x60, 0x03, 0xEF, 0x80, 0x00, 0x00, 0x00, 0x03, 0xEF, 0x80, 0x00,
    0x00, 0x00, 0x00, 0x3F, 0xEF, 0xF8, 0x00, 0x00, 0x00, 0x00, 0x00, 0x00, 0x00, 0x7F, 0xFF, 0xE0,
    0x00, 0x00, 0x00, 0x00, 0x00, 0x00, 0x3F, 0xFF, 0xFF, 0xFF, 0xFC, 0x00, 0x00, 0x00, 0x00, 0x00,
    0x00, 0x00, 0x00, 0x00, 0x00, 0x00, 0x3F, 0xFF, 0xFF, 0xFF, 0xFC, 0x00, 0x00, 0x00, 0x00, 0x00,
    0x00, 0x00, 0x00, 0x00, 0x73, 0x9C, 0xE7, 0x39, 0xCE, 0x73, 0x9C, 0xE7, 0x39, 0xCE, 0x73, 0x9C,
    0xE7, 0x39, 0xCE, 0x73, 0x9C, 0xE7, 0x39, 0xCE, 0x73, 0x9C, 0xE0, 0x00, 0x3F, 0xC0, 0x0F, 0xF0,
    0x00, 0x77, 0x6E, 0xE0, 0x00, 0x00, 0x00, 0x00, 0x77, 0x6E, 0xE0, 0x00, 0x00, 0x00, 0x00, 0x73,
    0x9C, 0xCE, 0x00, 0xEE, 0x67, 0x70, 0x00, 0x00, 0x00, 0x00, 0x77, 0x77, 0x66, 0xEE, 0xEE, 0x00,
    0x00, 0x00, 0x00, 0x00, 0x00, 0x00, 0x00, 0x77, 0x77, 0x6E, 0xEE, 0xEE, 0x00, 0x00, 0x00, 0x00,
    0x00, 0x00, 0x00, 0x00, 0x77, 0x3B, 0x9D, 0xCC, 0xCE, 0xE0, 0xEE, 0xEE, 0x66, 0x77, 0x77, 0x00,
    0x00, 0x00, 0x00, 0x00, 0x00, 0x00, 0x00, 0x1C, 0x0E, 0x07, 0x0F, 0xE7, 0xF3, 0xF8, 0x70, 0x38,
    0x1C, 0x0E, 0x07, 0x03, 0x81, 0xC0, 0xE0, 0x1C, 0x0E, 0x07, 0x0F, 0xE7, 0xF2, 0xE8, 0x70, 0x38,
    0x1C, 0x3F, 0x9F, 0xC3, 0x81, 0xC0, 0xE0, 0x38, 0xF9, 0xF3, 0xE7, 0xC7, 0x00, 0x00, 0x00, 0x00,
    0x00, 0xC1, 0xC3, 0xE7, 0xEF, 0x1C, 0x20, 0x00, 0x00, 0x00, 0x1C, 0x0E, 0x07, 0x00, 0x73, 0x9C,
    0xE7, 0x38, 0x73, 0x9C, 0xE7, 0x39, 0xCE, 0x70, 0x73, 0x9C, 0x00, 0x00, 0x00, 0xFE, 0x31, 0x8C,
    0x63, 0x18, 0xC6, 0x31, 0x8C, 0x00, 0xF8, 0xC6, 0x31, 0x8C, 0x63, 0x18, 0xC6, 0x31, 0x80, 0x79,
    0xE7, 0x9E, 0x30, 0xC3, 0x0C, 0x30, 0xC3, 0x0C, 0x30, 0xC3, 0x00, 0x79, 0x04, 0x1E, 0x30, 0xC3,
    0x0C, 0x30, 0xC3, 0x0C, 0x30, 0xC3, 0x00, 0x78, 0x20, 0x9E, 0x30, 0xC3, 0x0C, 0x30, 0xC3, 0x0C,
    0x30, 0xC3, 0x00, 0x78, 0x70, 0x01, 0xF1, 0x80, 0x0E, 0xCE, 0x00, 0x3B, 0x30, 0x00, 0xED, 0xC0,
    0x03, 0xB6, 0xF3, 0xC7, 0xFF, 0xEF, 0x9E, 0xDF, 0xF6, 0x07, 0x6F, 0xD8, 0x19, 0xBF, 0x60, 0xE7,
    0xFD, 0x83, 0x1F, 0xBE, 0x1C, 0x3C, 0x70, 0x78, 0x70, 0x00, 0x07, 0xC6, 0x00, 0x00, 0xEC, 0xE0,
    0x00, 0x0E, 0xCC, 0x00, 0x00, 0xED, 0xC0, 0x00, 0x0E, 0xDB, 0xCF, 0x1E, 0x7F, 0xFE, 0xFB, 0xF7,
    0xB7, 0xFD, 0xBF, 0x07, 0x6F, 0xDB, 0x70, 0x66, 0xFD, 0xB7, 0x0E, 0x7F, 0xDB, 0xF0, 0xC7, 0xEF,
    0xBF, 0x1C, 0x3C, 0x71, 0xE0, 0x38, 0xE7, 0x18, 0x60, 0x00, 0x00, 0x00, 0x00, 0x00, 0x00, 0x3B,
    0x8E, 0xC7, 0x71, 0x98, 0x66, 0x00, 0x00, 0x00, 0x00, 0x00, 0x00, 0x00, 0x00, 0x00, 0x00, 0x00,
    0x3B, 0xB8, 0xEE, 0xC3, 0x77, 0x1D, 0x98, 0x66, 0x60, 0x00, 0x00, 0x00, 0x00, 0x00, 0x00, 0x00,
    0x00, 0x00, 0x00, 0x00, 0x00, 0x00, 0x00, 0x70, 0x60, 0xE0, 0xC1, 0x80, 0x00, 0x00, 0x00, 0x00,
    0x00, 0x00, 0x00, 0x77, 0x06, 0xE0, 0xEC, 0x0C, 0xC1, 0x98, 0x00, 0x00, 0x00, 0x00, 0x00, 0x00,
    0x00, 0x00, 0x00, 0x00, 0x00, 0x77, 0x60, 0x6E, 0xE0, 0xEC, 0xC0, 0xCD, 0xC1, 0x99, 0x80, 0x00,
    0x00, 0x00, 0x00, 0x00, 0x00, 0x00, 0x00, 0x00, 0x00, 0x00, 0x00, 0x00, 0x00, 0x00, 0x10, 0x70,
    0xE3, 0x66, 0xD8, 0xC0, 0x00, 0x63, 0x9E, 0x71, 0xC7, 0x8E, 0x18, 0x00, 0x01, 0x87, 0x0E, 0x38,
    0xF3, 0x9C, 0x60, 0x00, 0x23, 0x88, 0xE7, 0x38, 0xEE, 0xF0, 0xE3, 0x80, 0xFE, 0x0C, 0xF9, 0x9C,
    0xF3, 0xB3, 0xE6, 0x0E, 0xE0, 0x38, 0xF0, 0xEE, 0xF3, 0x9C, 0xE2, 0x38, 0x80, 0x73, 0x9C, 0xE7,
    0x39, 0xCE, 0x73, 0x9C, 0xE7, 0x39, 0xCE, 0x73, 0x80, 0x07, 0x39, 0xCE, 0x73, 0x80, 0x7C, 0xFE,
    0xFF, 0x37, 0x36, 0x3E, 0x3C, 0x38, 0x38, 0x00, 0x38, 0x38, 0x38, 0x00, 0x1F, 0xF7, 0xFC, 0x00,
    0x00, 0x00, 0x00, 0x00, 0x00, 0x00, 0x00, 0x00, 0x00, 0x00, 0x00, 0x00, 0x00, 0x00, 0x00, 0x00,
    0x00, 0x40, 0x4C, 0x19, 0xEE, 0x0F, 0x80, 0x1F, 0x0F, 0x71, 0x83, 0x60, 0x20, 0x00, 0x00, 0x00,
    0x00, 0x00, 0x00, 0x00, 0x00, 0x00, 0x00, 0x00, 0x00, 0x00, 0x00, 0x06, 0x06, 0x0C, 0x0C, 0x18,
    0x18, 0x38, 0x38, 0x6C, 0x6C, 0xC6, 0x00, 0xC0, 0x00, 0x18, 0x00, 0x1F, 0xE0, 0x03, 0xFC, 0x00,
    0x1E, 0x00, 0x03, 0xE0, 0x00, 0xEC, 0x00, 0xC0, 0x30, 0x18, 0x06, 0x0B, 0x22, 0xCB, 0xFC, 0xFF,
    0x7F, 0x9F, 0xE3, 0xC0, 0xF0, 0xFC, 0x3F, 0x09, 0x83, 0x60, 0x00, 0x00, 0x03, 0xEF, 0x80, 0x00,
    0x00, 0x00, 0x01, 0x80, 0xE0, 0x30, 0x1C, 0x06, 0x03, 0x80, 0xC0, 0x70, 0x18, 0x0E, 0x03, 0x01,
    0xC0, 0x60, 0x00, 0x7D, 0xF7, 0x1C, 0x71, 0xC7, 0x1F, 0x7D, 0xC7, 0x1C, 0x71, 0xC7, 0xDF, 0x00,
    0xFB, 0xE3, 0x8E, 0x38, 0xE3, 0xBE, 0xF8, 0xE3, 0x8E, 0x38, 0xEF, 0xBE, 0x00, 0x7C, 0x7C, 0xFE,
    0xFE, 0xEF, 0xEE, 0x07, 0x07, 0x0E, 0x0E, 0x1E, 0x1E, 0x3C, 0x3C, 0x38, 0x38, 0x30, 0x30, 0x00,
    0x00, 0x38, 0x38, 0x38, 0x38, 0x38, 0x38, 0x7C, 0x77, 0xF3, 0xBB, 0xDC, 0x0E, 0xE0, 0xE7, 0x0F,
    0x38, 0xF1, 0xC7, 0x0E, 0x30, 0x70, 0x00, 0x0E, 0x1C, 0x70, 0xE3, 0x87, 0x00, 0x73, 0xE3, 0xBF,
    0x9D, 0xDE, 0xE0, 0x77, 0x07, 0x38, 0x79, 0xC7, 0x8E, 0x38, 0x71, 0x80, 0x00, 0x1C, 0x70, 0xE3,
    0x87, 0x1C, 0x00, 0xFF, 0xDF, 0xF8, 0x0E, 0x01, 0xC0, 0x70, 0x0E, 0x03, 0x80, 0x70, 0x1C, 0x07,
    0x00, 0x7F, 0x8F, 0xF1, 0xBF, 0x37, 0xE6, 0xFC, 0xDF, 0x9B, 0xF3, 0x7E, 0x6F, 0x8D, 0xE1, 0xB0,
    0x36, 0x06, 0xC0, 0xD8, 0x1B, 0x03, 0x60, 0x6C, 0x00, 0x3F, 0xC7, 0xF9, 0xFB, 0x3F, 0x67, 0xEC,
    0xFD, 0x9F, 0xB3, 0xF6, 0x7F, 0xC7, 0xF8, 0x00, 0x00, 0x7F, 0x8F, 0xF1, 0xBF, 0x37, 0xE6, 0xFC,
    0xDF, 0x9B, 0xF3, 0x7E, 0x7F, 0xCF, 0xF0, 0x00, 0x00, 0x1C, 0x0E, 0x1F, 0xFF, 0xF7, 0xF1, 0xF1,
    0xDC, 0x6C, 0x73, 0x9C, 0x00, 0x00, 0x00, 0x73, 0x9C, 0x63, 0x80, 0x1F, 0x0F, 0x71, 0x83, 0x60,
    0x20, 0x00, 0x00, 0x00, 0x00, 0x00, 0x00, 0x00, 0x00, 0x00, 0x00, 0x00, 0x00, 0x00, 0x10, 0x13,
    0x06, 0x7B, 0x83, 0xE0, 0x1C, 0x0E, 0x1F, 0xFF, 0xF7, 0xF1, 0xF1, 0xDC, 0x6C, 0x00, 0x0E, 0x07,
    0x0F, 0xFF, 0xFB, 0xF8, 0xF8, 0xEE, 0x36, 0x00, 0xE6, 0xEE, 0xEE, 0x0C, 0x1C, 0x18, 0x38, 0x38,
    0x30, 0x70, 0x66, 0xEF, 0xE6, 0x00, 0x00, 0x0F, 0xFC, 0x67, 0xFF, 0xF9, 0x87, 0xFC, 0x00, 0x00,
    0x00, 0x00, 0x00, 0x00, 0x00, 0x00, 0x00, 0x1F, 0x0F, 0x71, 0x83, 0x60, 0x20, 0x0C, 0x1F, 0xE3,
    0xF3, 0xFF, 0xFF, 0xCF, 0xC7, 0xF9, 0xB6, 0x0C, 0x00, 0x03, 0x80, 0xE0, 0x38, 0x00, 0x00, 0x1C,
    0x07, 0x01, 0xC0, 0x00, 0x00, 0x00, 0x38, 0x0E, 0x03, 0x80, 0x3B, 0xBB, 0x1D, 0xBB, 0x9D, 0xDD,
    0x8C, 0xCD, 0xC6, 0x4C, 0xC0, 0x00, 0x00, 0x00, 0x00, 0x00, 0x00, 0x00, 0x00, 0x00, 0x00, 0x00,
    0x00, 0x00, 0x00, 0x00, 0x00, 0x00, 0x03, 0x80, 0x03, 0x80, 0x03, 0x80, 0x00, 0x00, 0x00, 0x00,
    0x70, 0x0C, 0x70, 0x1E, 0x70, 0x0C, 0x00, 0x00, 0x00, 0x00, 0x03, 0x80, 0x03, 0x80, 0x03, 0x80,
    0x70, 0x0C, 0x70, 0x1E, 0x70, 0x0C, 0x00, 0x00, 0x00, 0x00, 0x03, 0x80, 0x03, 0xC0, 0x03, 0x80,
    0x00, 0x00, 0x00, 0x00, 0x70, 0x0C, 0x70, 0x1E, 0x70, 0x0C, 0x73, 0x9C, 0x00, 0x00, 0x00, 0x00,
    0x1C, 0xE7, 0x00, 0x07, 0x00, 0x38, 0x01, 0xC0, 0x00, 0x00, 0x00, 0x38, 0x39, 0xC3, 0xCE, 0x0E,
    0x00, 0x00, 0x00, 0x00, 0x00, 0x0E, 0x00, 0x70, 0x03, 0x80, 0x03, 0x80, 0x77, 0x31, 0xEE, 0xF1,
    0xDD, 0xC0, 0x38, 0x00, 0x70, 0x3F, 0xFF, 0xFF, 0xFF, 0x03, 0x80, 0x07, 0x00, 0xEE, 0xE3, 0xDD,
    0xE3, 0xB9, 0x80, 0x70, 0x00, 0x73, 0x9C, 0x00, 0x39, 0xCE, 0x00, 0x00, 0xE7, 0x38, 0x73, 0x9C,
    0xE7, 0x38, 0x0E, 0x73, 0x9C, 0xE7, 0x00, 0x78, 0xC3, 0x1E, 0x30, 0xC3, 0x0C, 0x30, 0xC3, 0x0C,
    0x30, 0xC3, 0x00, 0x79, 0x24, 0x9E, 0x30, 0xC3, 0x0C, 0x30, 0xC3, 0x0C, 0x30, 0xC3, 0x00, 0x79,
    0xE3, 0x0C, 0x30, 0xC3, 0x0C, 0x30, 0xC3, 0x0C, 0x30, 0xC3, 0x00, 0x00, 0xC7, 0x9E, 0x30, 0xC3,
    0x0C, 0x30, 0xC3, 0x0C, 0x30, 0xC3, 0x00, 0x31, 0xE7, 0x8C, 0x30, 0xC3, 0x0C, 0x30, 0xC3, 0x0C,
    0x30, 0xC3, 0x00, 0x70, 0xC3, 0x1E, 0x30, 0xC3, 0x0C, 0x30, 0xC3, 0x0C, 0x30, 0xC3, 0x00, 0x78,
    0xFB, 0xB7, 0x6E, 0xDD, 0x9F, 0x3C, 0x00, 0x00, 0x00, 0x00, 0x00, 0x00, 0x00, 0x61, 0xB6, 0xDB,
    0x00, 0x00, 0x00, 0x38, 0xF3, 0xE7, 0xDB, 0xBF, 0xFE, 0x18, 0x00, 0x00, 0x00, 0x00, 0x00, 0x00,
    0x7C, 0xF9, 0x83, 0xC7, 0xC1, 0xBF, 0x3C, 0x00, 0x00, 0x00, 0x00, 0x00, 0x00, 0x00, 0x3C, 0xFB,
    0x87, 0xEF, 0xDD, 0x9F, 0x3C, 0x00, 0x00, 0x00, 0x00, 0x00, 0x00, 0x00, 0xFD, 0xF8, 0x30, 0xE1,
    0x87, 0x0C, 0x38, 0x00, 0x00, 0x00, 0x00, 0x00, 0x00, 0x00, 0x78, 0xF9, 0xB3, 0xC7, 0xDD, 0xBF,
    0x3C, 0x00, 0x00, 0x00, 0x00, 0x00, 0x00, 0x00, 0x79, 0xFB, 0xB7, 0xE7, 0xC3, 0x9F, 0x3C, 0x00,
    0x00, 0x00, 0x00, 0x00, 0x00, 0x00, 0x31, 0xFB, 0xF1, 0x83, 0x00, 0x00, 0x00, 0x00, 0x00, 0x00,
    0x00, 0x00, 0xFC, 0xF0, 0x00, 0x00, 0x00, 0x00, 0x00, 0x00, 0x00, 0x00, 0xFD, 0xFB, 0xF7, 0xE0,
    0x00, 0x00, 0x00, 0x00, 0x00, 0x00, 0x00, 0x00, 0x31, 0x98, 0xC6, 0x31, 0x8C, 0x31, 0x80, 0x00,
    0x00, 0x00, 0xC6, 0x66, 0x66, 0x66, 0x6C, 0x00, 0x00, 0x00, 0x7C, 0xF9, 0xB3, 0x66, 0xCD, 0x80,
    0x00, 0x00, 0x00, 0x00, 0x78, 0xFB, 0xB7, 0x6E, 0xDD, 0x9F, 0x3C, 0x38, 0xF1, 0xE0, 0xC1, 0x83,
    0x06, 0x0C, 0x79, 0xF8, 0x70, 0xE3, 0x8E, 0x3F, 0x7E, 0x78, 0xF8, 0x73, 0xC3, 0xC1, 0xBF, 0x3C,
    0x00, 0x38, 0xF3, 0xE7, 0xDB, 0xBF, 0xFE, 0x18, 0x7C, 0xF9, 0x83, 0xC7, 0xC1, 0xBF, 0x3C, 0x3C,
    0xFB, 0x87, 0xEF, 0xDD, 0x9F, 0x3C, 0xFD, 0xF8, 0x30, 0xE1, 0x87, 0x0C, 0x38, 0x78, 0xF9, 0xB3,
    0xC7, 0xDD, 0xBF, 0x3C, 0x79, 0xFB, 0xB7, 0xE7, 0xC3, 0x9F, 0x3C, 0x31, 0xFB, 0xF1, 0x83, 0x00,
    0xFC, 0xF0, 0xFD, 0xFB, 0xF7, 0xE0, 0x31, 0x98, 0xC6, 0x31, 0x8C, 0x31, 0x80, 0xC6, 0x66, 0x66,
    0x66, 0x6C, 0x79, 0xF7, 0xFB, 0xFD, 0xF0, 0x79, 0xBF, 0xF8, 0x6D, 0xF0, 0x78, 0xFB, 0x36, 0x67,
    0xCF, 0x00, 0xEC, 0xF1, 0xE3, 0xC7, 0x99, 0x80, 0x79, 0x70, 0xFF, 0xFD, 0xE0, 0x60, 0xC1, 0xF3,
    0xE6, 0xCD, 0x9B, 0x36, 0x60, 0xC1, 0xB3, 0xC7, 0x8F, 0x1B, 0x37, 0x6D, 0xB6, 0xDB, 0x7F, 0x9F,
    0xF6, 0xCD, 0xB3, 0x6C, 0xDB, 0x30, 0x7C, 0xF9, 0xB3, 0x66, 0xCD, 0x80, 0x7C, 0xF9, 0xBB, 0x77,
    0xCF, 0x98, 0x30, 0x7F, 0xD8, 0x7F, 0xFC, 0x67, 0xBC, 0xC6, 0x31, 0xC0, 0x3E, 0x1F, 0x8F, 0x43,
    0x80, 0xEF, 0xBB, 0xEF, 0xE1, 0xFE, 0x3F, 0x83, 0x80, 0xE0, 0x3E, 0x0F, 0x80, 0x07, 0x83, 0xE3,
    0xFC, 0xF6, 0x7D, 0x1F, 0x4F, 0xF3, 0xBC, 0xFB, 0x1E, 0xC7, 0xA1, 0xFE, 0x3F, 0x87, 0xE1, 0xE0,
    0x50, 0x1F, 0x8F, 0xE7, 0x99, 0xC0, 0x70, 0x1D, 0xEF, 0x79, 0xDC, 0x76, 0x1D, 0x87, 0xF8, 0xFE,
    0x1F, 0x80, 0x7F, 0x9F, 0xE7, 0x81, 0xE0, 0x78, 0x1F, 0xE7, 0xF9, 0xE0, 0x78, 0x3F, 0x8F, 0xE1,
    0xE0, 0x78, 0x00, 0x1F, 0x8F, 0xE3, 0x90, 0xE0, 0xFF, 0x3F, 0xC3, 0x83, 0xFC, 0xFF, 0x0E, 0x07,
    0x03, 0xFE, 0xFF, 0x80, 0x00, 0x30, 0x00, 0x60, 0x7F, 0xFC, 0x7F, 0xFE, 0x7B, 0xEE, 0x73, 0xCE,
    0x71, 0xCE, 0x71, 0xCE, 0x73, 0xCE, 0x73, 0xCE, 0x77, 0xCE, 0x77, 0xCE, 0x06, 0x00, 0x0C, 0x00,
    0x73, 0x9C, 0xE7, 0xB9, 0xEE, 0x7B, 0xBF, 0xF6, 0xFB, 0xFF, 0x6F, 0x99, 0xE6, 0x79, 0x9E, 0x67,
    0x80, 0x7F, 0x00, 0xFF, 0x01, 0xDE, 0x03, 0x9C, 0xC7, 0x3B, 0x8E, 0x77, 0xDF, 0xFF, 0xBF, 0x9C,
    0x70, 0x38, 0xE0, 0x71, 0xC0, 0xE3, 0x81, 0xF7, 0x01, 0xE0, 0x7E, 0x00, 0x7F, 0x00, 0x77, 0x00,
    0x73, 0xBE, 0x73, 0xFE, 0x77, 0x76, 0x7F, 0x70, 0x7E, 0x7C, 0x7E, 0x1E, 0x77, 0x0E, 0x77, 0x6E,
    0x77, 0xFE, 0x73, 0xFC, 0xE7, 0x3F, 0x39, 0xB9, 0xCC, 0xDE, 0x66, 0xF7, 0x37, 0xFB, 0xFF, 0xEF,
    0xFE, 0x7D, 0xE3, 0xEF, 0x0E, 0x78, 0x73, 0xC3, 0x8E, 0x00, 0x7F, 0x8E, 0x7F, 0xCE, 0x71, 0xEE,
    0x76, 0xEE, 0x76, 0xEE, 0x76, 0xEE, 0x76, 0xEE, 0x76, 0xEE, 0x76, 0xEE, 0x76, 0xEC, 0x76, 0x1C,
    0x77, 0xFC, 0x77, 0xF8, 0x03, 0xC1, 0xFC, 0x3F, 0x81, 0xE3, 0xFC, 0xFF, 0x9E, 0xF3, 0x9E, 0x71,
    0xCE, 0x39, 0xCF, 0x3D, 0xE7, 0xFC, 0x7B, 0x80, 0x01, 0xFC, 0x00, 0x00, 0x0F, 0x87, 0xE3, 0xD8,
    0xE0, 0xFE, 0x3F, 0xC7, 0x03, 0xF8, 0xFE, 0x0E, 0x03, 0xC8, 0x7E, 0x0F, 0x80, 0x73, 0xDC, 0xE7,
    0x71, 0xDC, 0x7E, 0x1F, 0x8F, 0xFB, 0xFE, 0x7F, 0x1D, 0xC7, 0x79, 0xCE, 0x73, 0xC0, 0xFF, 0xBF,
    0xE1, 0xC0, 0x74, 0x1F, 0x07, 0x83, 0xD1, 0xFC, 0x1E, 0x07, 0x07, 0xC0, 0xF0, 0x1C, 0x00, 0x7E,
    0x00, 0x7F, 0xC0, 0x19, 0xE0, 0x07, 0x78, 0x03, 0x9C, 0x01, 0xCE, 0x01, 0xC7, 0x7C, 0xE3, 0xFE,
    0x73, 0xFB, 0xB9, 0xF9, 0xDF, 0xFC, 0xDF, 0xEF, 0xEF, 0xC7, 0xE0, 0x03, 0x80, 0x01, 0x80, 0x01,
    0xC0, 0x00, 0xE0, 0x00, 0x07, 0x81, 0xF8, 0x3F, 0x07, 0x60, 0xEC, 0x1F, 0x81, 0xF0, 0x3C, 0x17,
    0x87, 0xF0, 0xFF, 0x3E, 0xE6, 0xDC, 0x03, 0x80, 0x70, 0x1E, 0x03, 0x80, 0x7E, 0x1F, 0xC7, 0x7B,
    0xFF, 0x73, 0xBF, 0xF7, 0xF9, 0xFC, 0x7E, 0x1C, 0x07, 0x01, 0xC0, 0x70, 0x00, 0x03, 0x00, 0xFC,
    0x1F, 0xE3, 0xFC, 0x7B, 0x07, 0x30, 0x73, 0x07, 0x3E, 0x73, 0xE7, 0x3E, 0x7B, 0xE3, 0xFE, 0x3F,
    0xE1, 0xFE, 0x03, 0x00, 0x1E, 0x03, 0xE0, 0x7C, 0x0F, 0x83, 0xB1, 0xFF, 0xCE, 0xE3, 0x9C, 0xFF,
    0xEE, 0x39, 0xC7, 0x70, 0xFE, 0x0E, 0x7E, 0x1F, 0xC2, 0x78, 0x0E, 0xFF, 0xCF, 0xC3, 0xE3, 0xFF,
    0x70, 0x1C, 0x07, 0xB9, 0xFE, 0x3F, 0x00, 0x06, 0x01, 0xF0, 0xFF, 0x1F, 0xC7, 0xE0, 0xEC, 0x1D,
    0x83, 0xB0, 0x76, 0x0E, 0xC1, 0xD8, 0x3F, 0xE3, 0xFC, 0x3F, 0x01, 0x80, 0x31, 0x83, 0x38, 0x7F,
    0xEF, 0xFE, 0x73, 0x87, 0x38, 0x73, 0x87, 0x38, 0x73, 0x87, 0x38, 0x73, 0xE7, 0x1E, 0x03, 0xF0,
    0x3F, 0x81, 0xCC, 0x0E, 0x00, 0x70, 0x03, 0xE0, 0x0F, 0xC0, 0x3E, 0x00, 0x7F, 0xFD, 0xFD, 0xBE,
    0xFD, 0xE3, 0xFE, 0x1B, 0x60, 0xD2, 0x00, 0xFF, 0xBF, 0xE0, 0x03, 0xFE, 0xFF, 0x87, 0x01, 0xC0,
    0x70, 0x1C, 0x07, 0x01, 0xC0, 0x70, 0x1C, 0x00, 0x00, 0x1F, 0xE7, 0xF0, 0x38, 0x7F, 0x9F, 0xC1,
    0xE1, 0xF0, 0x70, 0x0E, 0x03, 0x80, 0x70, 0x1E, 0x03, 0x80, 0x70, 0x1C, 0x87, 0xE3, 0xF0, 0xFE,
    0x1F, 0x8F, 0x9B, 0xCE, 0x73, 0x9C, 0xE7, 0xF9, 0xFC, 0x7E, 0x00, 0x70, 0x03, 0x60, 0x0D, 0x80,
    0x3F, 0xFC, 0x7F, 0xF8, 0x60, 0x61, 0xB4, 0x87, 0xFA, 0x1D, 0xF8, 0xF0, 0x03, 0xE2, 0x01, 0xF8,
    0x03, 0xE0, 0x03, 0x80, 0x07, 0x00, 0x0E, 0x00, 0x3E, 0x01, 0xFF, 0x07, 0xFF, 0x1E, 0xEE, 0x39,
    0xCE, 0x73, 0x9C, 0xE7, 0x39, 0xC0, 0x73, 0x80, 0xE7, 0x01, 0xC0, 0x7F, 0x1F, 0xE7, 0x3D, 0xC7,
    0x71, 0xDC, 0xFF, 0xFB, 0xFC, 0x70, 0x3F, 0x8F, 0xE1, 0xC0, 0x70, 0x00, 0x0D, 0x03, 0x41, 0xF8,
    0xFF, 0x3D, 0xDF, 0x47, 0xD1, 0xC0, 0x70, 0x1C, 0x07, 0x00, 0xE0, 0x1E, 0x1F, 0xF7, 0xFC, 0x16,
    0x07, 0x87, 0xF1, 0xFE, 0x77, 0x9C, 0xE7, 0x39, 0xFC, 0x7F, 0x1D, 0xE7, 0x39, 0xCE, 0x77, 0x9F,
    0xE7, 0xF0, 0x78, 0x16, 0x00, 0x0C, 0x03, 0x06, 0xD9, 0xFE, 0x7F, 0x87, 0x83, 0xF0, 0xCC, 0x00,
    0x00, 0x00, 0x00, 0x00, 0x00, 0x00, 0x00, 0x00, 0x00, 0x00, 0x01, 0xE1, 0xC7, 0xC6, 0x1F, 0x38,
    0xFC, 0xC3, 0xF7, 0x07, 0xD8, 0x00, 0xE0, 0x03, 0x78, 0x1F, 0xE0, 0x6C, 0x03, 0xB0, 0x1C, 0xE8,
    0x61, 0xE0, 0x00, 0x00, 0x00, 0x01, 0xE1, 0xC7, 0xC6, 0x1F, 0x38, 0xFC, 0xC3, 0xF7, 0x07, 0xD8,
    0x00, 0xE0, 0x03, 0x78, 0x1D, 0xE0, 0x67, 0x03, 0x8E, 0x1C, 0x58, 0x71, 0xE0, 0x00, 0x00, 0x0F,
    0xC3, 0x08, 0xE0, 0x3C, 0x05, 0x80, 0xB0, 0x16, 0x02, 0xC0, 0x58, 0x0F, 0x00, 0xE0, 0x1C, 0x20,
    0xFC, 0x3C, 0x3F, 0x3E, 0x3F, 0xBB, 0xBC, 0xDD, 0xDC, 0x07, 0xDE, 0x01, 0xEF, 0x00, 0x07, 0x00,
    0x03, 0xC0, 0x01, 0xE0, 0x00, 0x70, 0x00, 0x3C, 0xC0, 0x0F, 0xE0, 0x03, 0xF0, 0x18, 0x06, 0x03,
    0xE1, 0xF8, 0x78, 0x36, 0x0D, 0x81, 0xE0, 0x7E, 0x0F, 0x81, 0x80, 0x7F, 0x1F, 0xC0, 0x00, 0x01,
    0xE3, 0x87, 0x8C, 0x38, 0x70, 0xE1, 0x81, 0xAE, 0x07, 0xB0, 0x05, 0xC0, 0x06, 0xF0, 0x3B, 0xE0,
    0xDD, 0x87, 0x66, 0x19, 0xD8, 0xE3, 0xC0, 0x00, 0x00, 0x00, 0x00, 0x78, 0xC1, 0xE3, 0x83, 0x06,
    0x06, 0x1C, 0x0C, 0x30, 0x1F, 0xE0, 0x01, 0xA2, 0x07, 0xEC, 0x0D, 0xD8, 0x3B, 0xB0, 0x67, 0x61,
    0xCE, 0xC7, 0x0F, 0x80, 0x00, 0x00, 0x1F, 0x87, 0xF9, 0xE6, 0x38, 0x07, 0x80, 0x7E, 0x0F, 0xC3,
    0xC0, 0x70, 0x0E, 0x01, 0xE3, 0x3F, 0xE3, 0xFC, 0x7E, 0x0F, 0xE1, 0x9E, 0x01, 0xE0, 0x1C, 0x7F,
    0x8F, 0xF0, 0x0E, 0x01, 0xC0, 0x79, 0x9E, 0x3F, 0x87, 0xE0, 0x3C, 0xFE, 0xF9, 0xFF, 0xBB, 0x87,
    0x77, 0x07, 0xCE, 0x07, 0x9C, 0x00, 0x3F, 0x80, 0x7F, 0x00, 0xE0, 0x01, 0xC0, 0x03, 0x80, 0x07,
    0x00, 0x0E, 0x00, 0x01, 0xB8, 0x3B, 0x83, 0x9C, 0x39, 0xC1, 0xCE, 0x0E, 0xE8, 0x67, 0x81, 0xF0,
    0x07, 0x00, 0xD8, 0x0D, 0x80, 0x8C, 0x0C, 0xC0, 0x6C, 0x01, 0xC0, 0x00, 0x00, 0x00, 0x30, 0x0C,
    0x46, 0x40, 0xE6, 0x64, 0x0B, 0x62, 0x60, 0xB7, 0x36, 0x00, 0xB3, 0x40, 0x01, 0xB8, 0x00, 0x1F,
    0x80, 0x03, 0xDC, 0x03, 0xAE, 0xC0, 0x1C, 0x66, 0x00, 0x87, 0x32, 0x04, 0x71, 0x20, 0x1E, 0x04,
    0x00, 0x06, 0x00, 0x7E, 0x06, 0xE0, 0x60, 0x03, 0x1E, 0x1D, 0xF8, 0x70, 0xC3, 0x86, 0x0C, 0x38,
    0x61, 0x83, 0x0C, 0xF0, 0x6F, 0x03, 0x00, 0x10, 0x07, 0x00, 0x00, 0x38, 0x71, 0xA1, 0x46, 0x85,
    0x1A, 0x14, 0x68, 0x51, 0xA1, 0x46, 0xFD, 0x1A, 0x14, 0x68, 0x51, 0xA1, 0x46, 0x85, 0x1A, 0x14,
    0x38, 0x70, 0x1C, 0x03, 0x80, 0xE0, 0x1C, 0x03, 0xF8, 0x7F, 0x8F, 0x73, 0xCE, 0x71, 0xCE, 0x39,
    0xCF, 0x39, 0xC7, 0x38, 0xC7, 0x00, 0x1C, 0x03, 0x81, 0xFC, 0x3F, 0x83, 0x80, 0x7F, 0x0F, 0xF1,
    0xEE, 0x79, 0xCE, 0x39, 0xC7, 0x39, 0xE7, 0x38, 0xE7, 0x18, 0xE0, 0x00, 0x0E, 0x00, 0xF0, 0x07,
    0x60, 0x18, 0x80, 0x73, 0x00, 0xCF, 0x01, 0x1A, 0x02, 0x74, 0x00, 0xF0, 0xE3, 0x81, 0xCE, 0x02,
    0x1C, 0x04, 0x70, 0x07, 0x80, 0x00, 0x18, 0x0F, 0xE6, 0x79, 0x06, 0x03, 0x00, 0xC0, 0x38, 0x0E,
    0x03, 0x80, 0xE0, 0x30, 0xCC, 0x7C, 0x06, 0x00, 0x03, 0xCC, 0x08, 0x6C, 0x20, 0x98, 0x83, 0x21,
    0x0C, 0xC6, 0x19, 0x04, 0x74, 0x0C, 0xF0, 0x0F, 0x80, 0x07, 0x00, 0x1C, 0x03, 0xB8, 0x88, 0xE2,
    0x0F, 0x78, 0x00, 0x1E, 0x1F, 0x8E, 0xC7, 0x63, 0xF1, 0xF8, 0xF9, 0xF0, 0xF8, 0x1D, 0x8E, 0xC7,
    0xE1, 0xE0, 0x73, 0x80, 0xFF, 0xF0, 0xFF, 0xF0, 0x73, 0x80, 0x73, 0xF8, 0x73, 0xFC, 0x73, 0xDE,
    0x73, 0x8E, 0x73, 0x8E, 0x73, 0x8E, 0x73, 0x8E, 0x73, 0xDE, 0x73, 0xFC, 0x73, 0xF8, 0x70, 0x19,
    0xE0, 0x66, 0xC1, 0x9D, 0x86, 0x72, 0x19, 0xA4, 0x66, 0x59, 0x98, 0xB6, 0x63, 0x79, 0x86, 0xE6,
    0x0D, 0x98, 0x1E, 0x60, 0x38, 0x70, 0xC0, 0x3C, 0x60, 0x1E, 0x30, 0x0F, 0x98, 0x07, 0xCC, 0xF3,
    0xF6, 0xFD, 0xFB, 0x66, 0xEF, 0xB3, 0x77, 0xDF, 0xBB, 0xE7, 0x9C, 0xF0, 0x0E, 0x7B, 0xF7, 0x1D,
    0xF8, 0x0F, 0xE0, 0x3D, 0xE0, 0xC0, 0x63, 0x3E, 0x66, 0x6E, 0xC8, 0xCD, 0x91, 0xB9, 0x23, 0xE6,
    0x66, 0x0C, 0xCC, 0x18, 0xD8, 0x60, 0xE3, 0x80, 0xFE, 0x00, 0x00, 0x00, 0x08, 0x00, 0x20, 0x00,
    0x83, 0xE3, 0x0C, 0xE6, 0x20, 0xCC, 0x81, 0x9A, 0x03, 0x39, 0x86, 0x73, 0x0C, 0xE4, 0x31, 0x6C,
    0xE2, 0xEF, 0x04, 0xC0, 0x09, 0x80, 0x1B, 0x00, 0x1C, 0x00, 0x3F, 0x86, 0x9C, 0x69, 0xE6, 0x9A,
    0x69, 0xA6, 0x9E, 0x69, 0xC6, 0xF8, 0x68, 0x06, 0x80, 0x68, 0x06, 0x80, 0x38, 0x00, 0x0F, 0xC0,
    0x61, 0x83, 0x87, 0x1E, 0x1E, 0x78, 0x79, 0x61, 0xA5, 0x86, 0x96, 0x1A, 0x78, 0x79, 0xE1, 0xE3,
    0x87, 0x06, 0x18, 0x0F, 0xE0, 0x04, 0xC0, 0x19, 0x80, 0x3F, 0x00, 0x7E, 0x01, 0x81, 0x81, 0x04,
    0xE1, 0x12, 0x71, 0x1B, 0x30, 0x0B, 0x38, 0x8D, 0xF0, 0x0D, 0xD0, 0x1C, 0xCC, 0x38, 0xEE, 0x1C,
    0x66, 0x48, 0x73, 0x44, 0x71, 0x81, 0xE0, 0xC0, 0x00, 0x00, 0x1C, 0x78, 0x6E, 0xD8, 0x47, 0x98,
    0xC3, 0x1E, 0x63, 0x18, 0x73, 0x70, 0x23, 0xF8, 0x63, 0x18, 0x03, 0x18, 0x02, 0x18, 0x06, 0x18,
    0x7C, 0x1E, 0xF8, 0x0C, 0x00, 0x00, 0x3F, 0xC3, 0x4F, 0x1A, 0x78, 0xD3, 0x46, 0x9E, 0x34, 0xE1,
    0xBE, 0x0D, 0x50, 0x6B, 0xC3, 0x4B, 0x1A, 0x68, 0xD1, 0xE3, 0x87, 0x80, 0x7F, 0x07, 0xF8, 0x77,
    0xC7, 0x1C, 0x71, 0xC7, 0x3C, 0x7F, 0x87, 0xFE, 0x73, 0xE7, 0x3C, 0x73, 0xC7, 0x3C, 0x77, 0xE0,
    0x1C, 0x03, 0xE0, 0x0C, 0x3F, 0x87, 0xF8, 0xEF, 0x9D, 0xF3, 0xBE, 0x77, 0xCF, 0xF1, 0xFC, 0x3F,
    0x87, 0xF8, 0xF7, 0x9E, 0x73, 0xCF, 0x18, 0x02, 0x00, 0x40, 0x00, 0x7F, 0x36, 0x39, 0xD9, 0xFE,
    0x7F, 0xF1, 0xED, 0xFF, 0x6C, 0x00, 0x00, 0x00, 0x00, 0x00, 0x00, 0x00, 0x00, 0x00, 0x00, 0x00,
    0x00, 0xFF, 0xA0, 0xD8, 0x82, 0x7A, 0x09, 0x88, 0x26, 0x20, 0x9E, 0xF0, 0x00, 0x00, 0x00, 0x00,
    0x00, 0x00, 0x00, 0x00, 0x00, 0x00, 0x00, 0x00, 0xFF, 0x31, 0xB9, 0x89, 0xDC, 0x4F, 0xE2, 0x7D,
    0x13, 0x68, 0x00, 0x00, 0x00, 0x00, 0x00, 0x00, 0x00, 0x00, 0x00, 0x00, 0x00, 0x00, 0x00, 0x07,
    0x80, 0x3C, 0x71, 0x7E, 0x6F, 0xCF, 0x9D, 0x73, 0xEE, 0x7F, 0xC7, 0xF0, 0xEE, 0x1D, 0xC3, 0xF0,
    0x3E, 0x0F, 0xC1, 0xF0, 0x3E, 0x04, 0x01, 0x80, 0x00, 0x7F, 0xE0, 0x2C, 0x0F, 0x01, 0x40, 0x58,
    0x1A, 0x02, 0xC0, 0xF0, 0x14, 0x07, 0x81, 0xA0, 0x2C, 0x0F, 0xFE, 0x00, 0x1F, 0xE7, 0xF8, 0x3C,
    0x1E, 0x1F, 0xE7, 0xF8, 0x3C, 0x0E, 0x07, 0x03, 0xE0, 0xFE, 0x07, 0x80, 0xE0, 0x3B, 0x9E, 0xFF,
    0x9F, 0x80, 0x1F, 0x83, 0xFC, 0x79, 0xE7, 0x0E, 0xF0, 0x7F, 0x07, 0xF0, 0x77, 0x07, 0x70, 0xE7,
    0x0E, 0x39, 0xCF, 0xDF, 0xFD, 0xF0, 0x7D, 0xFB, 0xEF, 0xCF, 0x78, 0x71, 0xC7, 0x07, 0x38, 0x39,
    0xC1, 0xCE, 0x0E, 0x70, 0x73, 0xC3, 0x8F, 0xFC, 0x7F, 0xC0, 0xFC, 0x00, 0x00, 0x06, 0x00, 0xFC,
    0x1F, 0xC0, 0x18, 0x06, 0x01, 0x80, 0x78, 0x1F, 0x80, 0x38, 0x03, 0x00, 0x60, 0x0C, 0x43, 0x3C,
    0x61, 0x98, 0x3C, 0x00, 0x03, 0xCF, 0x8E, 0x38, 0xE3, 0x8E, 0x38, 0xE3, 0x80, 0x71, 0xEE, 0x39,
    0xCF, 0x3B, 0xC7, 0x70, 0xFC, 0x1F, 0xC3, 0xF8, 0x77, 0x8E, 0x71, 0xCF, 0x38, 0xE7, 0x0E, 0x0E,
    0x01, 0xF0, 0x1B, 0x00, 0xF0, 0x1F, 0x01, 0xF0, 0x1F, 0x83, 0xB8, 0x3B, 0x83, 0x9C, 0x79, 0xC7,
    0xFC, 0x7F, 0xE7, 0x0E, 0xE0, 0xEE, 0x0E, 0x00, 0xFC, 0x06, 0x1E, 0x09, 0x36, 0x11, 0x26, 0x23,
    0x66, 0x22, 0xCC, 0x26, 0xF8, 0x1D, 0xC8, 0x01, 0x8C, 0xE3, 0x8C, 0xE3, 0xDC, 0x87, 0x98, 0x8E,
    0xB0, 0x78, 0x60, 0x00, 0xC0, 0x3C, 0x1E, 0xE3, 0x60, 0x67, 0x06, 0x70, 0x67, 0x06, 0x60, 0x68,
    0x07, 0x00, 0x38, 0x03, 0xE6, 0x0F, 0xC0, 0x00, 0x1F, 0x06, 0x31, 0x83, 0x30, 0x67, 0xFC, 0xC0,
    0x18, 0x03, 0x06, 0x31, 0x83, 0xE0, 0x07, 0x1D, 0x3B, 0x76, 0x7D, 0x62, 0x64, 0x38, 0x03, 0xC0,
    0x62, 0x0E, 0xA0, 0xCA, 0x0C, 0x80, 0xF0, 0x3B, 0x07, 0x00, 0x63, 0x0E, 0x48, 0xE8, 0x86, 0x90,
    0x62, 0x03, 0xC0, 0x01, 0xF9, 0x03, 0x0F, 0x82, 0x40, 0x00, 0x32, 0x01, 0x1B, 0x00, 0x8B, 0x00,
    0x4D, 0xA0, 0x19, 0xE0, 0x03, 0xD0, 0x3A, 0xF8, 0x1C, 0x60, 0x08, 0x70, 0x04, 0x70, 0x01, 0xE0,
    0x00, 0x07, 0x03, 0x81, 0xC0, 0xE0, 0x73, 0xF9, 0xFC, 0x0E, 0x07, 0x03, 0x81, 0xCF, 0xE7, 0xF0,
    0x00, 0x00, 0x00, 0x00, 0x04, 0x30, 0x00, 0x31, 0x80, 0x01, 0x8E, 0x00, 0x0E, 0x70, 0x00, 0x73,
    0x80, 0x02, 0xCE, 0x00, 0x06, 0x70, 0x00, 0x5B, 0xC0, 0x82, 0xE7, 0x07, 0x13, 0x58, 0x18, 0x8E,
    0x68, 0x44, 0x31, 0x40, 0xE0, 0xC6, 0x00, 0x0E, 0x0E, 0x8E, 0x4E, 0x27, 0x23, 0x39, 0xB8, 0x70,
    0x40, 0xCC, 0x19, 0xC3, 0x1C, 0xE3, 0xD8, 0x7F, 0x1D, 0xC3, 0x18, 0x63, 0x9C, 0x3B, 0x83, 0x00,
    0x00, 0x78, 0x3F, 0x03, 0x80, 0xE0, 0x70, 0x38, 0x1C, 0x0E, 0x07, 0x7F, 0xFF, 0xE0, 0x41, 0xF1,
    0xE0, 0xC1, 0x83, 0x06, 0x1E, 0x7D, 0xDB, 0x30, 0x00, 0xFF, 0x7F, 0x81, 0x80, 0xC0, 0x60, 0x30,
    0x18, 0x0C, 0x06, 0x03, 0x01, 0x80, 0x73, 0x80, 0x07, 0x39, 0xCE, 0x73, 0x9C, 0xE7, 0x38, 0x0F,
    0xE0, 0x9F, 0xFC, 0xDF, 0xFF, 0xEF, 0x07, 0xF6, 0x01, 0xF3, 0x00, 0xE1, 0x80, 0x70, 0xF0, 0x78,
    0x7F, 0xF8, 0x1F, 0xFC, 0x03, 0xF8, 0x00, 0x00, 0x00, 0x7E, 0x78, 0xE7, 0x3F, 0x3E, 0x7B, 0x9C,
    0x1F, 0x1F, 0x8E, 0x0F, 0x8F, 0xC7, 0x07, 0xC7, 0xE3, 0x87, 0x61, 0xE1, 0xFB, 0xB8, 0xF0, 0xFD,
    0xDC, 0x78, 0x70, 0xFE, 0x7E, 0x38, 0xFF, 0x3F, 0x1C, 0x71, 0xDF, 0x8E, 0x38, 0xFD, 0xE7, 0x1C,
    0x7E, 0x70, 0x7F, 0xFC, 0x53, 0xC3, 0x4B, 0x0F, 0x28, 0x2D, 0xA0, 0xA7, 0x82, 0x9E, 0x1A, 0x4C,
    0x79, 0x91, 0xE3, 0xC0, 0xF0, 0x94, 0x67, 0x98, 0xA4, 0x3F, 0x0D, 0x81, 0x60, 0x78, 0x0C, 0x03,
    0x00, 0xC0, 0x20, 0x08, 0x02, 0x00, 0x3F, 0xDA, 0x06, 0x81, 0xA0, 0x68, 0x1A, 0x06, 0x81, 0xA0,
    0x68, 0x1A, 0x06, 0x81, 0xA0, 0x38, 0x00, 0x3F, 0xF1, 0xA1, 0x46, 0x85, 0x1A, 0x14, 0x68, 0x51,
    0xA1, 0x46, 0x85, 0x1A, 0x14, 0x68, 0x51, 0xA1, 0x46, 0x85, 0x1A, 0x14, 0x38, 0x70, 0xFF, 0xE5,
    0x80, 0x68, 0x03, 0x40, 0x16, 0x01, 0xA0, 0x0F, 0x00, 0x58, 0x07, 0x80, 0x30, 0x06, 0x00, 0xC0,
    0x18, 0x03, 0x00, 0x7F, 0xE4, 0x02, 0xFF, 0xE0, 0x00, 0x07, 0xF8, 0x7F, 0xC7, 0x3E, 0x70, 0xE7,
    0x0E, 0x7C, 0xE7, 0xCE, 0x00, 0xE0, 0x0E, 0x01, 0xE3, 0xFC, 0x7F, 0x83, 0xF0, 0x00, 0x7F, 0xBF,
    0xC0, 0xE0, 0x70, 0x38, 0x1C, 0x0E, 0x07, 0x03, 0x81, 0xC0, 0xE0, 0x70, 0x38, 0x07, 0x03, 0x81,
    0xC0, 0xE0, 0x70, 0x38, 0x1C, 0x0E, 0x07, 0x03, 0x81, 0xDF, 0xEF, 0xF0, 0x0E, 0x01, 0xC0, 0x38,
    0x07, 0x00, 0xE0, 0x3C, 0x07, 0x81, 0xF8, 0x3F, 0x0F, 0x71, 0xCE, 0x78, 0xEE, 0x1C, 0x1F, 0xE0,
    0xA1, 0x85, 0x0E, 0x68, 0x73, 0xC3, 0x96, 0x34, 0xA1, 0xE5, 0x0B, 0x78, 0x53, 0xC3, 0x96, 0x38,
    0xA3, 0x87, 0xF8, 0x00, 0x00, 0xF0, 0x0B, 0x00, 0xA0, 0x1A, 0x1F, 0xE3, 0xB6, 0x73, 0x45, 0x14,
    0xD3, 0x4B, 0x3C, 0xB2, 0xCA, 0x68, 0xEE, 0x87, 0xF8, 0x1F, 0x1D, 0xDC, 0xAA, 0x7D, 0xF7, 0xC2,
    0xC1, 0xC0, 0x63, 0x1F, 0x00, 0x1C, 0x28, 0x70, 0x03, 0xC5, 0x8A, 0x14, 0x68, 0xF1, 0x62, 0x85,
    0x1E, 0x00, 0x03, 0x80, 0xA0, 0x38, 0x00, 0x07, 0x81, 0xE0, 0x50, 0x14, 0x0D, 0x03, 0xC0, 0xB0,
    0x28, 0x0A, 0x06, 0x81, 0xE0, 0x50, 0x3C, 0x3C, 0x00, 0x06, 0x07, 0xF8, 0x7F, 0xE7, 0x6E, 0x76,
    0x67, 0x66, 0x76, 0x67, 0x7E, 0x77, 0xC7, 0x60, 0x76, 0x00, 0x60, 0x07, 0xE0, 0x7E, 0x00, 0x03,
    0xFF, 0x8F, 0xFC, 0x3C, 0xF1, 0xF3, 0x9F, 0x9C, 0xEF, 0xCE, 0x3E, 0x03, 0xE0, 0x3F, 0x81, 0xDC,
    0x0E, 0xE0, 0x7E, 0x01, 0xF0, 0x01, 0x87, 0xA4, 0x7A, 0x64, 0xA2, 0x12, 0x31, 0xFA, 0x52, 0x65,
    0x26, 0x3E, 0x21, 0x20, 0x12, 0x01, 0x20, 0x12, 0x00, 0xE0, 0x38, 0x30, 0xE1, 0xC7, 0x86, 0x1E,
    0x38, 0x7C, 0xC3, 0xF7, 0x0C, 0xF8, 0x11, 0xFF, 0x03, 0x78, 0x1D, 0xC0, 0x63, 0xC3, 0x97, 0x0C,
    0x78, 0x00, 0x00, 0x0E, 0x0E, 0x0E, 0x0E, 0x7E, 0x7E, 0x0E, 0x0E, 0xFE, 0xFE, 0x00, 0x00, 0x03,
    0xC7, 0x1C, 0x3C, 0xFB, 0xE6, 0x69, 0xB6, 0x66, 0x9B, 0x66, 0x69, 0xB2, 0x66, 0x9B, 0x62, 0x4D,
    0xB6, 0x3C, 0xF1, 0xC3, 0xC7, 0x1C, 0x7F, 0xFF, 0xF0, 0x00, 0x00, 0x38, 0x70, 0x78, 0x60, 0x78,
    0xE0, 0x18, 0xC0, 0x19, 0xFF, 0x19, 0xBF, 0x1B, 0x87, 0x1B, 0x06, 0x07, 0x0E, 0x06, 0x0C, 0x0E,
    0x1C, 0x0C, 0x18, 0x1C, 0x00, 0x38, 0x70, 0x78, 0x60, 0x78, 0xE0, 0x18, 0xC0, 0x19, 0xC0, 0x19,
    0xBC, 0x1B, 0xBE, 0x1B, 0x76, 0x07, 0x7F, 0x06, 0x3E, 0x0E, 0x06, 0x0C, 0x3E, 0x1C, 0x3C, 0x38,
    0x70, 0x07, 0x86, 0x00, 0x78, 0xE0, 0x01, 0x8C, 0x00, 0x19, 0xC0, 0x01, 0x9B, 0x9E, 0x1B, 0xFB,
    0xF1, 0xB7, 0xBF, 0x07, 0x1B, 0x30, 0x61, 0xB3, 0x0E, 0x1B, 0xF0, 0xC1, 0xBF, 0x1C, 0x19, 0xE0,
    0x38, 0x70, 0xF0, 0xC1, 0xE3, 0x81, 0xC6, 0x03, 0x9C, 0x07, 0x37, 0x8E, 0xFF, 0x9D, 0x86, 0x07,
    0x3C, 0x1C, 0x18, 0x30, 0x38, 0xE3, 0x71, 0x87, 0xC0, 0x78, 0x30, 0xFC, 0x70, 0x5C, 0x60, 0x18,
    0xE0, 0x38, 0xC0, 0x71, 0xFC, 0xFD, 0xBE, 0xFF, 0x86, 0x03, 0x1C, 0x07, 0x0E, 0x06, 0x06, 0x0E,
    0x6E, 0x1C, 0x3C, 0x38, 0x70, 0x78, 0x60, 0x78, 0xE0, 0x18, 0xC0, 0x19, 0xC0, 0x19, 0xBE, 0x1B,
    0xBE, 0x1B, 0x30, 0x07, 0x3E, 0x06, 0x3E, 0x0E, 0x07, 0x0C, 0x3E, 0x1C, 0x3E, 0x78, 0x38, 0x7E,
    0x18, 0x07, 0x1C, 0x03, 0x8C, 0x03, 0x8E, 0x03, 0x86, 0xFB, 0xF7, 0x7D, 0xFB, 0x30, 0x03, 0x9F,
    0x01, 0x8F, 0x81, 0xC0, 0xC0, 0xC3, 0xE0, 0xE1, 0xE0, 0x78, 0x30, 0x7C, 0x70, 0x1C, 0x60, 0x78,
    0xE0, 0x3D, 0xC0, 0x0D, 0xBE, 0xFF, 0xBE, 0x7B, 0x30, 0x07, 0x3C, 0x06, 0x3E, 0x0E, 0x06, 0x0C,
    0x3E, 0x1C, 0x3C, 0x00, 0x00, 0x0E, 0x1C, 0x0F, 0x0C, 0x0F, 0x8E, 0x07, 0xC6, 0x06, 0xE7, 0x03,
    0xFB, 0x7D, 0xFB, 0xBE, 0x19, 0x98, 0x01, 0xCF, 0x01, 0xC7, 0xC0, 0xC0, 0x60, 0xE1, 0xF0, 0x60,
    0xF0, 0x38, 0x70, 0x78, 0x60, 0x78, 0xE0, 0x18, 0xC0, 0x19, 0xC0, 0x19, 0x9E, 0x1B, 0xBE, 0x1B,
    0x70, 0x07, 0x7E, 0x06, 0x7E, 0x0E, 0x76, 0x0C, 0x3E, 0x1C, 0x3C, 0x7C, 0x30, 0x7C, 0x70, 0x60,
    0x60, 0x78, 0xE0, 0x7C, 0xC0, 0x0D, 0xDE, 0xFD, 0xBE, 0x7B, 0xB0, 0x07, 0x7E, 0x06, 0x7E, 0x0E,
    0x37, 0x0C, 0x3E, 0x1C, 0x1E, 0x38, 0x70, 0xF0, 0xC1, 0xE3, 0x81, 0xCE, 0x03, 0x98, 0x07, 0x77,
    0x8E, 0xDF, 0x9F, 0xBF, 0x06, 0x7C, 0x1C, 0x78, 0x31, 0xB8, 0xE3, 0x71, 0x83, 0xC0, 0x78, 0x31,
    0xF8, 0xE1, 0x73, 0x83, 0xC6, 0x01, 0xDC, 0x01, 0xB7, 0xBF, 0xFF, 0xBD, 0xBF, 0x07, 0x3C, 0x0C,
    0x78, 0x39, 0xF8, 0x63, 0x31, 0xC3, 0xC0, 0x7C, 0x30, 0xF8, 0xE1, 0x81, 0x83, 0xC7, 0x01, 0xDC,
    0x09, 0xB7, 0x9F, 0xFD, 0xBD, 0xBF, 0x07, 0x3C, 0x0C, 0x7C, 0x39, 0xD8, 0x63, 0xB1, 0xC3, 0xC0,
    0xFC, 0x71, 0xF9, 0xC0, 0x33, 0x00, 0xEE, 0x01, 0x98, 0x07, 0x77, 0x8C, 0xDF, 0xBB, 0xBF, 0x06,
    0x3C, 0x1C, 0xF8, 0x31, 0xB8, 0xE3, 0x71, 0x83, 0xC0, 0x38, 0x77, 0x86, 0x78, 0xE1, 0x8C, 0x19,
    0xC1, 0x98, 0x1B, 0x81, 0xB0, 0x07, 0x00, 0x60, 0x0E, 0x00, 0xC0, 0x1C, 0x00, 0x7C, 0x3F, 0x13,
    0xC0, 0xE0, 0x70, 0x38, 0x1C, 0x9E, 0xFE, 0x3E, 0x00, 0x78, 0x30, 0x7C, 0x70, 0xEC, 0x60, 0xEC,
    0xE0, 0xEC, 0xC0, 0xED, 0xDE, 0x7D, 0xBE, 0x7B, 0x86, 0x03, 0x1E, 0x07, 0x1E, 0x06, 0x07, 0x0E,
    0x3E, 0x0C, 0x3E, 0x70, 0x38, 0x1C, 0x0E, 0x07, 0x07, 0xF1, 0xC1, 0xFC, 0x70, 0x38, 0x1E, 0x0F,
    0xF7, 0xF8, 0x71, 0xC7, 0x1C, 0x73, 0xF7, 0x1C, 0xFD, 0xC7, 0x1C, 0x71, 0xC0, 0x1C, 0x03, 0x80,
    0x70, 0x0E, 0x01, 0xC0, 0x7A, 0x1F, 0xC2, 0xF8, 0x1C, 0x03, 0x80, 0x70, 0x0F, 0xE1, 0xFC, 0x7F,
    0x1F, 0xE7, 0x3F, 0xF7, 0xFD, 0xDC, 0x77, 0x3D, 0xFE, 0x7F, 0x1C, 0x07, 0x01, 0xC0, 0x70, 0x00,
    0x7F, 0x0F, 0xF1, 0xCF, 0x38, 0xE7, 0x1C, 0xE7, 0x9F, 0xE3, 0xF8, 0x77, 0x0E, 0x71, 0xCF, 0x38,
    0xE7, 0x1E, 0xE0, 0x1E, 0x01, 0xE0, 0x3C, 0x00, 0x00, 0x0F, 0xE3, 0xF8, 0xDE, 0x07, 0x8F, 0xE7,
    0xF9, 0xFE, 0xFB, 0x9F, 0xE7, 0xF9, 0x80, 0x00, 0x00, 0x06, 0x06, 0x36, 0x36, 0x7E, 0xFE, 0x7C,
    0x7C, 0x78, 0x78, 0x78, 0x78, 0x3E, 0x3E, 0x30, 0x30, 0x30, 0x20, 0x70, 0xE1, 0xC3, 0x87, 0x0E,
    0x1C, 0x38, 0x70, 0xE1, 0xFF, 0x87, 0xFE, 0x1C, 0x38, 0x70, 0xE1, 0xC3, 0x87, 0x0E, 0x1C, 0x3F,
    0x70, 0xFC, 0x00, 0x70, 0x01, 0xC0, 0x07, 0x00, 0x1C, 0x70, 0x0E, 0x01, 0xC0, 0x38, 0x07, 0xF8,
    0xFF, 0x1E, 0xF3, 0x8E, 0x71, 0xCE, 0x39, 0xC7, 0x38, 0xE7, 0x1E, 0xE3, 0xC0, 0x38, 0x07, 0x00,
    0xE0, 0x71, 0xE7, 0x1C, 0x73, 0xC7, 0x78, 0x77, 0x07, 0xF0, 0x7F, 0x07, 0xF0, 0x7F, 0x87, 0x38,
    0x73, 0xC7, 0x1E, 0x71, 0xE0, 0x0E, 0x00, 0xE0, 0x0E, 0x00, 0xE0, 0x70, 0x0E, 0x01, 0xC0, 0x38,
    0x07, 0x1C, 0xE7, 0x1D, 0xC3, 0xF0, 0x7E, 0x0F, 0xE1, 0xFC, 0x39, 0xC7, 0x3E, 0xE3, 0xC0, 0x38,
    0x07, 0x00, 0xE0, 0xFF, 0xBF, 0xE0, 0x78, 0x1C, 0x0E, 0x03, 0x81, 0xC0, 0xF0, 0x38, 0x1E, 0x07,
    0x03, 0xFE, 0xFF, 0x80, 0xE0, 0x38, 0x0E, 0x01, 0x80, 0xFF, 0xFF, 0x0E, 0x1C, 0x1C, 0x38, 0x78,
    0x70, 0xFF, 0xFF, 0x07, 0x07, 0x07, 0x06, 0x1F, 0x71, 0xFF, 0x8F, 0x7C, 0xF1, 0xE7, 0x0F, 0x38,
    0x79, 0xC3, 0xCE, 0x1E, 0x70, 0xF3, 0x87, 0x8F, 0x7C, 0x7F, 0xE1, 0xF7, 0x00, 0x78, 0x3E, 0x7C,
    0x3E, 0x7C, 0x3E, 0x7C, 0x7E, 0x7E, 0x7E, 0x7E, 0x7E, 0x7E, 0x6E, 0x76, 0xEE, 0x77, 0xEE, 0x77,
    0xCE, 0x73, 0xCE, 0x73, 0xCE, 0x73, 0x8E, 0x00, 0x0E, 0x00, 0x1C, 0x00, 0x7C, 0x00, 0x78, 0xE0,
    0xEE, 0x0E, 0x70, 0xE7, 0xFE, 0x7F, 0xC7, 0x9C, 0x3B, 0xC3, 0xB8, 0x3B, 0x81, 0xF8, 0x1F, 0x01,
    0xF0, 0x0F, 0x00, 0x77, 0xC3, 0xFF, 0x1F, 0x78, 0xF1, 0xE7, 0x07, 0x38, 0x39, 0xC1, 0xCE, 0x0E,
    0x70, 0x73, 0xC7, 0x9F, 0x78, 0xFF, 0xC7, 0x7C, 0x00, 0xE1, 0xF8, 0xF7, 0x39, 0xCE, 0x77, 0x0D,
    0xC3, 0xF0, 0xF8, 0x1E, 0x07, 0x00, 0xE1, 0xC3, 0xF1, 0xE3, 0xF8, 0xF1, 0xCE, 0x78, 0xE7, 0x3E,
    0xE3, 0xBF, 0x71, 0xDF, 0xB8, 0xEE, 0xDC, 0x3E, 0x7C, 0x1F, 0x3E, 0x0F, 0x9F, 0x07, 0xC7, 0x81,
    0xC3, 0x80, 0xE7, 0x8F, 0xCF, 0x3D, 0xDE, 0x73, 0xBE, 0xC7, 0xFF, 0x8F, 0xDF, 0x0F, 0x3E, 0x1E,
    0x78, 0x3C, 0xF0, 0x79, 0xE0, 0x7B, 0x9E, 0xE7, 0xF9, 0xFC, 0xF7, 0x0D, 0xC3, 0xE0, 0xF8, 0x1E,
    0x07, 0x00, 0x70, 0x38, 0x1C, 0x0E, 0x07, 0x03, 0xFD, 0xFE, 0xE0, 0x70, 0x38, 0x1C, 0x0E, 0x07,
    0x00, 0x70, 0xE1, 0xC3, 0x87, 0xEF, 0xDC, 0x38, 0x70, 0xE0, 0x00, 0x01, 0x9F, 0x1E, 0xFC, 0xEE,
    0xE7, 0x73, 0xBB, 0x9D, 0xDC, 0xEE, 0xEF, 0x7F, 0xF1, 0xFF, 0x07, 0xF0, 0x1E, 0x03, 0xF8, 0x1C,
    0xE0, 0xE7, 0x07, 0xF8, 0x3F, 0xC1, 0xC0, 0x4E, 0x17, 0x3F, 0xF0, 0xFF, 0x80, 0x78, 0xF8, 0x70,
    0xE1, 0xC3, 0x87, 0x0E, 0x1C, 0x38, 0x71, 0xEF, 0xDD, 0x80, 0x00, 0x1F, 0x0F, 0xE7, 0xBD, 0xC7,
    0xF1, 0xDF, 0xF7, 0xBD, 0xEF, 0x3F, 0x87, 0xC0, 0x7E, 0x7E, 0x0E, 0x0E, 0x7E, 0x7E, 0x0E, 0x0E,
    0x7E, 0x7E, 0x30, 0x33, 0x33, 0x33, 0x7E, 0xC6, 0xC6, 0x6C, 0x6C, 0x6C, 0x3C, 0x38, 0x38, 0x00,
    0x00, 0x00, 0x00, 0x00, 0x3F, 0x3F, 0x9C, 0xCE, 0x07, 0x03, 0xE0, 0xFC, 0x3E, 0x07, 0x81, 0xF9,
    0xFF, 0xE7, 0xE1, 0xC0, 0x70, 0x3E, 0x0F, 0x00, 0xFF, 0xBF, 0xE0, 0x78, 0x1C, 0x0E, 0x03, 0x81,
    0xC0, 0xF0, 0x38, 0x1E, 0x07, 0x03, 0xE0, 0xFC, 0x07, 0x00, 0xE0, 0x3E, 0x07, 0x80, 0x40, 0xF8,
    0xDE, 0x5A, 0x00, 0x00, 0x00, 0x00, 0x00, 0x00, 0x00, 0x00, 0x00, 0x40, 0xC0, 0xD8, 0x78, 0x1E,
    0x06, 0x00, 0x78, 0xF8, 0x70, 0x61, 0xC7, 0x00, 0x00, 0x78, 0xF0, 0x70, 0xC7, 0x80, 0x79, 0xE1,
    0x86, 0x38, 0x07, 0x1E, 0x18, 0x63, 0x00, 0x3E, 0x7E, 0x78, 0x70, 0x70, 0x70, 0x78, 0x1E, 0x00,
    0x00, 0x00, 0x00, 0x00, 0x3E, 0xFD, 0xC3, 0x06, 0x0E, 0x0F, 0x00, 0x00, 0x00, 0x70, 0xE3, 0x87,
    0x1C, 0x38, 0xE1, 0xC7, 0x0E, 0x3F, 0xF1, 0xFF, 0x8E, 0x1C, 0x70, 0xE3, 0x87, 0x1C, 0x38, 0xE1,
    0xC7, 0x0E, 0x00, 0x70, 0x03, 0x80, 0x7C, 0x03, 0xC0, 0x70, 0x0E, 0x01, 0xC0, 0x38, 0x07, 0xF8,
    0xFF, 0x1E, 0xF3, 0x8E, 0x71, 0xCE, 0x39, 0xC7, 0x38, 0xE7, 0x1C, 0xE3, 0x80, 0x70, 0x1E, 0x07,
    0x80, 0xF0, 0xFF, 0x81, 0xFF, 0x00, 0x70, 0x00, 0xE0, 0x01, 0xFF, 0xC3, 0xFF, 0x87, 0x1E, 0x0E,
    0x78, 0x1C, 0xE0, 0x3B, 0xE0, 0x77, 0xE0, 0xE1, 0xE1, 0xC1, 0xC0, 0x03, 0x81, 0x8F, 0x03, 0xFC,
    0x07, 0xF0, 0x30, 0x00, 0x60, 0x01, 0xFF, 0xF7, 0xFF, 0xE7, 0x03, 0x8E, 0x0E, 0x1C, 0x3C, 0x38,
    0xF8, 0x71, 0xF8, 0xF0, 0x78, 0xF8, 0x71, 0xF0, 0xE0, 0x01, 0xC0, 0x67, 0x80, 0xFF, 0x01, 0xF8,
    0x0F, 0x8F, 0xE7, 0xD9, 0xE0, 0x3E, 0x07, 0xC3, 0xF1, 0xF8, 0x70, 0x3C, 0x07, 0x9D, 0xFF, 0x3F,
    0x80, 0x0F, 0x8F, 0xE7, 0x99, 0xE0, 0x3C, 0x07, 0x83, 0xF1, 0xF8, 0x70, 0x3C, 0x0F, 0x01, 0xE6,
    0x7F, 0x8F, 0xE0, 0x07, 0x07, 0x87, 0xC3, 0xE3, 0xF3, 0xB9, 0x9D, 0xFE, 0xFF, 0x03, 0x81, 0xC3,
    0xE1, 0xE0, 0x07, 0x07, 0x83, 0xC3, 0xE3, 0xF1, 0xB9, 0xDD, 0xCE, 0xFF, 0x7F, 0x81, 0xC0, 0xE1,
    0xF0, 0xF0, 0x07, 0x00, 0xF0, 0x1F, 0x01, 0xF0, 0x3F, 0x07, 0x70, 0x67, 0x0F, 0xFE, 0xFF, 0xE0,
    0x70, 0x07, 0xE1, 0xFE, 0x1E, 0xC0, 0x07, 0x00, 0xF0, 0x0F, 0x01, 0xF0, 0x3F, 0x03, 0x70, 0x77,
    0x0E, 0x70, 0xFF, 0xEF, 0xFE, 0x07, 0x00, 0x7E, 0x1F, 0xE1, 0xEC, 0x7E, 0x7E, 0x70, 0x70, 0x7E,
    0x7E, 0x70, 0x70, 0x70, 0x70, 0x3E, 0x7E, 0x76, 0x70, 0x7C, 0x3E, 0x0E, 0xCE, 0xFE, 0x7C, 0x0F,
    0x0F, 0x01, 0xF0, 0xF8, 0x1F, 0x0F, 0x81, 0xF9, 0xF8, 0x3B, 0x9D, 0x83, 0xB9, 0xDC, 0x39, 0xF9,
    0xC7, 0x9F, 0x9C, 0x7F, 0xFF, 0xE7, 0xFF, 0xFE, 0x70, 0xF0, 0xEE, 0x0F, 0x0F, 0xE0, 0xF0, 0x70,
    0x3F, 0xF8, 0x7F, 0xF8, 0xDE, 0x70, 0x1C, 0xE3, 0xFF, 0xCF, 0xFF, 0x9C, 0xF7, 0x7B, 0xCE, 0x7F,
    0xFC, 0x7B, 0xD8, 0x0F, 0x3F, 0x03, 0xFF, 0xF0, 0x7F, 0xCF, 0x0F, 0xF0, 0xE3, 0xBC, 0x1C, 0x77,
    0x83, 0x8E, 0x70, 0x73, 0xCE, 0x0E, 0x7F, 0xC1, 0xCF, 0xFC, 0x39, 0xC3, 0xCF, 0x70, 0x7F, 0xCE,
    0x03, 0xF0, 0x3E, 0xF8, 0x3F, 0xFC, 0x37, 0xDE, 0x03, 0x8E, 0x3F, 0x8E, 0x7F, 0x8E, 0x73, 0x8E,
    0xF7, 0xDE, 0x7F, 0xFC, 0x3C, 0xF8, 0x0F, 0x03, 0x87, 0xC0, 0xE1, 0xF0, 0x38, 0x7E, 0x0E, 0x3B,
    0x83, 0x8E, 0xE0, 0xE3, 0x9C, 0x39, 0xE7, 0x0E, 0x7F, 0xC3, 0x9F, 0xF8, 0xE7, 0x0E, 0x7B, 0x83,
    0xFC, 0xE0, 0x7E, 0x00, 0x3F, 0x0E, 0x3F, 0x0E, 0x37, 0x8E, 0x03, 0x8E, 0x3F, 0x8E, 0x7F, 0x8E,
    0x73, 0x9E, 0xF7, 0xDE, 0x7F, 0xFE, 0x3D, 0xFE, 0x0F, 0x07, 0x1F, 0x0E, 0x1F, 0x0E, 0x1F, 0x8E,
    0x3B, 0x8E, 0x3B, 0x9C, 0x39, 0xDC, 0x79, 0xDC, 0x7F, 0xF8, 0x7F, 0xF8, 0x70, 0xF8, 0xE0, 0xF0,
    0xE0, 0xF0, 0x3F, 0x1E, 0x7E, 0x38, 0xDE, 0xF0, 0x1D, 0xC3, 0xFF, 0x8F, 0xFE, 0x1C, 0xF8, 0x7B,
    0xF0, 0x7F, 0xC0, 0xFF, 0x80, 0x0F, 0x07, 0x1F, 0x0F, 0x1F, 0x0E, 0x1F, 0x0E, 0x3B, 0x8E, 0x3B,
    0x9C, 0x3F, 0xFC, 0x7F, 0xFC, 0x71, 0xD8, 0x71, 0xF8, 0x71, 0xF8, 0xE0, 0xF8, 0xE0, 0xF0, 0x3F,
    0x1E, 0x7F, 0x38, 0x8E, 0xF0, 0xFF, 0xC7, 0xFF, 0x8E, 0x7E, 0x3C, 0xFC, 0x3B, 0xF0, 0x7F, 0xE0,
    0x7F, 0x80, 0x0F, 0x07, 0x1F, 0x0E, 0x1F, 0x0E, 0x1F, 0x8E, 0x3B, 0x8E, 0x3B, 0x9C, 0x39, 0xDC,
    0x79, 0xDC, 0x7F, 0xF8, 0x7F, 0xF8, 0x70, 0xF8, 0xE0, 0xF0, 0xE0, 0xF0, 0x00, 0xF0, 0x01, 0xE0,
    0x07, 0xE0, 0x07, 0xC0, 0x3F, 0x1E, 0x7E, 0x38, 0x9E, 0xF1, 0xFD, 0xC7, 0xFF, 0x0E, 0x7E, 0x3C,
    0xF8, 0x3B, 0xF0, 0x7F, 0xC0, 0x7F, 0x80, 0x0E, 0x00, 0x3C, 0x00, 0xF0, 0x01, 0xC0, 0x00, 0x7E,
    0x1F, 0xC6, 0x78, 0x0E, 0x03, 0xCE, 0xF7, 0x9C, 0xEF, 0x03, 0xC0, 0xE6, 0x79, 0xFC, 0x7E, 0x00,
    0x7C, 0x3F, 0x13, 0xC0, 0xE7, 0x73, 0xB8, 0x1C, 0x9E, 0xFE, 0x3E, 0x00, 0x71, 0xFF, 0x3B, 0xEE,
    0x3B, 0xC7, 0x70, 0xFC, 0x1F, 0xC3, 0xF8, 0x77, 0x8E, 0x71, 0xCF, 0x38, 0xE7, 0x0E, 0x70, 0x0E,
    0x03, 0xF8, 0x7F, 0x07, 0x1C, 0xE7, 0x1D, 0xC3, 0xF0, 0x7E, 0x0F, 0xE1, 0xFC, 0x39, 0xC7, 0x3C,
    0xE3, 0x80, 0x71, 0xEE, 0x39, 0xCF, 0x3B, 0xC7, 0x70, 0xFC, 0x1F, 0xC3, 0xFA, 0x77, 0xEE, 0x79,
    0xDF, 0x3B, 0xE7, 0x0E, 0x70, 0x0E, 0x01, 0xC0, 0x38, 0x07, 0x1C, 0xE7, 0x1D, 0xC3, 0xF0, 0x7E,
    0x0F, 0xF1, 0xFF, 0x3B, 0xC7, 0xFC, 0xE3, 0x80, 0x71, 0xFF, 0x3B, 0xEE, 0x3B, 0xC7, 0x70, 0xFC,
    0x1F, 0xC3, 0xFA, 0x77, 0xEE, 0x79, 0xDF, 0x3B, 0xE7, 0x0E, 0x70, 0x0E, 0x03, 0xF8, 0x7F, 0x07,
    0x1C, 0xE7, 0x1D, 0xC3, 0xF0, 0x7E, 0x0F, 0xF1, 0xFF, 0x3B, 0xC7, 0xFC, 0xE3, 0x80, 0x70, 0x07,
    0x00, 0x70, 0x07, 0x00, 0x7E, 0x07, 0xE0, 0x6E, 0x00, 0xE0, 0x0E, 0x00, 0xE0, 0x0E, 0x00, 0xFE,
    0x0F, 0xE0, 0x70, 0xE1, 0xC3, 0x87, 0x0F, 0x9F, 0x2E, 0x1C, 0x38, 0x70, 0xE1, 0xC3, 0x80, 0x70,
    0x7E, 0x3F, 0x0E, 0x07, 0x03, 0x81, 0xC0, 0xE0, 0x70, 0x38, 0x1E, 0x0F, 0xF7, 0xF8, 0x73, 0xBF,
    0xF7, 0x39, 0xCE, 0x73, 0x9C, 0xE7, 0x38, 0x1F, 0xC1, 0xFF, 0x1F, 0x7C, 0xE0, 0xE7, 0x07, 0x7F,
    0xFF, 0xFF, 0xEE, 0x0E, 0x70, 0x73, 0xC7, 0x8F, 0x78, 0x7F, 0xC0, 0xF8, 0x00, 0x1F, 0x03, 0xF8,
    0x7B, 0xC7, 0x1C, 0xFF, 0xEF, 0xFE, 0x71, 0xC7, 0xBC, 0x3F, 0x81, 0xF0, 0x1F, 0x9E, 0x3F, 0xFF,
    0x3D, 0xF7, 0x78, 0xF7, 0x70, 0x7F, 0x70, 0x7E, 0x70, 0x70, 0x70, 0x70, 0x70, 0x70, 0x78, 0xF0,
    0x3D, 0xE0, 0x3F, 0xE0, 0x0F, 0x80, 0x1E, 0x71, 0xFF, 0xDE, 0xF6, 0xE7, 0xB7, 0x1F, 0xB8, 0xF9,
    0xCF, 0x0F, 0x70, 0x3F, 0x80, 0xF8, 0x00, 0x1F, 0x8F, 0xC1, 0xFF, 0xFF, 0x0F, 0x7F, 0x3C, 0xF1,
    0xF0, 0xE7, 0x07, 0x87, 0x38, 0x38, 0x3D, 0xC1, 0xC1, 0xEE, 0x0E, 0x0F, 0x70, 0x78, 0x73, 0xC7,
    0xC3, 0x8F, 0x7F, 0x3C, 0x7F, 0xFF, 0xC0, 0xF8, 0xFC, 0x00, 0x1F, 0x7C, 0x3F, 0xFE, 0x7B, 0xEE,
    0x73, 0xC7, 0x71, 0xC7, 0x71, 0xC7, 0x73, 0xC7, 0x7B, 0xEE, 0x3F, 0xFE, 0x1F, 0x7C, 0x7F, 0x1F,
    0xE7, 0x3D, 0xC7, 0x71, 0xDC, 0xF7, 0xF9, 0xFC, 0x70, 0x1C, 0x0F, 0xC3, 0xF0, 0x70, 0x00, 0x7F,
    0x0F, 0xF1, 0xEF, 0x38, 0xE7, 0x1C, 0xE3, 0x9C, 0x73, 0xDE, 0x7F, 0x8F, 0xE1, 0xC0, 0x7F, 0x0F,
    0xE0, 0xE0, 0x00, 0x1F, 0xC0, 0xFF, 0x07, 0xBC, 0x38, 0xE1, 0xC7, 0x0E, 0x79, 0xFF, 0x9F, 0xF8,
    0xFE, 0x07, 0xE0, 0x07, 0x00, 0x38, 0x01, 0xC0, 0x00, 0x1D, 0xE0, 0xFF, 0x87, 0xBC, 0x3C, 0xE1,
    0xE7, 0x0F, 0x38, 0x79, 0xCF, 0xDE, 0xFF, 0xE7, 0xFE, 0x37, 0x00, 0x3C, 0x01, 0xE0, 0x0F, 0x00,
    0xF3, 0xF9, 0xE7, 0xF9, 0xEE, 0x79, 0xDC, 0x73, 0xB8, 0xE7, 0x73, 0xCF, 0xFF, 0x0F, 0xFC, 0x03,
    0x80, 0x07, 0x00, 0x0E, 0x00, 0x1C, 0x00, 0x38, 0x00, 0x71, 0xFC, 0x79, 0xFE, 0x39, 0xEF, 0x39,
    0xC7, 0x39, 0xC7, 0x39, 0xC7, 0x3D, 0xCF, 0x1F, 0xDE, 0x0F, 0xFE, 0x07, 0xF8, 0x01, 0xC0, 0x01,
    0xC0, 0x01, 0xC0, 0x01, 0xC0, 0x1F, 0xC1, 0xFF, 0x0F, 0x78, 0xF1, 0xE7, 0x07, 0x38, 0x39, 0xC1,
    0xCE, 0x0E, 0x70, 0x73, 0xC7, 0x8F, 0x78, 0x7F, 0xC0, 0xFF, 0x00, 0xF8, 0x0F, 0x80, 0x7E, 0x00,
    0x00, 0x3D, 0xCF, 0xF9, 0xEF, 0x39, 0xE7, 0x1C, 0xE3, 0x9C, 0xF3, 0xDE, 0x7F, 0xC7, 0xF8, 0x0F,
    0x07, 0xF0, 0xFE, 0x07, 0x80, 0x1F, 0xC0, 0x3F, 0xE0, 0x3D, 0xE0, 0x78, 0xF0, 0x70, 0x70, 0x70,
    0x70, 0x70, 0x76, 0x70, 0x73, 0x70, 0x73, 0x78, 0xF3, 0x3D, 0xE7, 0x3F, 0xFE, 0x0F, 0xF8, 0x01,
    0xF0, 0x01, 0xE0, 0x03, 0xF0, 0x02, 0x00, 0x3F, 0xC1, 0xFF, 0xC7, 0xBD, 0x9C, 0xF2, 0x71, 0xC9,
    0xC7, 0x67, 0x3F, 0x1E, 0xF8, 0x7F, 0xC0, 0xFF, 0x00, 0x3C, 0x01, 0xF0, 0x0F, 0xC0, 0x6F, 0x00,
    0x00, 0x00, 0x7E, 0x0F, 0xC0, 0x78, 0x1E, 0x07, 0x81, 0xC3, 0xF0, 0xF8, 0x0E, 0x01, 0xC0, 0x70,
    0x0E, 0x03, 0xC0, 0x7E, 0x1F, 0x81, 0xC0, 0xE1, 0xF0, 0xF0, 0x38, 0x0E, 0x07, 0x01, 0xC0, 0x3E,
    0x07, 0xF0, 0x77, 0x80, 0x38, 0x03, 0x80, 0x78, 0x07, 0x00, 0xE0, 0x1E, 0xE3, 0xCE, 0x78, 0xE7,
    0xFF, 0x7F, 0xF0, 0x0E, 0x00, 0xE0, 0x3E, 0x07, 0xE0, 0x6F, 0x00, 0x70, 0x0E, 0x01, 0xE0, 0x3D,
    0xC7, 0x9C, 0xFF, 0xEF, 0xFE, 0x01, 0xC0, 0x1C, 0x01, 0xC0, 0xE6, 0xFC, 0xBF, 0xF7, 0x3E, 0xE7,
    0x9C, 0xF7, 0x0E, 0xE1, 0xDC, 0x3B, 0x07, 0xE0, 0xFC, 0x1F, 0x86, 0xE0, 0x0C, 0x3B, 0xEE, 0xB9,
    0xEE, 0x7F, 0x1F, 0xC3, 0xF0, 0xF8, 0x3E, 0x0F, 0x87, 0xC1, 0x80, 0xE1, 0xC7, 0x71, 0xE3, 0xB8,
    0xF1, 0xCE, 0x78, 0xE7, 0x3E, 0xE3, 0xBF, 0x71, 0xDF, 0xB8, 0xEE, 0xDC, 0x3E, 0x7C, 0x1F, 0x3E,
    0x0F, 0x9F, 0x07, 0xC7, 0x81, 0xC3, 0x80, 0x01, 0xC0, 0x05, 0xE0, 0x07, 0xE0, 0x03, 0xE0, 0x00,
    0xE7, 0x9D, 0xCF, 0x39, 0xDE, 0x73, 0xBE, 0xC7, 0xFF, 0x8F, 0xDF, 0x0F, 0x3E, 0x1E, 0x78, 0x3C,
    0xF0, 0x78, 0xE0, 0x01, 0xC0, 0x07, 0x00, 0x3E, 0x00, 0x78, 0x00, 0x7C, 0x1F, 0x0E, 0x03, 0x80,
    0xE0, 0x1F, 0xC7, 0xF0, 0x3C, 0x1E, 0x07, 0x03, 0xF0, 0xFE, 0x03, 0x80, 0xE0, 0x3B, 0x9E, 0xFF,
    0x1F, 0x80, 0x3C, 0x1F, 0x0F, 0x03, 0x80, 0xF0, 0x1F, 0xC3, 0xF0, 0x3C, 0x0E, 0x07, 0x03, 0xF0,
    0xFE, 0x03, 0x80, 0xE6, 0x79, 0xFE, 0x7F, 0x00, 0x76, 0x1F, 0x87, 0xC3, 0xFC, 0xFF, 0x9C, 0xF7,
    0x1D, 0xC7, 0x73, 0xDF, 0xE7, 0xF1, 0xC0, 0x70, 0x00, 0x72, 0x0E, 0xC1, 0xF8, 0x3C, 0x0F, 0xF1,
    0xFF, 0x1E, 0xF3, 0x8E, 0x71, 0xCE, 0x39, 0xC7, 0x3D, 0xE7, 0xF8, 0xFE, 0x1C, 0x03, 0x80, 0x70,
    0x0E, 0x00, 0x70, 0x1C, 0x07, 0xF1, 0xFE, 0x73, 0xDC, 0x77, 0x3D, 0xFE, 0x7F, 0x1C, 0x0F, 0xC3,
    0xF0, 0x70, 0x00, 0x70, 0x0E, 0x01, 0xC0, 0x38, 0x07, 0xF0, 0xFF, 0x1E, 0xF3, 0x8E, 0x71, 0xCE,
    0x39, 0xC7, 0x3D, 0xE7, 0xF8, 0xFE, 0x1C, 0x07, 0xF0, 0xFE, 0x0E, 0x00, 0x70, 0xE7, 0x1E, 0x71,
    0xC7, 0x3C, 0x73, 0x87, 0x70, 0x77, 0x07, 0xE0, 0x7E, 0x07, 0xC0, 0x7C, 0x07, 0x80, 0x78, 0x07,
    0x00, 0x70, 0x07, 0x00, 0x70, 0x00, 0x73, 0xDC, 0xE7, 0x71, 0xDC, 0x7E, 0x1F, 0x87, 0xC1, 0xE0,
    0x78, 0x1C, 0x07, 0x01, 0xC0, 0x70, 0x1C, 0x00, 0x3E, 0x3F, 0x99, 0xC0, 0xE0, 0x71, 0xF0, 0xFC,
    0x1E, 0x03, 0x81, 0xD9, 0xFF, 0xE7, 0xE0, 0x7E, 0x7F, 0x1B, 0xC0, 0xE0, 0xF3, 0xF1, 0xF8, 0x1E,
    0x07, 0x03, 0x81, 0xD9, 0xEF, 0xE7, 0xE0, 0x0F, 0x83, 0xF8, 0x77, 0x0E, 0xF3, 0xDD, 0xFF, 0xBF,
    0xE1, 0xE0, 0x3C, 0x07, 0x80, 0xE0, 0x7C, 0x0F, 0x00, 0x0F, 0x83, 0xF8, 0x77, 0x8E, 0x73, 0xDF,
    0xFF, 0xBF, 0xE1, 0xE0, 0x3C, 0x07, 0x80, 0xF0, 0x1E, 0x03, 0xC0, 0x78, 0x0F, 0x01, 0xC0, 0xF8,
    0x1E, 0x00, 0x3F, 0x0F, 0xF1, 0xCE, 0x39, 0xE7, 0x1C, 0xE3, 0x9F, 0x71, 0xEE, 0x03, 0xC0, 0x70,
    0x3E, 0x0F, 0x81, 0xE0, 0x3E, 0x1F, 0xC7, 0x39, 0xCE, 0x73, 0xDC, 0xF7, 0x3D, 0xFF, 0x3F, 0x80,
    0xE0, 0x38, 0x3C, 0x1F, 0x07, 0x00, 0x79, 0xFB, 0x37, 0x67, 0xC1, 0x8F, 0x1C, 0x00, 0x00, 0x00,
    0x03, 0xC0, 0x0F, 0x00, 0x3C, 0x00, 0xF0, 0x3F, 0xC1, 0xFF, 0x07, 0xBC, 0x1C, 0xF0, 0x71, 0xC1,
    0xC7, 0x67, 0x3F, 0x9F, 0xFE, 0x7F, 0xFC, 0xF7, 0xF0, 0x06, 0x00, 0x18, 0x00, 0x40, 0x70, 0x38,
    0x1C, 0x0E, 0x07, 0x03, 0x81, 0xC0, 0xE0, 0x70, 0x3B, 0x9D, 0x8E, 0xC7, 0xFB, 0xFC, 0x30, 0x38,
    0x18, 0x00, 0x7F, 0xFC, 0x07, 0xFF, 0xE0, 0x7B, 0xEE, 0x07, 0x3C, 0xE0, 0x71, 0xCE, 0x07, 0x1C,
    0xE6, 0x71, 0xCE, 0xC7, 0x1C, 0xEC, 0x71, 0xCF, 0xF7, 0x1C, 0xFF, 0x00, 0x01, 0x80, 0x00, 0x18,
    0x00, 0x03, 0x00, 0x7F, 0x80, 0xFF, 0x01, 0xEF, 0x03, 0x8E, 0x07, 0x1C, 0x0E, 0x3B, 0x1C, 0x76,
    0x38, 0xFC, 0x71, 0xFC, 0xE3, 0xF8, 0x01, 0xC0, 0x03, 0x00, 0x06, 0x00, 0x01, 0x80, 0x60, 0x39,
    0xFF, 0x7F, 0xDF, 0xC7, 0x61, 0xD8, 0x70, 0x1C, 0x07, 0x01, 0xC0, 0x70, 0x00, 0x7E, 0x01, 0xFC,
    0x07, 0x70, 0x1D, 0xC0, 0x7F, 0x11, 0xF8, 0xC7, 0x63, 0x1D, 0xDC, 0x73, 0xF9, 0xCF, 0xE0, 0x0E,
    0x00, 0x30, 0x00, 0xC0, 0x00, 0x78, 0x01, 0xF8, 0xC7, 0xB9, 0x8E, 0x77, 0xFF, 0xDF, 0xFF, 0x1C,
    0x70, 0x38, 0xE0, 0x71, 0xC0, 0xE3, 0x81, 0xC7, 0x03, 0x8E, 0x03, 0xFC, 0x07, 0xF8, 0x00, 0x3E,
    0x3F, 0x1D, 0xCE, 0xE7, 0xF1, 0xF0, 0x78, 0x7E, 0x7F, 0x1B, 0xC1, 0xCF, 0xE7, 0xE0, 0xFF, 0x87,
    0xFF, 0x0F, 0x78, 0xF1, 0xE7, 0x07, 0x38, 0x39, 0xC1, 0xCE, 0x0E, 0x70, 0x73, 0xC7, 0x8F, 0x78,
    0x7F, 0xC0, 0xF8, 0x00, 0x20, 0x1C, 0x03, 0x80, 0x70, 0x0F, 0x0F, 0xE7, 0xF9, 0xCF, 0x71, 0xDC,
    0x77, 0x3D, 0xEE, 0x3F, 0x87, 0xC0, 0x77, 0x3F, 0x9F, 0x0F, 0x07, 0x03, 0x81, 0xC0, 0xFE, 0x7F,
    0x38, 0x1C, 0x0E, 0x07, 0x03, 0x81, 0xC0, 0xE0, 0x70, 0x00, 0x7E, 0x7E, 0x78, 0x70, 0x70, 0x70,
    0x70, 0x70, 0x7E, 0x7E, 0x70, 0x70, 0x70, 0x70, 0x7F, 0x9F, 0xE3, 0xC0, 0xE0, 0x1E, 0x07, 0xC3,
    0xF9, 0xCE, 0x73, 0xDC, 0xF7, 0xB9, 0xFE, 0x3F, 0x00, 0x3F, 0x1F, 0xE7, 0xB9, 0xCF, 0x73, 0xDC,
    0xE7, 0xF0, 0xF8, 0x0F, 0x01, 0xC0, 0x71, 0xFE, 0x7F, 0x80, 0x00, 0x0F, 0xC7, 0xFB, 0xCE, 0xE3,
    0xB8, 0xEF, 0x39, 0xFE, 0x3F, 0x07, 0x00, 0xE0, 0x78, 0x3C, 0x1F, 0xE7, 0xF8, 0xFF, 0x7F, 0x81,
    0xC0, 0xE0, 0x70, 0x38, 0x1C, 0x0E, 0x07, 0x03, 0x81, 0xC0, 0xE0, 0x70, 0x73, 0x9C, 0xE7, 0x39,
    0xCE, 0x73, 0x9C, 0xE7, 0x38, 0x77, 0xC1, 0xFF, 0x87, 0xDE, 0x1E, 0x38, 0x70, 0xE1, 0xC3, 0x87,
    0x0E, 0x1C, 0x38, 0x70, 0xE1, 0xC3, 0x87, 0x0F, 0x1C, 0x1E, 0x70, 0x79, 0xC0, 0x07, 0x00, 0x1C,
    0x00, 0x7F, 0x87, 0xF8, 0x7B, 0xC7, 0x1C, 0x71, 0xC7, 0x1C, 0x71, 0xC7, 0x1C, 0x71, 0xF7, 0x0F,
    0x70, 0x07, 0x00, 0x70, 0x07, 0x00, 0x77, 0x3F, 0x9F, 0x0F, 0x07, 0x03, 0x81, 0xC0, 0xE0, 0x70,
    0x38, 0x1C, 0x0E, 0x07, 0x03, 0x81, 0xC0, 0xE0, 0x70, 0x00, 0x7E, 0x7E, 0x78, 0x70, 0x70, 0x70,
    0x70, 0x70, 0x70, 0x70, 0x70, 0x70, 0x70, 0x70, 0x7F, 0xDF, 0xF3, 0xE0, 0xE0, 0x70, 0x1C, 0x07,
    0x01, 0xC0, 0x70, 0x1E, 0x03, 0xCC, 0xFF, 0x1F, 0x80, 0xFF, 0x7F, 0x8F, 0x0E, 0x07, 0x03, 0x81,
    0xC0, 0xF6, 0x7F, 0x1F, 0x80, 0x00, 0x3C, 0x7E, 0x67, 0x73, 0x9C, 0x00, 0x01, 0xCE, 0x70, 0x00,
    0x7F, 0x7F, 0x00, 0x7F, 0x7F, 0x00, 0x00, 0x00, 0x73, 0x9C, 0xE7, 0x39, 0xCE, 0x70, 0x00, 0x00,
    0x00, 0x73, 0x9C, 0xE7, 0x38, 0x00, 0x00, 0x00, 0x00, 0x00, 0x70, 0xE3, 0x87, 0x1C, 0x38, 0xE1,
    0xC7, 0x0E, 0x3F, 0xF1, 0xFF, 0x80, 0x1C, 0x00, 0xE0, 0x07, 0x00, 0x38, 0x01, 0xC0, 0x0E, 0x00,
    0x1C, 0x0E, 0x07, 0x03, 0x81, 0xC3, 0xE1, 0xF0, 0xFE, 0x1E, 0x0E, 0x07, 0x03, 0x81, 0xC0, 0xE0,
    0x78, 0x1E, 0x0F, 0x00, 0x79, 0xE7, 0x9E, 0x00, 0x00, 0x00, 0x78, 0x71, 0xF1, 0xC7, 0xC7, 0x1F,
    0x9C, 0x7E, 0x71, 0xFD, 0xC7, 0x77, 0x1C, 0xFC, 0x73, 0xF1, 0xC7, 0xC7, 0x1F, 0x1C, 0x3F, 0x70,
    0xFC, 0x00, 0x70, 0x01, 0xC0, 0x07, 0x00, 0x1C, 0x7F, 0x8F, 0xF1, 0xEF, 0x38, 0xE7, 0x1C, 0xE3,
    0x9C, 0x73, 0x8E, 0x71, 0xEE, 0x3C, 0x03, 0x80, 0x70, 0x0E, 0x07, 0xE3, 0xFC, 0x7B, 0x1C, 0x03,
    0x80, 0xFE, 0x1F, 0xC1, 0xC0, 0x38, 0x07, 0x80, 0x79, 0x8F, 0xF0, 0xFC, 0x1F, 0x1F, 0x9E, 0x4E,
    0x0F, 0xE7, 0xF1, 0xC0, 0xF2, 0x3F, 0x0F, 0x80, 0x1F, 0x1F, 0x9E, 0x8E, 0x07, 0x03, 0x81, 0xC0,
    0xF6, 0x7F, 0x1F, 0x81, 0xC0, 0xE1, 0xF0, 0xF0, 0x70, 0x0E, 0x01, 0xC0, 0x38, 0x07, 0xF8, 0xFF,
    0x1E, 0xF3, 0x8E, 0x71, 0xCE, 0x39, 0xC7, 0x38, 0xE7, 0x1E, 0xE3, 0xC0, 0x38, 0x07, 0x01, 0xE0,
    0x38, 0x1F, 0xE0, 0xFF, 0x87, 0xBC, 0x38, 0xE1, 0xC7, 0x3F, 0xF3, 0xFF, 0xDF, 0xCE, 0xDC, 0x78,
    0xE3, 0xC7, 0x9C, 0x3F, 0xE1, 0xFE, 0x00, 0x07, 0x00, 0x0E, 0x00, 0x1C, 0x00, 0x38, 0x00, 0x7F,
    0x03, 0xFF, 0x0F, 0xDF, 0x3F, 0x8E, 0x77, 0x1C, 0xEE, 0x39, 0xDC, 0x73, 0x3D, 0xE7, 0x7F, 0x8E,
    0xFE, 0x1E, 0x00, 0x1F, 0x00, 0x1E, 0x00, 0x3F, 0xCF, 0xF3, 0x80, 0xE0, 0x38, 0x0E, 0x0F, 0xF3,
    0xFC, 0x38, 0x0E, 0x03, 0x80, 0xE0, 0x38, 0x0E, 0x03, 0x83, 0xE0, 0x70, 0x00, 0x1E, 0x3E, 0x78,
    0x70, 0xFE, 0xFE, 0x78, 0x78, 0xFC, 0xFC, 0x70, 0x70, 0x70, 0x70, 0x3F, 0x73, 0xFF, 0x9E, 0x7C,
    0xE1, 0xE7, 0x8F, 0x1F, 0x38, 0xF9, 0xCF, 0x0E, 0x70, 0xF3, 0x87, 0x9E, 0x7C, 0xFF, 0xE3, 0xF7,
    0x00, 0x3D, 0xCF, 0xF9, 0xCF, 0x39, 0xE3, 0x9C, 0xF3, 0x9C, 0xF7, 0x9E, 0x7F, 0xC7, 0xB8, 0x1F,
    0x83, 0xFE, 0x1E, 0x78, 0xE1, 0xC7, 0x8F, 0x1F, 0x38, 0xF9, 0xCF, 0x0E, 0x70, 0x73, 0x87, 0x1E,
    0x78, 0xFF, 0x83, 0xF8, 0x00, 0x3F, 0x0F, 0xF1, 0xCF, 0x38, 0xE3, 0xDC, 0xFB, 0x9C, 0x77, 0x9E,
    0x7F, 0x87, 0xE0, 0x70, 0x73, 0x83, 0x9C, 0x1C, 0xE0, 0xE7, 0x87, 0x1F, 0x38, 0xF9, 0xCF, 0x8E,
    0x70, 0xF3, 0x87, 0x9E, 0x7C, 0x7F, 0xE1, 0xF7, 0x00, 0x71, 0xCE, 0x39, 0xC7, 0x38, 0xE3, 0xDC,
    0xFB, 0x9C, 0x73, 0x9E, 0x7F, 0xC7, 0xB8, 0x0F, 0xC3, 0xFE, 0x3C, 0xC7, 0x9F, 0xFF, 0xFF, 0xE0,
    0xF3, 0xE7, 0x3E, 0x70, 0xE7, 0x8E, 0x3C, 0xE3, 0xFE, 0x0F, 0xE0, 0x3D, 0xCF, 0xF9, 0xCF, 0x39,
    0xFF, 0xFF, 0xFF, 0xBC, 0xF3, 0x9E, 0x7F, 0xC7, 0xF0, 0x0E, 0x31, 0xC7, 0xF8, 0xFE, 0x00, 0x71,
    0xEE, 0x39, 0xCF, 0x3B, 0xC7, 0x70, 0xFF, 0xFF, 0xFF, 0xF8, 0x77, 0x8E, 0x71, 0xCF, 0x38, 0xE7,
    0x0E, 0x70, 0x0E, 0x01, 0xC0, 0x38, 0x07, 0x1C, 0xE7, 0x1D, 0xC3, 0xFE, 0x7F, 0xDF, 0xE3, 0xFC,
    0x39, 0xC7, 0x3C, 0xE3, 0x80, 0x78, 0x71, 0xF1, 0xC7, 0xC7, 0x1F, 0x9C, 0x7E, 0x79, 0xDF, 0xF7,
    0xFF, 0xBF, 0xFC, 0xF3, 0xF1, 0xC7, 0xC7, 0x1F, 0x1C, 0x3C, 0x70, 0xF0, 0x7F, 0x8F, 0xF1, 0xEF,
    0x38, 0xF7, 0xFF, 0xFF, 0xBC, 0x73, 0x8E, 0x71, 0xCE, 0x38, 0x7F, 0x0F, 0xF1, 0xCF, 0xBF, 0xFF,
    0xFD, 0xE7, 0x9F, 0xE3, 0xF8, 0x77, 0x8E, 0x71, 0xCF, 0x38, 0xE7, 0x1E, 0x00, 0x1F, 0x8F, 0xC7,
    0x83, 0x81, 0xF9, 0xFC, 0xF0, 0x38, 0x1C, 0x0E, 0x00, 0x3F, 0x1F, 0xC7, 0x31, 0xC0, 0x70, 0x9F,
    0xEF, 0xF3, 0xFC, 0x07, 0x80, 0xEE, 0x7B, 0xFC, 0x7E, 0x00, 0x3E, 0x3F, 0x1D, 0x8E, 0x2F, 0xF7,
    0xF8, 0x3C, 0xDE, 0xFE, 0x3E, 0x00, 0x7C, 0x39, 0xF8, 0x73, 0xF0, 0xE6, 0xE1, 0xC1, 0xC3, 0x83,
    0xFF, 0x07, 0xFE, 0x0F, 0x1C, 0x1C, 0x38, 0x38, 0x70, 0x70, 0xE0, 0xE1, 0xC1, 0xC3, 0x80, 0x3F,
    0x0F, 0xF1, 0xCF, 0x00, 0xE0, 0x38, 0x7E, 0x0F, 0xE0, 0x3E, 0x01, 0xC0, 0x39, 0x8F, 0x3F, 0xC7,
    0xF0, 0x1F, 0x71, 0xFF, 0x9E, 0x7C, 0xE1, 0xE7, 0x0F, 0x38, 0x79, 0xC3, 0xCE, 0x1E, 0x70, 0xF3,
    0xCF, 0x8F, 0xFC, 0x3F, 0xE0, 0x0E, 0x00, 0x71, 0xC7, 0x8F, 0xF8, 0x3F, 0x80, 0x1E, 0x01, 0xE0,
    0x1E, 0x07, 0xE0, 0x7E, 0x07, 0xE0, 0x7F, 0x01, 0xE0, 0x1E, 0x01, 0xE0, 0x1E, 0x01, 0xFE, 0x1F,
    0xE0, 0xFF, 0xF8, 0xE1, 0xC3, 0x87, 0x0E, 0x1C, 0x38, 0x70, 0xE7, 0xEF, 0xE0, 0x1F, 0x07, 0xF1,
    0xEF, 0x38, 0xE7, 0x1C, 0xE3, 0x9C, 0x73, 0x8E, 0x7B, 0xC7, 0xF0, 0x7C, 0x01, 0xC0, 0x3C, 0x03,
    0x80, 0x70, 0xE3, 0x8E, 0x38, 0xE1, 0xCE, 0x1E, 0xE0, 0xFE, 0x0F, 0xE0, 0x7E, 0x0E, 0xE1, 0xEE,
    0x3C, 0xE3, 0x8E, 0x70, 0xE0, 0x1C, 0x07, 0x01, 0xC0, 0x70, 0x1C, 0x07, 0x01, 0xC0, 0x70, 0x1C,
    0x07, 0x01, 0xC3, 0xFE, 0xFF, 0x80, 0x0E, 0x0E, 0x0E, 0x0E, 0x0E, 0x0E, 0x0E, 0x0E, 0x0E, 0x0E,
    0x0E, 0x0E, 0x7E, 0x7E, 0x7E, 0x7E, 0x3A, 0x78, 0x73, 0xE3, 0x87, 0x38, 0x1D, 0xC0, 0xFC, 0x07,
    0xE0, 0x1E, 0x00, 0xF0, 0x07, 0x00, 0x7C, 0x03, 0xE0, 0x3F, 0x81, 0xDC, 0x1C, 0xE0, 0xE3, 0x8F,
    0x1F, 0x70, 0x70, 0x7F, 0x8F, 0xF9, 0xCF, 0x38, 0xE7, 0x1C, 0xFF, 0x1F, 0xE3, 0x9E, 0x71, 0xCE,
    0x39, 0xCF, 0x3F, 0xE7, 0xF8, 0xE0, 0x1C, 0x03, 0x80, 0x70, 0x00, 0x1F, 0x07, 0xF1, 0xEE, 0x39,
    0xC7, 0x38, 0xE7, 0x1F, 0xC3, 0xFC, 0x73, 0xCE, 0x39, 0xC7, 0x3D, 0xE7, 0xF8, 0xFE, 0x1C, 0x03,
    0x80, 0x70, 0x0E, 0x00, 0x1F, 0x3E, 0x0F, 0xCF, 0xC7, 0xB3, 0x71, 0xC0, 0x0E, 0x70, 0x03, 0x9C,
    0x00, 0xE7, 0x0C, 0x39, 0xC7, 0x0E, 0x71, 0xC3, 0x9E, 0x71, 0xE3, 0xFF, 0xF0, 0xFF, 0xFC, 0x1F,
    0x7C, 0x00, 0x3E, 0xF8, 0x7C, 0xF9, 0xE1, 0x73, 0x80, 0xF7, 0x18, 0xEE, 0x71, 0xDC, 0xE7, 0xBD,
    0xEE, 0x3F, 0xFC, 0x7D, 0xF0, 0x00, 0x27, 0x0F, 0x70, 0xE7, 0x0E, 0x71, 0xE7, 0x1E, 0x73, 0xE7,
    0x7E, 0x76, 0xE7, 0xCE, 0x7C, 0xE3, 0xFE, 0x3F, 0xC7, 0xF8, 0x20, 0x00, 0x00, 0x0E, 0x39, 0xC7,
    0x39, 0xE7, 0x7C, 0xEF, 0x9F, 0xF3, 0xEE, 0x7B, 0xCF, 0xF9, 0xFF, 0x30, 0x00, 0x73, 0xDF, 0xF8,
    0xFF, 0x1F, 0xEF, 0xFC, 0x3B, 0x87, 0x71, 0xEE, 0x3F, 0xCF, 0xF9, 0xC7, 0x78, 0xEE, 0x1C, 0x07,
    0x01, 0xE0, 0x18, 0x06, 0x07, 0x00, 0x01, 0xFC, 0xFF, 0x7B, 0x9C, 0xE7, 0x3B, 0xCE, 0xE7, 0xBD,
    0xC7, 0xF1, 0xFC, 0x77, 0xEF, 0xF8, 0xEE, 0x19, 0xC7, 0x70, 0x0E, 0x01, 0xC0, 0x38, 0x07, 0x01,
    0xC0, 0x38, 0x0F, 0x83, 0xF0, 0x3C, 0x78, 0x30, 0x63, 0x80, 0x0E, 0x1C, 0x70, 0xE1, 0xC3, 0x87,
    0x1C, 0x38, 0x70, 0x77, 0x0E, 0xFE, 0x38, 0xFC, 0x71, 0xB8, 0xE7, 0x71, 0xC1, 0xC7, 0x83, 0x8E,
    0x07, 0x1C, 0x0E, 0x38, 0x1C, 0xF0, 0x3F, 0xC0, 0x7F, 0x80, 0x7C, 0x00, 0x07, 0x01, 0xE0, 0x18,
    0x06, 0x07, 0x00, 0x03, 0x9C, 0xE7, 0x73, 0x9C, 0xE7, 0x39, 0xCE, 0x77, 0x9D, 0xC7, 0xF1, 0xFC,
    0x00, 0x70, 0x00, 0x0C, 0x03, 0x83, 0xFC, 0x70, 0x7F, 0xC7, 0x0F, 0x3C, 0xE3, 0x83, 0x9C, 0x70,
    0xE3, 0x8E, 0xF8, 0x3B, 0xDF, 0x87, 0x78, 0xF8, 0xEF, 0x07, 0x0F, 0xF0, 0xE1, 0xFF, 0x3C, 0x3C,
    0xFF, 0x03, 0x9F, 0xC0, 0x00, 0xC0, 0x00, 0xC0, 0xE0, 0xFC, 0xE1, 0xFE, 0x73, 0xCE, 0x73, 0x8E,
    0x77, 0x9C, 0x3F, 0x9E, 0x3F, 0xCF, 0x3E, 0xCF, 0x1E, 0xFE, 0x1C, 0x7C, 0x0F, 0xCF, 0xF3, 0xD9,
    0xE0, 0x70, 0x1C, 0x07, 0x01, 0xC0, 0x70, 0x1E, 0x03, 0xCC, 0xFF, 0x1F, 0xC0, 0x70, 0x3C, 0x1E,
    0x07, 0x80, 0x3F, 0x3F, 0x9C, 0xCE, 0x07, 0x03, 0xE0, 0xFC, 0x3E, 0x07, 0x81, 0xF9, 0xFF, 0xEF,
    0xE7, 0x03, 0x80, 0xF0, 0x78, 0x00, 0xFF, 0xBF, 0xE0, 0x78, 0x1C, 0x0E, 0x03, 0x81, 0xC0, 0xF0,
    0x38, 0x1E, 0x07, 0x03, 0xFE, 0xFF, 0x80, 0x60, 0x38, 0x1E, 0x07, 0x00, 0x7F, 0x07, 0xFC, 0x73,
    0xC7, 0x0E, 0x70, 0xE7, 0xFE, 0x7F, 0xE7, 0x0E, 0x70, 0xE7, 0x1E, 0x73, 0xC7, 0xFC, 0x7F, 0x00,
    0x03, 0xC0, 0x78, 0x0F, 0x01, 0xE3, 0xFC, 0xFF, 0x9C, 0xF3, 0x9E, 0x7F, 0xCF, 0xF9, 0xCF, 0x3D,
    0xE7, 0xFC, 0x7B, 0x80, 0x3F, 0x1F, 0xC7, 0x31, 0xC0, 0x78, 0x3F, 0xEF, 0xF8, 0x7C, 0x07, 0x80,
    0xEE, 0x7B, 0xFC, 0x7E, 0x00, 0x3E, 0x3F, 0x3D, 0x8F, 0x0F, 0xF7, 0xF8, 0x3C, 0x9E, 0xFE, 0x3E,
    0x00, 0x07, 0x03, 0x81, 0xC0, 0xE0, 0x73, 0xF9, 0xFC, 0x0E, 0x07, 0x03, 0x81, 0xC0, 0xE0, 0x70,
    0x1C, 0x38, 0x70, 0xEF, 0xDF, 0x87, 0x0E, 0x1C, 0x38, 0x60, 0x0C, 0xFF, 0xF9, 0xFF, 0xF3, 0x00,
    0xE6, 0x00, 0xC0, 0x00, 0x00, 0x00, 0x00, 0x00, 0x00, 0x00, 0x33, 0x1F, 0xE7, 0xF8, 0xFC, 0x33,
    0x0C, 0xC3, 0x30, 0xCC, 0x00, 0x00, 0x00, 0x00, 0x00, 0x00, 0x00, 0x7F, 0x9F, 0xFC, 0xFF, 0x3F,
    0x7F, 0xDF, 0xF0, 0x00, 0x00, 0x00, 0x00, 0x00, 0x00, 0x73, 0x9C, 0xE7, 0x39, 0xCE, 0x73, 0x9C,
    0xE7, 0x39, 0xCE, 0x73, 0x9C, 0xE7, 0x39, 0xCE, 0x7F, 0xFC, 0xFF, 0xF8, 0x7F, 0x3F, 0x81, 0xC0,
    0xE0, 0x70, 0x39, 0xFC, 0xFE, 0x07, 0x03, 0x81, 0xC0, 0xE0, 0x70, 0x3F, 0x9F, 0xE7, 0x3B, 0xCE,
    0x73, 0x9C, 0xE7, 0xF8, 0xFE, 0x03, 0x80, 0xE0, 0x38, 0x0E, 0x03, 0x80, 0x71, 0xCE, 0x73, 0xCE,
    0x73, 0xCE, 0x73, 0xCE, 0x77, 0xEE, 0x77, 0xEE, 0x76, 0x6E, 0x7E, 0x7E, 0x7E, 0x7E, 0x7C, 0x3E,
    0x7C, 0x3E, 0x7C, 0x3E, 0x78, 0x3E, 0xFD, 0xF8, 0xE1, 0xC3, 0x87, 0x0E, 0x1C, 0x38, 0x70, 0xE1,
    0xC3, 0x87, 0x0E, 0x7E, 0xFC, 0x1C, 0x38, 0x73, 0xE3, 0x8F, 0x3E, 0x3C, 0xE3, 0xE7, 0xCE, 0x3E,
    0x7C, 0xE7, 0x77, 0xCE, 0x77, 0x6F, 0xC7, 0x7E, 0xFC, 0x77, 0xEF, 0xC7, 0x3E, 0x7C, 0xE3, 0xC7,
    0x8E, 0x3C, 0x78, 0xE3, 0xC7, 0x80, 0x3D, 0xCF, 0xF9, 0xCF, 0x39, 0xEF, 0xFF, 0xFF, 0xDC, 0xF3,
    0x9E, 0x7F, 0xE7, 0xBC, 0x3E, 0xFC, 0x7F, 0xF8, 0xDF, 0x30, 0x1C, 0x03, 0xFF, 0xEF, 0xFF, 0xDC,
    0xE3, 0xBB, 0xEE, 0x7F, 0xFC, 0x79, 0xF0, 0x08, 0x39, 0xFB, 0x76, 0xCF, 0x1C, 0x39, 0x7C, 0x70,
    0x00, 0x3F, 0x1F, 0xE7, 0x39, 0xFE, 0x70, 0x3F, 0xF7, 0x01, 0xE6, 0x3F, 0x87, 0xC0, 0x03, 0xE0,
    0x1F, 0xC0, 0x77, 0x83, 0xCE, 0x7F, 0xFB, 0xFF, 0xEC, 0xE0, 0x3D, 0xC4, 0x77, 0xF8, 0x0F, 0xC0,
    0x1E, 0x3E, 0x78, 0x70, 0xFE, 0xFE, 0x78, 0x70, 0x70, 0x70, 0x70, 0x70, 0x70, 0x00, 0x3D, 0xCF,
    0xF9, 0xEF, 0x39, 0xE7, 0x1C, 0xE7, 0x9C, 0xF3, 0xFE, 0x3F, 0x80, 0x70, 0xFE, 0x3F, 0xC7, 0xF8,
    0x7F, 0x00, 0x00, 0x1E, 0x07, 0x81, 0xF8, 0x7E, 0x1F, 0x9F, 0xE7, 0xF9, 0xF8, 0x7E, 0x0F, 0x81,
    0xE0, 0x78, 0x1E, 0x07, 0x80, 0x1C, 0x0E, 0x07, 0x03, 0x83, 0xDB, 0xFD, 0xFC, 0x7B, 0x7F, 0xBF,
    0x87, 0x03, 0x81, 0xC0, 0xE0, 0x38, 0x38, 0x38, 0x3C, 0x7E, 0xFE, 0xFB, 0xFB, 0xFE, 0x7E, 0x38,
    0x38, 0x38, 0x38, 0x7F, 0xBC, 0x3F, 0xFF, 0x1E, 0xFB, 0x8E, 0x39, 0xE7, 0x1C, 0xF3, 0x8E, 0xFD,
    0xC7, 0xFE, 0xE3, 0xFC, 0x71, 0xFE, 0x38, 0xEE, 0x00, 0x7F, 0x87, 0xFC, 0x7B, 0xC7, 0x1C, 0x71,
    0xC7, 0x3E, 0x77, 0xE7, 0x7C, 0x77, 0xC7, 0x78, 0x7F, 0x8F, 0xF1, 0xEF, 0x38, 0xE7, 0x1C, 0xE3,
    0x9C, 0x73, 0x8E, 0x71, 0xCE, 0x38, 0x3F, 0x07, 0xE0, 0xFC, 0x1E, 0xC0, 0x00, 0x00, 0x1C, 0x7E,
    0x77, 0x77, 0x77, 0x73, 0x76, 0x7C, 0x38, 0x01, 0x0F, 0x9F, 0x8E, 0xE7, 0xF3, 0xF9, 0xEC, 0xEC,
    0x7C, 0x3C, 0x00, 0x00, 0x00, 0x07, 0xE3, 0xF8, 0xDE, 0x07, 0xC3, 0xF2, 0xDD, 0xEF, 0x7B, 0x8F,
    0xE7, 0xF0, 0x80, 0x1F, 0x7E, 0x3F, 0xFE, 0x7B, 0xE6, 0x73, 0xC0, 0x71, 0xFF, 0x71, 0xFF, 0x73,
    0xC6, 0x7B, 0xEE, 0x7F, 0xFE, 0x1E, 0x7C, 0x00, 0x04, 0x7E, 0x7C, 0x7F, 0xFC, 0x67, 0xDE, 0x03,
    0xDE, 0xFF, 0xBF, 0xFF, 0xFF, 0x73, 0xEE, 0x77, 0xFE, 0x7F, 0xFE, 0x3F, 0xFC, 0x00, 0x80, 0x7E,
    0x78, 0x7F, 0xFC, 0x67, 0xCE, 0x03, 0xCE, 0xFF, 0xFE, 0xFF, 0xFF, 0x73, 0xCE, 0x77, 0xCE, 0x7F,
    0xFE, 0x3E, 0x7C, 0x1E, 0x7C, 0x1F, 0x7F, 0x1E, 0x7B, 0xCE, 0x38, 0xE7, 0x1C, 0x73, 0x8E, 0x39,
    0xC7, 0x1C, 0xF7, 0xDE, 0x3F, 0xFE, 0x0F, 0xBE, 0x00, 0x00, 0x00, 0x0F, 0x3F, 0x0F, 0xBF, 0x8F,
    0x3D, 0xE7, 0x1D, 0xF3, 0x8E, 0xF9, 0xC7, 0xFC, 0xE3, 0xEE, 0x7B, 0xFF, 0x1F, 0xFF, 0x07, 0xFF,
    0x00, 0x08, 0x00, 0x0E, 0x01, 0xC0, 0x38, 0x07, 0x01, 0xF0, 0x7F, 0x1E, 0xF3, 0x8E, 0x71, 0xCE,
    0x38, 0x7F, 0x0F, 0xF1, 0xCE, 0x39, 0xC7, 0xF8, 0xFE, 0x1D, 0xE3, 0x9C, 0x73, 0x8E, 0x70, 0x0E,
    0x01, 0xE0, 0x1E, 0x03, 0xC0, 0x01, 0xF7, 0xDF, 0x71, 0xC7, 0x1C, 0x71, 0xC7, 0x00, 0x7E, 0xEF,
    0xFD, 0xEC, 0x38, 0x07, 0x00, 0xE0, 0x1C, 0x03, 0x80, 0x70, 0x0E, 0x00, 0x3B, 0x9F, 0xCF, 0x87,
    0x83, 0x83, 0xE3, 0xF9, 0xF0, 0xF8, 0x38, 0x00, 0x3B, 0xF3, 0xFF, 0x3C, 0x83, 0xC0, 0x38, 0x07,
    0xC0, 0xFE, 0x0F, 0x80, 0xF8, 0x07, 0x00, 0x80, 0xFE, 0xFE, 0x0E, 0x0E, 0x0E, 0x0E, 0x0E, 0x0E,
    0x0E, 0x0E, 0x80, 0x0F, 0xE0, 0xFE, 0x00, 0xE0, 0x0E, 0x00, 0xFC, 0x0F, 0xE0, 0xE6, 0x0E, 0xE0,
    0xFE, 0x07, 0xC0, 0x1E, 0x7C, 0xE1, 0xC3, 0x87, 0x0E, 0x1C, 0x38, 0x70, 0xE1, 0xCF, 0x9E, 0x00,
    0x70, 0x0E, 0x01, 0xC0, 0x38, 0xE7, 0x1C, 0xE3, 0x9C, 0x73, 0x9E, 0x7F, 0xC7, 0xF8, 0x70, 0x0E,
    0x01, 0xC0, 0x38, 0xEF, 0xFF, 0xFF, 0xDC, 0xF3, 0x9E, 0x7F, 0xC7, 0xF8, 0x71, 0x8E, 0x71, 0xCE,
    0x70, 0x0E, 0x70, 0x0E, 0x71, 0xCE, 0x73, 0xCE, 0x73, 0xCE, 0x7B, 0xDE, 0x7F, 0xFE, 0x3F, 0xFE,
    0x7F, 0xFC, 0x7F, 0xFE, 0x7B, 0xEE, 0x71, 0xCE, 0x71, 0xCE, 0x71, 0xCE, 0x70, 0x0E, 0x70, 0x0E,
    0x71, 0xCE, 0x71, 0xCE, 0xF1, 0xDE, 0x39, 0xE7, 0x1C, 0xE3, 0x9C, 0x73, 0x8E, 0x71, 0xDE, 0x3F,
    0xC3, 0xD8, 0xE0, 0xFE, 0x39, 0xE7, 0x1D, 0xC1, 0xF8, 0x3E, 0x03, 0xC0, 0x70, 0x1F, 0x03, 0xE0,
    0xFE, 0x39, 0xE7, 0x1F, 0xC3, 0xC0, 0x78, 0xE3, 0xCE, 0x07, 0x70, 0x3F, 0x00, 0xF8, 0x07, 0x80,
    0x3C, 0x01, 0xE0, 0x1F, 0x00, 0xFF, 0x8E, 0xFE, 0x77, 0xF7, 0x1F, 0xB8, 0x78, 0x78, 0xEF, 0xB8,
    0x77, 0x0F, 0xC0, 0xF8, 0x1E, 0x03, 0xC0, 0x78, 0x0F, 0x03, 0xF3, 0x7E, 0x7D, 0xEF, 0x9F, 0xE3,
    0xC0, 0xF3, 0x87, 0x78, 0x3F, 0x03, 0xE0, 0x1E, 0x03, 0xFE, 0x3F, 0xE7, 0xF6, 0x73, 0xEE, 0x3C,
    0x3C, 0xE1, 0xDE, 0x1F, 0xC0, 0xF8, 0x07, 0x80, 0x78, 0x0F, 0xC1, 0xFC, 0x1D, 0xE3, 0xCE, 0x38,
    0x07, 0x80, 0x70, 0x0F, 0x00, 0x3C, 0xE0, 0x77, 0x80, 0xFC, 0x03, 0xE0, 0x07, 0x80, 0x3F, 0xE0,
    0xFF, 0x87, 0xF6, 0x1D, 0xF8, 0xF3, 0xC3, 0x80, 0x1E, 0x00, 0x70, 0x03, 0xC0, 0x00, 0x1E, 0x70,
    0x73, 0x81, 0xF8, 0x0F, 0xC0, 0x3C, 0x01, 0xE0, 0x1F, 0x80, 0xFC, 0x0E, 0x70, 0x73, 0xD7, 0x01,
    0xF8, 0x0F, 0x80, 0x78, 0x00, 0x70, 0x0E, 0x01, 0xC0, 0x38, 0xE7, 0x1C, 0xE3, 0x9C, 0x73, 0xDE,
    0x7F, 0xC7, 0xB8, 0x07, 0x31, 0xC7, 0xF8, 0x7E, 0x00, 0x33, 0x8F, 0xC1, 0xE0, 0x00, 0x1E, 0x0F,
    0xC3, 0x30, 0x00, 0x00, 0x00, 0x00, 0x00, 0x00, 0x00, 0x00, 0x00, 0x60, 0xC1, 0xF3, 0xE6, 0xCD,
    0x9B, 0x36, 0x0C, 0x38, 0x00, 0x00, 0x00, 0x18, 0x39, 0xF3, 0xE7, 0x8F, 0x06, 0x0C, 0x00, 0x00,
    0x00, 0x00, 0x00, 0x73, 0x9D, 0xFF, 0xB9, 0xCE, 0x00, 0x00, 0x00, 0x00, 0xE7, 0xCD, 0x9B, 0x37,
    0xE7, 0xC0, 0x00, 0x00, 0x00, 0x00, 0x7F, 0xC0, 0xFF, 0x81, 0xC7, 0x03, 0x8E, 0x07, 0x1F, 0xCE,
    0x3F, 0xDC, 0x73, 0xB8, 0xEF, 0x71, 0xFC, 0xE3, 0xF8, 0x71, 0xF1, 0xCF, 0xE7, 0x3B, 0xDD, 0xC7,
    0x7F, 0xFD, 0xFF, 0xF7, 0x70, 0x1C, 0xE2, 0x73, 0xF9, 0xC7, 0xE0, 0x7D, 0xF3, 0xFF, 0xE4, 0xFB,
    0x81, 0xC7, 0x07, 0xFC, 0x1F, 0xF0, 0x70, 0x13, 0xE2, 0x7F, 0xF9, 0xF7, 0xE0, 0x71, 0xFC, 0x38,
    0xFF, 0x1C, 0x7B, 0xCE, 0x38, 0xE7, 0x1C, 0x73, 0x8E, 0x39, 0xC7, 0x1C, 0xF7, 0xDE, 0x7F, 0xFE,
    0x1F, 0x3E, 0x00, 0x3D, 0xEF, 0xFD, 0xEF, 0x39, 0xE7, 0x1C, 0xE3, 0x9C, 0xF3, 0xDE, 0x7F, 0xC7,
    0xB8, 0x1F, 0x07, 0xF1, 0xEF, 0x38, 0xE7, 0x1C, 0xE3, 0x9C, 0x61, 0xDC, 0xFB, 0xDF, 0x78, 0x03,
    0xC0, 0x00, 0xF0, 0x00, 0x3C, 0x00, 0x0F, 0x00, 0x3F, 0xFF, 0x1F, 0xFF, 0xC7, 0xBC, 0x71, 0xCF,
    0x38, 0x71, 0xDE, 0x1C, 0x77, 0x07, 0x3F, 0x81, 0xFF, 0xE0, 0x7F, 0xFF, 0x0F, 0x7F, 0xC0, 0x00,
    0x30, 0x00, 0x0E, 0x00, 0x03, 0xC0, 0x00, 0x70, 0x30, 0x00, 0xC0, 0x07, 0xFF, 0xBF, 0xFE, 0x73,
    0x99, 0xCF, 0x07, 0x1F, 0x1C, 0x3E, 0x70, 0x39, 0xE0, 0xE3, 0xFF, 0x8F, 0xFC, 0x03, 0x80, 0x0E,
    0x00, 0x3C, 0x00, 0x70, 0x1C, 0x0E, 0x07, 0x07, 0xF7, 0xF3, 0xF8, 0x70, 0x78, 0xFC, 0x76, 0x00,
    0x00, 0x77, 0x1D, 0xC7, 0x73, 0xFE, 0xDD, 0xB7, 0x60, 0x00, 0x00, 0x00, 0x00, 0x00, 0x00, 0x13,
    0x84, 0x00, 0x00, 0x63, 0xD8, 0x00, 0x00, 0x1E, 0x78, 0xFB, 0xE7, 0x8E, 0x1C, 0x38, 0xFF, 0xFB,
    0xFF, 0xE7, 0x8E, 0x1C, 0x38, 0x70, 0xE1, 0xC3, 0x87, 0x0E, 0x1C, 0x38, 0x70, 0xE1, 0xC3, 0x80,
    0x1F, 0xC7, 0xF9, 0xE0, 0x38, 0x0F, 0xFD, 0xFF, 0x9E, 0x73, 0x8E, 0x71, 0xCE, 0x39, 0xC7, 0x38,
    0xE7, 0x1C, 0xE3, 0x80, 0x1F, 0xC7, 0xF9, 0xE7, 0x38, 0xEF, 0xFD, 0xFF, 0x9E, 0x73, 0x8E, 0x71,
    0xCE, 0x39, 0xC7, 0x38, 0xE7, 0x1C, 0xE3, 0x80, 0x1E, 0x7B, 0x8F, 0xBE, 0xE7, 0x8E, 0x01, 0xC3,
    0x80, 0xFF, 0xFB, 0xBF, 0xFE, 0xE7, 0x8E, 0x39, 0xC3, 0x8E, 0x70, 0xE3, 0x9C, 0x38, 0xE7, 0x0E,
    0x39, 0xC3, 0x8E, 0x70, 0xE3, 0x9C, 0x38, 0xE0, 0x1E, 0x7B, 0x8F, 0xBE, 0xE7, 0x8E, 0x39, 0xC3,
    0x8E, 0xFF, 0xFB, 0xBF, 0xFE, 0xE7, 0x8E, 0x39, 0xC3, 0x8E, 0x70, 0xE3, 0x9C, 0x38, 0xE7, 0x0E,
    0x39, 0xC3, 0x8E, 0x70, 0xE3, 0x9C, 0x38, 0xE0, 0x1F, 0x81, 0xFE, 0x1E, 0xF0, 0xE3, 0x87, 0x3F,
    0xB9, 0xFD, 0xC7, 0x0E, 0x38, 0x71, 0xC3, 0x8E, 0x1C, 0x70, 0xE3, 0x87, 0x1F, 0xB8, 0x78, 0x03,
    0xE0, 0x0F, 0xE0, 0x39, 0xC0, 0x73, 0x83, 0xE7, 0xEF, 0xDF, 0xDD, 0x9E, 0x38, 0x38, 0x7C, 0x70,
    0x7C, 0xE0, 0x3D, 0xC3, 0x7B, 0xDF, 0xE3, 0xEF, 0x87, 0xC0, 0x0E, 0x3E, 0x78, 0x60, 0x00, 0x00,
    0x00, 0x00, 0x00, 0x00, 0x00, 0x00, 0x00, 0x00, 0x70, 0x7C, 0x1E, 0x02, 0x00, 0x00, 0x00, 0x00,
    0x00, 0x00, 0x00, 0x00, 0x00, 0x00, 0x3E, 0xFF, 0x08, 0x00, 0x00, 0x00, 0x00, 0x00, 0x00, 0x00,
    0x00, 0x00, 0x00, 0x05, 0xFB, 0xF0, 0x00, 0x00, 0x00, 0x00, 0x00, 0x00, 0x00, 0x00, 0x00, 0x00,
    0x7E, 0xFC, 0x00, 0x00, 0x00, 0x00, 0x00, 0x00, 0x00, 0x00, 0x00, 0x00, 0x00, 0xFD, 0xF8, 0x00,
    0x00, 0x00, 0x00, 0x00, 0x00, 0x00, 0x00, 0x00, 0x00, 0x00, 0xFF, 0xFF, 0xFF, 0xF0, 0x00, 0x00,
    0x00, 0x00, 0x00, 0x00, 0x00, 0x00, 0x00, 0x00, 0x00, 0x00, 0x00, 0x00, 0x00, 0x00, 0x00, 0x00,
    0x00, 0x00, 0x00, 0x00, 0x81, 0xC1, 0xF1, 0xE0, 0x00, 0x06, 0x0E, 0x7C, 0x78, 0x00, 0x7D, 0xFE,
    0x10, 0x00, 0x0B, 0xF7, 0xE0, 0x00, 0x00, 0x03, 0xF7, 0xE0, 0x00, 0x00, 0x07, 0xEF, 0xC0, 0x00,
    0x00, 0x00, 0x00, 0x00, 0x3F, 0xFF, 0xFF, 0xFC, 0xFF, 0xFF, 0xC0, 0x00, 0x00, 0x00, 0x00, 0x00,
    0x00, 0x00, 0x00, 0x00, 0x00, 0x00, 0x03, 0xFF, 0xFF, 0x00, 0x00, 0x00, 0x00, 0x00, 0x00, 0x00,
    0x00, 0x00, 0x00, 0x00, 0x00,
};

static const uint16_t kGridBitmapOffsets[] PROGMEM = {
    0x0000, 0x0000, 0x0009, 0x0016, 0x0028, 0x003B, 0x0054, 0x006A, 0x0073, 0x007F, 0x008B, 0x009B,
    0x00A9, 0x00AD, 0x00B3, 0x00B5, 0x00C2, 0x00D3, 0x00E4, 0x00F5, 0x0106, 0x0117, 0x0128, 0x0139,
    0x014A, 0x015B, 0x016C, 0x0173, 0x017C, 0x018B, 0x0198, 0x01A7, 0x01B4, 0x01D1, 0x01E5, 0x01F7,
    0x0208, 0x021C, 0x022B, 0x023A, 0x024E, 0x0264, 0x0270, 0x0281, 0x0293, 0x02A2, 0x02BC, 0x02D2,
    0x02E8, 0x02F9, 0x0313, 0x0325, 0x0334, 0x0345, 0x0359, 0x036B, 0x0387, 0x0399, 0x03AB, 0x03BC,
    0x03C9, 0x03D6, 0x03E3, 0x03F4, 0x03F9, 0x0404, 0x0411, 0x0425, 0x0431, 0x0445, 0x0452, 0x0460,
    0x0474, 0x0488, 0x0491, 0x049F, 0x04B3, 0x04BC, 0x04D0, 0x04DE, 0x04EB, 0x04FF, 0x0513, 0x051D,
    0x0527, 0x0532, 0x0540, 0x054D, 0x0560, 0x056D, 0x057F, 0x0589, 0x0597, 0x05AC, 0x05BA, 0x05C6,
    0x05C6, 0x05CF, 0x05E0, 0x05F1, 0x05FF, 0x0610, 0x0625, 0x0633, 0x0645, 0x065E, 0x066A, 0x0677,
    0x0681, 0x0687, 0x06A0, 0x06B6, 0x06C2, 0x06D0, 0x06DE, 0x06EC, 0x06F7, 0x070B, 0x0723, 0x0728,
    0x072C, 0x073A, 0x0746, 0x0753, 0x076C, 0x0785, 0x07A0, 0x07AE, 0x07C8, 0x07E2, 0x07FC, 0x0816,
    0x0830, 0x0848, 0x0862, 0x0879, 0x088D, 0x08A1, 0x08B5, 0x08C9, 0x08D8, 0x08E7, 0x08F8, 0x0907,
    0x091B, 0x0937, 0x0953, 0x096F, 0x098B, 0x09A7, 0x09C3, 0x09D1, 0x09EA, 0x0A04, 0x0A1E, 0x0A38,
    0x0A52, 0x0A6A, 0x0A7B, 0x0A90, 0x0AA2, 0x0AB4, 0x0AC6, 0x0AD8, 0x0AEA, 0x0AFD, 0x0B10, 0x0B21,
    0x0B33, 0x0B45, 0x0B57, 0x0B69, 0x0B74, 0x0B81, 0x0B8E, 0x0B9B, 0x0BAD, 0x0BC1, 0x0BD3, 0x0BE5,
    0x0BF7, 0x0C09, 0x0C1B, 0x0C29, 0x0C38, 0x0C4C, 0x0C60, 0x0C74, 0x0C88, 0x0C9F, 0x0CB8, 0x0CCF,
    0x0CE9, 0x0CFB, 0x0D15, 0x0D27, 0x0D41, 0x0D53, 0x0D69, 0x0D79, 0x0D8F, 0x0D9F, 0x0DB5, 0x0DC5,
    0x0DDB, 0x0DEB, 0x0E05, 0x0E1C, 0x0E30, 0x0E44, 0x0E58, 0x0E6A, 0x0E7E, 0x0E90, 0x0EA4, 0x0EB6,
    0x0ECA, 0x0EDC, 0x0EF0, 0x0F02, 0x0F1C, 0x0F35, 0x0F4F, 0x0F68, 0x0F82, 0x0F9B, 0x0FB5, 0x0FCE,
    0x0FEA, 0x1005, 0x101C, 0x1030, 0x1041, 0x104E, 0x105D, 0x106A, 0x1079, 0x1086, 0x1095, 0x10A1,
    0x10B0, 0x10B7, 0x10D1, 0x10E8, 0x1100, 0x1110, 0x1128, 0x1141, 0x114F, 0x1163, 0x1173, 0x1187,
    0x1193, 0x11A4, 0x11B2, 0x11C1, 0x11CF, 0x11E0, 0x11ED, 0x1209, 0x121D, 0x1239, 0x124D, 0x1269,
    0x127D, 0x1293, 0x12AF, 0x12C3, 0x12DF, 0x12F1, 0x130D, 0x131F, 0x133B, 0x134D, 0x1367, 0x137B,
    0x1393, 0x13A1, 0x13B9, 0x13C7, 0x13DF, 0x13ED, 0x1401, 0x140F, 0x1423, 0x1431, 0x1446, 0x1455,
    0x1469, 0x1477, 0x148E, 0x149D, 0x14B3, 0x14C5, 0x14D6, 0x14E1, 0x14FB, 0x150F, 0x1529, 0x153D,
    0x1557, 0x156B, 0x1586, 0x159B, 0x15B5, 0x15C9, 0x15E3, 0x15F7, 0x161C, 0x1637, 0x164F, 0x1666,
    0x167E, 0x1694, 0x16A2, 0x16B8, 0x16C6, 0x16DC, 0x16EA, 0x16F7, 0x170B, 0x1721, 0x1733, 0x1747,
    0x1759, 0x176B, 0x177C, 0x1794, 0x17A6, 0x17BA, 0x17D1, 0x17E3, 0x17F7, 0x1809, 0x1818, 0x182E,
    0x1840, 0x185A, 0x1873, 0x188D, 0x18A5, 0x18C1, 0x18CD, 0x18D9, 0x18EB, 0x18FF, 0x190A, 0x191E,
    0x193C, 0x195A, 0x196E, 0x1984, 0x199D, 0x19B1, 0x19D0, 0x19EC, 0x1A02, 0x1A1B, 0x1A30, 0x1A3F,
    0x1A49, 0x1A58, 0x1A6D, 0x1A7B, 0x1A8C, 0x1A99, 0x1AAF, 0x1ACA, 0x1ADF, 0x1AF5, 0x1B09, 0x1B1B,
    0x1B2F, 0x1B40, 0x1B4A, 0x1B5B, 0x1B6C, 0x1B7C, 0x1B8C, 0x1B9E, 0x1BAF, 0x1BBB, 0x1BC7, 0x1BDB,
    0x1BE4, 0x1BF6, 0x1C06, 0x1C0F, 0x1C3E, 0x1C61, 0x1C81, 0x1CA1, 0x1CC1, 0x1CD8, 0x1D01, 0x1D2A,
    0x1D4E, 0x1D68, 0x1D7A, 0x1D8B, 0x1D98, 0x1DB4, 0x1DC6, 0x1DE0, 0x1DF4, 0x1E11, 0x1E26, 0x1E43,
    0x1E59, 0x1E76, 0x1E8C, 0x1EA9, 0x1EBF, 0x1ECC, 0x1EEA, 0x1EFD, 0x1F18, 0x1F2B, 0x1F4D, 0x1F68,
    0x1F7C, 0x1F90, 0x1FAA, 0x1FC3, 0x1FDB, 0x1FF6, 0x2012, 0x2024, 0x2047, 0x205E, 0x2074, 0x2089,
    0x209B, 0x20BE, 0x20DF, 0x20FF, 0x2119, 0x2132, 0x2150, 0x2168, 0x2184, 0x2198, 0x21B3, 0x21CA,
    0x21EC, 0x2207, 0x2225, 0x2238, 0x2252, 0x2264, 0x227F, 0x2292, 0x22A6, 0x22B8, 0x22CD, 0x22E0,
    0x22F4, 0x2304, 0x2314, 0x2322, 0x233E, 0x2350, 0x236E, 0x2381, 0x2399, 0x23A9, 0x23C2, 0x23D1,
    0x23EB, 0x23FF, 0x241A, 0x242F, 0x2443, 0x2451, 0x2467, 0x2475, 0x248B, 0x249C, 0x24B8, 0x24D3,
    0x24ED, 0x250B, 0x2521, 0x2533, 0x2549, 0x2557, 0x2571, 0x2583, 0x2598, 0x25AB, 0x25CA, 0x25E0,
    0x2601, 0x2617, 0x2633, 0x2645, 0x2664, 0x267A, 0x2692, 0x26A9, 0x26B8, 0x26CA, 0x26D7, 0x26E2,
    0x26FE, 0x271A, 0x2732, 0x2745, 0x275A, 0x2769, 0x277D, 0x278B, 0x279B, 0x27A8, 0x27B2, 0x27C4,
    0x27DA, 0x27EE, 0x2800, 0x280F, 0x2820, 0x2830, 0x284E, 0x2863, 0x2875, 0x2880, 0x2892, 0x28A4,
    0x28B1, 0x28BF, 0x28CD, 0x28E1, 0x28ED, 0x28FA, 0x2915, 0x292A, 0x2937, 0x2944, 0x2956, 0x2962,
    0x296E, 0x297F, 0x298D, 0x299A, 0x29B5, 0x29C9, 0x29D6, 0x29E8, 0x29F5, 0x2A09, 0x2A1D, 0x2A36,
    0x2A41, 0x2A49, 0x2A51, 0x2A5F, 0x2A6D, 0x2A7B, 0x2A96, 0x2AAA, 0x2AC6, 0x2AE2, 0x2AF7, 0x2B0C,
    0x2B1A, 0x2B27, 0x2B39, 0x2B4B, 0x2B6B, 0x2B74, 0x2B81, 0x2B91, 0x2B9F, 0x2BAD, 0x2BB6, 0x2BC3,
    0x2BD0, 0x2BDD, 0x2BEB, 0x2BFB, 0x2C0B, 0x2C18, 0x2C2A, 0x2C35, 0x2C43, 0x2C51, 0x2C5F, 0x2C6D,
    0x2C7A, 0x2C8D, 0x2CA0, 0x2CAC, 0x2CBC, 0x2CCB, 0x2CDB, 0x2CEB, 0x2CF9, 0x2D09, 0x2D17, 0x2D27,
    0x2D3D, 0x2D4A, 0x2D58, 0x2D6C, 0x2D7A, 0x2D8A, 0x2D9E, 0x2DA8, 0x2DC3, 0x2DD1, 0x2DE1, 0x2DFF,
    0x2E28, 0x2E4E, 0x2E63, 0x2E7E, 0x2E95, 0x2EB9, 0x2ECE, 0x2EE2, 0x2EF3, 0x2F04, 0x2F19, 0x2F30,
    0x2F3C, 0x2F48, 0x2F4F, 0x2F56, 0x2F5D, 0x2F66, 0x2F6F, 0x2F7D, 0x2F87, 0x2F8E, 0x2F9B, 0x2FA2,
    0x2FA9, 0x2FB0, 0x2FB6, 0x2FBC, 0x2FC5, 0x2FD0, 0x2FDA, 0x2FE4, 0x2FEE, 0x2FF8, 0x3006, 0x3014,
    0x301A, 0x3027, 0x3032, 0x303D, 0x303F, 0x3042, 0x3045, 0x3048, 0x304F, 0x3056, 0x305A, 0x305E,
    0x3063, 0x3068, 0x306D, 0x3071, 0x307F, 0x3086, 0x3092, 0x3096, 0x30A4, 0x30B4, 0x30BC, 0x30C5,
    0x30CF, 0x30D4, 0x30DB, 0x30E5, 0x30EF, 0x30FC, 0x3108, 0x3114, 0x3120, 0x312E, 0x3138, 0x3142,
    0x3145, 0x3155, 0x3162, 0x3166, 0x316A, 0x316F, 0x3174, 0x3179, 0x317F, 0x3188, 0x3191, 0x3195,
    0x319E, 0x31A6, 0x31AE, 0x31B2, 0x31B6, 0x31BB, 0x31C0, 0x31C8, 0x31D8, 0x31E3, 0x31F1, 0x3201,
    0x320C, 0x321C, 0x322A, 0x3231, 0x323C, 0x324A, 0x3256, 0x3264, 0x3272, 0x3276, 0x3281, 0x3293,
    0x32A1, 0x32B0, 0x32B7, 0x32BE, 0x32C5, 0x32CC, 0x32CF, 0x32D2, 0x32D4, 0x32D6, 0x32E1, 0x32EA,
    0x32EC, 0x32EF, 0x32F2, 0x32F4, 0x32F6, 0x32F9, 0x32FC, 0x3300, 0x3303, 0x3307, 0x3309, 0x330C,
    0x330F, 0x3310, 0x3314, 0x3317, 0x331A, 0x331E, 0x3322, 0x3326, 0x332A, 0x332D, 0x3332, 0x3337,
    0x333E, 0x3345, 0x3352, 0x3359, 0x3368, 0x336A, 0x336E, 0x3372, 0x3375, 0x337C, 0x3384, 0x3395,
    0x339E, 0x33A9, 0x33B7, 0x33BF, 0x33D1, 0x33D3, 0x33E1, 0x33E6, 0x33E9, 0x33EC, 0x33FA, 0x340B,
    0x3417, 0x341B, 0x341D, 0x3434, 0x343C, 0x3442, 0x3450, 0x3452, 0x3454, 0x3456, 0x345A, 0x3460,
    0x3469, 0x346C, 0x3470, 0x3478, 0x347F, 0x349A, 0x34A9, 0x34AD, 0x34C6, 0x34E4, 0x34ED, 0x34F5,
    0x34FF, 0x3503, 0x350D, 0x3517, 0x351F, 0x3528, 0x3532, 0x3540, 0x3546, 0x354F, 0x3559, 0x3563,
    0x357C, 0x3593, 0x35A6, 0x35B2, 0x35BF, 0x35C6, 0x35D5, 0x35D8, 0x35DC, 0x35E3, 0x35EA, 0x35F9,
    0x3614, 0x3618, 0x3624, 0x3629, 0x362E, 0x363B, 0x364C, 0x365F, 0x366D, 0x3679, 0x3686, 0x3693,
    0x369D, 0x36A9, 0x36B2, 0x36BA, 0x36C7, 0x36D1, 0x36E2, 0x36F0, 0x36FE, 0x370A, 0x3718, 0x3726,
    0x3734, 0x3748, 0x3755, 0x3762, 0x3769, 0x3775, 0x3781, 0x378D, 0x3797, 0x37A5, 0x37B3, 0x37C6,
    0x37DA, 0x37E7, 0x37F9, 0x3803, 0x380D, 0x381B, 0x3827, 0x3831, 0x383D, 0x384A, 0x3856, 0x3865,
    0x3872, 0x387F, 0x3891, 0x389D, 0x38AA, 0x38B7, 0x38C1, 0x38CB, 0x38D8, 0x38E5, 0x38EC, 0x38F5,
    0x3902, 0x390C, 0x391D, 0x392C, 0x393B, 0x3948, 0x3955, 0x3961, 0x396E, 0x3978, 0x3985, 0x3997,
    0x39A0, 0x39AA, 0x39B4, 0x39C2, 0x39CE, 0x39DA, 0x39E3, 0x39EC, 0x39F5, 0x39FE, 0x3A08, 0x3A0D,
    0x3A19, 0x3A27, 0x3A31, 0x3A3B, 0x3A44, 0x3A4E, 0x3A55, 0x3A5F, 0x3A67, 0x3A71, 0x3A7B, 0x3A89,
    0x3A93, 0x3A9C, 0x3AA8, 0x3AB1, 0x3ABD, 0x3ACC, 0x3AD6, 0x3AD9, 0x3ADD, 0x3AE3, 0x3AE9, 0x3AF2,
    0x3AF8, 0x3AFF, 0x3B0B, 0x3B12, 0x3B26, 0x3B3D, 0x3B52, 0x3B62, 0x3B7A, 0x3B8B, 0x3BA2, 0x3BAF,
    0x3BB9, 0x3BC6, 0x3BD2, 0x3BDE, 0x3BF3, 0x3BFD, 0x3C0D, 0x3C31, 0x3C39, 0x3C42, 0x3C56, 0x3C64,
    0x3C72, 0x3C8B, 0x3CA4, 0x3CB6, 0x3CCF, 0x3CE8, 0x3CF4, 0x3D10, 0x3D24, 0x3D38, 0x3D46, 0x3D54,
    0x3D6B, 0x3D7D, 0x3D8F, 0x3D9D, 0x3DB2, 0x3DC9, 0x3DE4, 0x3DF8, 0x3E0A, 0x3E1A, 0x3E31, 0x3E41,
    0x3E51, 0x3E61, 0x3E78, 0x3E88, 0x3E92, 0x3E9B, 0x3EA4, 0x3EB0, 0x3EB9, 0x3EC2, 0x3EC9, 0x3ED3,
    0x3EDD, 0x3EE4, 0x3EEA, 0x3EF0, 0x3EF6, 0x3F00, 0x3F07, 0x3F0E, 0x3F15, 0x3F23, 0x3F31, 0x3F3C,
    0x3F47, 0x3F52, 0x3F5C, 0x3F6B, 0x3F72, 0x3F7B, 0x3F84, 0x3F8E, 0x3F98, 0x3FA2, 0x3FAC, 0x3FB6,
    0x3FBD, 0x3FC6, 0x3FD0, 0x3FD9, 0x3FE5, 0x3FF4, 0x4003, 0x4004, 0x4012, 0x401E, 0x402A, 0x4036,
    0x4042, 0x4050, 0x405E, 0x4061, 0x4076, 0x4088, 0x40A4, 0x40B2, 0x40B7, 0x40BE, 0x40CD, 0x40D9,
    0x40EE, 0x40FC, 0x410B, 0x4119, 0x4122, 0x412D, 0x4138, 0x4141, 0x4149, 0x4153, 0x4157, 0x415D,
    0x4169, 0x4173, 0x417D, 0x4187, 0x4191, 0x4199, 0x41A0, 0x41A8, 0x41B2, 0x41BD, 0x41C9, 0x41D3,
    0x41DC, 0x41E4, 0x41F0, 0x41FB, 0x4204, 0x4210, 0x421E, 0x4227, 0x4232, 0x423D, 0x4243, 0x4251,
    0x425F, 0x4266, 0x426D, 0x4284, 0x428A, 0x428E, 0x4296, 0x429A, 0x42B7, 0x42CB, 0x42E3, 0x42FC,
    0x4314, 0x432D, 0x4343, 0x435B, 0x4377, 0x438D, 0x43A7, 0x43C0, 0x43DA, 0x43F3, 0x440B, 0x4423,
    0x443D, 0x4456, 0x4470, 0x4489, 0x449F, 0x44B3, 0x44C9, 0x44DD, 0x44F1, 0x4503, 0x4517, 0x4529,
    0x4542, 0x455A, 0x456E, 0x4580, 0x459A, 0x45B3, 0x45CF, 0x45E8, 0x4604, 0x461D, 0x4639, 0x4654,
    0x4672, 0x468D, 0x46A9, 0x46C2, 0x46D3, 0x46E3, 0x46F4, 0x4702, 0x471A, 0x4733, 0x474B, 0x4764,
    0x477A, 0x4792, 0x47A6, 0x47B2, 0x47CD, 0x47E1, 0x47F3, 0x4802, 0x4816, 0x4826, 0x4848, 0x4864,
    0x4886, 0x48A2, 0x48C4, 0x48E0, 0x48FC, 0x4910, 0x492C, 0x4940, 0x495A, 0x496C, 0x4988, 0x499C,
    0x49BB, 0x49CF, 0x49EE, 0x4A02, 0x4A23, 0x4A37, 0x4A58, 0x4A6C, 0x4A82, 0x4A9B, 0x4AB1, 0x4ACA,
    0x4AE2, 0x4AF0, 0x4B08, 0x4B16, 0x4B33, 0x4B45, 0x4B5B, 0x4B6A, 0x4B7E, 0x4B8C, 0x4BA0, 0x4BAE,
    0x4BC2, 0x4BD0, 0x4BE6, 0x4BF6, 0x4C0E, 0x4C20, 0x4C36, 0x4C44, 0x4C5A, 0x4C68, 0x4C7C, 0x4C8A,
    0x4CA0, 0x4CB0, 0x4CCA, 0x4CDE, 0x4CF8, 0x4D0C, 0x4D26, 0x4D3A, 0x4D57, 0x4D6D, 0x4D8A, 0x4DA0,
    0x4DB8, 0x4DCA, 0x4DE2, 0x4DF4, 0x4E19, 0x4E34, 0x4E59, 0x4E74, 0x4E99, 0x4EB4, 0x4ED9, 0x4EF4,
    0x4F19, 0x4F34, 0x4F4C, 0x4F5E, 0x4F76, 0x4F88, 0x4FA0, 0x4FB7, 0x4FCD, 0x4FDB, 0x4FF1, 0x4FFF,
    0x5013, 0x5020, 0x5038, 0x5046, 0x5063, 0x507B, 0x5090, 0x509F, 0x50AD, 0x50BA, 0x50D0, 0x50E2,
    0x50FC, 0x510E, 0x5129, 0x513C, 0x5157, 0x516C, 0x5187, 0x519C, 0x51B9, 0x51CD, 0x51EB, 0x5201,
    0x5221, 0x5238, 0x5255, 0x5269, 0x5286, 0x529A, 0x52B7, 0x52CB, 0x52E9, 0x52FF, 0x531F, 0x5336,
    0x534A, 0x535C, 0x5371, 0x5384, 0x5398, 0x53AA, 0x53C3, 0x53D8, 0x53EF, 0x5404, 0x541C, 0x5430,
    0x5447, 0x545D, 0x5475, 0x548C, 0x549C, 0x54A6, 0x54B5, 0x54C1, 0x54DD, 0x54EF, 0x550D, 0x5520,
    0x553E, 0x5553, 0x5571, 0x5586, 0x55A5, 0x55B9, 0x55DA, 0x55F0, 0x5613, 0x562A, 0x5648, 0x565F,
    0x567D, 0x5694, 0x56B4, 0x56CD, 0x56EB, 0x5702, 0x5722, 0x573C, 0x5756, 0x576A, 0x5785, 0x579A,
    0x57BA, 0x57D3, 0x57F3, 0x580C, 0x582E, 0x5849, 0x5869, 0x5882, 0x58A4, 0x58C0, 0x58D8, 0x58EF,
    0x5907, 0x5919, 0x5932, 0x594A, 0x5962, 0x5979, 0x5990, 0x59A4, 0x59B9, 0x59CC, 0x59DE, 0x59F2,
    0x59F2, 0x59F2, 0x59F2, 0x59F2, 0x59F2, 0x59F2, 0x59F2, 0x59F2, 0x59F2, 0x59F2, 0x59F2, 0x59F2,
    0x59F2, 0x59F2, 0x59FC, 0x5A06, 0x5A0C, 0x5A12, 0x5A1C, 0x5A24, 0x5A34, 0x5A44, 0x5A5B, 0x5A61,
    0x5A68, 0x5A6F, 0x5A73, 0x5A7A, 0x5A87, 0x5A94, 0x5A9A, 0x5AA7, 0x5AB7, 0x5AC7, 0x5AD0, 0x5ADA,
    0x5ADE, 0x5AE2, 0x5AE8, 0x5AED, 0x5AED, 0x5AED, 0x5AF6, 0x5AFF, 0x5B0B, 0x5B17, 0x5B23, 0x5B23,
    0x5B47, 0x5B75, 0x5B7F, 0x5B90, 0x5BA7, 0x5BB3, 0x5BC5, 0x5BDE, 0x5BE4, 0x5BEC, 0x5BF4, 0x5C0D,
    0x5C1E, 0x5C2B, 0x5C41, 0x5C47, 0x5C5B, 0x5C66, 0x5C8C, 0x5C92, 0x5CA3, 0x5CB0, 0x5CBD, 0x5CD7,
    0x5CED, 0x5D03, 0x5D11, 0x5D29, 0x5D39, 0x5D49, 0x5D52, 0x5D5B, 0x5D74, 0x5D88, 0x5D95, 0x5DA7,
    0x5DAD, 0x5DB9, 0x5DCA, 0x5DE6, 0x5E00, 0x5E1A, 0x5E23, 0x5E3A, 0x5E55, 0x5E5E, 0x5E67, 0x5E67,
    0x5E67, 0x5E67, 0x5E67, 0x5E67, 0x5E67, 0x5E67, 0x5E67, 0x5E67, 0x5E67, 0x5E73, 0x5E7F, 0x5E8B,
    0x5E97, 0x5EA3, 0x5EAF, 0x5EBD, 0x5EC2, 0x5ED0, 0x5EDE, 0x5EEC, 0x5EFA, 0x5F08, 0x5F16, 0x5F22,
    0x5F2C, 0x5F38, 0x5F42, 0x5F4A, 0x5F54, 0x5F5B, 0x5F62, 0x5F69, 0x5F70, 0x5F78, 0x5F7F, 0x5F86,
    0x5F8D, 0x5F94, 0x5F9B, 0x5FA0, 0x5FA2, 0x5FA6, 0x5FAD, 0x5FB2, 0x5FB7, 0x5FBC, 0x5FC2, 0x5FC8,
    0x5FCD, 0x5FD4, 0x5FDB, 0x5FDE, 0x5FE6, 0x5FEC, 0x5FF3, 0x5FF7, 0x5FFC, 0x600D, 0x6021, 0x6032,
    0x6043, 0x6054, 0x6070, 0x6081, 0x609A, 0x60B4, 0x60CA, 0x60E4, 0x60FC, 0x610D, 0x611E, 0x612F,
    0x6154, 0x616C, 0x617D, 0x6194, 0x61A6, 0x61B7, 0x61CC, 0x61DE, 0x61F7, 0x6208, 0x621A, 0x622B,
    0x6242, 0x625B, 0x626C, 0x627F, 0x6295, 0x62A9, 0x62C4, 0x62DF, 0x62F1, 0x630D, 0x631E, 0x6339,
    0x6356, 0x6368, 0x637A, 0x6393, 0x63AC, 0x63D1, 0x63EB, 0x6402, 0x6416, 0x642B, 0x6446, 0x6458,
    0x6473, 0x6482, 0x649E, 0x64B5, 0x64D1, 0x64EC, 0x650A, 0x651E, 0x653A, 0x6558, 0x6576, 0x658C,
    0x65A0, 0x65BB, 0x65D1, 0x65E8, 0x65FE, 0x6619, 0x662B, 0x6642, 0x6656, 0x666C, 0x6684, 0x668D,
    0x669F, 0x66B7, 0x66D3, 0x66E8, 0x66F6, 0x66FE, 0x6713, 0x6731, 0x6740, 0x6767, 0x6770, 0x6781,
    0x678E, 0x6799, 0x67A6, 0x67AF, 0x67C9, 0x67F2, 0x6804, 0x6816, 0x6827, 0x683E, 0x6858, 0x686D,
    0x687D, 0x688C, 0x689E, 0x68B4, 0x68C9, 0x68D5, 0x68E2, 0x68F9, 0x690E, 0x6925, 0x693A, 0x6953,
    0x695D, 0x697B, 0x6995, 0x69AF, 0x69D0, 0x69E9, 0x6A03, 0x6A1D, 0x6A39, 0x6A53, 0x6A71, 0x6A8B,
    0x6AA5, 0x6ABE, 0x6AD7, 0x6AF0, 0x6B09, 0x6B1D, 0x6B29, 0x6B43, 0x6B52, 0x6B5D, 0x6B6F, 0x6B80,
    0x6B98, 0x6BA9, 0x6BBB, 0x6BD9, 0x6BF1, 0x6C0B, 0x6C23, 0x6C39, 0x6C47, 0x6C5D, 0x6C7F, 0x6C93,
    0x6CA9, 0x6CB6, 0x6CD2, 0x6CE5, 0x6CF2, 0x6D01, 0x6D0A, 0x6D1C, 0x6D2D, 0x6D3B, 0x6D48, 0x6D52,
    0x6D57, 0x6D64, 0x6D78, 0x6D8E, 0x6D9B, 0x6DA2, 0x6DAE, 0x6DB7, 0x6DC4, 0x6DCD, 0x6DE9, 0x6E02,
    0x6E22, 0x6E40, 0x6E51, 0x6E63, 0x6E72, 0x6E82, 0x6E96, 0x6EAB, 0x6EB5, 0x6EBF, 0x6EE0, 0x6EF3,
    0x6F12, 0x6F26, 0x6F44, 0x6F58, 0x6F72, 0x6F85, 0x6F9F, 0x6FB2, 0x6FD4, 0x6FEF, 0x7000, 0x700C,
    0x701E, 0x7032, 0x7044, 0x7058, 0x706A, 0x707E, 0x7092, 0x709F, 0x70AE, 0x70B7, 0x70CD, 0x70DC,
    0x70F6, 0x7107, 0x712A, 0x713E, 0x714F, 0x7163, 0x7179, 0x7190, 0x71A9, 0x71C5, 0x71E1, 0x71F5,
    0x7217, 0x7232, 0x7243, 0x724F, 0x7266, 0x727A, 0x728C, 0x729B, 0x72C0, 0x72DB, 0x72F2, 0x7308,
    0x7319, 0x7332, 0x7343, 0x735C, 0x7376, 0x7388, 0x7397, 0x73A7, 0x73B9, 0x73D2, 0x73E4, 0x73F6,
    0x7400, 0x741E, 0x7432, 0x7453, 0x746C, 0x747D, 0x7494, 0x74AF, 0x74BE, 0x74D4, 0x74E6, 0x74FA,
    0x7508, 0x7519, 0x752A, 0x753D, 0x754C, 0x7555, 0x7571, 0x7586, 0x759A, 0x75A8, 0x75B9, 0x75C5,
    0x75C9, 0x75D0, 0x75D8, 0x75E1, 0x75EA, 0x7600, 0x7614, 0x761A, 0x7638, 0x764A, 0x765C, 0x7668,
    0x7678, 0x7691, 0x76A7, 0x76C7, 0x76DD, 0x76EB, 0x7701, 0x770F, 0x7725, 0x7733, 0x7749, 0x7757,
    0x776B, 0x777F, 0x7791, 0x77A5, 0x77BC, 0x77CA, 0x77DC, 0x77E9, 0x77FA, 0x7806, 0x781F, 0x7831,
    0x784D, 0x7861, 0x786D, 0x7881, 0x7895, 0x78A6, 0x78B7, 0x78D3, 0x78EB, 0x7904, 0x7922, 0x7935,
    0x794C, 0x795D, 0x796F, 0x7983, 0x7995, 0x79A3, 0x79BC, 0x79D0, 0x79F4, 0x7A0C, 0x7A22, 0x7A36,
    0x7A4C, 0x7A60, 0x7A74, 0x7A85, 0x7A91, 0x7AA0, 0x7AA9, 0x7ABA, 0x7ACB, 0x7AD9, 0x7AEC, 0x7AFB,
    0x7B0C, 0x7B26, 0x7B35, 0x7B56, 0x7B64, 0x7B77, 0x7B81, 0x7B8E, 0x7BA0, 0x7BAE, 0x7BC3, 0x7BD5,
    0x7BE5, 0x7BF3, 0x7C09, 0x7C18, 0x7C2D, 0x7C37, 0x7C44, 0x7C53, 0x7C67, 0x7C7F, 0x7C93, 0x7CA9,
    0x7CC3, 0x7CD1, 0x7CE5, 0x7CEE, 0x7CFC, 0x7D08, 0x7D17, 0x7D22, 0x7D33, 0x7D40, 0x7D4E, 0x7D5C,
    0x7D70, 0x7D84, 0x7D92, 0x7DA6, 0x7DBD, 0x7DD1, 0x7DE0, 0x7DF5, 0x7E0E, 0x7E25, 0x7E39, 0x7E4B,
    0x7E57, 0x7E63, 0x7E6C, 0x7E76, 0x7E89, 0x7E9B, 0x7EAD, 0x7EC3, 0x7ED1, 0x7EDF, 0x7F08, 0x7F24,
    0x7F31, 0x7F3F, 0x7F43, 0x7F47, 0x7F60, 0x7F74, 0x7F88, 0x7FA8, 0x7FC8, 0x7FDF, 0x7FFA, 0x8008,
    0x8016, 0x8023, 0x8030, 0x803D, 0x804A, 0x8063, 0x8068, 0x806D, 0x8071, 0x8075, 0x807A, 0x807F,
    0x8088, 0x8096,
};

static const uint8_t kGridWidths[] PROGMEM = {
    0x04, 0x05, 0x08, 0x0B, 0x0A, 0x0F, 0x0D, 0x05, 0x06, 0x06, 0x09, 0x0A, 0x05, 0x06, 0x05, 0x08,
    0x0A, 0x0A, 0x0A, 0x0A, 0x0A, 0x0A, 0x0A, 0x0A, 0x0A, 0x0A, 0x05, 0x05, 0x0A, 0x0A, 0x0A, 0x08,
    0x0F, 0x0C, 0x0B, 0x0A, 0x0C, 0x09, 0x09, 0x0C, 0x0D, 0x07, 0x08, 0x0B, 0x09, 0x10, 0x0D, 0x0D,
    0x0A, 0x0D, 0x0B, 0x09, 0x0A, 0x0C, 0x0B, 0x11, 0x0B, 0x0B, 0x0A, 0x06, 0x08, 0x06, 0x0A, 0x09,
    0x06, 0x0A, 0x0B, 0x09, 0x0B, 0x0A, 0x08, 0x0B, 0x0B, 0x05, 0x06, 0x0B, 0x05, 0x10, 0x0B, 0x0A,
    0x0B, 0x0B, 0x08, 0x08, 0x07, 0x0B, 0x0A, 0x0F, 0x0A, 0x0A, 0x08, 0x07, 0x09, 0x07, 0x0A, 0x04,
    0x05, 0x0A, 0x0A, 0x0A, 0x0A, 0x09, 0x08, 0x0A, 0x0F, 0x07, 0x0A, 0x0A, 0x06, 0x0F, 0x0A, 0x07,
    0x0A, 0x07, 0x07, 0x06, 0x0B, 0x0B, 0x05, 0x05, 0x07, 0x07, 0x0A, 0x0F, 0x0F, 0x0F, 0x08, 0x0C,
    0x0C, 0x0C, 0x0C, 0x0C, 0x0C, 0x10, 0x0A, 0x09, 0x09, 0x09, 0x09, 0x07, 0x07, 0x08, 0x07, 0x0C,
    0x0D, 0x0D, 0x0D, 0x0D, 0x0D, 0x0D, 0x0A, 0x0D, 0x0C, 0x0C, 0x0C, 0x0C, 0x0B, 0x0A, 0x0C, 0x0A,
    0x0A, 0x0A, 0x0A, 0x0A, 0x0A, 0x0F, 0x09, 0x0A, 0x0A, 0x0A, 0x0A, 0x06, 0x07, 0x07, 0x07, 0x0A,
    0x0B, 0x0A, 0x0A, 0x0A, 0x0A, 0x0A, 0x0A, 0x0A, 0x0B, 0x0B, 0x0B, 0x0B, 0x0A, 0x0B, 0x0A, 0x0C,
    0x0A, 0x0C, 0x0A, 0x0C, 0x0A, 0x0A, 0x09, 0x0A, 0x09, 0x0A, 0x09, 0x0A, 0x09, 0x0C, 0x0D, 0x0C,
    0x0B, 0x09, 0x0A, 0x09, 0x0A, 0x09, 0x0A, 0x09, 0x0A, 0x09, 0x0A, 0x0C, 0x0B, 0x0C, 0x0B, 0x0C,
    0x0B, 0x0C, 0x0B, 0x0D, 0x0C, 0x0E, 0x0B, 0x08, 0x07, 0x07, 0x07, 0x07, 0x07, 0x07, 0x05, 0x07,
    0x05, 0x0C, 0x0A, 0x09, 0x07, 0x0B, 0x0B, 0x0B, 0x09, 0x07, 0x09, 0x05, 0x0A, 0x08, 0x09, 0x08,
    0x0A, 0x07, 0x0D, 0x0B, 0x0D, 0x0B, 0x0D, 0x0B, 0x0D, 0x0D, 0x0B, 0x0D, 0x0A, 0x0D, 0x0A, 0x0D,
    0x0A, 0x10, 0x10, 0x0B, 0x08, 0x0B, 0x08, 0x0B, 0x08, 0x09, 0x08, 0x09, 0x08, 0x09, 0x08, 0x09,
    0x08, 0x0A, 0x07, 0x0A, 0x0A, 0x0A, 0x07, 0x0C, 0x0B, 0x0C, 0x0B, 0x0C, 0x0B, 0x0C, 0x0B, 0x0C,
    0x0B, 0x0C, 0x0B, 0x11, 0x0F, 0x0B, 0x0A, 0x0B, 0x0A, 0x08, 0x0A, 0x08, 0x0A, 0x08, 0x07, 0x0B,
    0x0D, 0x0B, 0x0B, 0x0B, 0x0A, 0x0A, 0x0C, 0x0A, 0x0C, 0x0E, 0x0B, 0x0B, 0x0A, 0x09, 0x0D, 0x0B,
    0x0C, 0x0B, 0x0D, 0x0B, 0x10, 0x07, 0x07, 0x0B, 0x0B, 0x06, 0x0B, 0x12, 0x0E, 0x0B, 0x0D, 0x0E,
    0x0D, 0x13, 0x10, 0x0D, 0x0B, 0x0B, 0x09, 0x08, 0x09, 0x09, 0x07, 0x0A, 0x07, 0x0A, 0x0F, 0x0E,
    0x0D, 0x0C, 0x0B, 0x0B, 0x0A, 0x08, 0x0A, 0x0A, 0x09, 0x09, 0x0A, 0x0A, 0x09, 0x08, 0x0B, 0x05,
    0x0A, 0x09, 0x05, 0x16, 0x14, 0x12, 0x0F, 0x0E, 0x0A, 0x13, 0x12, 0x10, 0x0C, 0x0A, 0x08, 0x07,
    0x0D, 0x0A, 0x0C, 0x0B, 0x0C, 0x0B, 0x0C, 0x0B, 0x0C, 0x0B, 0x0C, 0x0B, 0x0A, 0x0C, 0x0A, 0x0C,
    0x0A, 0x10, 0x0F, 0x0C, 0x0B, 0x0C, 0x0B, 0x0B, 0x0C, 0x0D, 0x0A, 0x0D, 0x0A, 0x0A, 0x09, 0x08,
    0x15, 0x14, 0x12, 0x0C, 0x0B, 0x12, 0x0B, 0x0D, 0x0B, 0x0C, 0x0A, 0x10, 0x0F, 0x0D, 0x0A, 0x0C,
    0x0A, 0x0C, 0x0A, 0x09, 0x0A, 0x09, 0x0A, 0x09, 0x09, 0x07, 0x07, 0x0D, 0x0A, 0x0D, 0x0A, 0x0B,
    0x09, 0x0B, 0x08, 0x0C, 0x0B, 0x0C, 0x0B, 0x09, 0x08, 0x0A, 0x07, 0x0A, 0x09, 0x0D, 0x0C, 0x0C,
    0x0F, 0x0D, 0x0A, 0x0A, 0x08, 0x0C, 0x0A, 0x09, 0x0A, 0x0D, 0x0A, 0x0D, 0x0A, 0x0D, 0x0A, 0x0D,
    0x0A, 0x0B, 0x0A, 0x08, 0x0D, 0x08, 0x06, 0x10, 0x10, 0x0C, 0x0A, 0x09, 0x09, 0x0A, 0x08, 0x09,
    0x08, 0x08, 0x0B, 0x0D, 0x0C, 0x09, 0x0A, 0x08, 0x07, 0x0E, 0x0C, 0x0B, 0x08, 0x0B, 0x0A, 0x0A,
    0x0B, 0x0B, 0x0B, 0x09, 0x09, 0x0C, 0x0C, 0x0A, 0x0A, 0x0E, 0x09, 0x09, 0x0D, 0x0B, 0x07, 0x0C,
    0x0B, 0x0A, 0x0A, 0x0A, 0x0B, 0x0B, 0x0B, 0x06, 0x06, 0x06, 0x08, 0x08, 0x06, 0x0C, 0x10, 0x10,
    0x10, 0x0C, 0x0C, 0x0B, 0x0A, 0x0E, 0x0E, 0x0E, 0x07, 0x07, 0x09, 0x08, 0x08, 0x07, 0x07, 0x0A,
    0x0A, 0x08, 0x07, 0x07, 0x07, 0x08, 0x07, 0x07, 0x0B, 0x0B, 0x0B, 0x0A, 0x0F, 0x0A, 0x09, 0x09,
    0x0A, 0x09, 0x09, 0x08, 0x09, 0x08, 0x09, 0x0D, 0x0A, 0x0B, 0x0B, 0x0B, 0x07, 0x0B, 0x08, 0x0C,
    0x08, 0x09, 0x11, 0x12, 0x13, 0x0E, 0x0C, 0x0F, 0x10, 0x0C, 0x0B, 0x0A, 0x0A, 0x0C, 0x0D, 0x07,
    0x07, 0x04, 0x05, 0x05, 0x06, 0x06, 0x0A, 0x07, 0x04, 0x08, 0x04, 0x04, 0x04, 0x03, 0x03, 0x05,
    0x06, 0x05, 0x05, 0x05, 0x05, 0x08, 0x08, 0x03, 0x07, 0x06, 0x06, 0x03, 0x07, 0x06, 0x06, 0x05,
    0x05, 0x04, 0x04, 0x05, 0x05, 0x05, 0x05, 0x08, 0x04, 0x06, 0x05, 0x08, 0x09, 0x08, 0x05, 0x07,
    0x03, 0x05, 0x07, 0x06, 0x08, 0x08, 0x08, 0x08, 0x08, 0x08, 0x08, 0x08, 0x09, 0x08, 0x07, 0x07,
    0x06, 0x06, 0x06, 0x06, 0x09, 0x09, 0x08, 0x05, 0x05, 0x05, 0x05, 0x05, 0x08, 0x08, 0x09, 0x09,
    0x06, 0x08, 0x09, 0x06, 0x08, 0x08, 0x04, 0x06, 0x07, 0x06, 0x08, 0x08, 0x02, 0x06, 0x0A, 0x07,
    0x08, 0x04, 0x04, 0x04, 0x04, 0x05, 0x05, 0x04, 0x04, 0x05, 0x05, 0x04, 0x04, 0x04, 0x04, 0x04,
    0x04, 0x04, 0x07, 0x06, 0x06, 0x04, 0x04, 0x04, 0x02, 0x06, 0x08, 0x08, 0x08, 0x08, 0x08, 0x08,
    0x06, 0x0A, 0x08, 0x08, 0x08, 0x0E, 0x07, 0x08, 0x04, 0x06, 0x08, 0x08, 0x04, 0x04, 0x08, 0x05,
    0x06, 0x08, 0x04, 0x0A, 0x04, 0x08, 0x08, 0x06, 0x04, 0x08, 0x08, 0x06, 0x06, 0x04, 0x0E, 0x04,
    0x03, 0x07, 0x04, 0x04, 0x04, 0x08, 0x03, 0x05, 0x04, 0x08, 0x04, 0x0E, 0x0E, 0x0A, 0x0A, 0x0E,
    0x0E, 0x0E, 0x04, 0x05, 0x02, 0x05, 0x05, 0x04, 0x04, 0x05, 0x07, 0x03, 0x04, 0x05, 0x05, 0x0E,
    0x0C, 0x0A, 0x06, 0x06, 0x0A, 0x14, 0x04, 0x06, 0x0B, 0x0A, 0x08, 0x0E, 0x08, 0x10, 0x08, 0x08,
    0x0A, 0x0D, 0x0F, 0x0B, 0x09, 0x0A, 0x0A, 0x08, 0x09, 0x05, 0x06, 0x0A, 0x08, 0x0D, 0x0B, 0x0B,
    0x09, 0x0C, 0x0C, 0x0C, 0x10, 0x0A, 0x0A, 0x0A, 0x09, 0x09, 0x09, 0x08, 0x0B, 0x0B, 0x0F, 0x0B,
    0x0A, 0x0E, 0x08, 0x08, 0x08, 0x09, 0x08, 0x09, 0x0A, 0x09, 0x0C, 0x0A, 0x08, 0x0B, 0x07, 0x08,
    0x08, 0x06, 0x06, 0x08, 0x08, 0x04, 0x05, 0x08, 0x06, 0x0A, 0x09, 0x09, 0x08, 0x08, 0x07, 0x08,
    0x06, 0x08, 0x0B, 0x06, 0x07, 0x07, 0x0A, 0x07, 0x07, 0x06, 0x06, 0x06, 0x06, 0x07, 0x03, 0x07,
    0x0A, 0x07, 0x07, 0x06, 0x07, 0x07, 0x07, 0x05, 0x07, 0x07, 0x0A, 0x07, 0x06, 0x07, 0x06, 0x07,
    0x09, 0x07, 0x03, 0x05, 0x07, 0x07, 0x07, 0x06, 0x07, 0x09, 0x07, 0x10, 0x0D, 0x0C, 0x09, 0x13,
    0x0D, 0x0D, 0x09, 0x08, 0x0A, 0x08, 0x09, 0x0B, 0x07, 0x09, 0x12, 0x06, 0x07, 0x0B, 0x0B, 0x0B,
    0x0B, 0x0B, 0x08, 0x0E, 0x0B, 0x05, 0x10, 0x0B, 0x0B, 0x08, 0x08, 0x0A, 0x0A, 0x0A, 0x08, 0x0C,
    0x0D, 0x0C, 0x0B, 0x0A, 0x09, 0x0D, 0x07, 0x09, 0x07, 0x0D, 0x09, 0x07, 0x06, 0x06, 0x07, 0x06,
    0x05, 0x05, 0x07, 0x07, 0x04, 0x04, 0x04, 0x04, 0x06, 0x04, 0x04, 0x05, 0x0A, 0x0A, 0x08, 0x08,
    0x08, 0x07, 0x09, 0x05, 0x05, 0x05, 0x07, 0x07, 0x07, 0x07, 0x07, 0x05, 0x06, 0x07, 0x06, 0x07,
    0x08, 0x08, 0x02, 0x08, 0x06, 0x06, 0x06, 0x06, 0x08, 0x08, 0x04, 0x0B, 0x0A, 0x10, 0x07, 0x07,
    0x0A, 0x08, 0x06, 0x0C, 0x07, 0x08, 0x07, 0x04, 0x05, 0x05, 0x04, 0x04, 0x05, 0x02, 0x03, 0x06,
    0x05, 0x05, 0x05, 0x05, 0x04, 0x03, 0x04, 0x05, 0x05, 0x05, 0x05, 0x04, 0x04, 0x06, 0x05, 0x04,
    0x06, 0x07, 0x04, 0x05, 0x05, 0x04, 0x08, 0x08, 0x04, 0x0A, 0x0E, 0x0C, 0x06, 0x04, 0x08, 0x0C,
    0x0A, 0x0B, 0x0B, 0x0B, 0x0B, 0x0B, 0x0B, 0x0A, 0x09, 0x0C, 0x0B, 0x0C, 0x0B, 0x0C, 0x0B, 0x0C,
    0x0B, 0x0C, 0x0B, 0x09, 0x0A, 0x09, 0x0A, 0x09, 0x0A, 0x09, 0x0A, 0x09, 0x0A, 0x09, 0x08, 0x0C,
    0x0B, 0x0D, 0x0B, 0x0D, 0x0B, 0x0D, 0x0C, 0x0D, 0x0B, 0x0D, 0x0B, 0x08, 0x07, 0x07, 0x07, 0x0B,
    0x0B, 0x0B, 0x0B, 0x0B, 0x0B, 0x09, 0x05, 0x0A, 0x07, 0x09, 0x07, 0x09, 0x07, 0x10, 0x10, 0x10,
    0x10, 0x10, 0x10, 0x0D, 0x0B, 0x0D, 0x0B, 0x0D, 0x0B, 0x0D, 0x0B, 0x0D, 0x0A, 0x0D, 0x0A, 0x0D,
    0x0A, 0x0D, 0x0A, 0x0A, 0x0B, 0x0A, 0x0B, 0x0B, 0x08, 0x0B, 0x08, 0x0B, 0x08, 0x0B, 0x09, 0x09,
    0x08, 0x09, 0x08, 0x09, 0x08, 0x09, 0x08, 0x09, 0x08, 0x0A, 0x07, 0x0A, 0x07, 0x0A, 0x07, 0x0A,
    0x08, 0x0C, 0x0B, 0x0C, 0x0B, 0x0C, 0x0B, 0x0C, 0x0B, 0x0C, 0x0B, 0x0B, 0x0A, 0x0B, 0x0A, 0x11,
    0x0F, 0x11, 0x0F, 0x11, 0x0F, 0x11, 0x0F, 0x11, 0x0F, 0x0B, 0x0A, 0x0B, 0x0A, 0x0B, 0x0A, 0x0A,
    0x08, 0x0A, 0x08, 0x0A, 0x08, 0x0B, 0x07, 0x0F, 0x0A, 0x0B, 0x07, 0x08, 0x07, 0x0D, 0x0A, 0x0C,
    0x0A, 0x0C, 0x0A, 0x0C, 0x0B, 0x0C, 0x0B, 0x0C, 0x0A, 0x0C, 0x0A, 0x0C, 0x0A, 0x0C, 0x0A, 0x0C,
    0x0A, 0x0C, 0x0A, 0x0C, 0x0A, 0x0C, 0x0A, 0x09, 0x0A, 0x09, 0x0A, 0x09, 0x0A, 0x0B, 0x0B, 0x0A,
    0x0B, 0x0A, 0x0A, 0x09, 0x0A, 0x09, 0x0A, 0x07, 0x05, 0x07, 0x05, 0x0D, 0x0A, 0x0D, 0x0A, 0x0D,
    0x0B, 0x0D, 0x0B, 0x0D, 0x0A, 0x0D, 0x0A, 0x0D, 0x0A, 0x0E, 0x0D, 0x0E, 0x0D, 0x0E, 0x0D, 0x0E,
    0x0D, 0x0E, 0x0D, 0x0C, 0x0B, 0x0C, 0x0B, 0x0F, 0x0E, 0x0F, 0x0E, 0x0F, 0x0E, 0x0F, 0x0E, 0x0F,
    0x0E, 0x0B, 0x0A, 0x0B, 0x0A, 0x0B, 0x0A, 0x0B, 0x0A, 0x0E, 0x0B, 0x0C, 0x0A, 0x0B, 0x0B, 0x09,
    0x12, 0x09, 0x12, 0x06, 0x05, 0x03, 0x0A, 0x05, 0x03, 0x02, 0x00, 0x00, 0x00, 0x05, 0x05, 0x06,
    0x06, 0x0A, 0x09, 0x12, 0x12, 0x0A, 0x09, 0x04, 0x04, 0x05, 0x04, 0x08, 0x08, 0x09, 0x08, 0x09,
    0x09, 0x07, 0x07, 0x09, 0x0A, 0x0F, 0x05, 0x08, 0x08, 0x05, 0x05, 0x06, 0x06, 0x06, 0x03, 0x16,
    0x1C, 0x06, 0x0A, 0x0E, 0x07, 0x0B, 0x0F, 0x07, 0x06, 0x06, 0x0F, 0x0A, 0x08, 0x0A, 0x0B, 0x0B,
    0x08, 0x13, 0x06, 0x0A, 0x06, 0x06, 0x10, 0x0D, 0x0D, 0x0B, 0x0B, 0x0B, 0x0B, 0x09, 0x05, 0x0B,
    0x09, 0x08, 0x12, 0x0B, 0x0A, 0x0A, 0x11, 0x10, 0x10, 0x05, 0x0D, 0x0F, 0x05, 0x05, 0x04, 0x07,
    0x08, 0x0A, 0x09, 0x0A, 0x00, 0x00, 0x00, 0x00, 0x06, 0x06, 0x06, 0x06, 0x06, 0x06, 0x07, 0x03,
    0x07, 0x07, 0x07, 0x07, 0x07, 0x07, 0x07, 0x07, 0x07, 0x05, 0x04, 0x07, 0x07, 0x07, 0x07, 0x07,
    0x07, 0x07, 0x07, 0x07, 0x07, 0x07, 0x07, 0x07, 0x07, 0x05, 0x04, 0x06, 0x06, 0x07, 0x07, 0x06,
    0x07, 0x07, 0x03, 0x0A, 0x07, 0x07, 0x05, 0x05, 0x0A, 0x0A, 0x0A, 0x0A, 0x0A, 0x10, 0x0A, 0x0F,
    0x10, 0x0D, 0x10, 0x0B, 0x0A, 0x0A, 0x0A, 0x11, 0x0B, 0x0A, 0x0C, 0x0B, 0x0A, 0x0B, 0x0C, 0x0D,
    0x0A, 0x0A, 0x0A, 0x0E, 0x0F, 0x0A, 0x0A, 0x0A, 0x0A, 0x0E, 0x0E, 0x0B, 0x11, 0x0A, 0x0E, 0x0F,
    0x0B, 0x0B, 0x0F, 0x0D, 0x15, 0x0D, 0x0E, 0x0B, 0x0B, 0x0F, 0x0A, 0x0F, 0x09, 0x10, 0x0E, 0x11,
    0x0F, 0x0F, 0x0C, 0x0E, 0x11, 0x10, 0x0D, 0x0C, 0x0B, 0x0D, 0x0E, 0x0D, 0x0B, 0x0B, 0x0A, 0x0C,
    0x0D, 0x0B, 0x06, 0x0B, 0x0C, 0x10, 0x0C, 0x0B, 0x08, 0x0C, 0x11, 0x09, 0x16, 0x09, 0x0B, 0x09,
    0x07, 0x09, 0x05, 0x11, 0x19, 0x0E, 0x0A, 0x0A, 0x0E, 0x0C, 0x0C, 0x09, 0x09, 0x0B, 0x0D, 0x0C,
    0x09, 0x07, 0x0A, 0x0C, 0x0D, 0x0C, 0x0E, 0x08, 0x14, 0x10, 0x10, 0x14, 0x0F, 0x10, 0x10, 0x11,
    0x10, 0x11, 0x10, 0x10, 0x0F, 0x0F, 0x0F, 0x0F, 0x0C, 0x09, 0x10, 0x09, 0x06, 0x0B, 0x0A, 0x0B,
    0x0A, 0x08, 0x0E, 0x0B, 0x0C, 0x0B, 0x0A, 0x08, 0x0D, 0x10, 0x0C, 0x0D, 0x0A, 0x11, 0x0F, 0x0A,
    0x09, 0x07, 0x0D, 0x0D, 0x07, 0x0A, 0x08, 0x04, 0x08, 0x09, 0x0A, 0x08, 0x08, 0x07, 0x06, 0x08,
    0x07, 0x0D, 0x0B, 0x0F, 0x0F, 0x0A, 0x0A, 0x09, 0x09, 0x0C, 0x0C, 0x08, 0x08, 0x14, 0x0F, 0x13,
    0x10, 0x12, 0x10, 0x10, 0x0F, 0x10, 0x0F, 0x10, 0x0F, 0x0A, 0x09, 0x0B, 0x0B, 0x0B, 0x0B, 0x0B,
    0x0B, 0x0C, 0x07, 0x09, 0x05, 0x0D, 0x0C, 0x10, 0x0D, 0x15, 0x10, 0x0A, 0x0B, 0x0D, 0x0D, 0x0F,
    0x10, 0x0D, 0x0B, 0x10, 0x0E, 0x0A, 0x09, 0x0C, 0x0C, 0x0B, 0x0A, 0x11, 0x0F, 0x0A, 0x0A, 0x0A,
    0x0B, 0x0A, 0x0B, 0x0C, 0x0A, 0x09, 0x09, 0x0B, 0x0B, 0x0B, 0x0A, 0x07, 0x0E, 0x09, 0x14, 0x0F,
    0x0A, 0x0E, 0x0F, 0x09, 0x0D, 0x0A, 0x09, 0x08, 0x0A, 0x0A, 0x0A, 0x09, 0x05, 0x0E, 0x0C, 0x09,
    0x08, 0x0A, 0x09, 0x08, 0x05, 0x08, 0x05, 0x05, 0x0D, 0x09, 0x06, 0x0E, 0x0B, 0x0B, 0x09, 0x09,
    0x0B, 0x0D, 0x0F, 0x0A, 0x08, 0x0D, 0x0B, 0x0D, 0x0B, 0x0D, 0x0B, 0x0C, 0x0B, 0x0B, 0x0B, 0x0E,
    0x0B, 0x0B, 0x09, 0x0A, 0x09, 0x0F, 0x0B, 0x0D, 0x0C, 0x07, 0x0B, 0x0C, 0x0A, 0x08, 0x0D, 0x0B,
    0x0B, 0x12, 0x0F, 0x0C, 0x0B, 0x0B, 0x0A, 0x0B, 0x07, 0x0F, 0x0A, 0x13, 0x10, 0x0A, 0x09, 0x0A,
    0x0C, 0x0B, 0x0A, 0x09, 0x09, 0x07, 0x0F, 0x0A, 0x0A, 0x0F, 0x09, 0x0A, 0x10, 0x07, 0x14, 0x0B,
    0x0F, 0x07, 0x0A, 0x0E, 0x08, 0x0B, 0x0A, 0x09, 0x08, 0x11, 0x0C, 0x0B, 0x08, 0x09, 0x0A, 0x10,
    0x10, 0x10, 0x11, 0x11, 0x0B, 0x0B, 0x06, 0x0B, 0x09, 0x0C, 0x08, 0x0C, 0x07, 0x0B, 0x0B, 0x10,
    0x10, 0x0B, 0x0B, 0x0D, 0x0B, 0x0C, 0x0C, 0x0E, 0x0D, 0x0B, 0x0A, 0x07, 0x07, 0x05, 0x07, 0x0F,
    0x0E, 0x0E, 0x11, 0x0B, 0x0B, 0x12, 0x0E, 0x09, 0x0A, 0x05, 0x05, 0x0E, 0x0B, 0x0B, 0x12, 0x12,
    0x0D, 0x0F, 0x08, 0x08, 0x07, 0x07, 0x07, 0x07, 0x0E, 0x07, 0x08, 0x07, 0x07, 0x07, 0x07, 0x0E,
    0x08, 0x08,
};

static const uint8_t kGridHeights[] PROGMEM = {
    0x00, 0x0D, 0x0D, 0x0D, 0x0F, 0x0D, 0x0D, 0x0D, 0x10, 0x10, 0x0E, 0x0B, 0x05, 0x07, 0x03, 0x0D,
    0x0D, 0x0D, 0x0D, 0x0D, 0x0D, 0x0D, 0x0D, 0x0D, 0x0D, 0x0D, 0x0A, 0x0D, 0x0C, 0x0A, 0x0C, 0x0D,
    0x0F, 0x0D, 0x0D, 0x0D, 0x0D, 0x0D, 0x0D, 0x0D, 0x0D, 0x0D, 0x11, 0x0D, 0x0D, 0x0D, 0x0D, 0x0D,
    0x0D, 0x10, 0x0D, 0x0D, 0x0D, 0x0D, 0x0D, 0x0D, 0x0D, 0x0D, 0x0D, 0x11, 0x0D, 0x11, 0x0D, 0x04,
    0x0E, 0x0A, 0x0E, 0x0A, 0x0E, 0x0A, 0x0E, 0x0E, 0x0E, 0x0E, 0x12, 0x0E, 0x0E, 0x0A, 0x0A, 0x0A,
    0x0E, 0x0E, 0x0A, 0x0A, 0x0C, 0x0A, 0x0A, 0x0A, 0x0A, 0x0E, 0x0A, 0x10, 0x12, 0x10, 0x09, 0x00,
    0x0D, 0x0D, 0x0D, 0x0B, 0x0D, 0x12, 0x0E, 0x0E, 0x0D, 0x0D, 0x0A, 0x08, 0x07, 0x0D, 0x11, 0x0D,
    0x0B, 0x0F, 0x0F, 0x0E, 0x0E, 0x11, 0x08, 0x06, 0x0F, 0x0D, 0x0A, 0x0D, 0x0D, 0x0E, 0x0E, 0x11,
    0x11, 0x11, 0x11, 0x11, 0x10, 0x0D, 0x12, 0x11, 0x11, 0x11, 0x11, 0x11, 0x11, 0x11, 0x11, 0x0D,
    0x11, 0x11, 0x11, 0x11, 0x11, 0x11, 0x0B, 0x0F, 0x11, 0x11, 0x11, 0x11, 0x11, 0x0D, 0x0E, 0x0E,
    0x0E, 0x0E, 0x0E, 0x0E, 0x0F, 0x0A, 0x0F, 0x0E, 0x0E, 0x0E, 0x0E, 0x0E, 0x0E, 0x0E, 0x0E, 0x0E,
    0x0E, 0x0E, 0x0E, 0x0E, 0x0E, 0x0E, 0x0B, 0x0C, 0x0E, 0x0E, 0x0E, 0x0E, 0x12, 0x12, 0x12, 0x11,
    0x0E, 0x11, 0x0E, 0x11, 0x0E, 0x11, 0x0E, 0x11, 0x0E, 0x11, 0x0E, 0x11, 0x0E, 0x11, 0x0E, 0x0D,
    0x0E, 0x11, 0x0E, 0x11, 0x0E, 0x11, 0x0E, 0x11, 0x0E, 0x11, 0x0E, 0x11, 0x12, 0x11, 0x12, 0x11,
    0x12, 0x11, 0x12, 0x11, 0x12, 0x0D, 0x0E, 0x11, 0x0E, 0x11, 0x0E, 0x11, 0x0E, 0x11, 0x12, 0x11,
    0x0A, 0x11, 0x12, 0x15, 0x12, 0x11, 0x12, 0x0A, 0x11, 0x12, 0x11, 0x12, 0x0D, 0x0E, 0x0D, 0x0E,
    0x0D, 0x0E, 0x11, 0x0E, 0x11, 0x0E, 0x11, 0x0E, 0x0D, 0x11, 0x0E, 0x11, 0x0E, 0x11, 0x0E, 0x11,
    0x0E, 0x0D, 0x0A, 0x11, 0x0E, 0x11, 0x0E, 0x11, 0x0E, 0x11, 0x0E, 0x11, 0x0E, 0x12, 0x0F, 0x11,
    0x0E, 0x12, 0x11, 0x11, 0x0E, 0x0D, 0x0C, 0x11, 0x0E, 0x11, 0x0E, 0x11, 0x0E, 0x12, 0x0F, 0x11,
    0x0E, 0x11, 0x0E, 0x11, 0x0E, 0x11, 0x12, 0x11, 0x11, 0x0E, 0x11, 0x0E, 0x11, 0x0E, 0x0E, 0x0E,
    0x0D, 0x0D, 0x0E, 0x0D, 0x0E, 0x0D, 0x10, 0x0E, 0x0D, 0x0D, 0x0D, 0x0E, 0x0E, 0x0D, 0x0D, 0x0D,
    0x11, 0x12, 0x10, 0x11, 0x0E, 0x0D, 0x0D, 0x0D, 0x0E, 0x0E, 0x0E, 0x0D, 0x11, 0x0E, 0x0D, 0x0E,
    0x0C, 0x0D, 0x0E, 0x0D, 0x12, 0x0F, 0x0D, 0x0A, 0x0D, 0x12, 0x10, 0x0D, 0x0E, 0x11, 0x0E, 0x0C,
    0x0D, 0x0D, 0x0D, 0x0E, 0x0D, 0x0A, 0x0D, 0x0D, 0x0E, 0x0E, 0x0E, 0x0D, 0x0A, 0x0C, 0x0E, 0x0E,
    0x0E, 0x0E, 0x0D, 0x11, 0x0E, 0x0E, 0x11, 0x12, 0x12, 0x11, 0x12, 0x12, 0x11, 0x0E, 0x11, 0x0E,
    0x11, 0x0E, 0x11, 0x0E, 0x13, 0x0F, 0x13, 0x10, 0x13, 0x10, 0x13, 0x10, 0x0A, 0x14, 0x0F, 0x12,
    0x0F, 0x11, 0x0E, 0x0D, 0x0E, 0x11, 0x12, 0x11, 0x12, 0x11, 0x0E, 0x15, 0x12, 0x11, 0x12, 0x12,
    0x0D, 0x0D, 0x0E, 0x11, 0x12, 0x0D, 0x11, 0x11, 0x0E, 0x12, 0x12, 0x11, 0x0E, 0x12, 0x0F, 0x11,
    0x0E, 0x12, 0x0F, 0x11, 0x0E, 0x12, 0x0F, 0x11, 0x0E, 0x12, 0x0F, 0x11, 0x0E, 0x12, 0x0F, 0x11,
    0x0E, 0x12, 0x0F, 0x11, 0x0E, 0x12, 0x0F, 0x11, 0x0E, 0x11, 0x10, 0x11, 0x0F, 0x11, 0x12, 0x11,
    0x10, 0x0D, 0x0E, 0x11, 0x0E, 0x11, 0x0E, 0x12, 0x0F, 0x13, 0x11, 0x14, 0x11, 0x11, 0x0E, 0x13,
    0x11, 0x11, 0x12, 0x0F, 0x0B, 0x0D, 0x0E, 0x0E, 0x0E, 0x10, 0x0F, 0x12, 0x0D, 0x10, 0x0E, 0x0E,
    0x0D, 0x0A, 0x0D, 0x0D, 0x0D, 0x10, 0x0C, 0x11, 0x12, 0x11, 0x0E, 0x0D, 0x0B, 0x0D, 0x0E, 0x0A,
    0x0A, 0x0A, 0x0E, 0x0A, 0x0B, 0x12, 0x0E, 0x0A, 0x0A, 0x0A, 0x0A, 0x0A, 0x0A, 0x0A, 0x0E, 0x12,
    0x0E, 0x0A, 0x0E, 0x0A, 0x0E, 0x0E, 0x12, 0x0E, 0x0A, 0x0A, 0x0E, 0x0E, 0x12, 0x12, 0x0A, 0x0E,
    0x0E, 0x0E, 0x0E, 0x0A, 0x0A, 0x0A, 0x0A, 0x12, 0x0A, 0x0E, 0x0E, 0x0E, 0x0E, 0x0A, 0x0E, 0x0A,
    0x0A, 0x0E, 0x12, 0x12, 0x0E, 0x12, 0x0C, 0x10, 0x0A, 0x0A, 0x0A, 0x0A, 0x0A, 0x0F, 0x0A, 0x0E,
    0x0C, 0x0E, 0x0E, 0x0E, 0x0E, 0x0E, 0x0E, 0x0D, 0x0A, 0x0A, 0x0E, 0x0A, 0x12, 0x0E, 0x0A, 0x12,
    0x0E, 0x0E, 0x0E, 0x12, 0x10, 0x0C, 0x12, 0x0C, 0x12, 0x0E, 0x0E, 0x0D, 0x0D, 0x0E, 0x0E, 0x0D,
    0x0D, 0x0D, 0x0B, 0x0B, 0x0B, 0x0B, 0x0B, 0x0B, 0x0D, 0x0D, 0x0D, 0x0D, 0x0D, 0x0F, 0x0F, 0x0E,
    0x0E, 0x0F, 0x0F, 0x0F, 0x0F, 0x0E, 0x0E, 0x0E, 0x0E, 0x0E, 0x0E, 0x05, 0x03, 0x04, 0x04, 0x0A,
    0x0A, 0x08, 0x08, 0x07, 0x07, 0x07, 0x06, 0x0E, 0x0E, 0x0F, 0x06, 0x0E, 0x0E, 0x08, 0x0E, 0x0B,
    0x0D, 0x0B, 0x0B, 0x0D, 0x0D, 0x0C, 0x0C, 0x0C, 0x0E, 0x0A, 0x0A, 0x03, 0x0E, 0x0D, 0x04, 0x04,
    0x06, 0x06, 0x06, 0x08, 0x08, 0x08, 0x04, 0x0E, 0x0C, 0x0C, 0x05, 0x05, 0x05, 0x05, 0x07, 0x0E,
    0x0E, 0x0E, 0x0E, 0x0E, 0x10, 0x0E, 0x0E, 0x0E, 0x0F, 0x0F, 0x0E, 0x0E, 0x0E, 0x0E, 0x0E, 0x10,
    0x0F, 0x0D, 0x0D, 0x0D, 0x0D, 0x04, 0x04, 0x04, 0x04, 0x11, 0x0E, 0x04, 0x05, 0x05, 0x04, 0x04,
    0x05, 0x05, 0x04, 0x04, 0x05, 0x04, 0x06, 0x06, 0x04, 0x05, 0x03, 0x03, 0x04, 0x04, 0x04, 0x04,
    0x03, 0x04, 0x05, 0x07, 0x07, 0x07, 0x08, 0x0F, 0x04, 0x05, 0x04, 0x03, 0x0E, 0x0F, 0x11, 0x0E,
    0x0E, 0x0E, 0x10, 0x0E, 0x04, 0x0E, 0x05, 0x04, 0x05, 0x0E, 0x11, 0x10, 0x05, 0x04, 0x0D, 0x0F,
    0x0F, 0x0F, 0x04, 0x04, 0x04, 0x04, 0x0F, 0x0E, 0x05, 0x04, 0x0F, 0x04, 0x0F, 0x0C, 0x03, 0x0E,
    0x11, 0x05, 0x10, 0x10, 0x10, 0x0F, 0x10, 0x0F, 0x11, 0x10, 0x0F, 0x0F, 0x11, 0x0F, 0x0F, 0x0E,
    0x0F, 0x0F, 0x0F, 0x11, 0x05, 0x06, 0x05, 0x05, 0x05, 0x05, 0x0F, 0x0F, 0x04, 0x06, 0x05, 0x05,
    0x0A, 0x0A, 0x0A, 0x0A, 0x0A, 0x0A, 0x0A, 0x0A, 0x0A, 0x0E, 0x0A, 0x0A, 0x0A, 0x0A, 0x0A, 0x0A,
    0x0A, 0x09, 0x09, 0x09, 0x0A, 0x0A, 0x0A, 0x05, 0x0A, 0x0A, 0x0A, 0x0A, 0x0A, 0x0A, 0x0A, 0x0E,
    0x0A, 0x0A, 0x0A, 0x0A, 0x0E, 0x0A, 0x0A, 0x0A, 0x0A, 0x0A, 0x0A, 0x0A, 0x0D, 0x0D, 0x0D, 0x0D,
    0x0D, 0x0D, 0x0D, 0x0D, 0x0D, 0x0D, 0x0D, 0x0D, 0x0D, 0x0D, 0x0D, 0x0D, 0x0D, 0x0D, 0x0D, 0x0D,
    0x0D, 0x0D, 0x0D, 0x0B, 0x0B, 0x0B, 0x0B, 0x0D, 0x0D, 0x0B, 0x0B, 0x0B, 0x0B, 0x0B, 0x0B, 0x0D,
    0x0B, 0x0B, 0x0B, 0x0B, 0x0B, 0x08, 0x0B, 0x0C, 0x0B, 0x0B, 0x0B, 0x0B, 0x0B, 0x0D, 0x0B, 0x0D,
    0x0D, 0x0B, 0x08, 0x06, 0x06, 0x06, 0x0A, 0x08, 0x08, 0x0A, 0x08, 0x0A, 0x0E, 0x0E, 0x0E, 0x0A,
    0x0A, 0x0E, 0x0B, 0x0A, 0x0A, 0x0C, 0x0A, 0x0F, 0x0B, 0x0E, 0x10, 0x0A, 0x0A, 0x0E, 0x0A, 0x0A,
    0x12, 0x12, 0x12, 0x0E, 0x12, 0x12, 0x0E, 0x0E, 0x0E, 0x0E, 0x0E, 0x12, 0x0E, 0x0E, 0x0E, 0x0E,
    0x0E, 0x12, 0x0E, 0x0E, 0x0E, 0x0E, 0x12, 0x0E, 0x12, 0x0E, 0x0E, 0x0B, 0x0B, 0x0B, 0x0D, 0x0B,
    0x0D, 0x0B, 0x0B, 0x0B, 0x0D, 0x0B, 0x0B, 0x0B, 0x0D, 0x0D, 0x0D, 0x0B, 0x0B, 0x0B, 0x0B, 0x0B,
    0x0B, 0x0B, 0x0D, 0x0B, 0x0D, 0x0D, 0x0B, 0x0B, 0x0B, 0x0B, 0x0B, 0x0B, 0x0B, 0x0B, 0x0B, 0x0D,
    0x0F, 0x0F, 0x04, 0x0E, 0x0F, 0x0F, 0x0F, 0x0F, 0x0E, 0x0E, 0x05, 0x0F, 0x0E, 0x0E, 0x0F, 0x05,
    0x05, 0x0F, 0x0F, 0x0E, 0x0F, 0x0F, 0x10, 0x11, 0x11, 0x11, 0x11, 0x0F, 0x10, 0x10, 0x10, 0x0F,
    0x0F, 0x0F, 0x0F, 0x0F, 0x0F, 0x11, 0x0F, 0x0F, 0x11, 0x13, 0x0F, 0x11, 0x10, 0x0F, 0x11, 0x12,
    0x10, 0x0F, 0x11, 0x11, 0x11, 0x0B, 0x0E, 0x0E, 0x0E, 0x05, 0x0D, 0x04, 0x05, 0x0F, 0x04, 0x13,
    0x10, 0x11, 0x12, 0x11, 0x12, 0x10, 0x11, 0x16, 0x13, 0x11, 0x12, 0x11, 0x12, 0x10, 0x11, 0x11,
    0x12, 0x11, 0x12, 0x13, 0x10, 0x13, 0x10, 0x11, 0x0E, 0x11, 0x0E, 0x16, 0x13, 0x11, 0x12, 0x11,
    0x12, 0x11, 0x12, 0x11, 0x12, 0x11, 0x12, 0x12, 0x13, 0x11, 0x12, 0x11, 0x12, 0x13, 0x10, 0x11,
    0x12, 0x11, 0x12, 0x10, 0x11, 0x11, 0x12, 0x15, 0x16, 0x10, 0x11, 0x11, 0x12, 0x11, 0x0E, 0x11,
    0x0E, 0x11, 0x0E, 0x11, 0x0E, 0x11, 0x0E, 0x10, 0x0D, 0x11, 0x0E, 0x13, 0x10, 0x13, 0x10, 0x14,
    0x10, 0x14, 0x10, 0x11, 0x12, 0x11, 0x12, 0x11, 0x0E, 0x11, 0x0E, 0x15, 0x12, 0x10, 0x0D, 0x11,
    0x0E, 0x11, 0x0E, 0x11, 0x0E, 0x13, 0x10, 0x15, 0x12, 0x11, 0x10, 0x11, 0x10, 0x10, 0x0F, 0x11,
    0x10, 0x11, 0x0E, 0x11, 0x0E, 0x11, 0x0E, 0x13, 0x10, 0x13, 0x10, 0x11, 0x0E, 0x11, 0x0E, 0x11,
    0x0E, 0x11, 0x0E, 0x11, 0x0E, 0x11, 0x0E, 0x11, 0x0E, 0x11, 0x0E, 0x11, 0x0E, 0x11, 0x12, 0x11,
    0x0E, 0x11, 0x0E, 0x10, 0x0D, 0x11, 0x10, 0x0F, 0x13, 0x0F, 0x11, 0x0E, 0x0E, 0x0D, 0x0E, 0x11,
    0x0E, 0x12, 0x0F, 0x12, 0x0F, 0x12, 0x0F, 0x13, 0x10, 0x14, 0x11, 0x15, 0x12, 0x13, 0x10, 0x13,
    0x10, 0x13, 0x10, 0x14, 0x11, 0x15, 0x12, 0x11, 0x0E, 0x12, 0x0F, 0x11, 0x0E, 0x12, 0x0F, 0x12,
    0x0F, 0x13, 0x10, 0x14, 0x11, 0x15, 0x12, 0x12, 0x0F, 0x11, 0x12, 0x11, 0x0E, 0x12, 0x0F, 0x12,
    0x0F, 0x12, 0x0F, 0x13, 0x10, 0x14, 0x11, 0x15, 0x12, 0x11, 0x0E, 0x11, 0x0E, 0x12, 0x0F, 0x11,
    0x0E, 0x12, 0x10, 0x11, 0x0E, 0x12, 0x0F, 0x11, 0x0E, 0x11, 0x0E, 0x12, 0x0F, 0x11, 0x0E, 0x12,
    0x10, 0x11, 0x12, 0x11, 0x0E, 0x12, 0x13, 0x11, 0x12, 0x0D, 0x0E, 0x0E, 0x0F, 0x0D, 0x0E, 0x00,
    0x00, 0x00, 0x00, 0x00, 0x00, 0x00, 0x00, 0x00, 0x00, 0x00, 0x00, 0x00, 0x00, 0x10, 0x10, 0x07,
    0x07, 0x08, 0x07, 0x07, 0x07, 0x12, 0x05, 0x0D, 0x0D, 0x05, 0x0D, 0x0D, 0x0D, 0x05, 0x0D, 0x0E,
    0x0E, 0x0A, 0x0B, 0x03, 0x03, 0x03, 0x07, 0x00, 0x00, 0x0E, 0x0E, 0x0F, 0x0F, 0x0F, 0x00, 0x0D,
    0x0D, 0x0D, 0x0D, 0x0D, 0x0D, 0x0D, 0x0D, 0x06, 0x0A, 0x0A, 0x0D, 0x0D, 0x0D, 0x11, 0x04, 0x0E,
    0x0B, 0x10, 0x07, 0x0D, 0x11, 0x11, 0x0D, 0x0D, 0x0D, 0x0A, 0x11, 0x0B, 0x0B, 0x08, 0x0D, 0x12,
    0x11, 0x0D, 0x08, 0x04, 0x09, 0x0D, 0x0D, 0x0D, 0x0D, 0x0D, 0x0E, 0x0E, 0x0E, 0x0D, 0x00, 0x00,
    0x00, 0x00, 0x00, 0x00, 0x00, 0x00, 0x00, 0x00, 0x0F, 0x0F, 0x0F, 0x0F, 0x0F, 0x0F, 0x0F, 0x0D,
    0x10, 0x0F, 0x0F, 0x10, 0x0F, 0x0F, 0x0D, 0x0B, 0x0D, 0x10, 0x10, 0x0B, 0x08, 0x08, 0x08, 0x08,
    0x09, 0x08, 0x08, 0x08, 0x08, 0x08, 0x05, 0x02, 0x04, 0x0A, 0x0A, 0x06, 0x06, 0x06, 0x06, 0x06,
    0x08, 0x08, 0x08, 0x06, 0x06, 0x08, 0x06, 0x07, 0x0D, 0x10, 0x0D, 0x0D, 0x0D, 0x0E, 0x0D, 0x0D,
    0x0D, 0x0D, 0x0D, 0x11, 0x0D, 0x0D, 0x0D, 0x11, 0x11, 0x0D, 0x0F, 0x0D, 0x0D, 0x0F, 0x0C, 0x0F,
    0x0D, 0x0E, 0x0D, 0x0D, 0x0D, 0x0D, 0x0F, 0x11, 0x10, 0x0F, 0x0F, 0x0D, 0x0D, 0x0D, 0x0F, 0x0F,
    0x0D, 0x0D, 0x0D, 0x0F, 0x0E, 0x10, 0x0D, 0x0E, 0x0F, 0x0E, 0x0E, 0x0E, 0x0D, 0x0E, 0x0D, 0x0D,
    0x0E, 0x10, 0x0D, 0x10, 0x0E, 0x0F, 0x0D, 0x0D, 0x13, 0x0D, 0x0D, 0x0D, 0x13, 0x0D, 0x12, 0x0D,
    0x0D, 0x11, 0x0B, 0x0D, 0x10, 0x0E, 0x0E, 0x0A, 0x08, 0x0E, 0x0E, 0x0D, 0x0E, 0x08, 0x0C, 0x0B,
    0x0C, 0x0B, 0x0E, 0x0C, 0x0D, 0x0A, 0x0E, 0x0D, 0x0D, 0x11, 0x0E, 0x0E, 0x0D, 0x0D, 0x0D, 0x0E,
    0x0A, 0x0E, 0x12, 0x0E, 0x0E, 0x0E, 0x0E, 0x0A, 0x0C, 0x0D, 0x0D, 0x0D, 0x0D, 0x0D, 0x0D, 0x0D,
    0x0D, 0x0E, 0x0D, 0x0D, 0x0D, 0x0D, 0x0D, 0x0D, 0x0D, 0x0A, 0x0D, 0x0D, 0x0E, 0x0D, 0x0D, 0x11,
    0x0D, 0x12, 0x11, 0x11, 0x11, 0x11, 0x11, 0x0E, 0x0D, 0x11, 0x0D, 0x0D, 0x0A, 0x0D, 0x0A, 0x0A,
    0x0D, 0x0A, 0x0B, 0x0A, 0x0F, 0x0A, 0x0A, 0x0A, 0x0D, 0x11, 0x11, 0x0D, 0x07, 0x0D, 0x0B, 0x0D,
    0x0A, 0x11, 0x12, 0x11, 0x10, 0x0D, 0x0E, 0x0D, 0x0E, 0x0D, 0x0E, 0x0A, 0x0A, 0x0D, 0x0A, 0x0D,
    0x0A, 0x0D, 0x0A, 0x0D, 0x0A, 0x0D, 0x0A, 0x11, 0x0E, 0x0D, 0x0A, 0x0D, 0x0E, 0x0D, 0x0E, 0x0D,
    0x0E, 0x0D, 0x0E, 0x0D, 0x0E, 0x0D, 0x0A, 0x0D, 0x0A, 0x0D, 0x0A, 0x0D, 0x0E, 0x0D, 0x0E, 0x0D,
    0x0E, 0x11, 0x0E, 0x11, 0x0F, 0x0D, 0x0A, 0x0F, 0x0D, 0x0D, 0x0C, 0x11, 0x0E, 0x12, 0x11, 0x0D,
    0x12, 0x0D, 0x12, 0x11, 0x0E, 0x0D, 0x0E, 0x0D, 0x12, 0x0D, 0x0E, 0x0B, 0x11, 0x11, 0x0D, 0x0D,
    0x0D, 0x0D, 0x0E, 0x0D, 0x0D, 0x0E, 0x11, 0x0E, 0x0D, 0x0D, 0x0F, 0x0D, 0x0E, 0x10, 0x0E, 0x11,
    0x0E, 0x0D, 0x0A, 0x04, 0x0A, 0x08, 0x0D, 0x0D, 0x0D, 0x11, 0x08, 0x11, 0x0D, 0x0D, 0x0A, 0x0E,
    0x12, 0x0D, 0x11, 0x11, 0x0E, 0x0D, 0x0A, 0x0D, 0x0A, 0x0D, 0x0A, 0x0D, 0x0E, 0x0D, 0x0E, 0x0D,
    0x0A, 0x0D, 0x0B, 0x0D, 0x0A, 0x0D, 0x0D, 0x11, 0x0D, 0x0D, 0x0E, 0x0D, 0x0D, 0x11, 0x11, 0x11,
    0x12, 0x0D, 0x0A, 0x0F, 0x0C, 0x0D, 0x10, 0x0D, 0x10, 0x0D, 0x10, 0x0F, 0x0C, 0x11, 0x11, 0x11,
    0x0D, 0x0E, 0x0D, 0x0A, 0x0D, 0x0A, 0x09, 0x0D, 0x0B, 0x0A, 0x0D, 0x0D, 0x0D, 0x11, 0x0D, 0x0A,
    0x0A, 0x0B, 0x0A, 0x0A, 0x0E, 0x0F, 0x0E, 0x0E, 0x0E, 0x0A, 0x0A, 0x0F, 0x0A, 0x0B, 0x0C, 0x0A,
    0x0C, 0x0A, 0x0A, 0x0C, 0x0A, 0x0E, 0x0B, 0x0A, 0x0A, 0x0A, 0x0B, 0x0B, 0x0E, 0x0A, 0x0A, 0x0A,
    0x0A, 0x0A, 0x0E, 0x0E, 0x0E, 0x0A, 0x0E, 0x0E, 0x0E, 0x0E, 0x0E, 0x0D, 0x0D, 0x0D, 0x0B, 0x0A,
    0x0A, 0x0A, 0x0A, 0x0A, 0x0A, 0x12, 0x10, 0x0B, 0x0B, 0x06, 0x06, 0x0E, 0x0E, 0x0E, 0x0E, 0x0E,
    0x0E, 0x0E, 0x0E, 0x0E, 0x0E, 0x0E, 0x0E, 0x0E, 0x0E, 0x05, 0x05, 0x04, 0x04, 0x05, 0x05, 0x05,
    0x0E, 0x0F,
};

static const uint8_t kGridAdvances[] PROGMEM = {
    0x04, 0x05, 0x08, 0x0B, 0x0A, 0x0F, 0x0C, 0x05, 0x06, 0x06, 0x09, 0x0A, 0x05, 0x06, 0x05, 0x07,
    0x0A, 0x0A, 0x0A, 0x0A, 0x0A, 0x0A, 0x0A, 0x0A, 0x0A, 0x0A, 0x05, 0x05, 0x0A, 0x0A, 0x0A, 0x08,
    0x0F, 0x0B, 0x0B, 0x0A, 0x0C, 0x09, 0x09, 0x0C, 0x0D, 0x07, 0x06, 0x0B, 0x09, 0x10, 0x0D, 0x0D,
    0x0A, 0x0D, 0x0B, 0x09, 0x09, 0x0C, 0x0B, 0x10, 0x0B, 0x0A, 0x09, 0x06, 0x07, 0x06, 0x0A, 0x08,
    0x06, 0x0A, 0x0B, 0x09, 0x0B, 0x0A, 0x06, 0x0B, 0x0B, 0x05, 0x05, 0x0A, 0x05, 0x10, 0x0B, 0x0A,
    0x0B, 0x0B, 0x07, 0x08, 0x07, 0x0B, 0x09, 0x0E, 0x09, 0x09, 0x08, 0x07, 0x09, 0x07, 0x0A, 0x04,
    0x05, 0x0A, 0x0A, 0x0A, 0x0A, 0x09, 0x08, 0x0A, 0x0F, 0x07, 0x0A, 0x0A, 0x06, 0x0F, 0x09, 0x07,
    0x0A, 0x07, 0x07, 0x06, 0x0B, 0x0B, 0x05, 0x03, 0x07, 0x07, 0x0A, 0x0F, 0x0F, 0x0F, 0x08, 0x0B,
    0x0B, 0x0B, 0x0B, 0x0B, 0x0B, 0x0F, 0x0A, 0x09, 0x09, 0x09, 0x09, 0x07, 0x07, 0x07, 0x07, 0x0C,
    0x0D, 0x0D, 0x0D, 0x0D, 0x0D, 0x0D, 0x0A, 0x0D, 0x0C, 0x0C, 0x0C, 0x0C, 0x0A, 0x0A, 0x0C, 0x0A,
    0x0A, 0x0A, 0x0A, 0x0A, 0x0A, 0x0F, 0x09, 0x0A, 0x0A, 0x0A, 0x0A, 0x05, 0x05, 0x05, 0x05, 0x0A,
    0x0B, 0x0A, 0x0A, 0x0A, 0x0A, 0x0A, 0x0A, 0x0A, 0x0B, 0x0B, 0x0B, 0x0B, 0x09, 0x0B, 0x09, 0x0B,
    0x0A, 0x0B, 0x0A, 0x0B, 0x0A, 0x0A, 0x09, 0x0A, 0x09, 0x0A, 0x09, 0x0A, 0x09, 0x0C, 0x0B, 0x0C,
    0x0B, 0x09, 0x0A, 0x09, 0x0A, 0x09, 0x0A, 0x09, 0x0A, 0x09, 0x0A, 0x0C, 0x0B, 0x0C, 0x0B, 0x0C,
    0x0B, 0x0C, 0x0B, 0x0D, 0x0B, 0x0D, 0x0B, 0x07, 0x05, 0x07, 0x05, 0x07, 0x05, 0x07, 0x05, 0x07,
    0x05, 0x0C, 0x0A, 0x06, 0x05, 0x0B, 0x0A, 0x0A, 0x09, 0x05, 0x09, 0x05, 0x09, 0x05, 0x09, 0x06,
    0x09, 0x05, 0x0D, 0x0B, 0x0D, 0x0B, 0x0D, 0x0B, 0x0D, 0x0D, 0x0B, 0x0D, 0x0A, 0x0D, 0x0A, 0x0D,
    0x0A, 0x10, 0x10, 0x0B, 0x07, 0x0B, 0x07, 0x0B, 0x07, 0x09, 0x08, 0x09, 0x08, 0x09, 0x08, 0x09,
    0x08, 0x09, 0x07, 0x09, 0x07, 0x09, 0x07, 0x0C, 0x0B, 0x0C, 0x0B, 0x0C, 0x0B, 0x0C, 0x0B, 0x0C,
    0x0B, 0x0C, 0x0B, 0x10, 0x0E, 0x0A, 0x09, 0x0A, 0x09, 0x08, 0x09, 0x08, 0x09, 0x08, 0x06, 0x0B,
    0x0D, 0x0B, 0x0B, 0x0B, 0x0A, 0x0A, 0x0A, 0x09, 0x0C, 0x0E, 0x0B, 0x0B, 0x0A, 0x09, 0x0D, 0x0B,
    0x0B, 0x09, 0x0C, 0x0B, 0x10, 0x07, 0x07, 0x0B, 0x0A, 0x05, 0x0A, 0x12, 0x0D, 0x0B, 0x0D, 0x0D,
    0x0B, 0x13, 0x10, 0x0D, 0x0B, 0x0B, 0x09, 0x08, 0x09, 0x07, 0x07, 0x0A, 0x07, 0x09, 0x0E, 0x0D,
    0x0D, 0x0C, 0x0B, 0x0A, 0x09, 0x08, 0x0A, 0x0A, 0x09, 0x09, 0x0A, 0x0A, 0x09, 0x08, 0x0B, 0x05,
    0x0A, 0x09, 0x05, 0x15, 0x14, 0x12, 0x0F, 0x0E, 0x0A, 0x13, 0x12, 0x10, 0x0B, 0x0A, 0x07, 0x05,
    0x0D, 0x0A, 0x0C, 0x0B, 0x0C, 0x0B, 0x0C, 0x0B, 0x0C, 0x0B, 0x0C, 0x0B, 0x0A, 0x0B, 0x0A, 0x0B,
    0x0A, 0x0F, 0x0F, 0x0C, 0x0B, 0x0C, 0x0B, 0x0B, 0x0A, 0x0D, 0x0A, 0x0D, 0x0A, 0x0A, 0x09, 0x05,
    0x15, 0x14, 0x12, 0x0C, 0x0B, 0x12, 0x0B, 0x0D, 0x0B, 0x0B, 0x0A, 0x0F, 0x0F, 0x0D, 0x0A, 0x0B,
    0x0A, 0x0B, 0x0A, 0x09, 0x0A, 0x09, 0x0A, 0x07, 0x05, 0x07, 0x05, 0x0D, 0x0A, 0x0D, 0x0A, 0x0B,
    0x07, 0x0B, 0x07, 0x0C, 0x0B, 0x0C, 0x0B, 0x09, 0x08, 0x09, 0x07, 0x0A, 0x09, 0x0D, 0x0B, 0x0C,
    0x0F, 0x0D, 0x0A, 0x09, 0x08, 0x0B, 0x0A, 0x09, 0x0A, 0x0D, 0x0A, 0x0D, 0x0A, 0x0D, 0x0A, 0x0D,
    0x0A, 0x0A, 0x09, 0x08, 0x0D, 0x08, 0x05, 0x10, 0x10, 0x0B, 0x0A, 0x09, 0x09, 0x09, 0x08, 0x08,
    0x08, 0x08, 0x0B, 0x0C, 0x0B, 0x09, 0x0A, 0x06, 0x05, 0x0D, 0x0B, 0x0B, 0x07, 0x0A, 0x09, 0x0A,
    0x0B, 0x0B, 0x0B, 0x09, 0x09, 0x0B, 0x0B, 0x0A, 0x0A, 0x0E, 0x09, 0x09, 0x0D, 0x0B, 0x05, 0x0B,
    0x0B, 0x0A, 0x09, 0x0A, 0x0B, 0x0B, 0x0B, 0x05, 0x06, 0x06, 0x08, 0x07, 0x05, 0x0C, 0x10, 0x10,
    0x10, 0x0B, 0x0B, 0x0B, 0x0A, 0x0E, 0x0E, 0x0E, 0x07, 0x07, 0x07, 0x07, 0x07, 0x07, 0x07, 0x09,
    0x0A, 0x08, 0x05, 0x05, 0x05, 0x05, 0x07, 0x07, 0x0B, 0x0B, 0x0B, 0x09, 0x0E, 0x09, 0x09, 0x08,
    0x0A, 0x09, 0x09, 0x08, 0x08, 0x08, 0x09, 0x0D, 0x0A, 0x0B, 0x0A, 0x0B, 0x05, 0x0A, 0x08, 0x0B,
    0x08, 0x08, 0x11, 0x12, 0x12, 0x0E, 0x0B, 0x0F, 0x10, 0x0C, 0x0B, 0x09, 0x0A, 0x0B, 0x0B, 0x07,
    0x07, 0x03, 0x05, 0x05, 0x05, 0x06, 0x09, 0x06, 0x04, 0x08, 0x04, 0x04, 0x04, 0x03, 0x03, 0x05,
    0x05, 0x05, 0x05, 0x05, 0x05, 0x08, 0x08, 0x03, 0x07, 0x06, 0x06, 0x03, 0x07, 0x06, 0x06, 0x05,
    0x05, 0x04, 0x04, 0x05, 0x05, 0x05, 0x05, 0x08, 0x04, 0x06, 0x05, 0x08, 0x09, 0x04, 0x05, 0x06,
    0x03, 0x05, 0x06, 0x05, 0x08, 0x08, 0x08, 0x08, 0x08, 0x08, 0x08, 0x08, 0x09, 0x08, 0x07, 0x07,
    0x06, 0x06, 0x06, 0x06, 0x09, 0x09, 0x08, 0x05, 0x05, 0x05, 0x05, 0x05, 0x08, 0x08, 0x09, 0x00,
    0x00, 0x00, 0x00, 0x00, 0x00, 0x00, 0x00, 0x00, 0x00, 0x00, 0x00, 0x00, 0x00, 0x00, 0x00, 0x00,
    0x00, 0x00, 0x00, 0x00, 0x00, 0x00, 0x00, 0x00, 0x00, 0x00, 0x00, 0x00, 0x00, 0x00, 0x00, 0x00,
    0x00, 0x00, 0x00, 0x00, 0x00, 0x00, 0x00, 0x00, 0x00, 0x00, 0x00, 0x00, 0x00, 0x00, 0x00, 0x00,
    0x00, 0x00, 0x00, 0x00, 0x00, 0x00, 0x00, 0x00, 0x00, 0x00, 0x00, 0x00, 0x00, 0x00, 0x00, 0x00,
    0x00, 0x00, 0x00, 0x00, 0x00, 0x00, 0x00, 0x00, 0x00, 0x00, 0x00, 0x00, 0x00, 0x00, 0x00, 0x00,
    0x00, 0x00, 0x00, 0x00, 0x00, 0x00, 0x00, 0x00, 0x00, 0x00, 0x00, 0x00, 0x00, 0x00, 0x00, 0x00,
    0x00, 0x00, 0x00, 0x00, 0x00, 0x00, 0x00, 0x00, 0x00, 0x00, 0x00, 0x00, 0x00, 0x00, 0x00, 0x00,
    0x00, 0x00, 0x00, 0x00, 0x00, 0x00, 0x00, 0x00, 0x00, 0x00, 0x00, 0x00, 0x00, 0x00, 0x00, 0x00,
    0x0A, 0x0D, 0x0F, 0x0A, 0x09, 0x0A, 0x0A, 0x08, 0x09, 0x05, 0x05, 0x0A, 0x08, 0x0D, 0x0B, 0x0B,
    0x09, 0x0C, 0x0C, 0x0C, 0x10, 0x0A, 0x0A, 0x0A, 0x09, 0x09, 0x09, 0x08, 0x0B, 0x0B, 0x0F, 0x0B,
    0x09, 0x0E, 0x08, 0x08, 0x08, 0x09, 0x08, 0x09, 0x0A, 0x09, 0x0C, 0x0A, 0x07, 0x0A, 0x07, 0x07,
    0x08, 0x06, 0x06, 0x08, 0x08, 0x04, 0x04, 0x07, 0x06, 0x0A, 0x09, 0x09, 0x08, 0x08, 0x07, 0x07,
    0x06, 0x08, 0x0B, 0x06, 0x06, 0x07, 0x0A, 0x07, 0x07, 0x06, 0x06, 0x06, 0x06, 0x07, 0x03, 0x07,
    0x0A, 0x07, 0x07, 0x06, 0x07, 0x07, 0x07, 0x05, 0x07, 0x07, 0x0A, 0x06, 0x06, 0x07, 0x06, 0x07,
    0x09, 0x06, 0x03, 0x05, 0x07, 0x06, 0x07, 0x06, 0x07, 0x09, 0x06, 0x10, 0x0B, 0x0B, 0x07, 0x11,
    0x0B, 0x0B, 0x08, 0x07, 0x09, 0x07, 0x09, 0x0B, 0x07, 0x09, 0x12, 0x06, 0x07, 0x0B, 0x0B, 0x0B,
    0x0B, 0x0B, 0x06, 0x0E, 0x0A, 0x05, 0x10, 0x0B, 0x0B, 0x07, 0x08, 0x08, 0x09, 0x0A, 0x08, 0x0A,
    0x0B, 0x0B, 0x0A, 0x09, 0x09, 0x0C, 0x05, 0x09, 0x05, 0x0B, 0x09, 0x07, 0x06, 0x06, 0x07, 0x06,
    0x04, 0x03, 0x07, 0x07, 0x03, 0x04, 0x04, 0x04, 0x03, 0x03, 0x03, 0x05, 0x0A, 0x0A, 0x07, 0x07,
    0x08, 0x07, 0x09, 0x05, 0x03, 0x05, 0x07, 0x07, 0x07, 0x07, 0x06, 0x05, 0x05, 0x06, 0x06, 0x07,
    0x00, 0x00, 0x00, 0x00, 0x00, 0x00, 0x00, 0x00, 0x00, 0x00, 0x00, 0x00, 0x00, 0x00, 0x00, 0x00,
    0x00, 0x00, 0x00, 0x00, 0x00, 0x00, 0x00, 0x00, 0x00, 0x00, 0x00, 0x00, 0x00, 0x00, 0x00, 0x00,
    0x00, 0x00, 0x00, 0x00, 0x00, 0x00, 0x00, 0x00, 0x00, 0x00, 0x00, 0x00, 0x00, 0x00, 0x00, 0x00,
    0x00, 0x00, 0x00, 0x00, 0x00, 0x00, 0x00, 0x00, 0x00, 0x00, 0x00, 0x00, 0x00, 0x00, 0x00, 0x0B,
    0x0A, 0x0B, 0x0B, 0x0B, 0x0B, 0x0B, 0x0B, 0x0A, 0x09, 0x0C, 0x0B, 0x0C, 0x0B, 0x0C, 0x0B, 0x0C,
    0x0B, 0x0C, 0x0B, 0x09, 0x0A, 0x09, 0x0A, 0x09, 0x0A, 0x09, 0x0A, 0x09, 0x0A, 0x09, 0x06, 0x0C,
    0x0B, 0x0D, 0x0B, 0x0D, 0x0B, 0x0D, 0x0B, 0x0D, 0x0B, 0x0D, 0x0B, 0x07, 0x05, 0x07, 0x05, 0x0B,
    0x0A, 0x0B, 0x0A, 0x0B, 0x0A, 0x09, 0x05, 0x09, 0x05, 0x09, 0x05, 0x09, 0x05, 0x10, 0x10, 0x10,
    0x10, 0x10, 0x10, 0x0D, 0x0B, 0x0D, 0x0B, 0x0D, 0x0B, 0x0D, 0x0B, 0x0D, 0x0A, 0x0D, 0x0A, 0x0D,
    0x0A, 0x0D, 0x0A, 0x0A, 0x0B, 0x0A, 0x0B, 0x0B, 0x07, 0x0B, 0x07, 0x0B, 0x07, 0x0B, 0x07, 0x09,
    0x08, 0x09, 0x08, 0x09, 0x08, 0x09, 0x08, 0x09, 0x08, 0x09, 0x07, 0x09, 0x07, 0x09, 0x07, 0x09,
    0x07, 0x0C, 0x0B, 0x0C, 0x0B, 0x0C, 0x0B, 0x0C, 0x0B, 0x0C, 0x0B, 0x0B, 0x09, 0x0B, 0x09, 0x10,
    0x0E, 0x10, 0x0E, 0x10, 0x0E, 0x10, 0x0E, 0x10, 0x0E, 0x0B, 0x09, 0x0B, 0x09, 0x0A, 0x09, 0x09,
    0x08, 0x09, 0x08, 0x09, 0x08, 0x0B, 0x07, 0x0E, 0x09, 0x0B, 0x06, 0x06, 0x06, 0x0D, 0x0A, 0x0B,
    0x0A, 0x0B, 0x0A, 0x0B, 0x0A, 0x0B, 0x0A, 0x0B, 0x0A, 0x0B, 0x0A, 0x0B, 0x0A, 0x0B, 0x0A, 0x0B,
    0x0A, 0x0B, 0x0A, 0x0B, 0x0A, 0x0B, 0x0A, 0x09, 0x0A, 0x09, 0x0A, 0x09, 0x0A, 0x09, 0x0A, 0x09,
    0x0A, 0x09, 0x0A, 0x09, 0x0A, 0x09, 0x0A, 0x07, 0x05, 0x07, 0x05, 0x0D, 0x0A, 0x0D, 0x0A, 0x0D,
    0x0A, 0x0D, 0x0A, 0x0D, 0x0A, 0x0D, 0x0A, 0x0D, 0x0A, 0x0D, 0x0B, 0x0D, 0x0B, 0x0D, 0x0B, 0x0D,
    0x0B, 0x0D, 0x0B, 0x0C, 0x0B, 0x0C, 0x0B, 0x0E, 0x0D, 0x0E, 0x0D, 0x0E, 0x0D, 0x0E, 0x0D, 0x0E,
    0x0D, 0x0A, 0x09, 0x0A, 0x09, 0x0A, 0x09, 0x0A, 0x09, 0x0E, 0x0A, 0x0C, 0x0A, 0x0B, 0x0A, 0x09,
    0x12, 0x09, 0x12, 0x06, 0x05, 0x03, 0x0A, 0x05, 0x03, 0x02, 0x00, 0x00, 0x00, 0x00, 0x00, 0x06,
    0x06, 0x0A, 0x09, 0x12, 0x12, 0x0A, 0x08, 0x04, 0x04, 0x05, 0x04, 0x08, 0x08, 0x09, 0x08, 0x09,
    0x09, 0x07, 0x07, 0x09, 0x0A, 0x0F, 0x05, 0x08, 0x08, 0x00, 0x00, 0x00, 0x00, 0x00, 0x03, 0x16,
    0x1C, 0x05, 0x09, 0x0D, 0x07, 0x0B, 0x0F, 0x07, 0x06, 0x06, 0x0F, 0x0A, 0x08, 0x09, 0x0B, 0x0B,
    0x08, 0x13, 0x06, 0x02, 0x06, 0x06, 0x10, 0x0D, 0x0D, 0x0B, 0x0B, 0x0B, 0x0B, 0x09, 0x05, 0x0B,
    0x09, 0x07, 0x12, 0x0B, 0x0A, 0x0A, 0x11, 0x10, 0x10, 0x05, 0x0D, 0x0F, 0x05, 0x05, 0x04, 0x07,
    0x08, 0x0A, 0x09, 0x0A, 0x00, 0x00, 0x00, 0x00, 0x00, 0x00, 0x00, 0x00, 0x00, 0x00, 0x07, 0x03,
    0x07, 0x07, 0x07, 0x07, 0x07, 0x07, 0x07, 0x07, 0x07, 0x04, 0x04, 0x07, 0x07, 0x07, 0x07, 0x07,
    0x07, 0x07, 0x07, 0x07, 0x07, 0x07, 0x07, 0x07, 0x07, 0x04, 0x04, 0x06, 0x06, 0x07, 0x06, 0x06,
    0x07, 0x07, 0x03, 0x0A, 0x07, 0x07, 0x05, 0x05, 0x0A, 0x0A, 0x0A, 0x0A, 0x0A, 0x10, 0x0A, 0x0F,
    0x10, 0x0D, 0x10, 0x0B, 0x0A, 0x0A, 0x0A, 0x11, 0x0A, 0x0A, 0x0C, 0x0B, 0x0A, 0x0B, 0x0C, 0x0D,
    0x09, 0x0A, 0x0A, 0x0E, 0x0F, 0x0A, 0x0A, 0x0A, 0x00, 0x0D, 0x0E, 0x0B, 0x11, 0x0A, 0x0E, 0x0F,
    0x0B, 0x0B, 0x0F, 0x0A, 0x13, 0x0D, 0x0E, 0x0B, 0x0B, 0x0D, 0x0A, 0x0F, 0x09, 0x10, 0x0E, 0x11,
    0x0F, 0x0F, 0x0C, 0x0E, 0x10, 0x0F, 0x0D, 0x0B, 0x0A, 0x0D, 0x0E, 0x0D, 0x0B, 0x0B, 0x0A, 0x0C,
    0x0D, 0x0B, 0x06, 0x0B, 0x0B, 0x0F, 0x0C, 0x0B, 0x08, 0x0B, 0x0F, 0x09, 0x15, 0x09, 0x0A, 0x09,
    0x07, 0x08, 0x05, 0x11, 0x18, 0x0E, 0x0A, 0x0A, 0x0E, 0x0B, 0x0C, 0x09, 0x09, 0x0A, 0x0D, 0x0A,
    0x09, 0x06, 0x06, 0x0C, 0x0C, 0x0C, 0x0E, 0x08, 0x13, 0x10, 0x10, 0x14, 0x0F, 0x10, 0x10, 0x11,
    0x10, 0x11, 0x0F, 0x10, 0x0F, 0x0F, 0x0F, 0x0F, 0x09, 0x09, 0x10, 0x09, 0x05, 0x0A, 0x0A, 0x0B,
    0x0A, 0x07, 0x0E, 0x0B, 0x0B, 0x0A, 0x09, 0x08, 0x0D, 0x10, 0x0B, 0x0D, 0x0A, 0x11, 0x0F, 0x09,
    0x09, 0x07, 0x0D, 0x0C, 0x07, 0x0A, 0x08, 0x03, 0x07, 0x09, 0x09, 0x08, 0x08, 0x07, 0x06, 0x08,
    0x07, 0x0D, 0x0B, 0x0F, 0x0F, 0x0A, 0x09, 0x09, 0x09, 0x0B, 0x0B, 0x08, 0x08, 0x14, 0x0F, 0x13,
    0x10, 0x12, 0x10, 0x10, 0x0F, 0x10, 0x0F, 0x10, 0x0F, 0x0A, 0x09, 0x0B, 0x0A, 0x0B, 0x0A, 0x0B,
    0x0A, 0x0C, 0x07, 0x09, 0x05, 0x0D, 0x0B, 0x10, 0x0C, 0x15, 0x10, 0x0A, 0x0B, 0x0D, 0x0D, 0x0F,
    0x0F, 0x0D, 0x0B, 0x10, 0x0D, 0x0A, 0x09, 0x0C, 0x0B, 0x0B, 0x09, 0x10, 0x0E, 0x0A, 0x0A, 0x0A,
    0x0B, 0x0A, 0x0B, 0x0B, 0x0A, 0x09, 0x09, 0x0B, 0x0B, 0x0B, 0x0A, 0x07, 0x0E, 0x09, 0x14, 0x0E,
    0x0A, 0x0D, 0x0F, 0x09, 0x0D, 0x0A, 0x09, 0x07, 0x0A, 0x0A, 0x09, 0x09, 0x05, 0x0D, 0x0C, 0x09,
    0x07, 0x0A, 0x09, 0x08, 0x05, 0x08, 0x05, 0x05, 0x0D, 0x07, 0x06, 0x0E, 0x0B, 0x0A, 0x09, 0x09,
    0x0B, 0x0D, 0x0F, 0x09, 0x06, 0x0D, 0x0B, 0x0D, 0x0B, 0x0D, 0x0B, 0x0C, 0x0B, 0x0B, 0x0A, 0x0D,
    0x0B, 0x0B, 0x07, 0x09, 0x08, 0x0F, 0x0B, 0x0D, 0x0B, 0x06, 0x0B, 0x0B, 0x09, 0x06, 0x0B, 0x0B,
    0x0B, 0x12, 0x0F, 0x0C, 0x0B, 0x0B, 0x0A, 0x09, 0x05, 0x0D, 0x0A, 0x13, 0x10, 0x0A, 0x09, 0x09,
    0x0C, 0x0B, 0x09, 0x08, 0x09, 0x07, 0x0F, 0x08, 0x0A, 0x0F, 0x09, 0x0A, 0x10, 0x07, 0x14, 0x0B,
    0x0F, 0x07, 0x0A, 0x0E, 0x06, 0x0B, 0x08, 0x08, 0x08, 0x11, 0x0B, 0x0B, 0x08, 0x08, 0x0A, 0x10,
    0x10, 0x10, 0x11, 0x11, 0x0B, 0x0A, 0x06, 0x0B, 0x09, 0x0C, 0x08, 0x0C, 0x06, 0x0B, 0x0B, 0x10,
    0x10, 0x0B, 0x0A, 0x0B, 0x0A, 0x0B, 0x09, 0x0B, 0x0A, 0x0B, 0x0A, 0x07, 0x05, 0x05, 0x07, 0x0F,
    0x0E, 0x0E, 0x11, 0x0B, 0x0B, 0x11, 0x0E, 0x08, 0x09, 0x05, 0x05, 0x0D, 0x0B, 0x0B, 0x12, 0x12,
    0x0D, 0x0F, 0x00, 0x00, 0x00, 0x00, 0x00, 0x00, 0x00, 0x00, 0x00, 0x00, 0x00, 0x00, 0x00, 0x00,
    0x00, 0x00,
};

static const int8_t kGridXOffsets[] PROGMEM = {
    0, 0, 0, 0, 0, 0, 0, 0, 0, 0, 0, 0, 0, 0, 0, 0,
    0, 0, 0, 0, 0, 0, 0, 0, 0, 0, 0, 0, 0, 0, 0, 0,
    0, 0, 0, 0, 0, 0, 0, 0, 0, 0, -2, 0, 0, 0, 0, 0,
    0, 0, 0, 0, 0, 0, 0, 0, 0, 0, 0, 0, 0, 0, 0, -1,
    0, 0, 0, 0, 0, 0, 0, 0, 0, 0, -1, 0, 0, 0, 0, 0,
    0, 0, 0, 0, 0, 0, 0, 0, 0, 0, 0, 0, 0, 0, 0, 0,
    0, 0, 0, 0, 0, 0, 0, 0, 0, 0, 0, 0, 0, 0, -1, 0,
    0, 0, 0, 0, 0, 0, 0, -1, 0, 0, 0, 0, 0, 0, 0, 0,
    0, 0, 0, 0, 0, -1, 0, 0, 0, 0, 0, 0, 0, -1, 0, 0,
    0, 0, 0, 0, 0, 0, 0, 0, 0, 0, 0, 0, 0, 0, 0, 0,
    0, 0, 0, 0, 0, 0, 0, 0, 0, 0, 0, -1, 0, -1, -1, 0,
    0, 0, 0, 0, 0, 0, 0, 0, 0, 0, 0, 0, 0, 0, 0, 0,
    0, 0, 0, 0, 0, 0, 0, 0, 0, 0, 0, 0, 0, 0, 0, 0,
    0, 0, 0, 0, 0, 0, 0, 0, 0, 0, 0, 0, 0, 0, 0, 0,
    0, 0, 0, 0, -1, -1, 0, -1, -1, 0, -1, 0, -1, 0, 0, 0,
    0, 0, 0, -2, -1, 0, 0, 0, 0, 0, 0, 0, 0, 0, 0, 0,
    -1, -1, 0, 0, 0, 0, 0, 0, 0, 0, 0, 0, 0, 0, 0, 0,
    0, 0, 0, 0, 0, 0, 0, 0, 0, 0, 0, 0, 0, 0, 0, 0,
    0, 0, 0, 0, 0, 0, 0, 0, 0, 0, 0, 0, 0, 0, 0, 0,
    0, 0, 0, 0, 0, 0, 0, 0, 0, 0, 0, 0, 0, 0, 0, 0,
    0, 0, 0, 0, 0, 0, 0, 0, 0, 0, 0, 0, 0, 0, 0, 0,
    -1, -1, 0, 0, 0, 0, 0, 0, 0, 0, 0, 0, -1, 0, 0, 0,
    0, 0, 0, 0, 0, 0, 0, 0, 0, -1, 0, 0, 0, 0, 0, 0,
    0, 0, 0, 0, 0, 0, 0, 0, 0, 0, 0, 0, 0, 0, 0, 0,
    0, 0, 0, 0, 0, 0, 0, 0, 0, 0, 0, 0, 0, 0, -1, -1,
    0, 0, 0, 0, 0, 0, 0, 0, 0, 0, 0, 0, 0, 0, 0, 0,
    0, -1, 0, 0, 0, 0, 0, 0, -1, 0, 0, 0, 0, 0, 0, -1,
    0, 0, 0, 0, 0, 0, 0, 0, 0, 0, 0, -1, 0, 0, 0, 0,
    0, 0, 0, 0, 0, 0, 0, -2, -3, 0, -1, 0, 0, 0, 0, 0,
    -1, 0, 0, 0, 0, 0, 0, 0, 0, 0, 0, 0, 0, 0, -1, 0,
    0, 0, 0, 0, 0, 0, 0, 0, 0, 0, 0, 0, 0, 0, 0, 0,
    0, 0, 0, 0, 0, 0, -1, 0, 0, 0, 0, 0, 0, 0, 0, 0,
    0, 0, 0, 0, 0, 0, 0, -2, -1, 0, 0, 0, 0, 0, 0, 0,
    0, 0, 0, 0, 0, 0, 0, 0, 0, 0, 0, 0, 0, 0, -1, 0,
    0, 0, 0, 0, 0, 0, 0, 0, 0, 0, 0, -1, 0, 0, 0, 0,
    0, -1, 0, 0, 0, 0, 0, 0, 0, 0, 0, 0, 0, 0, 0, 0,
    0, 0, -1, -1, -1, -2, 0, 0, 0, 0, 0, 0, 0, 0, 0, 0,
    0, 0, 0, 0, 0, 0, 0, 0, 0, 0, 0, 0, -2, -1, 0, 0,
    0, 0, 0, 0, 0, 0, 0, 0, 0, 0, 0, 0, 0, -1, -1, 0,
    0, -1, 0, 0, 0, 0, 0, 0, 0, 0, 0, 0, 0, 0, 0, 0,
    0, 0, 0, 0, 0, 0, 0, 0, 0, 0, 0, 0, 0, 0, 0, 0,
    0, 0, 0, 0, 0, 0, 0, 0, 0, 0, 0, 0, 0, -3, 0, 0,
    0, 0, 0, 0, 0, 0, 0, 0, 0, 0, 0, 0, 0, 0, 0, 0,
    0, 0, 0, 0, 0, 0, 0, 0, 0, 0, 0, 0, 0, 0, 0, -9,
    -6, -4, -9, -3, -4, -4, -2, -3, -7, -3, -3, -4, -1, -3, -10, -4,
    -4, -2, -2, -2, -2, -3, -2, -2, -2, -2, -2, -2, -2, -2, -2, -2,
    -4, 0, -7, -3, -3, -2, -2, -2, -1, -3, -4, -4, -4, -4, -4, -4,
    -3, -5, -4, -4, -4, -7, -3, -4, -2, -3, -4, -4, -2, -2, -4, -4,
    -1, -4, -2, -4, -1, -4, -4, -3, -2, -4, -4, -3, -3, -2, -7, -2,
    -1, -4, -2, -2, -2, -4, -1, 0, -2, -4, -2, -7, -7, -5, -5, -7,
    -7, -7, -2, -2, -1, -2, -2, -2, -2, -2, -3, -1, -2, -2, -2, -7,
    -6, -5, -3, -3, -5, -10, -2, -3, -11, -10, -4, -7, -4, -8, -4, -4,
    0, 0, 0, 0, 0, 0, 0, 0, 0, 0, -1, 0, 0, 0, 0, 0,
    0, 0, 0, 0, 0, 0, 0, 0, 0, 0, 0, 0, 0, 0, 0, 0,
    0, 0, 0, 0, 0, 0, 0, 0, 0, 0, 0, 0, 0, -1, 0, 0,
    0, 0, 0, 0, 0, 0, -1, 0, 0, 0, 0, 0, 0, 0, 0, 0,
    0, 0, 0, 0, 0, 0, 0, 0, 0, 0, 0, 0, 0, 0, 0, 0,
    0, 0, 0, 0, 0, 0, 0, 0, 0, 0, 0, 0, 0, 0, 0, 0,
    0, 0, 0, 0, 0, 0, 0, 0, 0, 0, 0, 0, -2, 0, -1, -1,
    -1, -2, -1, -1, -1, -1, 0, 0, 0, 0, 0, 0, 0, 0, 0, 0,
    0, 0, 0, 0, 0, 0, 0, 0, 0, 0, 0, -1, 0, 0, 0, 0,
    0, 0, 0, 0, 0, 0, 0, 0, -1, 0, 0, 0, 0, 0, 0, 0,
    0, -1, 0, 0, 0, 0, 0, 0, -2, 0, 0, 0, 0, 0, -1, 0,
    0, 0, 0, 0, -1, 0, 0, 0, 0, 0, 0, 0, 0, 0, 0, 0,
    -4, -4, -1, -4, -3, -3, -3, -3, -4, -4, -2, -11, -10, -8, -7, -7,
    -5, -4, -3, -6, -3, -4, -3, -2, -2, -2, -2, -2, -2, -1, -1, -3,
    -2, -2, -2, -2, -2, -1, -2, -2, -2, -2, -2, -2, -2, -3, -2, -2,
    -3, -3, -2, -2, -2, -2, -4, -4, -2, -5, -7, -6, -3, -2, -4, 0,
    0, 0, 0, 0, 0, 0, 0, 0, 0, 0, 0, 0, 0, 0, 0, 0,
    0, 0, 0, 0, 0, 0, 0, 0, 0, 0, 0, 0, 0, 0, 0, 0,
    0, 0, 0, 0, 0, 0, -1, 0, 0, 0, 0, -1, -1, 0, -1, 0,
    0, 0, 0, 0, 0, 0, 0, -1, -1, 0, -1, 0, -1, 0, 0, 0,
    0, 0, 0, 0, 0, 0, 0, 0, 0, 0, 0, 0, 0, 0, 0, 0,
    0, 0, 0, 0, 0, 0, 0, 0, 0, 0, 0, 0, 0, 0, -1, 0,
    0, 0, 0, 0, 0, 0, 0, 0, 0, 0, 0, 0, 0, 0, 0, 0,
    0, 0, 0, 0, 0, 0, 0, 0, 0, 0, 0, 0, 0, 0, 0, 0,
    0, 0, 0, 0, 0, 0, 0, 0, 0, 0, 0, 0, 0, 0, 0, 0,
    0, 0, 0, 0, 0, 0, 0, 0, 0, 0, 0, -1, 0, 0, 0, 0,
    0, 0, 0, 0, 0, 0, -1, 0, 0, 0, 0, 0, 0, 0, 0, 0,
    0, 0, 0, 0, 0, 0, 0, 0, 0, 0, 0, 0, 0, 0, 0, -1,
    -1, 0, 0, 0, 0, 0, 0, 0, 0, 0, 0, 0, 0, 0, 0, 0,
    0, 0, -1, 0, 0, 0, 0, 0, 0, 0, 0, 0, 0, 0, 0, 0,
    0, 0, 0, 0, 0, 0, 0, 0, 0, 0, 0, 0, 0, 0, 0, 0,
    0, 0, 0, 0, 0, 0, 0, 0, 0, 0, 0, 0, 0, 0, -1, 0,
    0, 0, 0, 0, 0, 0, 0, 0, 0, 0, 0, 0, 0, -1, -4, 0,
    0, 0, 0, 0, 0, 0, -1, 0, 0, 0, 0, 0, 0, 0, 0, 0,
    0, 0, 0, 0, 0, 0, 0, 0, 0, -1, -4, -3, -3, -3, 0, 0,
    0, 0, 0, 0, 0, 0, 0, 0, 0, 0, 0, 0, 0, -1, 0, 0,
    0, 0, 0, -4, 0, 0, 0, 0, 0, 0, 0, 0, 0, 0, 0, 0,
    0, 0, 0, 0, 0, 0, 0, 0, 0, 0, 0, 0, 0, 0, 0, 0,
    0, 0, 0, 0, 0, 0, 0, 0, -3, -3, -3, -3, -3, -3, 0, 0,
    0, 0, 0, 0, 0, 0, 0, 0, 0, 0, 0, 0, 0, 0, 0, 0,
    0, 0, 0, 0, 0, 0, 0, 0, 0, 0, 0, 0, 0, 0, 0, 0,
    0, 0, 0, 0, 0, 0, 0, 0, 0, 0, 0, 0, 0, 0, 0, 0,
    0, 0, 0, 0, 0, 0, 0, 0, -1, 0, 0, 0, 0, 0, 0, 0,
    0, 0, 0, 0, 0, 0, 0, 0, -5, 0, 0, 0, 0, 0, 0, 0,
    0, 0, 0, -2, -1, 0, 0, 0, 0, -1, 0, 0, 0, 0, 0, 0,
    0, 0, 0, 0, -1, 0, 0, 0, 0, 0, 0, 0, 0, 0, 0, 0,
    0, 0, 0, 0, 0, 0, 0, 0, 0, 0, -1, 0, -1, 0, 0, 0,
    0, 0, 0, 0, 0, 0, 0, 0, 0, 0, 0, 0, 0, 0, 0, 0,
    0, 0, -3, 0, -1, 0, 0, 0, -1, 0, 0, 0, 0, 0, 0, 0,
    0, 0, 0, 0, 0, 0, 0, 0, 0, 0, 0, 0, 0, -1, 0, 0,
    0, 0, 0, 0, 0, 0, 0, 0, 0, 0, 0, 0, 0, 0, 0, 0,
    0, 0, 0, 0, 0, 0, 0, -1, 0, 0, 0, 0, 0, 0, 0, 0,
    0, 0, 0, 0, 0, 0, 0, 0, 0, 0, 0, 0, 0, 0, 0, 0,
    0, 0, 0, 0, 0, 0, 0, 0, 0, 0, 0, 0, 0, 0, 0, 0,
    0, 0, 0, 0, 0, 0, 0, 0, 0, 0, 0, 0, 0, 0, 0, 0,
    -1, 0, 0, 0, 0, 0, 0, 0, 0, 0, 0, 0, 0, 0, 0, 0,
    0, 0, 0, 0, 0, 0, 0, 0, 0, 0, 0, 0, 0, 0, 0, 0,
    0, 0, 0, 0, 0, 0, 0, 0, 0, 0, 0, 0, 0, 0, 0, 0,
    0, 0, 0, 0, 0, 0, 0, 0, 0, -1, 0, 0, 0, -1, 0, 0,
    0, 0, 0, -1, 0, 0, 0, 0, 0, 0, 0, 0, 0, 0, 0, 0,
    0, 0, -1, 0, 0, 0, 0, 0, -1, 0, 0, -1, 0, -2, -1, 0,
    0, 0, 0, 0, 0, 0, 0, -1, 0, -1, 0, 0, 0, 0, 0, 0,
    0, 0, 0, 0, 0, 0, 0, -1, 0, 0, 0, 0, 0, 0, 0, 0,
    0, 0, 0, 0, 0, 0, -1, -1, 0, 0, 0, 0, 0, 0, 0, 0,
    0, 0, 0, 0, 0, 0, 0, 0, 0, 0, 0, 0, 0, 0, 0, 0,
    0, 0, 0, -1, -1, 0, -2, -2, -3, 0, 0, 0, -1, 0, 0, 0,
    0, 0, 0, 0, 0, 0, 0, 0, 0, 0, 0, 0, 0, 0, 0, 0,
    0, 0, -7, -1, -7, 0, -1, -6, -7, -7, -1, -7, 0, -1, -6, -7,
    -3, -5,
};

static const int8_t kGridYOffsets[] PROGMEM = {
    0, -13, -13, -13, -14, -13, -13, -13, -13, -13, -14, -11, -3, -7, -3, -13,
    -13, -13, -13, -13, -13, -13, -13, -13, -13, -13, -10, -10, -12, -10, -12, -13,
    -13, -13, -13, -13, -13, -13, -13, -13, -13, -13, -13, -13, -13, -13, -13, -13,
    -13, -13, -13, -13, -13, -13, -13, -13, -13, -13, -13, -13, -13, -13, -13, 0,
    -14, -10, -14, -10, -14, -10, -14, -10, -14, -14, -14, -14, -14, -10, -10, -10,
    -10, -10, -10, -10, -12, -10, -10, -10, -10, -10, -10, -13, -14, -13, -9, 0,
    -10, -13, -13, -11, -13, -14, -14, -14, -13, -13, -10, -8, -7, -13, -17, -13,
    -11, -15, -15, -14, -10, -14, -8, -1, -15, -13, -10, -13, -13, -14, -10, -17,
    -17, -17, -17, -17, -16, -13, -13, -17, -17, -17, -17, -17, -17, -17, -17, -13,
    -17, -17, -17, -17, -17, -17, -11, -14, -17, -17, -17, -17, -17, -13, -14, -14,
    -14, -14, -14, -14, -15, -10, -10, -14, -14, -14, -14, -14, -14, -14, -14, -14,
    -14, -14, -14, -14, -14, -14, -11, -11, -14, -14, -14, -14, -14, -14, -14, -17,
    -14, -17, -14, -13, -10, -17, -14, -17, -14, -17, -14, -17, -14, -17, -14, -13,
    -14, -17, -14, -17, -14, -17, -14, -13, -10, -17, -14, -17, -14, -17, -14, -17,
    -14, -13, -14, -17, -18, -13, -14, -17, -14, -17, -14, -17, -14, -13, -14, -17,
    -10, -13, -14, -17, -14, -13, -14, -10, -17, -18, -13, -14, -13, -14, -13, -14,
    -13, -14, -17, -14, -13, -10, -17, -14, -13, -13, -10, -17, -14, -17, -14, -17,
    -14, -13, -10, -17, -14, -13, -10, -17, -14, -17, -14, -17, -14, -13, -10, -17,
    -14, -13, -12, -17, -14, -13, -12, -17, -14, -17, -14, -17, -14, -18, -15, -17,
    -14, -13, -10, -17, -14, -17, -14, -17, -17, -14, -17, -14, -17, -14, -14, -14,
    -13, -13, -14, -13, -14, -13, -16, -14, -13, -13, -13, -14, -10, -13, -13, -13,
    -13, -14, -16, -13, -14, -13, -13, -13, -14, -14, -14, -13, -13, -10, -13, -14,
    -12, -13, -10, -13, -14, -13, -13, -10, -13, -14, -12, -13, -14, -13, -14, -12,
    -13, -13, -13, -10, -13, -10, -13, -13, -10, -10, -14, -13, -10, -12, -10, -14,
    -14, -14, -13, -17, -14, -14, -13, -14, -14, -13, -14, -14, -17, -14, -17, -14,
    -17, -14, -17, -14, -19, -15, -19, -16, -19, -16, -19, -16, -10, -20, -15, -18,
    -15, -17, -14, -13, -10, -17, -14, -17, -18, -13, -10, -17, -14, -17, -14, -14,
    -13, -13, -14, -17, -14, -13, -13, -17, -14, -18, -18, -17, -14, -17, -14, -17,
    -14, -18, -15, -17, -14, -18, -15, -17, -14, -18, -15, -17, -14, -18, -15, -17,
    -14, -18, -15, -17, -14, -18, -15, -13, -10, -13, -12, -13, -10, -17, -18, -13,
    -14, -13, -14, -13, -10, -17, -14, -13, -10, -19, -17, -20, -17, -17, -14, -19,
    -17, -17, -14, -14, -10, -12, -10, -14, -10, -14, -14, -14, -13, -14, -10, -10,
    -13, -10, -13, -13, -13, -14, -11, -13, -14, -13, -10, -13, -11, -13, -10, -10,
    -10, -10, -14, -10, -10, -14, -14, -10, -10, -10, -10, -10, -10, -10, -10, -14,
    -10, -10, -10, -10, -10, -14, -14, -14, -10, -10, -14, -14, -14, -14, -10, -10,
    -10, -10, -10, -10, -10, -10, -10, -14, -10, -14, -10, -10, -10, -10, -10, -10,
    -10, -10, -14, -14, -10, -14, -10, -12, -10, -10, -10, -10, -10, -15, -10, -10,
    -10, -10, -10, -14, -14, -14, -10, -13, -10, -10, -14, -10, -14, -10, -10, -14,
    -14, -14, -14, -14, -14, -12, -14, -12, -14, -14, -14, -13, -13, -10, -10, -13,
    -13, -13, -11, -11, -11, -11, -11, -11, -13, -13, -13, -13, -13, -15, -15, -14,
    -14, -15, -15, -15, -15, -14, -14, -14, -14, -14, -14, -1, 0, 0, 0, -10,
    -10, -8, -8, -7, -7, -7, -6, -14, -14, -15, -2, -14, -14, -8, -14, -11,
    -13, -11, -11, -13, -12, -12, -12, -12, -13, -10, -10, 0, -14, -13, 0, 0,
    -1, -1, 0, -8, -8, -8, 0, -14, -12, -12, -5, -5, 0, 0, -2, -14,
    -14, -14, -14, -14, -16, -14, -14, -14, -15, -15, -14, -14, -14, -14, -14, -16,
    -15, -13, -13, -13, -13, 0, 0, 0, 0, -17, -14, 0, 0, 0, 0, 0,
    -1, -1, 0, 0, 0, 0, -1, -2, 0, 0, 0, 0, 0, 0, 0, 0,
    0, 0, 0, -7, -7, -7, -8, -14, 0, 0, 0, 0, -14, -15, -17, -14,
    -14, -14, -16, -14, 0, -14, 0, 0, 0, -14, -17, -16, 0, 0, -13, -15,
    -15, -15, 0, 0, 0, 0, -15, -14, 0, 0, -15, 0, -15, -12, 0, -14,
    -17, 0, -16, -16, -16, -15, -16, -15, -17, -16, -15, -15, -17, -15, -15, -14,
    -15, -15, -15, -17, 0, 0, 0, 0, -1, -1, -15, -15, 0, -6, 0, 0,
    -10, -10, -10, -10, -10, -10, -10, -10, -10, -10, -10, -10, -10, -10, -10, -10,
    -10, -9, -9, -9, -10, -10, -10, -5, -10, -10, -10, -10, -10, -10, -10, -12,
    -10, -10, -10, -10, -14, -10, -10, -10, -10, -10, -10, -10, -13, -13, -13, -13,
    -13, -13, -13, -13, -13, -13, -13, -13, -13, -13, -13, -13, -13, -13, -13, -13,
    -13, -13, -13, -11, -11, -11, -11, -13, -13, -11, -11, -11, -11, -11, -11, -13,
    -11, -11, -11, -11, -11, -8, -11, -12, -11, -11, -11, -11, -11, -13, -11, -13,
    -13, -11, -6, -4, -4, -4, -6, -4, -4, -6, -4, -10, -14, -14, -14, -10,
    -10, -10, -11, -10, -10, -12, -10, -15, -11, -10, -14, -10, -10, -10, -10, -10,
    -14, -14, -14, -10, -14, -14, -10, -10, -10, -10, -10, -14, -10, -10, -10, -10,
    -10, -14, -10, -10, -10, -10, -14, -10, -14, -10, -10, -11, -11, -11, -13, -11,
    -13, -11, -11, -11, -13, -11, -11, -11, -13, -13, -13, -11, -11, -11, -11, -11,
    -11, -11, -13, -11, -13, -13, -11, -11, -11, -11, -11, -11, -11, -11, -11, -13,
    -15, -15, 0, -14, -15, -15, -15, -15, -14, -14, 0, -15, -14, -14, -15, 0,
    -1, -15, -15, -14, -15, -15, -16, -17, -17, -17, -17, -15, -16, -16, -16, -15,
    -15, -15, -15, -15, -15, -17, -15, -15, -17, -19, -15, -17, -16, -15, -17, -18,
    -16, -15, -17, -17, -17, -11, -14, -14, -14, 0, -13, 0, 0, -15, 0, -13,
    -10, -17, -18, -13, -14, -13, -14, -17, -14, -17, -18, -13, -14, -13, -14, -13,
    -14, -13, -14, -19, -16, -19, -16, -13, -10, -13, -10, -17, -14, -17, -18, -17,
    -14, -17, -18, -13, -14, -17, -18, -13, -14, -13, -14, -13, -14, -19, -16, -17,
    -18, -13, -14, -13, -14, -13, -14, -17, -18, -13, -14, -13, -14, -17, -14, -17,
    -14, -13, -10, -17, -14, -13, -10, -13, -10, -13, -10, -19, -16, -19, -16, -20,
    -16, -20, -16, -17, -14, -17, -14, -17, -14, -13, -10, -17, -14, -13, -10, -17,
    -14, -13, -10, -17, -14, -19, -16, -17, -14, -17, -16, -13, -12, -13, -12, -13,
    -12, -13, -10, -13, -10, -13, -10, -19, -16, -19, -16, -17, -14, -13, -10, -17,
    -14, -17, -14, -17, -14, -17, -14, -13, -10, -17, -14, -17, -14, -17, -14, -17,
    -14, -13, -10, -13, -10, -14, -16, -15, -15, -15, -17, -14, -14, -13, -14, -13,
    -10, -18, -15, -18, -15, -18, -15, -19, -16, -20, -17, -17, -14, -19, -16, -19,
    -16, -19, -16, -20, -17, -17, -14, -13, -10, -18, -15, -17, -14, -18, -15, -18,
    -15, -19, -16, -20, -17, -17, -14, -18, -15, -13, -14, -13, -10, -18, -15, -18,
    -15, -18, -15, -19, -16, -20, -17, -17, -14, -17, -14, -17, -14, -18, -15, -17,
    -14, -14, -12, -13, -10, -18, -15, -17, -14, -17, -14, -18, -15, -17, -14, -14,
    -12, -17, -14, -13, -10, -18, -15, -17, -14, -13, -14, -14, -15, -13, -10, 0,
    0, 0, 0, 0, 0, 0, 0, 0, 0, 0, 0, 0, 0, -13, -13, -7,
    -7, -8, -7, -7, -7, -14, 0, -13, -13, -2, -13, -13, -13, -2, -13, -14,
    -14, -10, -11, -3, -3, -3, -7, 0, 0, -11, -11, -13, -12, -12, 0, -13,
    -13, -13, -13, -13, -13, -13, -13, -2, -10, -10, -13, -13, -13, -17, 0, -14,
    -7, -14, -7, -13, -13, -13, -13, -13, -13, -10, -14, -10, -10, -5, -10, -14,
    -14, -13, -8, 0, -9, -13, -13, -13, -13, -13, -14, -14, -14, -13, 0, 0,
    0, 0, 0, 0, 0, 0, 0, 0, -12, -12, -13, -13, -13, -12, -15, -13,
    -16, -15, -15, -16, -15, -15, -13, -11, -13, -16, -16, -11, -5, -5, -5, -5,
    -6, -5, -5, -6, -5, -5, -4, -2, -4, -6, -6, -4, -4, -4, -4, -4,
    -6, -6, -6, -4, -4, -4, -4, -5, -13, -14, -13, -13, -13, -12, -13, -13,
    -13, -13, -13, -14, -13, -13, -13, -13, -13, -13, -14, -13, -13, -14, -12, -13,
    -13, -14, -13, -13, -13, -13, -15, -15, -16, -14, -14, -13, -13, -13, -14, -14,
    -13, -13, -13, -8, -13, -13, -13, -14, -14, -13, -13, -14, -13, -14, -13, -13,
    -13, -12, -13, -13, -13, -14, -13, -13, -16, -13, -13, -13, -16, -13, -14, -13,
    -13, -15, -11, -13, -16, -14, -13, -10, -7, -14, -13, -13, -13, -7, -11, -11,
    -11, -11, -14, -12, -13, -10, -10, -13, -13, -13, -14, -14, -13, -13, -13, -14,
    -10, -14, -14, -14, -14, -14, -13, -10, -11, -13, -13, -13, -13, -13, -13, -13,
    -13, -14, -13, -13, -13, -13, -13, -13, -13, -10, -13, -13, -14, -13, -13, -13,
    -11, -14, -13, -14, -13, -14, -13, -10, -13, -13, -13, -13, -10, -13, -10, -10,
    -13, -10, -11, -10, -14, -10, -10, -6, -13, -13, -13, -13, -6, -13, -11, -13,
    -10, -13, -14, -13, -12, -13, -10, -13, -10, -13, -10, -10, -10, -13, -10, -13,
    -10, -13, -10, -13, -10, -13, -10, -13, -10, -13, -10, -13, -14, -13, -14, -13,
    -14, -13, -14, -13, -14, -13, -10, -13, -10, -13, -10, -13, -10, -13, -10, -13,
    -10, -13, -10, -13, -10, -13, -10, -13, -10, -13, -11, -13, -10, -14, -13, -13,
    -14, -13, -14, -13, -10, -13, -10, -13, -14, -13, -10, -11, -14, -14, -10, -10,
    -13, -10, -14, -13, -13, -14, -13, -10, -13, -13, -15, -13, -10, -13, -10, -13,
    -10, -13, -10, 0, -10, -8, -13, -13, -13, -14, -8, -13, -10, -13, -10, -10,
    -14, -13, -14, -13, -14, -13, -10, -13, -10, -13, -10, -13, -10, -13, -14, -13,
    -10, -13, -11, -13, -10, -13, -13, -13, -13, -13, -11, -13, -13, -13, -13, -13,
    -14, -13, -10, -14, -11, -13, -16, -13, -16, -13, -16, -15, -12, -13, -13, -13,
    -13, -14, -13, -10, -13, -10, -9, -13, -11, -10, -13, -13, -13, -17, -13, -10,
    -10, -10, -10, -10, -14, -10, -14, -14, -14, -10, -10, -10, -10, -10, -11, -10,
    -11, -10, -10, -11, -10, -10, -11, -10, -10, -10, -11, -11, -14, -10, -10, -10,
    -10, -10, -10, -10, -10, -10, -10, -10, -10, -10, -14, -13, -13, -13, -11, -10,
    -10, -10, -10, -10, -10, -14, -12, -10, -11, -6, -6, -14, -14, -14, -14, -14,
    -14, -14, -14, -14, -14, -14, -14, -14, -14, 0, 0, 0, 0, 0, 0, 0,
    -14, -15,
};

constexpr uint8_t kGridAscent = 20;

constexpr uint8_t kGridDescent = 6;

static const uint8_t kAgendaBitmaps[] PROGMEM = {
    0x78, 0xF1, 0xE3, 0xC7, 0x8F, 0x1E, 0x3C, 0x38, 0x70, 0xE0, 0x00, 0x07, 0x1E, 0x3C, 0x38, 0x7B,
    0xCF, 0x79, 0xEF, 0x3D, 0xE3, 0xBC, 0x73, 0x80, 0x00, 0x00, 0x00, 0x00, 0x00, 0x00, 0x00, 0x00,
    0x00, 0x00, 0x00, 0x00, 0x00, 0x00, 0x00, 0x07, 0x70, 0x1D, 0xC0, 0xE7, 0x03, 0x9C, 0x0E, 0x71,
    0xFF, 0xF7, 0xFF, 0xDF, 0xFF, 0x1C, 0xE0, 0x73, 0x8F, 0xFF, 0xBF, 0xFE, 0xFF, 0xF8, 0x77, 0x03,
    0x9C, 0x0E, 0x70, 0x39, 0xC0, 0x06, 0x00, 0x38, 0x07, 0xF8, 0x7F, 0xE7, 0xFE, 0x3F, 0x01, 0xF8,
    0x0F, 0xC0, 0x3F, 0x80, 0xFF, 0x01, 0xFC, 0x0F, 0xE0, 0x6F, 0x3B, 0xF9, 0xFF, 0xCF, 0xFC, 0x1F,
    0x80, 0x30, 0x01, 0x80, 0x3E, 0x07, 0x07, 0xF0, 0xE0, 0x7F, 0x0E, 0x07, 0x71, 0xC0, 0x77, 0x9C,
    0x07, 0x7B, 0x80, 0x77, 0xBB, 0xC7, 0x77, 0x7E, 0x7F, 0x7F, 0xE3, 0xFE, 0xFF, 0x1C, 0xEE, 0x70,
    0x1C, 0xE7, 0x01, 0xCE, 0x70, 0x38, 0xE7, 0x03, 0x8F, 0xF0, 0x70, 0x7E, 0x07, 0x03, 0xC0, 0x0F,
    0xC0, 0x0F, 0xF0, 0x0F, 0xF8, 0x07, 0x9E, 0x03, 0xCE, 0x01, 0xEF, 0x00, 0x7F, 0x80, 0x3F, 0x80,
    0x3F, 0x8F, 0x3F, 0xE7, 0x9E, 0xFF, 0x8F, 0x3F, 0xC7, 0x8F, 0xC3, 0xC3, 0xE1, 0xFF, 0xF0, 0x7F,
    0xFC, 0x1F, 0xCF, 0x00, 0x79, 0xE7, 0x9E, 0x38, 0xE0, 0x00, 0x00, 0x00, 0x00, 0x00, 0x00, 0x00,
    0x00, 0x0E, 0x1E, 0x1C, 0x3C, 0x38, 0x78, 0x78, 0x78, 0x70, 0x70, 0x70, 0x70, 0x70, 0x78, 0x78,
    0x78, 0x38, 0x3C, 0x1C, 0x1E, 0x0E, 0x70, 0x78, 0x38, 0x3C, 0x1C, 0x1C, 0x1E, 0x1E, 0x1E, 0x1E,
    0x0E, 0x1E, 0x1E, 0x1E, 0x1E, 0x1C, 0x1C, 0x3C, 0x38, 0x78, 0x70, 0x0F, 0x00, 0x70, 0x07, 0x07,
    0xFE, 0x7F, 0xF7, 0xFF, 0x0F, 0x81, 0xF8, 0x3D, 0xC3, 0x9C, 0x00, 0x00, 0x00, 0x00, 0x00, 0x00,
    0x00, 0x00, 0x00, 0x00, 0x00, 0x00, 0x07, 0x00, 0x38, 0x01, 0xC0, 0x0E, 0x07, 0xFF, 0x3F, 0xF9,
    0xFF, 0xC0, 0xE0, 0x07, 0x00, 0x38, 0x01, 0xC0, 0x00, 0x00, 0x00, 0x00, 0x00, 0x38, 0xF1, 0xE3,
    0xC7, 0x0E, 0x00, 0x7E, 0xFE, 0xFE, 0x00, 0x00, 0x00, 0x00, 0x00, 0x38, 0xF1, 0xE1, 0xC0, 0x03,
    0xC0, 0xE0, 0x78, 0x1E, 0x07, 0x03, 0xC0, 0xE0, 0x38, 0x1E, 0x07, 0x03, 0xC0, 0xF0, 0x38, 0x1E,
    0x07, 0x01, 0xC0, 0xF0, 0x00, 0x0F, 0x81, 0xFE, 0x0F, 0xF8, 0xF3, 0xC7, 0x8F, 0x3C, 0x79, 0xE3,
    0xCF, 0x1E, 0x78, 0xF3, 0xC7, 0x9E, 0x3C, 0xF1, 0xE7, 0x8F, 0x3C, 0xF0, 0xFF, 0x87, 0xF8, 0x0F,
    0x80, 0x03, 0xC0, 0x7E, 0x07, 0xF0, 0x7F, 0x87, 0xFC, 0x1D, 0xE0, 0x4F, 0x00, 0x78, 0x03, 0xC0,
    0x1E, 0x00, 0xF0, 0x07, 0x80, 0x3C, 0x01, 0xE0, 0x0F, 0x00, 0x78, 0x03, 0xC0, 0x1F, 0x83, 0xFF,
    0x1F, 0xF8, 0x63, 0xE2, 0x0F, 0x00, 0x78, 0x07, 0x80, 0x3C, 0x03, 0xC0, 0x3E, 0x03, 0xE0, 0x1E,
    0x01, 0xE0, 0x1E, 0x01, 0xFF, 0xCF, 0xFE, 0x7F, 0xF0, 0x3F, 0x83, 0xFF, 0x1F, 0xF8, 0x63, 0xE0,
    0x0F, 0x00, 0x70, 0x0F, 0x83, 0xF8, 0x1F, 0xC0, 0xFF, 0x00, 0x7C, 0x01, 0xE0, 0x0F, 0x20, 0xF9,
    0xFF, 0x8F, 0xFC, 0x7F, 0x80, 0x01, 0xE0, 0x1F, 0x01, 0xF8, 0x0F, 0xC0, 0xFE, 0x07, 0xF0, 0x77,
    0x87, 0xBC, 0x39, 0xE3, 0xCF, 0x1C, 0x79, 0xFF, 0xFF, 0xFF, 0xFF, 0xFC, 0x07, 0x80, 0x3C, 0x01,
    0xE0, 0x3F, 0xE1, 0xFF, 0x0F, 0xF8, 0x70, 0x07, 0x80, 0x3C, 0x01, 0xFE, 0x0F, 0xF8, 0x7F, 0xE0,
    0x0F, 0x80, 0x3C, 0x01, 0xE0, 0x0F, 0x20, 0xF9, 0xFF, 0x8F, 0xF8, 0x7F, 0x80, 0x07, 0xE0, 0xFF,
    0x07, 0xF8, 0x78, 0x07, 0x80, 0x3C, 0x01, 0xFF, 0x0F, 0xFC, 0x7F, 0xF3, 0xC7, 0x9E, 0x3C, 0xF1,
    0xE7, 0x8F, 0x3C, 0x78, 0xFF, 0x83, 0xFC, 0x0F, 0xC0, 0xFF, 0xF7, 0xFF, 0x9F, 0xFC, 0x01, 0xE0,
    0x1E, 0x00, 0xF0, 0x07, 0x00, 0x78, 0x03, 0xC0, 0x3C, 0x01, 0xE0, 0x1F, 0x00, 0xF0, 0x07, 0x80,
    0x78, 0x03, 0xC0, 0x3E, 0x00, 0x1F, 0xC1, 0xFF, 0x1F, 0xF8, 0xF1, 0xE7, 0x8F, 0x3C, 0x70, 0xFF,
    0x83, 0xF8, 0x1F, 0xC1, 0xFF, 0x1E, 0x7C, 0xF1, 0xE7, 0x0F, 0x3C, 0x79, 0xFF, 0xC7, 0xFC, 0x1F,
    0xC0, 0x1F, 0x81, 0xFE, 0x1F, 0xF8, 0xF3, 0xE7, 0x8F, 0x38, 0x79, 0xE3, 0xCF, 0x3E, 0x7F, 0xF1,
    0xFF, 0x87, 0xFC, 0x01, 0xE0, 0x0E, 0x01, 0xF0, 0xFF, 0x07, 0xF0, 0x3F, 0x00, 0x38, 0xF1, 0xE1,
    0xC0, 0x00, 0x00, 0x00, 0x00, 0x71, 0xE3, 0xC3, 0x80, 0x38, 0xF1, 0xE1, 0xC0, 0x00, 0x00, 0x00,
    0x00, 0x00, 0xE3, 0xC7, 0x8F, 0x1C, 0x38, 0x00, 0x10, 0x03, 0x80, 0x7C, 0x0F, 0xE1, 0xF8, 0x3F,
    0x01, 0xE0, 0x0F, 0xC0, 0x1F, 0xC0, 0x3F, 0x80, 0x7C, 0x00, 0xE0, 0x00, 0x00, 0x00, 0x00, 0x00,
    0x7F, 0xF3, 0xFF, 0x9F, 0xFC, 0x00, 0x07, 0xFF, 0x3F, 0xF9, 0xFF, 0xC0, 0x00, 0x00, 0x00, 0x00,
    0x00, 0x00, 0x00, 0x00, 0x40, 0x03, 0x80, 0x1F, 0x00, 0xFE, 0x01, 0xFC, 0x01, 0xF8, 0x07, 0xC0,
    0xFE, 0x1F, 0xC3, 0xF8, 0x1F, 0x00, 0xE0, 0x00, 0x00, 0x00, 0x00, 0x00, 0x00, 0x7F, 0x3F, 0xEF,
    0xFD, 0x8F, 0x03, 0xC0, 0xF0, 0x78, 0x3E, 0x1E, 0x07, 0x01, 0xC0, 0x00, 0x00, 0x07, 0x03, 0xE0,
    0xF8, 0x1C, 0x00, 0x01, 0xFC, 0x00, 0x7F, 0xF0, 0x0F, 0x8F, 0x81, 0xE0, 0x3C, 0x38, 0xFD, 0xC3,
    0x9F, 0xEE, 0x73, 0x9C, 0xE7, 0x79, 0xCE, 0x77, 0x1C, 0xE7, 0x71, 0xCE, 0x77, 0x1C, 0xE7, 0x7B,
    0xFC, 0x73, 0xFF, 0xC3, 0x9E, 0x78, 0x3C, 0x00, 0x01, 0xF0, 0xE0, 0x0F, 0xFE, 0x00, 0x3F, 0xE0,
    0x00, 0x00, 0x00, 0x07, 0xC0, 0x07, 0xC0, 0x0F, 0xE0, 0x0F, 0xE0, 0x0E, 0xE0, 0x1E, 0xF0, 0x1E,
    0xF0, 0x1E, 0x70, 0x3C, 0x78, 0x3C, 0x78, 0x3F, 0xF8, 0x7F, 0xFC, 0x7F, 0xFC, 0x78, 0x3C, 0x78,
    0x3E, 0xF0, 0x1E, 0xF0, 0x1E, 0x3F, 0xE0, 0x7F, 0xF0, 0xFF, 0xE1, 0xE3, 0xC3, 0xC7, 0xC7, 0x8F,
    0x0F, 0x1E, 0x1F, 0xF8, 0x3F, 0xF0, 0x7F, 0xF0, 0xF1, 0xF1, 0xE1, 0xE3, 0xC3, 0xC7, 0x8F, 0x8F,
    0xFE, 0x1F, 0xFC, 0x3F, 0xE0, 0x07, 0xF0, 0x3F, 0xE1, 0xFF, 0x8F, 0x84, 0x3C, 0x01, 0xF0, 0x07,
    0x80, 0x1E, 0x00, 0x78, 0x01, 0xE0, 0x07, 0x80, 0x1F, 0x00, 0x3C, 0x00, 0xF8, 0x61, 0xFF, 0x83,
    0xFE, 0x07, 0xF0, 0x3F, 0xE0, 0x3F, 0xF0, 0x3F, 0xF8, 0x3C, 0x7C, 0x3C, 0x3E, 0x3C, 0x1E, 0x3C,
    0x1E, 0x3C, 0x1E, 0x3C, 0x1E, 0x3C, 0x1E, 0x3C, 0x1E, 0x3C, 0x1E, 0x3C, 0x3C, 0x3C, 0x7C, 0x3F,
    0xF8, 0x3F, 0xF0, 0x3F, 0xC0, 0x3F, 0xE3, 0xFE, 0x3F, 0xE3, 0xC0, 0x3C, 0x03, 0xC0, 0x3C, 0x03,
    0xFE, 0x3F, 0xE3, 0xFE, 0x3C, 0x03, 0xC0, 0x3C, 0x03, 0xC0, 0x3F, 0xE3, 0xFE, 0x3F, 0xE0, 0x3F,
    0xE3, 0xFE, 0x3F, 0xE3, 0xC0, 0x3C, 0x03, 0xC0, 0x3C, 0x03, 0xFE, 0x3F, 0xE3, 0xFE, 0x3C, 0x03,
    0xC0, 0x3C, 0x03, 0xC0, 0x3C, 0x03, 0xC0, 0x3C, 0x00, 0x03, 0xFC, 0x0F, 0xFC, 0x1F, 0xFC, 0x3E,
    0x08, 0x3C, 0x00, 0x7C, 0x00, 0x78, 0x00, 0x78, 0xFE, 0x78, 0xFE, 0x78, 0xFE, 0x78, 0x1E, 0x7C,
    0x1E, 0x3C, 0x1E, 0x3E, 0x1E, 0x1F, 0xFE, 0x0F, 0xFE, 0x07, 0xFC, 0x3C, 0x1E, 0x1E, 0x0F, 0x0F,
    0x07, 0x87, 0x83, 0xC3, 0xC1, 0xE1, 0xE0, 0xF0, 0xF0, 0x78, 0x7F, 0xFC, 0x3F, 0xFE, 0x1F, 0xFF,
    0x0F, 0x07, 0x87, 0x83, 0xC3, 0xC1, 0xE1, 0xE0, 0xF0, 0xF0, 0x78, 0x78, 0x3C, 0x3C, 0x1E, 0x00,
    0xFF, 0x3F, 0x9F, 0x87, 0x83, 0xC1, 0xE0, 0xF0, 0x78, 0x3C, 0x1E, 0x0F, 0x07, 0x83, 0xC1, 0xE1,
    0xF8, 0xFE, 0xFF, 0x00, 0x0F, 0x07, 0x83, 0xC1, 0xE0, 0xF0, 0x78, 0x3C, 0x1E, 0x0F, 0x07, 0x83,
    0xC1, 0xE0, 0xF0, 0x78, 0x3C, 0x1E, 0x0F, 0x07, 0x87, 0x9F, 0xCF, 0xC7, 0xC0, 0x3C, 0x3C, 0x78,
    0xF8, 0xF1, 0xE1, 0xE7, 0x83, 0xDF, 0x07, 0xBC, 0x0F, 0xF0, 0x1F, 0xE0, 0x3F, 0xC0, 0x7F, 0xC0,
    0xF7, 0x81, 0xEF, 0x83, 0xCF, 0x07, 0x8F, 0x0F, 0x1E, 0x1E, 0x1E, 0x3C, 0x3E, 0x3C, 0x03, 0xC0,
    0x3C, 0x03, 0xC0, 0x3C, 0x03, 0xC0, 0x3C, 0x03, 0xC0, 0x3C, 0x03, 0xC0, 0x3C, 0x03, 0xC0, 0x3C,
    0x03, 0xC0, 0x3F, 0xF3, 0xFF, 0x3F, 0xF0, 0x3E, 0x03, 0xE1, 0xF0, 0x1F, 0x0F, 0xC1, 0xF8, 0x7E,
    0x0F, 0xC3, 0xF0, 0x7E, 0x1F, 0xC7, 0xF0, 0xFE, 0x3B, 0x87, 0x71, 0xDC, 0x3B, 0xCE, 0xE1, 0xDE,
    0xE7, 0x0E, 0x77, 0x38, 0x73, 0xF9, 0xC3, 0x9F, 0xCE, 0x1C, 0x7C, 0x70, 0xE3, 0xE3, 0x87, 0x1F,
    0x1C, 0x38, 0xF0, 0xE0, 0x3E, 0x0F, 0x0F, 0x83, 0xC3, 0xF0, 0xF0, 0xFC, 0x3C, 0x3F, 0x8F, 0x0F,
    0xE3, 0xC3, 0xBC, 0xF0, 0xEF, 0x3C, 0x39, 0xEF, 0x0E, 0x7F, 0xC3, 0x8F, 0x70, 0xE3, 0xFC, 0x38,
    0x7F, 0x0E, 0x1F, 0xC3, 0x83, 0xF0, 0xE0, 0x7C, 0x38, 0x1F, 0x00, 0x07, 0xF0, 0x07, 0xFE, 0x07,
    0xFF, 0x87, 0xC3, 0xC3, 0xC1, 0xF3, 0xE0, 0x79, 0xE0, 0x3C, 0xF0, 0x1E, 0x78, 0x0F, 0x3C, 0x07,
    0x9E, 0x03, 0xCF, 0x81, 0xE3, 0xC1, 0xF1, 0xF0, 0xF0, 0x7F, 0xF8, 0x1F, 0xF8, 0x07, 0xF0, 0x00,
    0x3F, 0xE0, 0xFF, 0xC3, 0xFF, 0x8F, 0x3E, 0x3C, 0x78, 0xF1, 0xE3, 0xC7, 0x8F, 0x3E, 0x3F, 0xF0,
    0xFF, 0xC3, 0xFC, 0x0F, 0x00, 0x3C, 0x00, 0xF0, 0x03, 0xC0, 0x0F, 0x00, 0x3C, 0x00, 0x07, 0xF0,
    0x07, 0xFE, 0x07, 0xFF, 0x87, 0xC3, 0xC3, 0xC1, 0xF3, 0xE0, 0x79, 0xE0, 0x3C, 0xF0, 0x1E, 0x78,
    0x0F, 0x3C, 0x07, 0x9E, 0x03, 0xCF, 0x81, 0xE3, 0xC1, 0xF1, 0xF0, 0xF0, 0x7F, 0xF8, 0x1F, 0xF8,
    0x07, 0xF8, 0x00, 0x3E, 0x00, 0x0F, 0x00, 0x03, 0xC0, 0x01, 0xF0, 0x3F, 0xC0, 0x7F, 0xE0, 0xFF,
    0xE1, 0xE7, 0xC3, 0xC7, 0x87, 0x8F, 0x0F, 0x1E, 0x1E, 0x7C, 0x3F, 0xF0, 0x7F, 0xC0, 0xFF, 0x81,
    0xEF, 0x03, 0xCF, 0x07, 0x9F, 0x0F, 0x1E, 0x1E, 0x1E, 0x3C, 0x3C, 0x1F, 0xC3, 0xFE, 0x7F, 0xE7,
    0x86, 0x78, 0x07, 0x80, 0x7E, 0x03, 0xF8, 0x1F, 0xC0, 0xFE, 0x03, 0xE0, 0x1F, 0x00, 0xF6, 0x1E,
    0x7F, 0xE7, 0xFC, 0x7F, 0x80, 0xFF, 0xF7, 0xFF, 0xBF, 0xFC, 0x1E, 0x00, 0xF0, 0x07, 0x80, 0x3C,
    0x01, 0xE0, 0x0F, 0x00, 0x78, 0x03, 0xC0, 0x1E, 0x00, 0xF0, 0x07, 0x80, 0x3C, 0x01, 0xE0, 0x0F,
    0x00, 0x3C, 0x1E, 0x3C, 0x1E, 0x3C, 0x1E, 0x3C, 0x1E, 0x3C, 0x1E, 0x3C, 0x1E, 0x3C, 0x1E, 0x3C,
    0x1E, 0x3C, 0x1E, 0x3C, 0x1E, 0x3C, 0x1E, 0x3C, 0x1E, 0x3C, 0x1E, 0x3E, 0x3C, 0x3F, 0xFC, 0x1F,
    0xF8, 0x07, 0xF0, 0xF0, 0x3D, 0xE0, 0x79, 0xE0, 0xF3, 0xC1, 0xE7, 0x87, 0x8F, 0x0F, 0x0F, 0x1E,
    0x1E, 0x78, 0x3C, 0xF0, 0x3D, 0xE0, 0x7B, 0x80, 0xFF, 0x00, 0xFE, 0x01, 0xF8, 0x03, 0xF0, 0x03,
    0xE0, 0x07, 0xC0, 0xF0, 0x78, 0x3F, 0xC1, 0xE1, 0xEF, 0x0F, 0x87, 0x9C, 0x3E, 0x1E, 0x78, 0xFC,
    0x79, 0xE3, 0xF1, 0xC7, 0x9F, 0xCF, 0x0E, 0x77, 0x3C, 0x3D, 0xDE, 0xF0, 0xF7, 0x7B, 0xC3, 0xFC,
    0xEE, 0x0F, 0xF3, 0xF8, 0x1F, 0x8F, 0xE0, 0x7E, 0x3F, 0x81, 0xF8, 0x7C, 0x07, 0xE1, 0xF0, 0x0F,
    0x07, 0xC0, 0xF8, 0x3C, 0xF0, 0xF0, 0xF1, 0xE1, 0xE7, 0x81, 0xEF, 0x03, 0xFC, 0x03, 0xF8, 0x07,
    0xE0, 0x07, 0xC0, 0x1F, 0x80, 0x7F, 0x80, 0xFF, 0x03, 0xCF, 0x07, 0x9E, 0x1E, 0x1E, 0x3C, 0x3E,
    0xF0, 0x3C, 0xF0, 0x7F, 0xE1, 0xE7, 0x87, 0x9F, 0x3C, 0x3C, 0xF0, 0xF7, 0x81, 0xFE, 0x07, 0xF0,
    0x0F, 0xC0, 0x3E, 0x00, 0x78, 0x01, 0xE0, 0x07, 0x80, 0x1E, 0x00, 0x78, 0x01, 0xE0, 0x07, 0x80,
    0xFF, 0xF7, 0xFF, 0x9F, 0xFC, 0x03, 0xC0, 0x3E, 0x01, 0xE0, 0x1F, 0x00, 0xF0, 0x0F, 0x00, 0x78,
    0x07, 0x80, 0x7C, 0x03, 0xC0, 0x3C, 0x01, 0xFF, 0xDF, 0xFE, 0xFF, 0xF0, 0x7E, 0x7E, 0x7E, 0x78,
    0x78, 0x78, 0x78, 0x78, 0x78, 0x78, 0x78, 0x78, 0x78, 0x78, 0x78, 0x78, 0x78, 0x78, 0x7E, 0x7E,
    0x7E, 0xF0, 0x3C, 0x07, 0x01, 0xE0, 0x38, 0x0F, 0x03, 0xC0, 0x70, 0x1E, 0x03, 0x80, 0xE0, 0x3C,
    0x07, 0x01, 0xE0, 0x78, 0x0E, 0x03, 0xC0, 0xFC, 0xFC, 0xFC, 0x1C, 0x1C, 0x1C, 0x1C, 0x1C, 0x1C,
    0x1C, 0x1C, 0x1C, 0x1C, 0x1C, 0x1C, 0x1C, 0x1C, 0x1C, 0xFC, 0xFC, 0xFC, 0x06, 0x00, 0x38, 0x03,
    0xC0, 0x1F, 0x01, 0xFC, 0x0E, 0xE0, 0xF7, 0x87, 0x1C, 0x78, 0xF3, 0x83, 0xBC, 0x1E, 0x00, 0x00,
    0x00, 0x00, 0x00, 0x00, 0x00, 0x00, 0x00, 0x00, 0x00, 0x00, 0x00, 0x7F, 0xF7, 0xFF, 0x78, 0x7C,
    0x1E, 0x0E, 0x00, 0x00, 0x00, 0x00, 0x00, 0x00, 0x00, 0x00, 0x00, 0x00, 0x00, 0x00, 0x00, 0x00,
    0x1F, 0xC1, 0xFF, 0x0F, 0xFC, 0x21, 0xE0, 0x0F, 0x0F, 0xF9, 0xFF, 0xCF, 0x9E, 0x78, 0xF3, 0xCF,
    0x9F, 0xFC, 0xFF, 0xE3, 0xE7, 0x00, 0x78, 0x01, 0xE0, 0x07, 0x80, 0x1E, 0x00, 0x78, 0x01, 0xEF,
    0x87, 0xFF, 0x1F, 0xFE, 0x7C, 0x79, 0xF1, 0xE7, 0x87, 0x9E, 0x1E, 0x78, 0x79, 0xF1, 0xE7, 0xC7,
    0x9F, 0xFC, 0x7F, 0xF1, 0xEF, 0x80, 0x0F, 0xC7, 0xFC, 0xFF, 0x3E, 0x27, 0x80, 0xF0, 0x1E, 0x03,
    0xC0, 0x78, 0x0F, 0x88, 0xFF, 0x9F, 0xF0, 0xFC, 0x00, 0x78, 0x01, 0xE0, 0x07, 0x80, 0x1E, 0x00,
    0x78, 0x7D, 0xE3, 0xFF, 0x8F, 0xFE, 0x78, 0xF9, 0xE1, 0xE7, 0x87, 0x9E, 0x1E, 0x78, 0x79, 0xE1,
    0xE7, 0x8F, 0x8F, 0xFE, 0x3F, 0xF8, 0x7D, 0xE0, 0x0F, 0xC1, 0xFF, 0x0F, 0xFC, 0xF1, 0xE7, 0x87,
    0x3F, 0xF9, 0xFF, 0xCF, 0xFE, 0x78, 0x03, 0xC0, 0x0F, 0xFC, 0x3F, 0xE0, 0xFE, 0x00, 0x0F, 0x87,
    0xE3, 0xF8, 0xF0, 0x3C, 0x1F, 0xEF, 0xFB, 0xFC, 0x3C, 0x0F, 0x03, 0xC0, 0xF0, 0x3C, 0x0F, 0x03,
    0xC0, 0xF0, 0x3C, 0x0F, 0x00, 0x1F, 0x78, 0xFF, 0xE3, 0xFF, 0x9E, 0x3E, 0x78, 0x79, 0xE1, 0xE7,
    0x87, 0x9E, 0x1E, 0x78, 0x79, 0xE3, 0xE3, 0xFF, 0x8F, 0xFE, 0x1F, 0x78, 0x01, 0xE0, 0x0F, 0x08,
    0x3C, 0x7F, 0xF1, 0xFF, 0x83, 0xFC, 0x00, 0x78, 0x01, 0xE0, 0x07, 0x80, 0x1E, 0x00, 0x78, 0x01,
    0xEF, 0x87, 0xFF, 0x1F, 0xFE, 0x7C, 0x79, 0xF1, 0xE7, 0x87, 0x9E, 0x1E, 0x78, 0x79, 0xE1, 0xE7,
    0x87, 0x9E, 0x1E, 0x78, 0x79, 0xE1, 0xE0, 0x38, 0xF0, 0xE0, 0x00, 0x0F, 0x1E, 0x3C, 0x78, 0xF1,
    0xE3, 0xC7, 0x8F, 0x1E, 0x3C, 0x78, 0xF0, 0x0E, 0x0F, 0x03, 0x80, 0x00, 0x00, 0xF0, 0x78, 0x3C,
    0x1E, 0x0F, 0x07, 0x83, 0xC1, 0xE0, 0xF0, 0x78, 0x3C, 0x1E, 0x0F, 0x07, 0x83, 0xC1, 0xE3, 0xF1,
    0xF8, 0xF8, 0x78, 0x01, 0xE0, 0x07, 0x80, 0x1E, 0x00, 0x78, 0x01, 0xE1, 0xE7, 0x8F, 0x1E, 0x7C,
    0x7B, 0xE1, 0xEF, 0x07, 0xF8, 0x1F, 0xF0, 0x7F, 0xC1, 0xF7, 0x87, 0x9F, 0x1E, 0x3C, 0x78, 0x79,
    0xE1, 0xF0, 0x78, 0xF1, 0xE3, 0xC7, 0x8F, 0x1E, 0x3C, 0x78, 0xF1, 0xE3, 0xC7, 0x8F, 0x1E, 0x3C,
    0x78, 0xF0, 0x7B, 0xE7, 0xC1, 0xFF, 0xFF, 0x87, 0xFF, 0xFF, 0x1F, 0x3E, 0x3C, 0x7C, 0x78, 0xF1,
    0xE1, 0xE3, 0xC7, 0x87, 0x8F, 0x1E, 0x1E, 0x3C, 0x78, 0x78, 0xF1, 0xE1, 0xE3, 0xC7, 0x87, 0x8F,
    0x1E, 0x1E, 0x3C, 0x78, 0x78, 0xF0, 0x7B, 0xE1, 0xFF, 0xC7, 0xFF, 0x9F, 0x1E, 0x7C, 0x79, 0xE1,
    0xE7, 0x87, 0x9E, 0x1E, 0x78, 0x79, 0xE1, 0xE7, 0x87, 0x9E, 0x1E, 0x78, 0x78, 0x0F, 0xC0, 0xFF,
    0x83, 0xFF, 0x1E, 0x3C, 0x78, 0x79, 0xE1, 0xE7, 0x87, 0x9E, 0x1E, 0x78, 0x79, 0xF3, 0xC3, 0xFF,
    0x07, 0xF8, 0x0F, 0xC0, 0x7B, 0xE1, 0xFF, 0xC7, 0xFF, 0x9F, 0x1E, 0x7C, 0x79, 0xE1, 0xE7, 0x87,
    0x9E, 0x1E, 0x7C, 0x79, 0xF1, 0xE7, 0xFF, 0x1F, 0xFC, 0x7B, 0xE1, 0xE0, 0x07, 0x80, 0x1E, 0x00,
    0x78, 0x01, 0xE0, 0x07, 0x80, 0x00, 0x1F, 0x78, 0xFF, 0xE3, 0xFF, 0x9E, 0x3E, 0x78, 0x79, 0xE1,
    0xE7, 0x87, 0x9E, 0x1E, 0x78, 0x79, 0xE3, 0xE3, 0xFF, 0x8F, 0xFE, 0x1F, 0x78, 0x01, 0xE0, 0x07,
    0x80, 0x1E, 0x00, 0x78, 0x01, 0xE0, 0x07, 0x80, 0x7B, 0xDF, 0xF7, 0xFD, 0xF0, 0x7C, 0x1E, 0x07,
    0x81, 0xE0, 0x78, 0x1E, 0x07, 0x81, 0xE0, 0x78, 0x00, 0x1F, 0x8F, 0xF9, 0xFF, 0x3C, 0x47, 0x80,
    0xFE, 0x0F, 0xE0, 0x7E, 0x03, 0xC8, 0x79, 0xFF, 0x3F, 0xE7, 0xF0, 0x18, 0x0E, 0x0F, 0x0F, 0xFF,
    0xFF, 0xFC, 0xF0, 0x78, 0x3C, 0x1E, 0x0F, 0x07, 0x83, 0xC1, 0xFC, 0xFE, 0x3F, 0x78, 0x79, 0xE1,
    0xE7, 0x87, 0x9E, 0x1E, 0x78, 0x79, 0xE1, 0xE7, 0x87, 0x9E, 0x1E, 0x78, 0x79, 0xF3, 0xE3, 0xFF,
    0x8F, 0xFE, 0x1F, 0xB8, 0xF0, 0x7F, 0x87, 0x9E, 0x3C, 0xF1, 0xE7, 0x9E, 0x1C, 0xF0, 0xF7, 0x87,
    0xF8, 0x1F, 0xC0, 0xFE, 0x07, 0xE0, 0x1F, 0x00, 0xF0, 0x00, 0xF1, 0xF1, 0xFE, 0x3E, 0x3D, 0xC7,
    0xC7, 0x3C, 0xF9, 0xE7, 0xBB, 0xBC, 0xF7, 0x77, 0x8E, 0xEE, 0xE1, 0xFD, 0xFC, 0x3F, 0xBF, 0x87,
    0xE3, 0xF0, 0x7C, 0x7C, 0x0F, 0x8F, 0x81, 0xF1, 0xF0, 0xF8, 0xF3, 0xCF, 0x8F, 0x78, 0x7F, 0x81,
    0xFC, 0x0F, 0xC0, 0x3E, 0x03, 0xF0, 0x1F, 0xC1, 0xFF, 0x1F, 0x78, 0xF1, 0xEF, 0x0F, 0x00, 0xF0,
    0x7F, 0x87, 0x9E, 0x3C, 0xF1, 0xE7, 0x9E, 0x1E, 0xF0, 0xF7, 0x87, 0xF8, 0x1F, 0xC0, 0xFE, 0x03,
    0xE0, 0x1F, 0x00, 0xF8, 0x07, 0x80, 0x3C, 0x03, 0xE0, 0x7E, 0x03, 0xE0, 0x1E, 0x00, 0x7F, 0xCF,
    0xF9, 0xFF, 0x03, 0xC0, 0x78, 0x1E, 0x07, 0x80, 0xF0, 0x3C, 0x0F, 0x01, 0xFF, 0x7F, 0xEF, 0xFC,
    0x0F, 0x8F, 0xC7, 0xE3, 0xC1, 0xE0, 0xF0, 0x78, 0x3C, 0x3C, 0x7E, 0x3E, 0x1F, 0x83, 0xC0, 0xF0,
    0x78, 0x3C, 0x1E, 0x0F, 0x07, 0xE1, 0xF0, 0x78, 0x0F, 0x00, 0xF0, 0x0F, 0x00, 0xF0, 0x0F, 0x00,
    0xF0, 0x0F, 0x00, 0xF0, 0x0F, 0x00, 0xF0, 0x0F, 0x00, 0xF0, 0x0F, 0x00, 0xF0, 0x0F, 0x00, 0xF0,
    0x0F, 0x00, 0xF0, 0x0F, 0x00, 0xF0, 0x0F, 0x00, 0xF0, 0x0F, 0x00, 0xF0, 0x78, 0x3E, 0x1F, 0x07,
    0x81, 0xC0, 0xE0, 0x70, 0x38, 0x1E, 0x0F, 0xC3, 0xE3, 0xF1, 0xE0, 0xE0, 0x70, 0x38, 0x1C, 0x1E,
    0x1F, 0x0F, 0x87, 0x00, 0x00, 0x03, 0xF0, 0x9F, 0xFC, 0xFF, 0xE4, 0x3E, 0x00, 0x00, 0x00, 0x00,
    0x00, 0x00, 0x00, 0x00, 0x00, 0x00, 0x38, 0xF1, 0xE1, 0xC0, 0x00, 0x0E, 0x1C, 0x38, 0xF1, 0xE3,
    0xC7, 0x8F, 0x1E, 0x3C, 0x78, 0x03, 0x00, 0x18, 0x03, 0xF8, 0x3F, 0xC3, 0xFE, 0x1F, 0x30, 0xF0,
    0x0F, 0x00, 0x78, 0x03, 0xC0, 0x0F, 0x00, 0x7C, 0xC3, 0xFE, 0x0F, 0xF0, 0x3F, 0x00, 0x60, 0x03,
    0x00, 0x07, 0xE0, 0x7F, 0x87, 0xF8, 0x3C, 0x41, 0xE0, 0x0F, 0x00, 0x78, 0x0F, 0xF8, 0x7F, 0xC3,
    0xFE, 0x07, 0x80, 0x3C, 0x01, 0xC0, 0x1E, 0x01, 0xFF, 0xCF, 0xFE, 0x7F, 0xF0, 0x20, 0x23, 0xFF,
    0x9F, 0xFC, 0x7F, 0xC3, 0x8E, 0x1C, 0x38, 0xE1, 0xC7, 0x9C, 0x3F, 0xE3, 0xFF, 0x8D, 0xFC, 0x00,
    0x40, 0x00, 0x00, 0x00, 0xF0, 0x7B, 0xC7, 0x9E, 0x3C, 0xF3, 0xC3, 0xDE, 0x1E, 0xE0, 0x7F, 0x03,
    0xF8, 0x0F, 0x81, 0xFF, 0x0F, 0xF8, 0x1E, 0x03, 0xFE, 0x1F, 0xF0, 0x3C, 0x01, 0xE0, 0x0F, 0x00,
    0x0F, 0x00, 0xF0, 0x0F, 0x00, 0xF0, 0x0F, 0x00, 0xF0, 0x0F, 0x00, 0xF0, 0x0F, 0x00, 0x00, 0x00,
    0x00, 0x00, 0x00, 0x00, 0x00, 0x00, 0x00, 0xF0, 0x0F, 0x00, 0xF0, 0x0F, 0x00, 0xF0, 0x0F, 0x00,
    0xF0, 0x0F, 0x00, 0xF0, 0x1F, 0x87, 0xF9, 0xFF, 0x38, 0x47, 0x80, 0x7C, 0x0F, 0xE3, 0xFE, 0x71,
    0xCF, 0x38, 0xFF, 0x0F, 0xC0, 0x7C, 0x07, 0x90, 0x73, 0xFE, 0x7F, 0x87, 0xE0, 0x1C, 0xC0, 0xEF,
    0x07, 0x38, 0x00, 0x00, 0x00, 0x00, 0x00, 0x00, 0x00, 0x00, 0x00, 0x00, 0x00, 0x00, 0x00, 0x00,
    0x00, 0x00, 0x00, 0x00, 0x00, 0x00, 0x00, 0x00, 0x00, 0x03, 0xFC, 0x00, 0x7F, 0xE0, 0x1F, 0x0F,
    0x83, 0xCF, 0xB8, 0x33, 0xF9, 0xC7, 0x38, 0x8C, 0x67, 0x00, 0xE6, 0x70, 0x06, 0x67, 0x00, 0x66,
    0x70, 0x06, 0x67, 0x00, 0xE7, 0x38, 0x8E, 0x33, 0xF9, 0xC3, 0x8F, 0xB8, 0x1E, 0x0F, 0x80, 0xFF,
    0xE0, 0x03, 0xFC, 0x00, 0x7E, 0x3F, 0x81, 0xCF, 0xE7, 0xF7, 0x39, 0xFC, 0xF6, 0x00, 0x00, 0x00,
    0x00, 0x00, 0x00, 0x00, 0x00, 0x00, 0x00, 0x00, 0x00, 0x00, 0x30, 0xC1, 0xE7, 0x87, 0xBC, 0x3C,
    0xF1, 0xE7, 0x87, 0xBE, 0x1E, 0x78, 0x3C, 0xF0, 0x79, 0xE0, 0xE7, 0x83, 0x0C, 0x00, 0x00, 0x7F,
    0xF3, 0xFF, 0x9F, 0xFC, 0x00, 0xE0, 0x07, 0x00, 0x38, 0x01, 0xC0, 0x00, 0x00, 0x00, 0x00, 0x00,
    0x7E, 0xFE, 0xFE, 0x00, 0x00, 0x00, 0x00, 0x00, 0x03, 0xFC, 0x00, 0x7F, 0xE0, 0x1F, 0x0F, 0x83,
    0xFF, 0x38, 0x33, 0xF9, 0xC7, 0x39, 0xCC, 0x63, 0x9C, 0xE6, 0x39, 0xC6, 0x63, 0xF8, 0x66, 0x3F,
    0x06, 0x63, 0xB8, 0xE7, 0x39, 0x8E, 0x33, 0x9D, 0xC3, 0x90, 0xF8, 0x1E, 0x0F, 0x80, 0xFF, 0xE0,
    0x03, 0xFC, 0x00, 0x7F, 0xFB, 0xFF, 0xDF, 0xFE, 0x00, 0x00, 0x00, 0x00, 0x00, 0x00, 0x00, 0x00,
    0x00, 0x00, 0x00, 0x00, 0x00, 0x00, 0x00, 0x00, 0x00, 0x00, 0x00, 0x00, 0x00, 0x00, 0x00, 0x00,
    0x00, 0x00, 0x00, 0x00, 0x00, 0x00, 0x00, 0x0F, 0x87, 0xF1, 0xCE, 0x63, 0x9C, 0xE7, 0xF0, 0xF8,
    0x00, 0x00, 0x00, 0x00, 0x00, 0x00, 0x00, 0x00, 0x00, 0x00, 0x00, 0x00, 0x07, 0x00, 0x38, 0x01,
    0xC0, 0x0E, 0x07, 0xFF, 0x3F, 0xF9, 0xFF, 0xC0, 0xE0, 0x07, 0x00, 0x38, 0x01, 0xC0, 0x00, 0x07,
    0xFF, 0x3F, 0xF9, 0xFF, 0xC0, 0x00, 0x3F, 0x1F, 0xCD, 0xE0, 0xF0, 0x70, 0x70, 0x70, 0x7E, 0x7F,
    0xBF, 0xC0, 0x00, 0x00, 0x00, 0x00, 0x00, 0x00, 0x00, 0x00, 0x00, 0x00, 0x00, 0x3C, 0x3F, 0x1F,
    0xC0, 0xE1, 0xE1, 0xE0, 0xF8, 0x0E, 0xFF, 0x7F, 0x9F, 0x80, 0x00, 0x00, 0x00, 0x00, 0x00, 0x00,
    0x00, 0x00, 0x00, 0x00, 0x00, 0x1E, 0x3E, 0x3C, 0x70, 0x00, 0x00, 0x00, 0x00, 0x00, 0x00, 0x00,
    0x00, 0x00, 0x00, 0x00, 0x00, 0x00, 0x00, 0x78, 0x79, 0xE1, 0xE7, 0x87, 0x9E, 0x1E, 0x78, 0x79,
    0xE1, 0xE7, 0x87, 0x9E, 0x1E, 0x78, 0x79, 0xF3, 0xE7, 0xFF, 0x9F, 0xFE, 0x7F, 0xB9, 0xE0, 0x07,
    0x80, 0x1E, 0x00, 0x78, 0x01, 0xE0, 0x07, 0x80, 0x00, 0x1F, 0xF8, 0xFF, 0xE3, 0xFB, 0x9F, 0xEE,
    0x7F, 0xB9, 0xFE, 0xE7, 0xFB, 0x9F, 0xEE, 0x7F, 0xB8, 0xFE, 0xE3, 0xFB, 0x83, 0xEE, 0x01, 0xB8,
    0x06, 0xE0, 0x1B, 0x80, 0x6E, 0x01, 0xB8, 0x06, 0xE0, 0x1B, 0x80, 0x6E, 0x01, 0x98, 0x38, 0xF1,
    0xE1, 0xC0, 0x00, 0x00, 0x00, 0x00, 0x00, 0x00, 0x31, 0xE7, 0xC7, 0xFF, 0xE0, 0x1E, 0x1F, 0x1F,
    0x8F, 0xC0, 0xE0, 0x70, 0x38, 0x1C, 0x0E, 0x07, 0x00, 0x00, 0x00, 0x00, 0x00, 0x00, 0x00, 0x00,
    0x00, 0x00, 0x00, 0x00, 0x3E, 0x3F, 0x9D, 0xDC, 0x6E, 0x33, 0xB9, 0xFC, 0x7C, 0x00, 0x00, 0x00,
    0x00, 0x00, 0x00, 0x00, 0x00, 0x00, 0x00, 0x00, 0x00, 0x00, 0xC3, 0x07, 0x9C, 0x1F, 0x78, 0x3C,
    0xF0, 0x79, 0xE1, 0xF7, 0x87, 0xBE, 0x3C, 0xF1, 0xE7, 0x87, 0x9C, 0x0C, 0x30, 0x00, 0x00, 0x1C,
    0x07, 0x03, 0xC0, 0xE0, 0x7C, 0x1E, 0x07, 0xC1, 0xC0, 0x1C, 0x3C, 0x01, 0xC3, 0x80, 0x1C, 0x78,
    0x01, 0xC7, 0x1C, 0x1C, 0xE3, 0xC1, 0xCE, 0x7C, 0x01, 0xC7, 0xC0, 0x1C, 0xDC, 0x03, 0x9D, 0xC0,
    0x39, 0xFF, 0x07, 0x1F, 0xF0, 0x70, 0x1C, 0x0E, 0x01, 0xC0, 0x1C, 0x0F, 0x03, 0xC0, 0xE0, 0x7C,
    0x1E, 0x07, 0xC1, 0xC0, 0x1C, 0x3C, 0x01, 0xC3, 0x80, 0x1C, 0x70, 0x01, 0xC7, 0x7C, 0x1C, 0xEF,
    0xE1, 0xCE, 0x6E, 0x01, 0xC0, 0xE0, 0x1C, 0x1E, 0x03, 0x83, 0xC0, 0x78, 0x78, 0x07, 0x0F, 0xF0,
    0xF0, 0xFF, 0x0E, 0x0F, 0xF0, 0x3E, 0x07, 0x07, 0xF0, 0x70, 0x27, 0x0E, 0x00, 0x71, 0xE0, 0x3E,
    0x1C, 0x03, 0xE3, 0xC0, 0x07, 0x38, 0xC4, 0x77, 0x9E, 0x7F, 0x73, 0xE7, 0xEE, 0x3E, 0x00, 0xE7,
    0xE0, 0x1C, 0xFE, 0x01, 0xCD, 0xE0, 0x39, 0xFF, 0x03, 0x9F, 0xF0, 0x70, 0x1E, 0x07, 0x01, 0xE0,
    0x0F, 0x01, 0xE0, 0x3C, 0x07, 0x80, 0x00, 0x00, 0x03, 0xC0, 0x78, 0x1E, 0x07, 0xC1, 0xF0, 0x3C,
    0x0F, 0x01, 0xE1, 0x9F, 0xF3, 0xFE, 0x3F, 0x80, 0x0F, 0x00, 0x0F, 0x00, 0x07, 0x80, 0x01, 0xC0,
    0x00, 0x00, 0x07, 0xC0, 0x07, 0xC0, 0x0F, 0xE0, 0x0F, 0xE0, 0x0E, 0xE0, 0x1E, 0xF0, 0x1E, 0xF0,
    0x1E, 0x70, 0x3C, 0x78, 0x3C, 0x78, 0x3F, 0xF8, 0x7F, 0xFC, 0x7F, 0xFC, 0x78, 0x3C, 0x78, 0x3E,
    0xF0, 0x1E, 0xF0, 0x1E, 0x00, 0xF0, 0x01, 0xF0, 0x01, 0xE0, 0x03, 0x80, 0x00, 0x00, 0x07, 0xC0,
    0x07, 0xC0, 0x0F, 0xE0, 0x0F, 0xE0, 0x0E, 0xE0, 0x1E, 0xF0, 0x1E, 0xF0, 0x1E, 0x70, 0x3C, 0x78,
    0x3C, 0x78, 0x3F, 0xF8, 0x7F, 0xFC, 0x7F, 0xFC, 0x78, 0x3C, 0x78, 0x3E, 0xF0, 0x1E, 0xF0, 0x1E,
    0x03, 0xC0, 0x07, 0xC0, 0x0F, 0xE0, 0x1C, 0x70, 0x00, 0x00, 0x07, 0xC0, 0x07, 0xC0, 0x0F, 0xE0,
    0x0F, 0xE0, 0x0E, 0xE0, 0x1E, 0xF0, 0x1E, 0xF0, 0x1E, 0x70, 0x3C, 0x78, 0x3C, 0x78, 0x3F, 0xF8,
    0x7F, 0xFC, 0x7F, 0xFC, 0x78, 0x3C, 0x78, 0x3E, 0xF0, 0x1E, 0xF0, 0x1E, 0x0F, 0x30, 0x0F, 0xF0,
    0x1F, 0xF0, 0x19, 0xE0, 0x00, 0x00, 0x07, 0xC0, 0x07, 0xC0, 0x0F, 0xE0, 0x0F, 0xE0, 0x0E, 0xE0,
    0x1E, 0xF0, 0x1E, 0xF0, 0x1E, 0x70, 0x3C, 0x78, 0x3C, 0x78, 0x3F, 0xF8, 0x7F, 0xFC, 0x7F, 0xFC,
    0x78, 0x3C, 0x78, 0x3E, 0xF0, 0x1E, 0xF0, 0x1E, 0x0C, 0x60, 0x1E, 0xF0, 0x0E, 0xE0, 0x00, 0x00,
    0x07, 0xC0, 0x07, 0xC0, 0x0F, 0xE0, 0x0F, 0xE0, 0x0E, 0xE0, 0x1E, 0xF0, 0x1E, 0xF0, 0x1E, 0x70,
    0x3C, 0x78, 0x3C, 0x78, 0x3F, 0xF8, 0x7F, 0xFC, 0x7F, 0xFC, 0x78, 0x3C, 0x78, 0x3E, 0xF0, 0x1E,
    0xF0, 0x1E, 0x03, 0x80, 0x07, 0xC0, 0x06, 0xE0, 0x0E, 0xE0, 0x07, 0xC0, 0x07, 0xC0, 0x0F, 0xE0,
    0x0F, 0xE0, 0x0E, 0xE0, 0x1E, 0xF0, 0x1E, 0xF0, 0x1E, 0x70, 0x3C, 0x78, 0x3C, 0x78, 0x3F, 0xF8,
    0x7F, 0xFC, 0x7F, 0xFC, 0x78, 0x3C, 0x78, 0x3E, 0xF0, 0x1E, 0xF0, 0x1E, 0x01, 0xFF, 0xF8, 0x07,
    0xFF, 0xE0, 0x1F, 0xFF, 0x00, 0xF7, 0x80, 0x03, 0xDE, 0x00, 0x1E, 0x78, 0x00, 0x79, 0xE0, 0x01,
    0xC7, 0xFC, 0x0F, 0x1F, 0xF0, 0x3C, 0x7F, 0xC1, 0xFF, 0xE0, 0x07, 0xFF, 0x80, 0x1F, 0xFE, 0x00,
    0xF0, 0x78, 0x03, 0xC1, 0xFF, 0x1E, 0x07, 0xFE, 0x78, 0x1F, 0xF8, 0x07, 0xF0, 0x3F, 0xE1, 0xFF,
    0x8F, 0x84, 0x3C, 0x01, 0xF0, 0x07, 0x80, 0x1E, 0x00, 0x78, 0x01, 0xE0, 0x07, 0x80, 0x1F, 0x00,
    0x3C, 0x00, 0xF8, 0x61, 0xFF, 0x83, 0xFE, 0x07, 0xF0, 0x06, 0x00, 0x3C, 0x00, 0xF8, 0x00, 0xE0,
    0x1F, 0x80, 0x7C, 0x00, 0x1E, 0x01, 0xE0, 0x0F, 0x00, 0x38, 0x00, 0x03, 0xFE, 0x3F, 0xE3, 0xFE,
    0x3C, 0x03, 0xC0, 0x3C, 0x03, 0xC0, 0x3F, 0xE3, 0xFE, 0x3F, 0xE3, 0xC0, 0x3C, 0x03, 0xC0, 0x3C,
    0x03, 0xFE, 0x3F, 0xE3, 0xFE, 0x01, 0xE0, 0x3E, 0x03, 0xC0, 0x70, 0x00, 0x03, 0xFE, 0x3F, 0xE3,
    0xFE, 0x3C, 0x03, 0xC0, 0x3C, 0x03, 0xC0, 0x3F, 0xE3, 0xFE, 0x3F, 0xE3, 0xC0, 0x3C, 0x03, 0xC0,
    0x3C, 0x03, 0xFE, 0x3F, 0xE3, 0xFE, 0x07, 0x80, 0xF8, 0x1F, 0xC3, 0x8E, 0x00, 0x03, 0xFE, 0x3F,
    0xE3, 0xFE, 0x3C, 0x03, 0xC0, 0x3C, 0x03, 0xC0, 0x3F, 0xE3, 0xFE, 0x3F, 0xE3, 0xC0, 0x3C, 0x03,
    0xC0, 0x3C, 0x03, 0xFE, 0x3F, 0xE3, 0xFE, 0x18, 0xC3, 0xDE, 0x1D, 0xC0, 0x00, 0x3F, 0xE3, 0xFE,
    0x3F, 0xE3, 0xC0, 0x3C, 0x03, 0xC0, 0x3C, 0x03, 0xFE, 0x3F, 0xE3, 0xFE, 0x3C, 0x03, 0xC0, 0x3C,
    0x03, 0xC0, 0x3F, 0xE3, 0xFE, 0x3F, 0xE0, 0x70, 0x3C, 0x0F, 0x03, 0xC0, 0x07, 0xF9, 0xFC, 0xFC,
    0x3C, 0x1E, 0x0F, 0x07, 0x83, 0xC1, 0xE0, 0xF0, 0x78, 0x3C, 0x1E, 0x0F, 0x0F, 0xC7, 0xF7, 0xF8,
    0x07, 0x83, 0xE1, 0xE0, 0x70, 0x00, 0x3F, 0xC7, 0xF1, 0xF8, 0x3C, 0x0F, 0x03, 0xC0, 0xF0, 0x3C,
    0x0F, 0x03, 0xC0, 0xF0, 0x3C, 0x0F, 0x03, 0xC1, 0xF8, 0x7F, 0x3F, 0xC0, 0x1E, 0x07, 0xC3, 0xF9,
    0xC7, 0x00, 0x1F, 0xE3, 0xF8, 0xFC, 0x1E, 0x07, 0x81, 0xE0, 0x78, 0x1E, 0x07, 0x81, 0xE0, 0x78,
    0x1E, 0x07, 0x81, 0xE0, 0xFC, 0x3F, 0x9F, 0xE0, 0x67, 0x7B, 0x9D, 0xC0, 0x0F, 0xF3, 0xF9, 0xF8,
    0x78, 0x3C, 0x1E, 0x0F, 0x07, 0x83, 0xC1, 0xE0, 0xF0, 0x78, 0x3C, 0x1E, 0x1F, 0x8F, 0xEF, 0xF0,
    0x3F, 0xE0, 0x3F, 0xF0, 0x3F, 0xF8, 0x3C, 0x7C, 0x3C, 0x3E, 0x3C, 0x1E, 0x3C, 0x1E, 0xFF, 0x1E,
    0xFF, 0x1E, 0xFF, 0x1E, 0x3C, 0x1E, 0x3C, 0x1E, 0x3C, 0x3C, 0x3C, 0x7C, 0x3F, 0xF8, 0x3F, 0xF0,
    0x3F, 0xC0, 0x03, 0x9C, 0x01, 0xFE, 0x00, 0xFF, 0x80, 0x3B, 0xC0, 0x00, 0x00, 0x0F, 0x83, 0xC3,
    0xE0, 0xF0, 0xFC, 0x3C, 0x3F, 0x0F, 0x0F, 0xE3, 0xC3, 0xF8, 0xF0, 0xEF, 0x3C, 0x3B, 0xCF, 0x0E,
    0x7B, 0xC3, 0x9F, 0xF0, 0xE3, 0xDC, 0x38, 0xFF, 0x0E, 0x1F, 0xC3, 0x87, 0xF0, 0xE0, 0xFC, 0x38,
    0x1F, 0x0E, 0x07, 0xC0, 0x07, 0x80, 0x03, 0xC0, 0x00, 0xF0, 0x00, 0x1C, 0x00, 0x00, 0x00, 0x3F,
    0x80, 0x3F, 0xF0, 0x3F, 0xFC, 0x3E, 0x1E, 0x1E, 0x0F, 0x9F, 0x03, 0xCF, 0x01, 0xE7, 0x80, 0xF3,
    0xC0, 0x79, 0xE0, 0x3C, 0xF0, 0x1E, 0x7C, 0x0F, 0x1E, 0x0F, 0x8F, 0x87, 0x83, 0xFF, 0xC0, 0xFF,
    0xC0, 0x3F, 0x80, 0x00, 0x78, 0x00, 0x3C, 0x00, 0x3C, 0x00, 0x38, 0x00, 0x00, 0x00, 0x3F, 0x80,
    0x3F, 0xF0, 0x3F, 0xFC, 0x3E, 0x1E, 0x1E, 0x0F, 0x9F, 0x03, 0xCF, 0x01, 0xE7, 0x80, 0xF3, 0xC0,
    0x79, 0xE0, 0x3C, 0xF0, 0x1E, 0x7C, 0x0F, 0x1E, 0x0F, 0x8F, 0x87, 0x83, 0xFF, 0xC0, 0xFF, 0xC0,
    0x3F, 0x80, 0x01, 0xE0, 0x01, 0xF8, 0x01, 0xFC, 0x01, 0xC7, 0x00, 0x00, 0x00, 0x3F, 0x80, 0x3F,
    0xF0, 0x3F, 0xFC, 0x3E, 0x1E, 0x1E, 0x0F, 0x9F, 0x03, 0xCF, 0x01, 0xE7, 0x80, 0xF3, 0xC0, 0x79,
    0xE0, 0x3C, 0xF0, 0x1E, 0x7C, 0x0F, 0x1E, 0x0F, 0x8F, 0x87, 0x83, 0xFF, 0xC0, 0xFF, 0xC0, 0x3F,
    0x80, 0x03, 0x98, 0x03, 0xFC, 0x03, 0xFE, 0x01, 0x9E, 0x00, 0x00, 0x00, 0x3F, 0x80, 0x3F, 0xF0,
    0x3F, 0xFC, 0x3E, 0x1E, 0x1E, 0x0F, 0x9F, 0x03, 0xCF, 0x01, 0xE7, 0x80, 0xF3, 0xC0, 0x79, 0xE0,
    0x3C, 0xF0, 0x1E, 0x7C, 0x0F, 0x1E, 0x0F, 0x8F, 0x87, 0x83, 0xFF, 0xC0, 0xFF, 0xC0, 0x3F, 0x80,
    0x07, 0x30, 0x03, 0xBC, 0x01, 0xDC, 0x00, 0x00, 0x00, 0x7F, 0x00, 0x7F, 0xE0, 0x7F, 0xF8, 0x7C,
    0x3C, 0x3C, 0x1F, 0x3E, 0x07, 0x9E, 0x03, 0xCF, 0x01, 0xE7, 0x80, 0xF3, 0xC0, 0x79, 0xE0, 0x3C,
    0xF8, 0x1E, 0x3C, 0x1F, 0x1F, 0x0F, 0x07, 0xFF, 0x81, 0xFF, 0x80, 0x7F, 0x00, 0x00, 0x41, 0x87,
    0x1E, 0x78, 0x7F, 0x81, 0xFC, 0x07, 0xC0, 0x7E, 0x07, 0xF8, 0x7D, 0xE1, 0x87, 0x00, 0x10, 0x00,
    0x00, 0x00, 0x00, 0x00, 0x00, 0x04, 0x03, 0xFF, 0x03, 0xFF, 0x83, 0xFF, 0xC3, 0xE3, 0xE1, 0xE1,
    0xF9, 0xF1, 0xFC, 0xF0, 0xDE, 0x78, 0xEF, 0x3C, 0xE7, 0x9E, 0x73, 0xCF, 0x71, 0xE7, 0xF0, 0xF1,
    0xF8, 0xF8, 0xF8, 0x78, 0x3F, 0xFC, 0x1F, 0xFC, 0x1F, 0xF8, 0x06, 0x00, 0x00, 0x0F, 0x00, 0x07,
    0x80, 0x03, 0xC0, 0x01, 0xE0, 0x00, 0x00, 0x3C, 0x1E, 0x3C, 0x1E, 0x3C, 0x1E, 0x3C, 0x1E, 0x3C,
    0x1E, 0x3C, 0x1E, 0x3C, 0x1E, 0x3C, 0x1E, 0x3C, 0x1E, 0x3C, 0x1E, 0x3C, 0x1E, 0x3C, 0x1E, 0x3C,
    0x1E, 0x3E, 0x3C, 0x3F, 0xFC, 0x1F, 0xF8, 0x07, 0xF0, 0x00, 0x78, 0x00, 0xF0, 0x01, 0xE0, 0x01,
    0xC0, 0x00, 0x00, 0x3C, 0x1E, 0x3C, 0x1E, 0x3C, 0x1E, 0x3C, 0x1E, 0x3C, 0x1E, 0x3C, 0x1E, 0x3C,
    0x1E, 0x3C, 0x1E, 0x3C, 0x1E, 0x3C, 0x1E, 0x3C, 0x1E, 0x3C, 0x1E, 0x3C, 0x1E, 0x3E, 0x3C, 0x3F,
    0xFC, 0x1F, 0xF8, 0x07, 0xF0, 0x03, 0xC0, 0x07, 0xE0, 0x0F, 0xF0, 0x0E, 0x78, 0x00, 0x00, 0x3C,
    0x1E, 0x3C, 0x1E, 0x3C, 0x1E, 0x3C, 0x1E, 0x3C, 0x1E, 0x3C, 0x1E, 0x3C, 0x1E, 0x3C, 0x1E, 0x3C,
    0x1E, 0x3C, 0x1E, 0x3C, 0x1E, 0x3C, 0x1E, 0x3C, 0x1E, 0x3E, 0x3C, 0x3F, 0xFC, 0x1F, 0xF8, 0x07,
    0xF0, 0x06, 0x70, 0x0F, 0x70, 0x0E, 0x70, 0x00, 0x00, 0x3C, 0x1E, 0x3C, 0x1E, 0x3C, 0x1E, 0x3C,
    0x1E, 0x3C, 0x1E, 0x3C, 0x1E, 0x3C, 0x1E, 0x3C, 0x1E, 0x3C, 0x1E, 0x3C, 0x1E, 0x3C, 0x1E, 0x3C,
    0x1E, 0x3C, 0x1E, 0x3E, 0x3C, 0x3F, 0xFC, 0x1F, 0xF8, 0x07, 0xF0, 0x01, 0xE0, 0x07, 0x80, 0x3C,
    0x01, 0xE0, 0x00, 0x03, 0xC1, 0xFF, 0x87, 0x9E, 0x1E, 0x7C, 0xF0, 0xF3, 0xC3, 0xDE, 0x07, 0xF8,
    0x1F, 0xC0, 0x3F, 0x00, 0xF8, 0x01, 0xE0, 0x07, 0x80, 0x1E, 0x00, 0x78, 0x01, 0xE0, 0x07, 0x80,
    0x1E, 0x00, 0x3C, 0x00, 0xF0, 0x03, 0xC0, 0x0F, 0xF8, 0x3F, 0xF0, 0xFF, 0xC3, 0xCF, 0x8F, 0x1E,
    0x3C, 0x78, 0xF1, 0xE3, 0xCF, 0x8F, 0xFC, 0x3F, 0xE0, 0xFF, 0x03, 0xC0, 0x0F, 0x00, 0x3C, 0x00,
    0x0F, 0xE0, 0x1F, 0xF8, 0x3F, 0xF8, 0x3C, 0x7C, 0x78, 0x3C, 0x78, 0x78, 0x78, 0xF0, 0x79, 0xE0,
    0x79, 0xE0, 0x79, 0xF0, 0x79, 0xF8, 0x78, 0xFC, 0x78, 0x3E, 0x78, 0x1E, 0x78, 0x1E, 0x7B, 0xFE,
    0x7B, 0xFC, 0x79, 0xF8, 0x1E, 0x00, 0xF8, 0x03, 0xC0, 0x07, 0x00, 0x00, 0x0F, 0xE0, 0xFF, 0x87,
    0xFE, 0x10, 0xF0, 0x07, 0x87, 0xFC, 0xFF, 0xE7, 0xCF, 0x3C, 0x79, 0xE7, 0xCF, 0xFE, 0x7F, 0xF1,
    0xF3, 0x80, 0x01, 0xE0, 0x0F, 0x00, 0xF0, 0x0E, 0x00, 0x00, 0x0F, 0xE0, 0xFF, 0x87, 0xFE, 0x10,
    0xF0, 0x07, 0x87, 0xFC, 0xFF, 0xE7, 0xCF, 0x3C, 0x79, 0xE7, 0xCF, 0xFE, 0x7F, 0xF1, 0xF3, 0x80,
    0x07, 0x80, 0x7E, 0x07, 0xF0, 0x71, 0xC0, 0x00, 0x0F, 0xE0, 0xFF, 0x87, 0xFE, 0x10, 0xF0, 0x07,
    0x87, 0xFC, 0xFF, 0xE7, 0xCF, 0x3C, 0x79, 0xE7, 0xCF, 0xFE, 0x7F, 0xF1, 0xF3, 0x80, 0x0E, 0x60,
    0xFF, 0x0F, 0xF8, 0x67, 0x80, 0x00, 0x0F, 0xE0, 0xFF, 0x87, 0xFE, 0x10, 0xF0, 0x07, 0x87, 0xFC,
    0xFF, 0xE7, 0xCF, 0x3C, 0x79, 0xE7, 0xCF, 0xFE, 0x7F, 0xF1, 0xF3, 0x80, 0x1C, 0xC0, 0xEF, 0x07,
    0x70, 0x00, 0x01, 0xFC, 0x1F, 0xF0, 0xFF, 0xC2, 0x1E, 0x00, 0xF0, 0xFF, 0x9F, 0xFC, 0xF9, 0xE7,
    0x8F, 0x3C, 0xF9, 0xFF, 0xCF, 0xFE, 0x3E, 0x70, 0x07, 0x00, 0x7C, 0x03, 0x70, 0x1B, 0x80, 0xF8,
    0x03, 0xC0, 0x00, 0x03, 0xF8, 0x3F, 0xE1, 0xFF, 0x84, 0x3C, 0x01, 0xE1, 0xFF, 0x3F, 0xF9, 0xF3,
    0xCF, 0x1E, 0x79, 0xF3, 0xFF, 0x9F, 0xFC, 0x7C, 0xE0, 0x1F, 0x9F, 0x83, 0xFF, 0xFC, 0x3F, 0xFF,
    0xE1, 0x0F, 0x1E, 0x00, 0xF0, 0xE1, 0xFF, 0xFE, 0x7F, 0xFF, 0xE7, 0x8F, 0xFE, 0x78, 0xF0, 0x07,
    0x9F, 0x80, 0x7F, 0xFF, 0xE7, 0xFB, 0xFE, 0x3F, 0x1F, 0xC0, 0x0F, 0xC7, 0xFC, 0xFF, 0x3E, 0x27,
    0x80, 0xF0, 0x1E, 0x03, 0xC0, 0x78, 0x0F, 0x88, 0xFF, 0x9F, 0xF0, 0xFC, 0x0C, 0x01, 0xC0, 0x3C,
    0x03, 0x81, 0xF0, 0x3C, 0x00, 0x1E, 0x00, 0xF0, 0x03, 0xC0, 0x07, 0x00, 0x00, 0x07, 0xE0, 0xFF,
    0x87, 0xFE, 0x78, 0xF3, 0xC3, 0x9F, 0xFC, 0xFF, 0xE7, 0xFF, 0x3C, 0x01, 0xE0, 0x07, 0xFE, 0x1F,
    0xF0, 0x7F, 0x00, 0x01, 0xE0, 0x1F, 0x00, 0xF0, 0x0E, 0x00, 0x00, 0x07, 0xE0, 0xFF, 0x87, 0xFE,
    0x78, 0xF3, 0xC3, 0x9F, 0xFC, 0xFF, 0xE7, 0xFF, 0x3C, 0x01, 0xE0, 0x07, 0xFE, 0x1F, 0xF0, 0x7F,
    0x00, 0x07, 0x80, 0x7C, 0x07, 0xF0, 0x71, 0xC0, 0x00, 0x07, 0xE0, 0xFF, 0x87, 0xFE, 0x78, 0xF3,
    0xC3, 0x9F, 0xFC, 0xFF, 0xE7, 0xFF, 0x3C, 0x01, 0xE0, 0x07, 0xFE, 0x1F, 0xF0, 0x7F, 0x00, 0x18,
    0xC1, 0xEF, 0x07, 0x70, 0x00, 0x00, 0xFC, 0x1F, 0xF0, 0xFF, 0xCF, 0x1E, 0x78, 0x73, 0xFF, 0x9F,
    0xFC, 0xFF, 0xE7, 0x80, 0x3C, 0x00, 0xFF, 0xC3, 0xFE, 0x0F, 0xE0, 0xF0, 0x78, 0x3C, 0x1E, 0x00,
    0x3C, 0x3C, 0x3C, 0x3C, 0x3C, 0x3C, 0x3C, 0x3C, 0x3C, 0x3C, 0x3C, 0x3C, 0x3C, 0x0F, 0x0F, 0x8F,
    0x07, 0x00, 0x03, 0xC1, 0xE0, 0xF0, 0x78, 0x3C, 0x1E, 0x0F, 0x07, 0x83, 0xC1, 0xE0, 0xF0, 0x78,
    0x3C, 0x00, 0x1E, 0x07, 0xC3, 0xF9, 0xC7, 0x00, 0x07, 0x81, 0xE0, 0x78, 0x1E, 0x07, 0x81, 0xE0,
    0x78, 0x1E, 0x07, 0x81, 0xE0, 0x78, 0x1E, 0x07, 0x80, 0x67, 0x7B, 0x9D, 0xC0, 0x03, 0xC1, 0xE0,
    0xF0, 0x78, 0x3C, 0x1E, 0x0F, 0x07, 0x83, 0xC1, 0xE0, 0xF0, 0x78, 0x3C, 0x00, 0x00, 0x00, 0x3B,
    0x80, 0xFE, 0x01, 0xF0, 0x0F, 0xC0, 0x3F, 0x80, 0x0F, 0x03, 0xFC, 0x1F, 0xF0, 0xFF, 0xE7, 0xCF,
    0x9E, 0x1E, 0x78, 0x79, 0xE1, 0xE7, 0x87, 0x9E, 0x3C, 0x3F, 0xF0, 0xFF, 0x80, 0xFC, 0x00, 0x0E,
    0x30, 0x7F, 0xC1, 0xFE, 0x06, 0x78, 0x00, 0x01, 0xEF, 0x87, 0xFF, 0x1F, 0xFE, 0x7C, 0x79, 0xF1,
    0xE7, 0x87, 0x9E, 0x1E, 0x78, 0x79, 0xE1, 0xE7, 0x87, 0x9E, 0x1E, 0x78, 0x79, 0xE1, 0xE0, 0x1E,
    0x00, 0x7C, 0x00, 0x70, 0x00, 0xE0, 0x00, 0x00, 0x3F, 0x03, 0xFE, 0x0F, 0xFC, 0x78, 0xF1, 0xE1,
    0xE7, 0x87, 0x9E, 0x1E, 0x78, 0x79, 0xE1, 0xE7, 0xCF, 0x0F, 0xFC, 0x1F, 0xE0, 0x3F, 0x00, 0x00,
    0xE0, 0x07, 0x80, 0x3C, 0x01, 0xE0, 0x00, 0x00, 0x3F, 0x03, 0xFE, 0x0F, 0xFC, 0x78, 0xF1, 0xE1,
    0xE7, 0x87, 0x9E, 0x1E, 0x78, 0x79, 0xE1, 0xE7, 0xCF, 0x0F, 0xFC, 0x1F, 0xE0, 0x3F, 0x00, 0x07,
    0x80, 0x3F, 0x01, 0xFE, 0x0F, 0x38, 0x00, 0x00, 0x3F, 0x03, 0xFE, 0x0F, 0xFC, 0x78, 0xF1, 0xE1,
    0xE7, 0x87, 0x9E, 0x1E, 0x78, 0x79, 0xE1, 0xE7, 0xCF, 0x0F, 0xFC, 0x1F, 0xE0, 0x3F, 0x00, 0x0E,
    0x60, 0x7F, 0x83, 0xFE, 0x0E, 0xF0, 0x00, 0x00, 0x3F, 0x03, 0xFE, 0x0F, 0xFC, 0x78, 0xF1, 0xE1,
    0xE7, 0x87, 0x9E, 0x1E, 0x78, 0x79, 0xE1, 0xE7, 0xCF, 0x0F, 0xFC, 0x1F, 0xE0, 0x3F, 0x00, 0x1C,
    0xC0, 0x77, 0x81, 0xCE, 0x00, 0x00, 0x0F, 0xC0, 0xFF, 0x83, 0xFF, 0x1E, 0x3C, 0x78, 0x79, 0xE1,
    0xE7, 0x87, 0x9E, 0x1E, 0x78, 0x79, 0xF3, 0xC3, 0xFF, 0x07, 0xF8, 0x0F, 0xC0, 0x07, 0x00, 0x38,
    0x01, 0xC0, 0x0E, 0x00, 0x00, 0x3F, 0xF9, 0xFF, 0xCF, 0xFE, 0x07, 0x00, 0x38, 0x01, 0xC0, 0x0E,
    0x00, 0x00, 0x00, 0x00, 0x00, 0x20, 0x3F, 0xC3, 0xFF, 0x0F, 0xFC, 0x78, 0xF1, 0xE7, 0xE7, 0xBF,
    0x9E, 0xDE, 0x7F, 0x79, 0xF9, 0xE7, 0xCF, 0x0F, 0xFC, 0x3F, 0xE0, 0xFF, 0x03, 0x00, 0x00, 0x1E,
    0x00, 0x3C, 0x00, 0x78, 0x00, 0xF0, 0x00, 0x01, 0xE1, 0xE7, 0x87, 0x9E, 0x1E, 0x78, 0x79, 0xE1,
    0xE7, 0x87, 0x9E, 0x1E, 0x78, 0x79, 0xE1, 0xE7, 0xCF, 0x8F, 0xFE, 0x3F, 0xF8, 0x7E, 0xE0, 0x00,
    0xF0, 0x07, 0x80, 0x3C, 0x00, 0xE0, 0x00, 0x01, 0xE1, 0xE7, 0x87, 0x9E, 0x1E, 0x78, 0x79, 0xE1,
    0xE7, 0x87, 0x9E, 0x1E, 0x78, 0x79, 0xE1, 0xE7, 0xCF, 0x8F, 0xFE, 0x3F, 0xF8, 0x7E, 0xE0, 0x07,
    0x80, 0x3F, 0x01, 0xFE, 0x07, 0x3C, 0x00, 0x01, 0xE1, 0xE7, 0x87, 0x9E, 0x1E, 0x78, 0x79, 0xE1,
    0xE7, 0x87, 0x9E, 0x1E, 0x78, 0x79, 0xE1, 0xE7, 0xCF, 0x8F, 0xFE, 0x3F, 0xF8, 0x7E, 0xE0, 0x0C,
    0xE0, 0x7B, 0x81, 0xCE, 0x00, 0x00, 0x78, 0x79, 0xE1, 0xE7, 0x87, 0x9E, 0x1E, 0x78, 0x79, 0xE1,
    0xE7, 0x87, 0x9E, 0x1E, 0x78, 0x79, 0xF3, 0xE3, 0xFF, 0x8F, 0xFE, 0x1F, 0xB8, 0x01, 0xE0, 0x1E,
    0x01, 0xE0, 0x0E, 0x00, 0x00, 0x78, 0x3F, 0xC3, 0xCF, 0x1E, 0x78, 0xF3, 0xCF, 0x0F, 0x78, 0x7B,
    0xC3, 0xFC, 0x0F, 0xE0, 0x7F, 0x01, 0xF0, 0x0F, 0x80, 0x7C, 0x03, 0xC0, 0x1E, 0x01, 0xF0, 0x3F,
    0x01, 0xF0, 0x0F, 0x00, 0x78, 0x01, 0xE0, 0x07, 0x80, 0x1E, 0x00, 0x78, 0x01, 0xEF, 0x87, 0xFF,
    0x1F, 0xFE, 0x7C, 0x79, 0xF1, 0xE7, 0x87, 0x9E, 0x1E, 0x78, 0x79, 0xF1, 0xE7, 0xC7, 0x9F, 0xFC,
    0x7F, 0xF1, 0xEF, 0x87, 0x80, 0x1E, 0x00, 0x78, 0x01, 0xE0, 0x07, 0x80, 0x1E, 0x00, 0x19, 0xC1,
    0xEE, 0x0E, 0x70, 0x00, 0x0F, 0x07, 0xF8, 0x79, 0xE3, 0xCF, 0x1E, 0x79, 0xE1, 0xEF, 0x0F, 0x78,
    0x7F, 0x81, 0xFC, 0x0F, 0xE0, 0x3E, 0x01, 0xF0, 0x0F, 0x80, 0x78, 0x03, 0xC0, 0x3E, 0x07, 0xE0,
    0x3E, 0x01, 0xE0, 0x00, 0x0F, 0xE0, 0x0F, 0xF0, 0x0F, 0xF0, 0x00, 0x00, 0x07, 0xC0, 0x07, 0xC0,
    0x0F, 0xE0, 0x0F, 0xE0, 0x0E, 0xE0, 0x1E, 0xF0, 0x1E, 0xF0, 0x1E, 0x70, 0x3C, 0x78, 0x3C, 0x78,
    0x3F, 0xF8, 0x7F, 0xFC, 0x7F, 0xFC, 0x78, 0x3C, 0x78, 0x3E, 0xF0, 0x1E, 0xF0, 0x1E, 0x1F, 0xE0,
    0xFF, 0x07, 0xF8, 0x00, 0x01, 0xFC, 0x1F, 0xF0, 0xFF, 0xC2, 0x1E, 0x00, 0xF0, 0xFF, 0x9F, 0xFC,
    0xF9, 0xE7, 0x8F, 0x3C, 0xF9, 0xFF, 0xCF, 0xFE, 0x3E, 0x70, 0x1C, 0x70, 0x1F, 0xF0, 0x0F, 0xE0,
    0x07, 0xC0, 0x00, 0x00, 0x07, 0xC0, 0x07, 0xC0, 0x0F, 0xE0, 0x0F, 0xE0, 0x0E, 0xE0, 0x1E, 0xF0,
    0x1E, 0xF0, 0x1E, 0x70, 0x3C, 0x78, 0x3C, 0x78, 0x3F, 0xF8, 0x7F, 0xFC, 0x7F, 0xFC, 0x78, 0x3C,
    0x78, 0x3E, 0xF0, 0x1E, 0xF0, 0x1E, 0x38, 0xE0, 0xFF, 0x07, 0xF0, 0x1F, 0x00, 0x00, 0x0F, 0xE0,
    0xFF, 0x87, 0xFE, 0x10, 0xF0, 0x07, 0x87, 0xFC, 0xFF, 0xE7, 0xCF, 0x3C, 0x79, 0xE7, 0xCF, 0xFE,
    0x7F, 0xF1, 0xF3, 0x80, 0x07, 0xC0, 0x07, 0xC0, 0x0F, 0xE0, 0x0F, 0xE0, 0x0E, 0xE0, 0x1E, 0xF0,
    0x1E, 0xF0, 0x1E, 0x70, 0x3C, 0x78, 0x3C, 0x78, 0x3F, 0xF8, 0x7F, 0xFC, 0x7F, 0xFC, 0x78, 0x3C,
    0x78, 0x3E, 0xF0, 0x1E, 0xF0, 0x1E, 0x00, 0x1C, 0x00, 0x38, 0x00, 0x38, 0x00, 0x38, 0x00, 0x3E,
    0x00, 0x1E, 0x1F, 0xC1, 0xFF, 0x0F, 0xFC, 0x21, 0xE0, 0x0F, 0x0F, 0xF9, 0xFF, 0xCF, 0x9E, 0x78,
    0xF3, 0xCF, 0x9F, 0xFC, 0xFF, 0xE3, 0xE7, 0x00, 0x30, 0x03, 0x80, 0x38, 0x01, 0xC0, 0x0F, 0x80,
    0x3C, 0x00, 0x78, 0x03, 0xC0, 0x1E, 0x00, 0x70, 0x00, 0x00, 0x1F, 0xC0, 0xFF, 0x87, 0xFE, 0x3E,
    0x10, 0xF0, 0x07, 0xC0, 0x1E, 0x00, 0x78, 0x01, 0xE0, 0x07, 0x80, 0x1E, 0x00, 0x7C, 0x00, 0xF0,
    0x03, 0xE1, 0x87, 0xFE, 0x0F, 0xF8, 0x1F, 0xC0, 0x01, 0xE0, 0x3E, 0x07, 0x80, 0x70, 0x00, 0x00,
    0xFC, 0x3F, 0xE3, 0xFC, 0x7C, 0x47, 0x80, 0x78, 0x07, 0x80, 0x78, 0x07, 0x80, 0x7C, 0x43, 0xFE,
    0x3F, 0xE0, 0xFC, 0x03, 0xC0, 0x1F, 0x80, 0x7F, 0x03, 0x8E, 0x00, 0x00, 0x1F, 0xC0, 0xFF, 0x87,
    0xFE, 0x3E, 0x10, 0xF0, 0x07, 0xC0, 0x1E, 0x00, 0x78, 0x01, 0xE0, 0x07, 0x80, 0x1E, 0x00, 0x7C,
    0x00, 0xF0, 0x03, 0xE1, 0x87, 0xFE, 0x0F, 0xF8, 0x1F, 0xC0, 0x0F, 0x01, 0xF0, 0x7F, 0x1C, 0x70,
    0x00, 0x1F, 0x8F, 0xF9, 0xFE, 0x7C, 0x4F, 0x01, 0xE0, 0x3C, 0x07, 0x80, 0xF0, 0x1F, 0x11, 0xFF,
    0x3F, 0xE1, 0xF8, 0x01, 0xC0, 0x0F, 0x00, 0x1C, 0x00, 0x00, 0x07, 0xF0, 0x3F, 0xE1, 0xFF, 0x8F,
    0x84, 0x3C, 0x01, 0xF0, 0x07, 0x80, 0x1E, 0x00, 0x78, 0x01, 0xE0, 0x07, 0x80, 0x1F, 0x00, 0x3C,
    0x00, 0xF8, 0x61, 0xFF, 0x83, 0xFE, 0x07, 0xF0, 0x07, 0x01, 0xF0, 0x1C, 0x00, 0x00, 0xFC, 0x7F,
    0xCF, 0xF3, 0xE2, 0x78, 0x0F, 0x01, 0xE0, 0x3C, 0x07, 0x80, 0xF8, 0x8F, 0xF9, 0xFF, 0x0F, 0xC0,
    0x0C, 0x38, 0x3D, 0xC0, 0x7F, 0x00, 0xF8, 0x00, 0x00, 0x1F, 0xC0, 0xFF, 0x87, 0xFE, 0x3E, 0x10,
    0xF0, 0x07, 0xC0, 0x1E, 0x00, 0x78, 0x01, 0xE0, 0x07, 0x80, 0x1E, 0x00, 0x7C, 0x00, 0xF0, 0x03,
    0xE1, 0x87, 0xFE, 0x0F, 0xF8, 0x1F, 0xC0, 0x30, 0xE7, 0xBC, 0x7F, 0x07, 0xC0, 0x00, 0x1F, 0x8F,
    0xF9, 0xFE, 0x7C, 0x4F, 0x01, 0xE0, 0x3C, 0x07, 0x80, 0xF0, 0x1F, 0x11, 0xFF, 0x3F, 0xE1, 0xF8,
    0x1C, 0x38, 0x0E, 0x70, 0x07, 0xE0, 0x03, 0xE0, 0x00, 0x00, 0x3F, 0xE0, 0x3F, 0xF0, 0x3F, 0xF8,
    0x3C, 0x7C, 0x3C, 0x3E, 0x3C, 0x1E, 0x3C, 0x1E, 0x3C, 0x1E, 0x3C, 0x1E, 0x3C, 0x1E, 0x3C, 0x1E,
    0x3C, 0x1E, 0x3C, 0x3C, 0x3C, 0x7C, 0x3F, 0xF8, 0x3F, 0xF0, 0x3F, 0xC0, 0x00, 0x7F, 0x80, 0x1F,
    0xE0, 0x07, 0xF0, 0x01, 0xFC, 0x00, 0x78, 0x07, 0xDE, 0x03, 0xFF, 0x80, 0xFF, 0xE0, 0x78, 0xF8,
    0x1E, 0x1E, 0x07, 0x87, 0x81, 0xE1, 0xE0, 0x78, 0x78, 0x1E, 0x1E, 0x07, 0x8F, 0x80, 0xFF, 0xE0,
    0x3F, 0xF8, 0x07, 0xDE, 0x00, 0x3F, 0xE0, 0x3F, 0xF0, 0x3F, 0xF8, 0x3C, 0x7C, 0x3C, 0x3E, 0x3C,
    0x1E, 0x3C, 0x1E, 0xFF, 0x1E, 0xFF, 0x1E, 0xFF, 0x1E, 0x3C, 0x1E, 0x3C, 0x1E, 0x3C, 0x3C, 0x3C,
    0x7C, 0x3F, 0xF8, 0x3F, 0xF0, 0x3F, 0xC0, 0x00, 0x78, 0x07, 0xF8, 0x0F, 0xF0, 0x1F, 0xE0, 0x07,
    0x83, 0xEF, 0x0F, 0xFE, 0x1F, 0xFC, 0x78, 0xF8, 0xF0, 0xF1, 0xE1, 0xE3, 0xC3, 0xC7, 0x87, 0x8F,
    0x0F, 0x1E, 0x3E, 0x1F, 0xFC, 0x3F, 0xF8, 0x3E, 0xF0, 0x1F, 0xC1, 0xFE, 0x1F, 0xE0, 0x00, 0x3F,
    0xE3, 0xFE, 0x3F, 0xE3, 0xC0, 0x3C, 0x03, 0xC0, 0x3C, 0x03, 0xFE, 0x3F, 0xE3, 0xFE, 0x3C, 0x03,
    0xC0, 0x3C, 0x03, 0xC0, 0x3F, 0xE3, 0xFE, 0x3F, 0xE0, 0x1F, 0xC0, 0xFF, 0x07, 0xF8, 0x00, 0x00,
    0xFC, 0x1F, 0xF0, 0xFF, 0xCF, 0x1E, 0x78, 0x73, 0xFF, 0x9F, 0xFC, 0xFF, 0xE7, 0x80, 0x3C, 0x00,
    0xFF, 0xC3, 0xFE, 0x0F, 0xE0, 0x38, 0xE3, 0xFE, 0x1F, 0xC0, 0xF8, 0x00, 0x03, 0xFE, 0x3F, 0xE3,
    0xFE, 0x3C, 0x03, 0xC0, 0x3C, 0x03, 0xC0, 0x3F, 0xE3, 0xFE, 0x3F, 0xE3, 0xC0, 0x3C, 0x03, 0xC0,
    0x3C, 0x03, 0xFE, 0x3F, 0xE3, 0xFE, 0x38, 0xE1, 0xFF, 0x07, 0xF0, 0x1F, 0x00, 0x00, 0x07, 0xE0,
    0xFF, 0x87, 0xFE, 0x78, 0xF3, 0xC3, 0x9F, 0xFC, 0xFF, 0xE7, 0xFF, 0x3C, 0x01, 0xE0, 0x07, 0xFE,
    0x1F, 0xF0, 0x7F, 0x00, 0x07, 0x00, 0x78, 0x07, 0x00, 0x00, 0x3F, 0xE3, 0xFE, 0x3F, 0xE3, 0xC0,
    0x3C, 0x03, 0xC0, 0x3C, 0x03, 0xFE, 0x3F, 0xE3, 0xFE, 0x3C, 0x03, 0xC0, 0x3C, 0x03, 0xC0, 0x3F,
    0xE3, 0xFE, 0x3F, 0xE0, 0x07, 0x00, 0x3C, 0x01, 0xC0, 0x00, 0x00, 0xFC, 0x1F, 0xF0, 0xFF, 0xCF,
    0x1E, 0x78, 0x73, 0xFF, 0x9F, 0xFC, 0xFF, 0xE7, 0x80, 0x3C, 0x00, 0xFF, 0xC3, 0xFE, 0x0F, 0xE0,
    0x3F, 0xE3, 0xFE, 0x3F, 0xE3, 0xC0, 0x3C, 0x03, 0xC0, 0x3C, 0x03, 0xFE, 0x3F, 0xE3, 0xFE, 0x3C,
    0x03, 0xC0, 0x3C, 0x03, 0xC0, 0x3F, 0xE3, 0xFE, 0x3F, 0xE0, 0x0C, 0x01, 0xC0, 0x38, 0x03, 0x80,
    0x3E, 0x01, 0xE0, 0x0F, 0xC1, 0xFF, 0x0F, 0xF8, 0xF1, 0xE7, 0x87, 0x3F, 0xF9, 0xFF, 0xCF, 0xFE,
    0x78, 0x03, 0xC0, 0x0F, 0xFC, 0x3F, 0xE0, 0xFE, 0x00, 0x60, 0x07, 0x00, 0x70, 0x03, 0xC0, 0x0F,
    0x80, 0x78, 0x38, 0x63, 0xDE, 0x1F, 0xC0, 0xF8, 0x00, 0x03, 0xFE, 0x3F, 0xE3, 0xFE, 0x3C, 0x03,
    0xC0, 0x3C, 0x03, 0xC0, 0x3F, 0xE3, 0xFE, 0x3F, 0xE3, 0xC0, 0x3C, 0x03, 0xC0, 0x3C, 0x03, 0xFE,
    0x3F, 0xE3, 0xFE, 0x38, 0x61, 0xEF, 0x07, 0xF0, 0x1F, 0x00, 0x00, 0x07, 0xE0, 0xFF, 0x87, 0xFE,
    0x78, 0xF3, 0xC3, 0x9F, 0xFC, 0xFF, 0xE7, 0xFF, 0x3C, 0x01, 0xE0, 0x07, 0xFE, 0x1F, 0xF0, 0x7F,
    0x00, 0x01, 0xE0, 0x03, 0xF0, 0x07, 0xF8, 0x0F, 0x38, 0x00, 0x00, 0x03, 0xFC, 0x0F, 0xFC, 0x1F,
    0xFC, 0x3E, 0x08, 0x3C, 0x00, 0x7C, 0x00, 0x78, 0x00, 0x78, 0xFE, 0x78, 0xFE, 0x78, 0xFE, 0x78,
    0x1E, 0x7C, 0x1E, 0x3C, 0x1E, 0x3E, 0x1E, 0x1F, 0xFE, 0x0F, 0xFE, 0x07, 0xFC, 0x07, 0x80, 0x3F,
    0x01, 0xFE, 0x0F, 0x3C, 0x00, 0x00, 0x7D, 0xE3, 0xFF, 0x8F, 0xFE, 0x78, 0xF9, 0xE1, 0xE7, 0x87,
    0x9E, 0x1E, 0x78, 0x79, 0xE1, 0xE7, 0x8F, 0x8F, 0xFE, 0x3F, 0xF8, 0x7D, 0xE0, 0x07, 0x80, 0x3C,
    0x20, 0xF1, 0xFF, 0xC7, 0xFE, 0x0F, 0xF0, 0x06, 0x18, 0x07, 0xF8, 0x07, 0xF0, 0x03, 0xE0, 0x00,
    0x00, 0x03, 0xFC, 0x0F, 0xFC, 0x1F, 0xFC, 0x3E, 0x08, 0x3C, 0x00, 0x7C, 0x00, 0x78, 0x00, 0x78,
    0xFE, 0x78, 0xFE, 0x78, 0xFE, 0x78, 0x1E, 0x7C, 0x1E, 0x3C, 0x1E, 0x3E, 0x1E, 0x1F, 0xFE, 0x0F,
    0xFE, 0x07, 0xFC, 0x18, 0x60, 0x7F, 0x81, 0xFE, 0x03, 0xF0, 0x00, 0x00, 0x7D, 0xE3, 0xFF, 0x8F,
    0xFE, 0x78, 0xF9, 0xE1, 0xE7, 0x87, 0x9E, 0x1E, 0x78, 0x79, 0xE1, 0xE7, 0x8F, 0x8F, 0xFE, 0x3F,
    0xF8, 0x7D, 0xE0, 0x07, 0x80, 0x3C, 0x20, 0xF1, 0xFF, 0xC7, 0xFE, 0x0F, 0xF0, 0x01, 0xE0, 0x01,
    0xE0, 0x01, 0xE0, 0x00, 0x00, 0x03, 0xFC, 0x0F, 0xFC, 0x1F, 0xFC, 0x3E, 0x08, 0x3C, 0x00, 0x7C,
    0x00, 0x78, 0x00, 0x78, 0xFE, 0x78, 0xFE, 0x78, 0xFE, 0x78, 0x1E, 0x7C, 0x1E, 0x3C, 0x1E, 0x3E,
    0x1E, 0x1F, 0xFE, 0x0F, 0xFE, 0x07, 0xFC, 0x07, 0x80, 0x1E, 0x00, 0x78, 0x00, 0x00, 0x1F, 0x78,
    0xFF, 0xE3, 0xFF, 0x9E, 0x3E, 0x78, 0x79, 0xE1, 0xE7, 0x87, 0x9E, 0x1E, 0x78, 0x79, 0xE3, 0xE3,
    0xFF, 0x8F, 0xFE, 0x1F, 0x78, 0x01, 0xE0, 0x0F, 0x08, 0x3C, 0x7F, 0xF1, 0xFF, 0x83, 0xFC, 0x00,
    0x03, 0xFC, 0x0F, 0xFC, 0x1F, 0xFC, 0x3E, 0x08, 0x3C, 0x00, 0x7C, 0x00, 0x78, 0x00, 0x78, 0xFE,
    0x78, 0xFE, 0x78, 0xFE, 0x78, 0x1E, 0x7C, 0x1E, 0x3C, 0x1E, 0x3E, 0x1E, 0x1F, 0xFE, 0x0F, 0xFE,
    0x07, 0xFC, 0x00, 0x00, 0x01, 0xE0, 0x01, 0xC0, 0x01, 0xC0, 0x01, 0x80, 0x03, 0x80, 0x0E, 0x00,
    0x78, 0x01, 0xC0, 0x00, 0x00, 0x7D, 0xE3, 0xFF, 0x8F, 0xFE, 0x78, 0xF9, 0xE1, 0xE7, 0x87, 0x9E,
    0x1E, 0x78, 0x79, 0xE1, 0xE7, 0x8F, 0x8F, 0xFE, 0x3F, 0xF8, 0x7D, 0xE0, 0x07, 0x80, 0x3C, 0x20,
    0xF1, 0xFF, 0xC7, 0xFE, 0x0F, 0xF0, 0x03, 0xC0, 0x01, 0xF0, 0x01, 0xFC, 0x01, 0xC7, 0x00, 0x00,
    0x01, 0xE0, 0xF0, 0xF0, 0x78, 0x78, 0x3C, 0x3C, 0x1E, 0x1E, 0x0F, 0x0F, 0x07, 0x87, 0x83, 0xC3,
    0xFF, 0xE1, 0xFF, 0xF0, 0xFF, 0xF8, 0x78, 0x3C, 0x3C, 0x1E, 0x1E, 0x0F, 0x0F, 0x07, 0x87, 0x83,
    0xC3, 0xC1, 0xE1, 0xE0, 0xF0, 0x1E, 0x00, 0x1F, 0x00, 0x3F, 0x80, 0x71, 0xC0, 0x00, 0x00, 0x1E,
    0x00, 0x1E, 0x00, 0x1E, 0x00, 0x1E, 0x00, 0x1E, 0x00, 0x1E, 0xF8, 0x1F, 0xFC, 0x1F, 0xFE, 0x1F,
    0x1E, 0x1F, 0x1E, 0x1E, 0x1E, 0x1E, 0x1E, 0x1E, 0x1E, 0x1E, 0x1E, 0x1E, 0x1E, 0x1E, 0x1E, 0x1E,
    0x1E, 0x1E, 0x1E, 0x1E, 0x0F, 0x07, 0x83, 0xC7, 0xFF, 0xFD, 0xFF, 0xFF, 0x7F, 0xFF, 0xC7, 0x83,
    0xC1, 0xE0, 0xF0, 0x7F, 0xFC, 0x1F, 0xFF, 0x07, 0xFF, 0xC1, 0xE0, 0xF0, 0x78, 0x3C, 0x1E, 0x0F,
    0x07, 0x83, 0xC1, 0xE0, 0xF0, 0x78, 0x3C, 0x1E, 0x0F, 0x00, 0x78, 0x01, 0xE0, 0x0F, 0xF8, 0x3F,
    0xE0, 0xFF, 0x01, 0xEF, 0x87, 0xFF, 0x1F, 0xFE, 0x7C, 0x79, 0xF1, 0xE7, 0x87, 0x9E, 0x1E, 0x78,
    0x79, 0xE1, 0xE7, 0x87, 0x9E, 0x1E, 0x78, 0x79, 0xE1, 0xE0, 0x38, 0xDF, 0xF7, 0xFD, 0x9E, 0x00,
    0x1F, 0xE3, 0xF8, 0xFC, 0x1E, 0x07, 0x81, 0xE0, 0x78, 0x1E, 0x07, 0x81, 0xE0, 0x78, 0x1E, 0x07,
    0x81, 0xE0, 0xFC, 0x3F, 0x9F, 0xE0, 0x38, 0xDF, 0xF7, 0xFD, 0x9E, 0x00, 0x07, 0x81, 0xE0, 0x78,
    0x1E, 0x07, 0x81, 0xE0, 0x78, 0x1E, 0x07, 0x81, 0xE0, 0x78, 0x1E, 0x07, 0x80, 0x7F, 0x7F, 0xBF,
    0xC0, 0x0F, 0xF3, 0xF9, 0xF8, 0x78, 0x3C, 0x1E, 0x0F, 0x07, 0x83, 0xC1, 0xE0, 0xF0, 0x78, 0x3C,
    0x1E, 0x1F, 0x8F, 0xEF, 0xF0, 0x7F, 0x7F, 0xBF, 0xC0, 0x03, 0xC1, 0xE0, 0xF0, 0x78, 0x3C, 0x1E,
    0x0F, 0x07, 0x83, 0xC1, 0xE0, 0xF0, 0x78, 0x3C, 0x00, 0xE3, 0xFF, 0xDF, 0xC7, 0xC0, 0x07, 0xF9,
    0xFC, 0xFC, 0x3C, 0x1E, 0x0F, 0x07, 0x83, 0xC1, 0xE0, 0xF0, 0x78, 0x3C, 0x1E, 0x0F, 0x0F, 0xC7,
    0xF7, 0xF8, 0xE3, 0xFF, 0xDF, 0xC7, 0xC0, 0x01, 0xE0, 0xF0, 0x78, 0x3C, 0x1E, 0x0F, 0x07, 0x83,
    0xC1, 0xE0, 0xF0, 0x78, 0x3C, 0x1E, 0x00, 0xFF, 0x3F, 0x9F, 0x87, 0x83, 0xC1, 0xE0, 0xF0, 0x78,
    0x3C, 0x1E, 0x0F, 0x07, 0x83, 0xC1, 0xE1, 0xF8, 0xFE, 0xFF, 0x03, 0x03, 0x83, 0x81, 0xC0, 0xF8,
    0x3C, 0x38, 0xF0, 0xE0, 0x00, 0x0F, 0x1E, 0x3C, 0x78, 0xF1, 0xE3, 0xC7, 0x8F, 0x1E, 0x3C, 0x78,
    0xF0, 0xE3, 0x87, 0x0E, 0x1F, 0x3E, 0x1C, 0x1F, 0x07, 0x00, 0x0F, 0xF3, 0xF9, 0xF8, 0x78, 0x3C,
    0x1E, 0x0F, 0x07, 0x83, 0xC1, 0xE0, 0xF0, 0x78, 0x3C, 0x1E, 0x1F, 0x8F, 0xEF, 0xF0, 0x78, 0xF1,
    0xE3, 0xC7, 0x8F, 0x1E, 0x3C, 0x78, 0xF1, 0xE3, 0xC7, 0x80, 0xFF, 0x3C, 0x7F, 0x3C, 0x7E, 0x3C,
    0x3C, 0x3C, 0x3C, 0x3C, 0x3C, 0x3C, 0x3C, 0x3C, 0x3C, 0x3C, 0x3C, 0x3C, 0x3C, 0x3C, 0x3C, 0x3C,
    0x3C, 0x3C, 0x3C, 0x3C, 0x3C, 0x3C, 0x7E, 0x3C, 0x7F, 0x3C, 0xFF, 0x3C, 0x00, 0x3C, 0x00, 0x3C,
    0x01, 0xFC, 0x01, 0xF8, 0x01, 0xE0, 0x38, 0xF1, 0xE3, 0xC3, 0x8F, 0x00, 0x00, 0x00, 0x01, 0xE3,
    0xC7, 0x8F, 0x1E, 0x3C, 0x78, 0xF1, 0xE3, 0xC7, 0x8F, 0x1E, 0x3C, 0x78, 0xF1, 0xE3, 0xC7, 0x8F,
    0x1E, 0x3C, 0x78, 0xF1, 0xE3, 0xC0, 0x0F, 0x00, 0x3C, 0x00, 0xF0, 0x1F, 0xC0, 0x7E, 0x01, 0xF0,
    0x0F, 0x03, 0xF0, 0xFE, 0x38, 0xE0, 0x00, 0x1E, 0x03, 0xC0, 0x78, 0x0F, 0x01, 0xE0, 0x3C, 0x07,
    0x80, 0xF0, 0x1E, 0x03, 0xC0, 0x78, 0x0F, 0x01, 0xE0, 0x3C, 0x07, 0x80, 0xF0, 0x1E, 0x03, 0xC0,
    0xF0, 0xFE, 0x1F, 0x83, 0xE0, 0x00, 0x1E, 0x07, 0xC3, 0xF9, 0xC7, 0x00, 0x07, 0x81, 0xE0, 0x78,
    0x1E, 0x07, 0x81, 0xE0, 0x78, 0x1E, 0x07, 0x81, 0xE0, 0x78, 0x1E, 0x07, 0x81, 0xE0, 0x78, 0x1E,
    0x1F, 0x87, 0xC1, 0xF0, 0x3C, 0x3C, 0x78, 0xF8, 0xF1, 0xE1, 0xE7, 0x83, 0xDF, 0x07, 0xBC, 0x0F,
    0xF0, 0x1F, 0xE0, 0x3F, 0xC0, 0x7F, 0xC0, 0xF7, 0x81, 0xEF, 0x83, 0xCF, 0x07, 0x8F, 0x0F, 0x1E,
    0x1E, 0x1E, 0x3C, 0x3E, 0x00, 0x00, 0x0F, 0x00, 0x1C, 0x00, 0x38, 0x00, 0x60, 0x00, 0x78, 0x01,
    0xE0, 0x07, 0x80, 0x1E, 0x00, 0x78, 0x01, 0xE1, 0xE7, 0x8F, 0x1E, 0x7C, 0x7B, 0xE1, 0xEF, 0x07,
    0xF8, 0x1F, 0xF0, 0x7F, 0xC1, 0xF7, 0x87, 0x9F, 0x1E, 0x3C, 0x78, 0x79, 0xE1, 0xF0, 0x00, 0x01,
    0xE0, 0x07, 0x80, 0x1C, 0x00, 0x70, 0x00, 0x78, 0x79, 0xE3, 0xC7, 0x8F, 0x1E, 0x78, 0x7B, 0xC1,
    0xFE, 0x07, 0xFC, 0x1F, 0xF0, 0x7D, 0xE1, 0xE7, 0xC7, 0x8F, 0x1E, 0x1E, 0x78, 0x7C, 0x0F, 0x00,
    0xF0, 0x1E, 0x03, 0x80, 0x00, 0x03, 0xC0, 0x3C, 0x03, 0xC0, 0x3C, 0x03, 0xC0, 0x3C, 0x03, 0xC0,
    0x3C, 0x03, 0xC0, 0x3C, 0x03, 0xC0, 0x3C, 0x03, 0xC0, 0x3C, 0x03, 0xFF, 0x3F, 0xF3, 0xFF, 0x0F,
    0x0F, 0x8F, 0x07, 0x00, 0x03, 0xC1, 0xE0, 0xF0, 0x78, 0x3C, 0x1E, 0x0F, 0x07, 0x83, 0xC1, 0xE0,
    0xF0, 0x78, 0x3C, 0x1E, 0x0F, 0x07, 0x83, 0xC1, 0xE0, 0x3C, 0x03, 0xC0, 0x3C, 0x03, 0xC0, 0x3C,
    0x03, 0xC0, 0x3C, 0x03, 0xC0, 0x3C, 0x03, 0xC0, 0x3C, 0x03, 0xC0, 0x3C, 0x03, 0xC0, 0x3F, 0xF3,
    0xFF, 0x3F, 0xF0, 0x00, 0x07, 0x80, 0x70, 0x07, 0x00, 0x60, 0x78, 0xF1, 0xE3, 0xC7, 0x8F, 0x1E,
    0x3C, 0x78, 0xF1, 0xE3, 0xC7, 0x8F, 0x1E, 0x3C, 0x78, 0xF0, 0x01, 0xC3, 0x8F, 0x1C, 0x00, 0x3C,
    0x71, 0xE3, 0x8F, 0x3C, 0x79, 0xC3, 0xC0, 0x1E, 0x00, 0xF0, 0x07, 0x80, 0x3C, 0x01, 0xE0, 0x0F,
    0x00, 0x78, 0x03, 0xC0, 0x1E, 0x00, 0xFF, 0xC7, 0xFE, 0x3F, 0xF0, 0x7B, 0xDE, 0xE7, 0xB9, 0xEC,
    0x78, 0x1E, 0x07, 0x81, 0xE0, 0x78, 0x1E, 0x07, 0x81, 0xE0, 0x78, 0x1E, 0x07, 0x81, 0xE0, 0x78,
    0x1E, 0x00, 0x3C, 0x03, 0xC0, 0x3C, 0x03, 0xC0, 0x3C, 0x03, 0xC0, 0x3C, 0x03, 0xCE, 0x3C, 0xF3,
    0xCE, 0x3C, 0x03, 0xC0, 0x3C, 0x03, 0xC0, 0x3F, 0xF3, 0xFF, 0x3F, 0xF0, 0x78, 0x1E, 0x07, 0x81,
    0xE0, 0x78, 0x1E, 0x07, 0x81, 0xE0, 0x7B, 0x9F, 0xF7, 0xB9, 0xE0, 0x78, 0x1E, 0x07, 0x81, 0xE0,
    0x78, 0x1E, 0x00, 0x1E, 0x00, 0xF0, 0x07, 0x80, 0x3C, 0x01, 0xE0, 0x0F, 0xC0, 0x7F, 0x03, 0xF0,
    0x3F, 0x03, 0xF0, 0x1F, 0x80, 0x7C, 0x01, 0xE0, 0x0F, 0x00, 0x7F, 0xE3, 0xFF, 0x1F, 0xF8, 0x1E,
    0x0F, 0x07, 0x83, 0xC1, 0xE0, 0xF0, 0x78, 0x3E, 0x1F, 0x9F, 0x9F, 0x8F, 0xC3, 0xE0, 0xF0, 0x78,
    0x3C, 0x1E, 0x0F, 0x00, 0x00, 0x3C, 0x00, 0x1E, 0x00, 0x0F, 0x00, 0x07, 0x80, 0x00, 0x00, 0x0F,
    0x83, 0xC3, 0xE0, 0xF0, 0xFC, 0x3C, 0x3F, 0x0F, 0x0F, 0xE3, 0xC3, 0xF8, 0xF0, 0xEF, 0x3C, 0x3B,
    0xCF, 0x0E, 0x7B, 0xC3, 0x9F, 0xF0, 0xE3, 0xDC, 0x38, 0xFF, 0x0E, 0x1F, 0xC3, 0x87, 0xF0, 0xE0,
    0xFC, 0x38, 0x1F, 0x0E, 0x07, 0xC0, 0x00, 0xF0, 0x07, 0x80, 0x3C, 0x00, 0xE0, 0x00, 0x01, 0xEF,
    0x87, 0xFF, 0x1F, 0xFE, 0x7C, 0x79, 0xF1, 0xE7, 0x87, 0x9E, 0x1E, 0x78, 0x79, 0xE1, 0xE7, 0x87,
    0x9E, 0x1E, 0x78, 0x79, 0xE1, 0xE0, 0x3E, 0x0F, 0x0F, 0x83, 0xC3, 0xF0, 0xF0, 0xFC, 0x3C, 0x3F,
    0x8F, 0x0F, 0xE3, 0xC3, 0xBC, 0xF0, 0xEF, 0x3C, 0x39, 0xEF, 0x0E, 0x7F, 0xC3, 0x8F, 0x70, 0xE3,
    0xFC, 0x38, 0x7F, 0x0E, 0x1F, 0xC3, 0x83, 0xF0, 0xE0, 0x7C, 0x38, 0x1F, 0x00, 0x00, 0x00, 0x1E,
    0x00, 0x07, 0x80, 0x01, 0xC0, 0x00, 0x70, 0x00, 0x7B, 0xE1, 0xFF, 0xC7, 0xFF, 0x9F, 0x1E, 0x7C,
    0x79, 0xE1, 0xE7, 0x87, 0x9E, 0x1E, 0x78, 0x79, 0xE1, 0xE7, 0x87, 0x9E, 0x1E, 0x78, 0x78, 0x00,
    0x00, 0x38, 0x01, 0xE0, 0x07, 0x00, 0x1C, 0x00, 0x0E, 0x18, 0x01, 0xCE, 0x00, 0x3F, 0x00, 0x0F,
    0x80, 0x00, 0x00, 0x0F, 0x83, 0xC3, 0xE0, 0xF0, 0xFC, 0x3C, 0x3F, 0x0F, 0x0F, 0xE3, 0xC3, 0xF8,
    0xF0, 0xEF, 0x3C, 0x3B, 0xCF, 0x0E, 0x7B, 0xC3, 0x9F, 0xF0, 0xE3, 0xDC, 0x38, 0xFF, 0x0E, 0x1F,
    0xC3, 0x87, 0xF0, 0xE0, 0xFC, 0x38, 0x1F, 0x0E, 0x07, 0xC0, 0x18, 0x70, 0x7B, 0xC0, 0xFE, 0x01,
    0xF0, 0x00, 0x01, 0xEF, 0x87, 0xFF, 0x1F, 0xFE, 0x7C, 0x79, 0xF1, 0xE7, 0x87, 0x9E, 0x1E, 0x78,
    0x79, 0xE1, 0xE7, 0x87, 0x9E, 0x1E, 0x78, 0x79, 0xE1, 0xE0, 0x78, 0x00, 0x38, 0x00, 0x1C, 0x00,
    0x1E, 0x00, 0x0E, 0xE7, 0xC7, 0x7F, 0xF0, 0x3F, 0xF8, 0x1F, 0x3E, 0x0F, 0x0F, 0x07, 0x87, 0x83,
    0xC3, 0xC1, 0xE1, 0xE0, 0xF0, 0xF0, 0x78, 0x78, 0x3C, 0x3C, 0x1E, 0x1E, 0x0F, 0x0F, 0x00, 0x3E,
    0x0F, 0x0F, 0x83, 0xC3, 0xF0, 0xF0, 0xFE, 0x3C, 0x3F, 0x8F, 0x0F, 0xF3, 0xC3, 0xBE, 0xF0, 0xE7,
    0xBC, 0x39, 0xF7, 0x0E, 0x3F, 0xC3, 0x87, 0xF0, 0xE1, 0xFC, 0x38, 0x3F, 0x0E, 0x0F, 0xC3, 0x81,
    0xF0, 0xE0, 0x3C, 0x38, 0x0F, 0x00, 0x03, 0xC0, 0x00, 0xF0, 0x01, 0xFC, 0x00, 0x7E, 0x00, 0x1F,
    0x00, 0x7B, 0xE1, 0xFF, 0xC7, 0xFF, 0x9F, 0x1E, 0x7C, 0x79, 0xE1, 0xE7, 0x87, 0x9E, 0x1E, 0x78,
    0x79, 0xE1, 0xE7, 0x87, 0x9E, 0x1E, 0x78, 0x78, 0x01, 0xE0, 0x07, 0x80, 0x1E, 0x01, 0xF8, 0x07,
    0xC0, 0x1E, 0x00, 0x07, 0xF8, 0x03, 0xFC, 0x01, 0xFE, 0x00, 0x00, 0x00, 0x7F, 0x00, 0x7F, 0xE0,
    0x7F, 0xF8, 0x7C, 0x3C, 0x3C, 0x1F, 0x3E, 0x07, 0x9E, 0x03, 0xCF, 0x01, 0xE7, 0x80, 0xF3, 0xC0,
    0x79, 0xE0, 0x3C, 0xF8, 0x1E, 0x3C, 0x1F, 0x1F, 0x0F, 0x07, 0xFF, 0x81, 0xFF, 0x80, 0x7F, 0x00,
    0x1F, 0xE0, 0x7F, 0x81, 0xFE, 0x00, 0x00, 0x0F, 0xC0, 0xFF, 0x83, 0xFF, 0x1E, 0x3C, 0x78, 0x79,
    0xE1, 0xE7, 0x87, 0x9E, 0x1E, 0x78, 0x79, 0xF3, 0xC3, 0xFF, 0x07, 0xF8, 0x0F, 0xC0, 0x0E, 0x38,
    0x03, 0xFC, 0x01, 0xFC, 0x00, 0x7C, 0x00, 0x00, 0x00, 0x3F, 0x80, 0x3F, 0xF0, 0x3F, 0xFC, 0x3E,
    0x1E, 0x1E, 0x0F, 0x9F, 0x03, 0xCF, 0x01, 0xE7, 0x80, 0xF3, 0xC0, 0x79, 0xE0, 0x3C, 0xF0, 0x1E,
    0x7C, 0x0F, 0x1E, 0x0F, 0x8F, 0x87, 0x83, 0xFF, 0xC0, 0xFF, 0xC0, 0x3F, 0x80, 0x38, 0x60, 0x7F,
    0x81, 0xFC, 0x03, 0xE0, 0x00, 0x00, 0x3F, 0x03, 0xFE, 0x0F, 0xFC, 0x78, 0xF1, 0xE1, 0xE7, 0x87,
    0x9E, 0x1E, 0x78, 0x79, 0xE1, 0xE7, 0xCF, 0x0F, 0xFC, 0x1F, 0xE0, 0x3F, 0x00, 0x07, 0xBC, 0x03,
    0xBC, 0x03, 0x9C, 0x01, 0x9C, 0x00, 0x00, 0x00, 0x3F, 0x80, 0x3F, 0xF0, 0x3F, 0xFC, 0x3E, 0x1E,
    0x1E, 0x0F, 0x9F, 0x03, 0xCF, 0x01, 0xE7, 0x80, 0xF3, 0xC0, 0x79, 0xE0, 0x3C, 0xF0, 0x1E, 0x7C,
    0x0F, 0x1E, 0x0F, 0x8F, 0x87, 0x83, 0xFF, 0xC0, 0xFF, 0xC0, 0x3F, 0x80, 0x0E, 0xF0, 0x7F, 0x83,
    0xDC, 0x0E, 0xE0, 0x00, 0x00, 0x3F, 0x03, 0xFE, 0x0F, 0xFC, 0x78, 0xF1, 0xE1, 0xE7, 0x87, 0x9E,
    0x1E, 0x78, 0x79, 0xE1, 0xE7, 0xCF, 0x0F, 0xFC, 0x1F, 0xE0, 0x3F, 0x00, 0x07, 0xFF, 0xF0, 0x7F,
    0xFF, 0x87, 0xFF, 0xFC, 0x7C, 0x78, 0x03, 0xC3, 0xC0, 0x3E, 0x1E, 0x01, 0xE0, 0xF0, 0x0F, 0x07,
    0xFE, 0x78, 0x3F, 0xF3, 0xC1, 0xFF, 0x9E, 0x0F, 0x00, 0xF8, 0x78, 0x03, 0xC3, 0xC0, 0x1F, 0x1E,
    0x00, 0x7F, 0xFF, 0xC1, 0xFF, 0xFE, 0x07, 0xFF, 0xF0, 0x0F, 0xCF, 0xC1, 0xFF, 0xFF, 0x0F, 0xFF,
    0xFC, 0xF1, 0xF9, 0xE7, 0x87, 0x87, 0xBC, 0x3F, 0xFD, 0xE1, 0xFF, 0xEF, 0x0F, 0xFF, 0x78, 0x78,
    0x03, 0xE7, 0xE0, 0x8F, 0xFF, 0xFC, 0x3F, 0xFF, 0xE0, 0xFC, 0xFE, 0x00, 0x00, 0xF0, 0x03, 0xE0,
    0x07, 0x00, 0x1C, 0x00, 0x00, 0x07, 0xF8, 0x0F, 0xFC, 0x1F, 0xFC, 0x3C, 0xF8, 0x78, 0xF0, 0xF1,
    0xE1, 0xE3, 0xC3, 0xCF, 0x87, 0xFE, 0x0F, 0xF8, 0x1F, 0xF0, 0x3D, 0xE0, 0x79, 0xE0, 0xF3, 0xE1,
    0xE3, 0xC3, 0xC3, 0xC7, 0x87, 0x80, 0x03, 0xC0, 0xF8, 0x1E, 0x07, 0x00, 0x00, 0xF7, 0x9F, 0xF3,
    0xFE, 0x7C, 0x0F, 0x81, 0xE0, 0x3C, 0x07, 0x80, 0xF0, 0x1E, 0x03, 0xC0, 0x78, 0x0F, 0x00, 0x3F,
    0xC0, 0x7F, 0xE0, 0xFF, 0xE1, 0xE7, 0xC3, 0xC7, 0x87, 0x8F, 0x0F, 0x1E, 0x1E, 0x7C, 0x3F, 0xF0,
    0x7F, 0xC0, 0xFF, 0x81, 0xEF, 0x03, 0xCF, 0x07, 0x9F, 0x0F, 0x1E, 0x1E, 0x1E, 0x3C, 0x3C, 0x00,
    0x00, 0x0F, 0x00, 0x1C, 0x00, 0x38, 0x00, 0x60, 0x00, 0x7B, 0xDF, 0xF7, 0xFD, 0xF0, 0x7C, 0x1E,
    0x07, 0x81, 0xE0, 0x78, 0x1E, 0x07, 0x81, 0xE0, 0x78, 0x00, 0x03, 0xC0, 0xE0, 0x38, 0x1C, 0x00,
    0x18, 0x70, 0x3D, 0xE0, 0x3F, 0x80, 0x3E, 0x00, 0x00, 0x07, 0xF8, 0x0F, 0xFC, 0x1F, 0xFC, 0x3C,
    0xF8, 0x78, 0xF0, 0xF1, 0xE1, 0xE3, 0xC3, 0xCF, 0x87, 0xFE, 0x0F, 0xF8, 0x1F, 0xF0, 0x3D, 0xE0,
    0x79, 0xE0, 0xF3, 0xE1, 0xE3, 0xC3, 0xC3, 0xC7, 0x87, 0x80, 0x70, 0xCF, 0x78, 0xFE, 0x0F, 0x80,
    0x00, 0xF7, 0x9F, 0xF3, 0xFE, 0x7C, 0x0F, 0x81, 0xE0, 0x3C, 0x07, 0x80, 0xF0, 0x1E, 0x03, 0xC0,
    0x78, 0x0F, 0x00, 0x01, 0xE0, 0x3E, 0x07, 0x80, 0x70, 0x00, 0x01, 0xFC, 0x3F, 0xE7, 0xFE, 0x78,
    0x67, 0x80, 0x78, 0x07, 0xE0, 0x3F, 0x81, 0xFC, 0x0F, 0xE0, 0x3E, 0x01, 0xF0, 0x0F, 0x61, 0xE7,
    0xFE, 0x7F, 0xC7, 0xF8, 0x03, 0xC0, 0xF8, 0x1C, 0x07, 0x00, 0x00, 0x3F, 0x1F, 0xF3, 0xFE, 0x78,
    0x8F, 0x01, 0xFC, 0x1F, 0xC0, 0xFC, 0x07, 0x90, 0xF3, 0xFE, 0x7F, 0xCF, 0xE0, 0x0F, 0x01, 0xF8,
    0x1F, 0xC3, 0x8E, 0x00, 0x01, 0xFC, 0x3F, 0xE7, 0xFE, 0x78, 0x67, 0x80, 0x78, 0x07, 0xE0, 0x3F,
    0x81, 0xFC, 0x0F, 0xE0, 0x3E, 0x01, 0xF0, 0x0F, 0x61, 0xE7, 0xFE, 0x7F, 0xC7, 0xF8, 0x1F, 0x03,
    0xE0, 0xFE, 0x38, 0xE0, 0x00, 0x3F, 0x1F, 0xF3, 0xFE, 0x78, 0x8F, 0x01, 0xFC, 0x1F, 0xC0, 0xFC,
    0x07, 0x90, 0xF3, 0xFE, 0x7F, 0xCF, 0xE0, 0x1F, 0xC3, 0xFE, 0x7F, 0xE7, 0x86, 0x78, 0x07, 0x80,
    0x7E, 0x03, 0xF8, 0x1F, 0xC0, 0xFE, 0x03, 0xE0, 0x1F, 0x00, 0xF6, 0x1E, 0x7F, 0xE7, 0xFC, 0x7F,
    0x80, 0x60, 0x0E, 0x00, 0xF0, 0x07, 0x81, 0xF0, 0x1F, 0x00, 0x1F, 0x8F, 0xF9, 0xFF, 0x3C, 0x47,
    0x80, 0xFE, 0x0F, 0xE0, 0x7E, 0x03, 0xC8, 0x79, 0xFF, 0x3F, 0xE7, 0xF0, 0x18, 0x07, 0x80, 0x78,
    0x07, 0x07, 0xE0, 0x78, 0x00, 0x30, 0xE3, 0xDE, 0x1F, 0xC0, 0xF8, 0x00, 0x01, 0xFC, 0x3F, 0xE7,
    0xFE, 0x78, 0x67, 0x80, 0x78, 0x07, 0xE0, 0x3F, 0x81, 0xFC, 0x0F, 0xE0, 0x3E, 0x01, 0xF0, 0x0F,
    0x61, 0xE7, 0xFE, 0x7F, 0xC7, 0xF8, 0x60, 0xCF, 0x78, 0xFE, 0x0F, 0x80, 0x00, 0x3F, 0x1F, 0xF3,
    0xFE, 0x78, 0x8F, 0x01, 0xFC, 0x1F, 0xC0, 0xFC, 0x07, 0x90, 0xF3, 0xFE, 0x7F, 0xCF, 0xE0, 0xFF,
    0xF7, 0xFF, 0xBF, 0xFC, 0x1E, 0x00, 0xF0, 0x07, 0x80, 0x3C, 0x01, 0xE0, 0x0F, 0x00, 0x78, 0x03,
    0xC0, 0x1E, 0x00, 0xF0, 0x07, 0x80, 0x3C, 0x01, 0xE0, 0x0F, 0x00, 0x30, 0x01, 0xC0, 0x0F, 0x00,
    0x38, 0x07, 0xC0, 0x3C, 0x00, 0x18, 0x0E, 0x0F, 0x0F, 0xFF, 0xFF, 0xFC, 0xF0, 0x78, 0x3C, 0x1E,
    0x0F, 0x07, 0x83, 0xC1, 0xFC, 0xFE, 0x3F, 0x0C, 0x07, 0x03, 0xC0, 0xE1, 0xF0, 0xF0, 0x30, 0xE1,
    0xEF, 0x07, 0xF0, 0x1F, 0x00, 0x00, 0x7F, 0xFB, 0xFF, 0xDF, 0xFE, 0x0F, 0x00, 0x78, 0x03, 0xC0,
    0x1E, 0x00, 0xF0, 0x07, 0x80, 0x3C, 0x01, 0xE0, 0x0F, 0x00, 0x78, 0x03, 0xC0, 0x1E, 0x00, 0xF0,
    0x07, 0x80, 0x00, 0x78, 0x03, 0x86, 0x1C, 0x38, 0xC3, 0xC0, 0x3F, 0xC3, 0xFE, 0x1F, 0xF0, 0x3C,
    0x01, 0xE0, 0x0F, 0x00, 0x78, 0x03, 0xC0, 0x1E, 0x00, 0xF0, 0x07, 0xF0, 0x3F, 0x80, 0xFC, 0x00,
    0xFF, 0xF7, 0xFF, 0xBF, 0xFC, 0x1E, 0x00, 0xF0, 0x07, 0x80, 0x3C, 0x07, 0xFC, 0x3F, 0xE1, 0xFF,
    0x03, 0xC0, 0x1E, 0x00, 0xF0, 0x07, 0x80, 0x3C, 0x01, 0xE0, 0x0F, 0x00, 0x18, 0x0E, 0x0F, 0x0F,
    0xFF, 0xFF, 0xFC, 0xF0, 0x78, 0xFF, 0xFF, 0xFF, 0xC7, 0x83, 0xC1, 0xFC, 0xFE, 0x3F, 0x07, 0x18,
    0x0F, 0xF8, 0x0F, 0xF0, 0x0D, 0xF0, 0x00, 0x00, 0x3C, 0x1E, 0x3C, 0x1E, 0x3C, 0x1E, 0x3C, 0x1E,
    0x3C, 0x1E, 0x3C, 0x1E, 0x3C, 0x1E, 0x3C, 0x1E, 0x3C, 0x1E, 0x3C, 0x1E, 0x3C, 0x1E, 0x3C, 0x1E,
    0x3C, 0x1E, 0x3E, 0x3C, 0x3F, 0xFC, 0x1F, 0xF8, 0x07, 0xF0, 0x0E, 0x30, 0x7F, 0xC1, 0xFE, 0x06,
    0xF8, 0x00, 0x01, 0xE1, 0xE7, 0x87, 0x9E, 0x1E, 0x78, 0x79, 0xE1, 0xE7, 0x87, 0x9E, 0x1E, 0x78,
    0x79, 0xE1, 0xE7, 0xCF, 0x8F, 0xFE, 0x3F, 0xF8, 0x7E, 0xE0, 0x0F, 0xF0, 0x0F, 0xF0, 0x0F, 0xF0,
    0x00, 0x00, 0x3C, 0x1E, 0x3C, 0x1E, 0x3C, 0x1E, 0x3C, 0x1E, 0x3C, 0x1E, 0x3C, 0x1E, 0x3C, 0x1E,
    0x3C, 0x1E, 0x3C, 0x1E, 0x3C, 0x1E, 0x3C, 0x1E, 0x3C, 0x1E, 0x3C, 0x1E, 0x3E, 0x3C, 0x3F, 0xFC,
    0x1F, 0xF8, 0x07, 0xF0, 0x1F, 0xE0, 0x7F, 0x81, 0xFE, 0x00, 0x00, 0x78, 0x79, 0xE1, 0xE7, 0x87,
    0x9E, 0x1E, 0x78, 0x79, 0xE1, 0xE7, 0x87, 0x9E, 0x1E, 0x78, 0x79, 0xF3, 0xE3, 0xFF, 0x8F, 0xFE,
    0x1F, 0xB8, 0x0C, 0x38, 0x0F, 0xF0, 0x07, 0xF0, 0x03, 0xE0, 0x00, 0x00, 0x3C, 0x1E, 0x3C, 0x1E,
    0x3C, 0x1E, 0x3C, 0x1E, 0x3C, 0x1E, 0x3C, 0x1E, 0x3C, 0x1E, 0x3C, 0x1E, 0x3C, 0x1E, 0x3C, 0x1E,
    0x3C, 0x1E, 0x3C, 0x1E, 0x3C, 0x1E, 0x3E, 0x3C, 0x3F, 0xFC, 0x1F, 0xF8, 0x07, 0xF0, 0x18, 0x70,
    0x7F, 0x80, 0xFE, 0x01, 0xF0, 0x00, 0x01, 0xE1, 0xE7, 0x87, 0x9E, 0x1E, 0x78, 0x79, 0xE1, 0xE7,
    0x87, 0x9E, 0x1E, 0x78, 0x79, 0xE1, 0xE7, 0xCF, 0x8F, 0xFE, 0x3F, 0xF8, 0x7E, 0xE0, 0x03, 0xC0,
    0x07, 0xE0, 0x07, 0x60, 0x06, 0x60, 0x07, 0xE0, 0x03, 0xC0, 0x00, 0x00, 0x3C, 0x1E, 0x3C, 0x1E,
    0x3C, 0x1E, 0x3C, 0x1E, 0x3C, 0x1E, 0x3C, 0x1E, 0x3C, 0x1E, 0x3C, 0x1E, 0x3C, 0x1E, 0x3C, 0x1E,
    0x3C, 0x1E, 0x3C, 0x1E, 0x3C, 0x1E, 0x3E, 0x3C, 0x3F, 0xFC, 0x1F, 0xF8, 0x07, 0xF0, 0x07, 0x80,
    0x3F, 0x00, 0xEC, 0x03, 0x30, 0x0F, 0xC0, 0x1E, 0x00, 0x00, 0x1E, 0x1E, 0x78, 0x79, 0xE1, 0xE7,
    0x87, 0x9E, 0x1E, 0x78, 0x79, 0xE1, 0xE7, 0x87, 0x9E, 0x1E, 0x7C, 0xF8, 0xFF, 0xE3, 0xFF, 0x87,
    0xEE, 0x07, 0xF8, 0x0F, 0x70, 0x0E, 0xE0, 0x1C, 0xC0, 0x00, 0x00, 0x3C, 0x1E, 0x3C, 0x1E, 0x3C,
    0x1E, 0x3C, 0x1E, 0x3C, 0x1E, 0x3C, 0x1E, 0x3C, 0x1E, 0x3C, 0x1E, 0x3C, 0x1E, 0x3C, 0x1E, 0x3C,
    0x1E, 0x3C, 0x1E, 0x3C, 0x1E, 0x3E, 0x3C, 0x3F, 0xFC, 0x1F, 0xF8, 0x07, 0xF0, 0x0F, 0xF0, 0x7B,
    0x81, 0xDC, 0x0E, 0x60, 0x00, 0x01, 0xE1, 0xE7, 0x87, 0x9E, 0x1E, 0x78, 0x79, 0xE1, 0xE7, 0x87,
    0x9E, 0x1E, 0x78, 0x79, 0xE1, 0xE7, 0xCF, 0x8F, 0xFE, 0x3F, 0xF8, 0x7E, 0xE0, 0x3C, 0x1E, 0x3C,
    0x1E, 0x3C, 0x1E, 0x3C, 0x1E, 0x3C, 0x1E, 0x3C, 0x1E, 0x3C, 0x1E, 0x3C, 0x1E, 0x3C, 0x1E, 0x3C,
    0x1E, 0x3C, 0x1E, 0x3C, 0x1E, 0x3C, 0x1E, 0x3E, 0x3C, 0x3F, 0xFC, 0x1F, 0xF8, 0x07, 0xF0, 0x00,
    0x60, 0x00, 0xE0, 0x00, 0xE0, 0x00, 0xF8, 0x00, 0xF8, 0x00, 0x78, 0x78, 0x79, 0xE1, 0xE7, 0x87,
    0x9E, 0x1E, 0x78, 0x79, 0xE1, 0xE7, 0x87, 0x9E, 0x1E, 0x78, 0x79, 0xF3, 0xE3, 0xFF, 0x8F, 0xFE,
    0x1F, 0xB8, 0x01, 0xC0, 0x06, 0x00, 0x38, 0x00, 0xE0, 0x03, 0xE0, 0x07, 0x80, 0x00, 0x78, 0x00,
    0x03, 0xF0, 0x00, 0x1F, 0xC0, 0x00, 0xF3, 0x80, 0x00, 0x00, 0x03, 0xC1, 0xE0, 0xFF, 0x07, 0x87,
    0xBC, 0x3E, 0x1E, 0x70, 0xF8, 0x79, 0xE3, 0xF1, 0xE7, 0x8F, 0xC7, 0x1E, 0x7F, 0x3C, 0x39, 0xDC,
    0xF0, 0xF7, 0x7B, 0xC3, 0xDD, 0xEF, 0x0F, 0xF3, 0xB8, 0x3F, 0xCF, 0xE0, 0x7E, 0x3F, 0x81, 0xF8,
    0xFE, 0x07, 0xE1, 0xF0, 0x1F, 0x87, 0xC0, 0x3C, 0x1F, 0x00, 0x01, 0xF0, 0x00, 0x3E, 0x00, 0x0F,
    0xE0, 0x03, 0x8E, 0x00, 0x00, 0x01, 0xE3, 0xE3, 0xFC, 0x7C, 0x7B, 0x8F, 0x8E, 0x79, 0xF3, 0xCF,
    0x77, 0x79, 0xEE, 0xEF, 0x1D, 0xDD, 0xC3, 0xFB, 0xF8, 0x7F, 0x7F, 0x0F, 0xC7, 0xE0, 0xF8, 0xF8,
    0x1F, 0x1F, 0x03, 0xE3, 0xE0, 0x07, 0x80, 0x3F, 0x01, 0xFE, 0x0F, 0x38, 0x00, 0x03, 0xC1, 0xFF,
    0x87, 0x9E, 0x1E, 0x7C, 0xF0, 0xF3, 0xC3, 0xDE, 0x07, 0xF8, 0x1F, 0xC0, 0x3F, 0x00, 0xF8, 0x01,
    0xE0, 0x07, 0x80, 0x1E, 0x00, 0x78, 0x01, 0xE0, 0x07, 0x80, 0x1E, 0x00, 0x0F, 0x00, 0xFC, 0x07,
    0xF0, 0x71, 0xC0, 0x00, 0x78, 0x3F, 0xC3, 0xCF, 0x1E, 0x78, 0xF3, 0xCF, 0x0F, 0x78, 0x7B, 0xC3,
    0xFC, 0x0F, 0xE0, 0x7F, 0x01, 0xF0, 0x0F, 0x80, 0x7C, 0x03, 0xC0, 0x1E, 0x01, 0xF0, 0x3F, 0x01,
    0xF0, 0x0F, 0x00, 0x1C, 0xC0, 0x77, 0x81, 0xCE, 0x00, 0x00, 0xF0, 0x7F, 0xE1, 0xE7, 0x87, 0x9F,
    0x3C, 0x3C, 0xF0, 0xF7, 0x81, 0xFE, 0x07, 0xF0, 0x0F, 0xC0, 0x3E, 0x00, 0x78, 0x01, 0xE0, 0x07,
    0x80, 0x1E, 0x00, 0x78, 0x01, 0xE0, 0x07, 0x80, 0x01, 0xE0, 0x1F, 0x01, 0xE0, 0x0E, 0x00, 0x00,
    0x7F, 0xFB, 0xFF, 0xCF, 0xFE, 0x01, 0xE0, 0x1F, 0x00, 0xF0, 0x0F, 0x80, 0x78, 0x07, 0x80, 0x3C,
    0x03, 0xC0, 0x3E, 0x01, 0xE0, 0x1E, 0x00, 0xFF, 0xEF, 0xFF, 0x7F, 0xF8, 0x03, 0xC0, 0xF0, 0x3C,
    0x07, 0x00, 0x00, 0xFF, 0x9F, 0xF3, 0xFE, 0x07, 0x80, 0xF0, 0x3C, 0x0F, 0x01, 0xE0, 0x78, 0x1E,
    0x03, 0xFE, 0xFF, 0xDF, 0xF8, 0x07, 0x00, 0x7C, 0x01, 0xC0, 0x00, 0x0F, 0xFF, 0x7F, 0xF9, 0xFF,
    0xC0, 0x3C, 0x03, 0xE0, 0x1E, 0x01, 0xF0, 0x0F, 0x00, 0xF0, 0x07, 0x80, 0x78, 0x07, 0xC0, 0x3C,
    0x03, 0xC0, 0x1F, 0xFD, 0xFF, 0xEF, 0xFF, 0x00, 0x0E, 0x03, 0xE0, 0x38, 0x00, 0x07, 0xFC, 0xFF,
    0x9F, 0xF0, 0x3C, 0x07, 0x81, 0xE0, 0x78, 0x0F, 0x03, 0xC0, 0xF0, 0x1F, 0xF7, 0xFE, 0xFF, 0xC0,
    0x30, 0xE1, 0xEF, 0x07, 0xF0, 0x1F, 0x00, 0x00, 0x7F, 0xFB, 0xFF, 0xCF, 0xFE, 0x01, 0xE0, 0x1F,
    0x00, 0xF0, 0x0F, 0x80, 0x78, 0x07, 0x80, 0x3C, 0x03, 0xC0, 0x3E, 0x01, 0xE0, 0x1E, 0x00, 0xFF,
    0xEF, 0xFF, 0x7F, 0xF8, 0x61, 0xCF, 0x78, 0xFE, 0x0F, 0x80, 0x00, 0xFF, 0x9F, 0xF3, 0xFE, 0x07,
    0x80, 0xF0, 0x3C, 0x0F, 0x01, 0xE0, 0x78, 0x1E, 0x03, 0xFE, 0xFF, 0xDF, 0xF8, 0x1F, 0x9F, 0xCF,
    0xE7, 0x83, 0x81, 0xC0, 0xE0, 0x70, 0x38, 0x1C, 0x0E, 0x07, 0x03, 0x81, 0xC0, 0xE0, 0x70, 0x38,
    0x1C, 0x00, 0x78, 0x03, 0xFC, 0x0F, 0xF8, 0x3F, 0xE0, 0x78, 0x01, 0xEF, 0x87, 0xFF, 0x1F, 0xFE,
    0x7C, 0x79, 0xF1, 0xE7, 0x87, 0x9E, 0x1E, 0x78, 0x79, 0xF1, 0xE7, 0xC7, 0x9F, 0xFC, 0x7F, 0xF1,
    0xEF, 0x80, 0x3F, 0xFC, 0x1F, 0xFF, 0x8F, 0xFF, 0xF3, 0x9E, 0x3C, 0xE7, 0x8F, 0x39, 0xE3, 0xC0,
    0x79, 0xF0, 0x1F, 0xF8, 0x07, 0xFE, 0x01, 0xFF, 0xC0, 0x78, 0xF0, 0x1E, 0x1E, 0x07, 0x87, 0x81,
    0xE3, 0xE0, 0x7F, 0xF0, 0x1F, 0xF8, 0x07, 0xFC, 0x00, 0x3F, 0xF0, 0xFF, 0xC3, 0xFF, 0x0F, 0x00,
    0x3C, 0x00, 0xF0, 0x03, 0xC0, 0x0F, 0xF0, 0x3F, 0xF0, 0xFF, 0xE3, 0xC7, 0x8F, 0x1E, 0x3C, 0x78,
    0xF1, 0xE3, 0xFF, 0x8F, 0xFC, 0x3F, 0xE0, 0x7F, 0xF1, 0xFF, 0xC7, 0xFF, 0x1E, 0x00, 0x78, 0x01,
    0xEF, 0x87, 0xFF, 0x1F, 0xFE, 0x7C, 0x79, 0xF1, 0xE7, 0x87, 0x9E, 0x1E, 0x78, 0x79, 0xF1, 0xE7,
    0xC7, 0x9F, 0xFC, 0x7F, 0xF1, 0xEF, 0x80, 0x3C, 0x00, 0x78, 0x00, 0xF0, 0x01, 0xE0, 0x03, 0xC0,
    0x07, 0x80, 0x0F, 0xF8, 0x1F, 0xF8, 0x3F, 0xF8, 0x79, 0xF0, 0xF0, 0xF1, 0xE1, 0xE3, 0xC3, 0xC7,
    0x8F, 0x8F, 0xFE, 0x0F, 0xF8, 0x0F, 0xE0, 0x78, 0x01, 0xE0, 0x07, 0x80, 0x1E, 0x00, 0x78, 0x01,
    0xEF, 0x87, 0xFF, 0x1F, 0xFC, 0x7C, 0xF9, 0xF1, 0xE7, 0x87, 0x9E, 0x1E, 0x78, 0x78, 0xE1, 0xE3,
    0xCF, 0x8F, 0xFC, 0x1F, 0xE0, 0x3F, 0x00, 0x3F, 0x81, 0xFF, 0x07, 0xFE, 0x18, 0x7C, 0x00, 0xF0,
    0x03, 0xE0, 0x07, 0x80, 0x1E, 0x00, 0x78, 0x01, 0xE0, 0x07, 0x80, 0x3E, 0x00, 0xF1, 0x07, 0xC7,
    0xFE, 0x1F, 0xF0, 0x7F, 0x80, 0x00, 0x0E, 0x00, 0x1F, 0x00, 0x3F, 0x00, 0x3C, 0x07, 0xF8, 0x0F,
    0xF8, 0x1F, 0xF8, 0x3E, 0x18, 0x3C, 0x00, 0x7C, 0x00, 0x78, 0x00, 0x78, 0x00, 0x78, 0x00, 0x78,
    0x00, 0x78, 0x00, 0x7C, 0x00, 0x3C, 0x00, 0x3E, 0x18, 0x1F, 0xF8, 0x0F, 0xF8, 0x07, 0xF0, 0x00,
    0x78, 0x07, 0xC0, 0x3E, 0x01, 0xC0, 0x0E, 0x07, 0xF0, 0xFF, 0x87, 0xF8, 0x7C, 0x43, 0xC0, 0x1E,
    0x00, 0xF0, 0x07, 0x80, 0x3C, 0x01, 0xF1, 0x07, 0xFC, 0x3F, 0xE0, 0x7E, 0x00, 0x3F, 0xE0, 0x3F,
    0xF0, 0x3F, 0xF8, 0x3C, 0x7C, 0x3C, 0x3E, 0x3C, 0x1E, 0x3C, 0x1E, 0xFF, 0x1E, 0xFF, 0x1E, 0xFF,
    0x1E, 0x3C, 0x1E, 0x3C, 0x1E, 0x3C, 0x3C, 0x3C, 0x7C, 0x3F, 0xF8, 0x3F, 0xF0, 0x3F, 0xC0, 0x3F,
    0xFC, 0x0F, 0xFF, 0xC3, 0xFF, 0xFC, 0x73, 0xC7, 0xCE, 0x78, 0x78, 0xCF, 0x0F, 0x81, 0xE0, 0xF0,
    0x3C, 0x1E, 0x07, 0x83, 0xC0, 0xF0, 0x78, 0x1E, 0x0F, 0x03, 0xC3, 0xE0, 0x78, 0x78, 0x0F, 0x1F,
    0x01, 0xFF, 0xC0, 0x3F, 0xF0, 0x07, 0xF8, 0x00, 0x3F, 0xF0, 0xFF, 0xC3, 0xFF, 0x00, 0x3C, 0x00,
    0xF0, 0x03, 0xC0, 0x0F, 0x03, 0xFC, 0x3F, 0xF1, 0xFF, 0xC7, 0x8F, 0x1E, 0x3C, 0x78, 0xF1, 0xE3,
    0xC7, 0xFF, 0x0F, 0xFC, 0x1F, 0xF0, 0x3F, 0xF8, 0xFF, 0xE3, 0xFF, 0x80, 0x1E, 0x00, 0x78, 0x7D,
    0xE3, 0xFF, 0x8F, 0xFE, 0x78, 0xF9, 0xE1, 0xE7, 0x87, 0x9E, 0x1E, 0x78, 0x79, 0xE1, 0xE7, 0x8F,
    0x8F, 0xFE, 0x3F, 0xF8, 0x7D, 0xE0, 0x0F, 0xC0, 0xFF, 0xC3, 0xFF, 0x1F, 0x3E, 0x78, 0x79, 0xE1,
    0xE7, 0x87, 0x9E, 0x1E, 0x3C, 0xF0, 0xFF, 0x81, 0xFC, 0x01, 0xF0, 0x03, 0xE0, 0x07, 0x81, 0x1E,
    0x0F, 0xF8, 0x3F, 0xE0, 0x7E, 0x00, 0x7F, 0xE7, 0xFE, 0x7F, 0xE0, 0x1E, 0x01, 0xE0, 0x1E, 0x01,
    0xE7, 0xFE, 0x7F, 0xE3, 0xFE, 0x01, 0xE0, 0x1E, 0x01, 0xE0, 0x1E, 0x7F, 0xE7, 0xFE, 0x7F, 0xE0,
    0x0F, 0xF0, 0x0F, 0xFF, 0x03, 0xFF, 0xE0, 0xE0, 0x78, 0x00, 0x1F, 0x00, 0x03, 0xC0, 0x00, 0xF1,
    0xFF, 0xFC, 0x7F, 0xFF, 0x1F, 0xFF, 0xC3, 0x80, 0xF0, 0xF0, 0x3C, 0x3C, 0x0F, 0x0F, 0x87, 0x81,
    0xFF, 0xE0, 0x3F, 0xF0, 0x07, 0xF0, 0x00, 0x0F, 0xE0, 0x7F, 0xE3, 0xFF, 0x9F, 0x0C, 0x78, 0x01,
    0xE0, 0x03, 0xE0, 0x07, 0xF8, 0x0F, 0xE0, 0xFF, 0x87, 0xC0, 0x1E, 0x00, 0x78, 0x01, 0xF0, 0x27,
    0xFF, 0x8F, 0xFE, 0x0F, 0xF8, 0x03, 0xFE, 0x03, 0xFE, 0x03, 0xFE, 0x03, 0xC0, 0x03, 0xC0, 0x03,
    0xC0, 0x03, 0xC0, 0x03, 0xFE, 0x03, 0xFE, 0x03, 0xFE, 0x03, 0xC0, 0x03, 0xC0, 0x03, 0xC0, 0x03,
    0xC0, 0x03, 0xC0, 0x03, 0xC0, 0x03, 0xC0, 0x63, 0xC0, 0xF3, 0xC0, 0xF3, 0xC0, 0x7F, 0xC0, 0x7F,
    0x80, 0x3F, 0x00, 0x00, 0xF8, 0x07, 0xE0, 0x3F, 0x80, 0xF0, 0x03, 0xC0, 0x1F, 0xE0, 0xFF, 0x83,
    0xFC, 0x03, 0xC0, 0x0F, 0x00, 0x3C, 0x00, 0xF0, 0x03, 0xC0, 0x0F, 0x00, 0x3C, 0x00, 0xF0, 0x03,
    0xC0, 0x0F, 0x06, 0x3C, 0x1C, 0xF0, 0x73, 0xC1, 0xFE, 0x07, 0xF8, 0x0F, 0xC0, 0x00, 0x07, 0x80,
    0x07, 0xC0, 0x07, 0xE0, 0x03, 0xC0, 0x3F, 0xE0, 0x7F, 0xE0, 0x7F, 0xF0, 0x7C, 0x10, 0x3C, 0x00,
    0x3E, 0x00, 0x1E, 0x00, 0x0F, 0x1F, 0xC7, 0x8F, 0xE3, 0xC7, 0xF1, 0xE0, 0x78, 0xF8, 0x3C, 0x3C,
    0x1E, 0x1F, 0x0F, 0x07, 0xFF, 0x81, 0xFF, 0xC0, 0x7F, 0xC0, 0xF0, 0x3D, 0xE0, 0x79, 0xE0, 0xF3,
    0xC3, 0xC7, 0x87, 0x87, 0x8F, 0x0F, 0x3C, 0x0E, 0x78, 0x1F, 0xE0, 0x3F, 0xC0, 0x3F, 0x80, 0x7E,
    0x00, 0xFC, 0x00, 0xF0, 0x01, 0xE0, 0x07, 0xE0, 0x0F, 0xC0, 0x1F, 0x80, 0x3B, 0x80, 0xF7, 0x00,
    0xFE, 0x01, 0xF8, 0x01, 0xE0, 0x00, 0x78, 0x00, 0x01, 0xE0, 0x00, 0x07, 0x80, 0x00, 0x1E, 0x00,
    0x00, 0x78, 0x00, 0x01, 0xEF, 0x83, 0xC7, 0xFF, 0x0F, 0x1F, 0xFE, 0x3C, 0x7C, 0xF8, 0xF1, 0xF1,
    0xE3, 0xC7, 0x87, 0x8F, 0x1E, 0x1E, 0x3C, 0x78, 0x78, 0xF1, 0xE1, 0xE3, 0xC7, 0x87, 0x8F, 0x1E,
    0x1F, 0xFC, 0x78, 0x3F, 0xE1, 0xE0, 0x7F, 0x00, 0x3C, 0x1E, 0x0F, 0x07, 0x83, 0xC1, 0xE0, 0xF0,
    0x78, 0x3C, 0x1E, 0x0F, 0x07, 0x83, 0xC1, 0xE0, 0xFE, 0x7F, 0x1F, 0x80, 0xFF, 0x7F, 0x9F, 0xC7,
    0x83, 0xC1, 0xE0, 0xF1, 0xFE, 0xFF, 0x7F, 0x8F, 0x07, 0x83, 0xC1, 0xE0, 0xF8, 0xFE, 0xFF, 0x00,
    0x3C, 0x1E, 0x78, 0x7C, 0xF1, 0xF9, 0xE7, 0x83, 0xDF, 0x07, 0xBC, 0x0F, 0xF0, 0x1F, 0xE0, 0x3F,
    0xC0, 0x7F, 0xC0, 0xFF, 0x81, 0xEF, 0x83, 0xCF, 0x07, 0x9F, 0x0F, 0x1E, 0x1E, 0x1E, 0x3C, 0x3E,
    0x1F, 0x00, 0xFC, 0x03, 0xF0, 0x1E, 0x00, 0x78, 0x01, 0xE1, 0xE7, 0x8F, 0x1E, 0x7C, 0x7B, 0xE1,
    0xEF, 0x07, 0xF8, 0x1F, 0xF0, 0x7F, 0xC1, 0xF7, 0x87, 0x9F, 0x1E, 0x3C, 0x78, 0x79, 0xE1, 0xF0,
    0x3C, 0x3C, 0x3C, 0x3C, 0x3C, 0x3C, 0x3C, 0x3C, 0xFE, 0xFE, 0xFE, 0x3C, 0x3C, 0x3C, 0x3C, 0x3C,
    0x3C, 0x3C, 0x7C, 0x01, 0xF8, 0x07, 0xFC, 0x07, 0xF0, 0x3F, 0x00, 0xFE, 0x00, 0x78, 0x03, 0xE0,
    0x0F, 0xC0, 0x7F, 0x01, 0xFC, 0x07, 0x78, 0x3D, 0xE0, 0xF7, 0x87, 0x8F, 0x1E, 0x3F, 0xF0, 0x7F,
    0xC1, 0xF0, 0x3C, 0x3C, 0x3C, 0x78, 0x78, 0x78, 0xF0, 0xF0, 0xF1, 0xE1, 0xE1, 0xE3, 0xC3, 0xC3,
    0xC7, 0x87, 0x87, 0x8F, 0x0F, 0x0F, 0x1E, 0x1E, 0x1E, 0x3C, 0x3C, 0x3C, 0x78, 0x78, 0x78, 0xF0,
    0xF0, 0xF1, 0xE1, 0xE1, 0xE3, 0xC7, 0xC7, 0xC7, 0x9F, 0x8F, 0x8F, 0xFF, 0xFF, 0x1F, 0xEF, 0xFE,
    0x1F, 0x8F, 0xBC, 0x1F, 0x07, 0x83, 0xE0, 0xF0, 0x7E, 0x1E, 0x0F, 0xC3, 0xC1, 0xFC, 0x78, 0x3F,
    0x8F, 0x07, 0x79, 0xE0, 0xEF, 0x3C, 0x1C, 0xF7, 0x83, 0x9F, 0xF0, 0x71, 0xEE, 0x0E, 0x3F, 0xC1,
    0xC3, 0xF8, 0x38, 0x7F, 0x07, 0x07, 0xE0, 0xE0, 0x7C, 0x1C, 0x0F, 0x83, 0x80, 0x00, 0x70, 0x00,
    0x1E, 0x00, 0x0F, 0xC0, 0x01, 0xF8, 0x00, 0x3E, 0x00, 0x00, 0x7B, 0xE1, 0xFF, 0xC7, 0xFF, 0x1F,
    0x3E, 0x7C, 0x79, 0xE1, 0xE7, 0x87, 0x9E, 0x1E, 0x78, 0x79, 0xE1, 0xE7, 0x87, 0x9E, 0x1E, 0x78,
    0x78, 0x01, 0xE0, 0x07, 0x80, 0x1E, 0x00, 0x78, 0x01, 0xE0, 0x07, 0x80, 0x07, 0xF0, 0x07, 0xFE,
    0x07, 0xFF, 0x87, 0xC3, 0xC3, 0xC1, 0xF3, 0xE0, 0x79, 0xE0, 0x3C, 0xFF, 0xFE, 0x7F, 0xFF, 0x3F,
    0xFF, 0x9E, 0x03, 0xCF, 0x01, 0xE3, 0xC0, 0xF1, 0xF0, 0xF0, 0x7F, 0xF8, 0x1F, 0xF8, 0x07, 0xF0,
    0x00, 0x00, 0x01, 0xE0, 0xFE, 0x3C, 0x3F, 0xFF, 0x0F, 0xFF, 0xE3, 0xE1, 0xF8, 0x78, 0x3E, 0x1F,
    0x03, 0xC3, 0xC0, 0x78, 0x78, 0x0F, 0x0F, 0x01, 0xE1, 0xE0, 0x3C, 0x3C, 0x07, 0x87, 0xC0, 0xF0,
    0x78, 0x3E, 0x0F, 0x87, 0x80, 0xFF, 0xF0, 0x0F, 0xFC, 0x00, 0xFE, 0x00, 0x00, 0x0F, 0x00, 0x07,
    0x83, 0xF3, 0xC7, 0xFF, 0xC3, 0xFF, 0xE3, 0xC7, 0xC1, 0xE1, 0xE0, 0xF0, 0xF0, 0x78, 0x78, 0x3C,
    0x3C, 0x1E, 0x1E, 0x0F, 0x9E, 0x03, 0xFF, 0x00, 0xFF, 0x00, 0x3F, 0x00, 0x07, 0xF0, 0xF8, 0x07,
    0xFD, 0xFE, 0x07, 0xFF, 0xFF, 0x87, 0xC7, 0xE3, 0xC3, 0xC1, 0xE1, 0xE3, 0xE0, 0xF8, 0xF1, 0xE0,
    0x3C, 0x78, 0xF0, 0x1E, 0x3C, 0x78, 0x0F, 0x1E, 0x3C, 0x07, 0x8F, 0x1E, 0x03, 0xC7, 0x8F, 0x83,
    0xE3, 0xC3, 0xC1, 0xE1, 0xE1, 0xF1, 0xF0, 0xF0, 0x7F, 0xF0, 0x78, 0x1F, 0xF0, 0x3C, 0x07, 0xF0,
    0x1E, 0x00, 0x0F, 0xCF, 0xC1, 0xFF, 0xFF, 0x0F, 0xFF, 0xF8, 0xF1, 0xE3, 0xC7, 0x8F, 0x1E, 0x3C,
    0x3C, 0x71, 0xE1, 0xE3, 0x8F, 0x0F, 0x1C, 0x78, 0xF0, 0xE3, 0xC7, 0x87, 0x0F, 0xFC, 0x38, 0x3F,
    0xC1, 0xC0, 0xFC, 0x0E, 0x00, 0x00, 0x70, 0x00, 0x03, 0x80, 0x00, 0x1C, 0x00, 0x00, 0xE0, 0x00,
    0x07, 0x00, 0x00, 0x38, 0x3F, 0xF8, 0x3F, 0xFF, 0x3F, 0xFF, 0x9D, 0xE3, 0xEE, 0xF0, 0xF7, 0x78,
    0x78, 0x3C, 0x3C, 0x1E, 0x3E, 0x0F, 0xFE, 0x07, 0xFE, 0x03, 0xFE, 0x01, 0xE0, 0x00, 0xF0, 0x00,
    0x78, 0x00, 0x3C, 0x00, 0x1E, 0x00, 0x0F, 0x00, 0x00, 0x1F, 0x00, 0xFC, 0x03, 0xF0, 0x1E, 0x00,
    0x78, 0x01, 0xEF, 0x87, 0xFF, 0x1F, 0xFE, 0x7C, 0x79, 0xF1, 0xE7, 0x87, 0x9E, 0x1E, 0x78, 0x79,
    0xF1, 0xE7, 0xC7, 0x9F, 0xFC, 0x7F, 0xF1, 0xEF, 0x87, 0x80, 0x1E, 0x00, 0x78, 0x01, 0xE0, 0x07,
    0x80, 0x1E, 0x00, 0x3C, 0x00, 0x78, 0x00, 0xF0, 0x01, 0xFF, 0x03, 0xFF, 0x07, 0xFF, 0x0F, 0x1E,
    0x1E, 0x3C, 0x3C, 0x78, 0x79, 0xF0, 0xFF, 0xC1, 0xFF, 0x03, 0xFE, 0x07, 0xBC, 0x0F, 0x3C, 0x1E,
    0x78, 0x3C, 0x78, 0x00, 0xF8, 0x00, 0xF0, 0x00, 0xE0, 0x3F, 0x87, 0xFC, 0x7F, 0xE2, 0x1E, 0x00,
    0xE0, 0x1E, 0x07, 0xE0, 0xFE, 0x3F, 0xC7, 0xF0, 0x7C, 0x07, 0x80, 0x78, 0x07, 0x82, 0x7F, 0xE3,
    0xFE, 0x1F, 0xE0, 0x3F, 0x0F, 0xF9, 0xFF, 0x11, 0xE0, 0x3C, 0x3F, 0x8F, 0xC3, 0xF0, 0x78, 0x0F,
    0x09, 0xFF, 0x3F, 0xE3, 0xF8, 0xFF, 0xF7, 0xFF, 0x9F, 0xFC, 0xF8, 0x03, 0xE0, 0x0F, 0x00, 0x3C,
    0x01, 0xF0, 0x07, 0x80, 0x78, 0x07, 0x80, 0x7C, 0x03, 0xC0, 0x3C, 0x03, 0xFF, 0xDF, 0xFE, 0xFF,
    0xF0, 0x3E, 0x07, 0xF0, 0x6F, 0x06, 0xF0, 0x7F, 0x03, 0xF0, 0x0F, 0x00, 0xF0, 0x0F, 0x00, 0xF0,
    0x0F, 0x00, 0xF0, 0x0F, 0x00, 0xF0, 0x0F, 0x00, 0xF0, 0x0F, 0x00, 0xF0, 0x0F, 0x00, 0xF0, 0x0F,
    0x00, 0x7F, 0x07, 0xF0, 0x3E, 0x1C, 0x1E, 0x1F, 0xFF, 0xFF, 0xF9, 0xE0, 0xF0, 0x78, 0x3C, 0x1E,
    0x0F, 0x07, 0x83, 0xF9, 0xFC, 0x7E, 0x07, 0x03, 0x83, 0xC7, 0xE3, 0xE1, 0xF0, 0x3F, 0xF9, 0xFF,
    0xEF, 0xFF, 0xB9, 0xE0, 0xE7, 0x81, 0x9E, 0x00, 0x78, 0x01, 0xE0, 0x07, 0x80, 0x1E, 0x00, 0x78,
    0x01, 0xE0, 0x07, 0x80, 0x1E, 0x00, 0x78, 0x01, 0xE0, 0x07, 0x80, 0x0F, 0x1F, 0x8F, 0xC7, 0x83,
    0xC3, 0xFF, 0xFF, 0xFF, 0x3C, 0x1E, 0x0F, 0x07, 0x83, 0xC1, 0xE0, 0xF0, 0x7F, 0x3F, 0x8F, 0xC0,
    0xFF, 0xF7, 0xFF, 0xBF, 0xFC, 0x1E, 0x00, 0xF0, 0x07, 0x80, 0x3C, 0x01, 0xE0, 0x0F, 0x00, 0x78,
    0x03, 0xC0, 0x1E, 0x00, 0xF0, 0x07, 0x80, 0x3C, 0x01, 0xE0, 0x0F, 0x00, 0x78, 0x03, 0xC0, 0x1E,
    0x00, 0x7E, 0x03, 0xF0, 0x0F, 0x80, 0x00, 0x00, 0xF3, 0xC1, 0xEF, 0x3C, 0x1F, 0xE3, 0xC1, 0xFE,
    0x3C, 0x1F, 0xC3, 0xC1, 0xE0, 0x3C, 0x1E, 0x03, 0xC1, 0xE0, 0x3C, 0x1E, 0x03, 0xC1, 0xE0, 0x3C,
    0x1E, 0x03, 0xC1, 0xE0, 0x3C, 0x1E, 0x03, 0xC1, 0xE0, 0x3E, 0x3C, 0x01, 0xFF, 0xC0, 0x1F, 0xF8,
    0x00, 0x7F, 0x00, 0x00, 0x03, 0xC0, 0x00, 0xF7, 0x87, 0xBD, 0xE1, 0xFE, 0x78, 0x7F, 0x1E, 0x1F,
    0x07, 0x87, 0x81, 0xE1, 0xE0, 0x78, 0x78, 0x1E, 0x1E, 0x07, 0x87, 0x81, 0xF3, 0xE0, 0x3F, 0xF8,
    0x0F, 0xFE, 0x01, 0xF3, 0x80, 0xFF, 0x7F, 0xFF, 0xBF, 0xFF, 0xDF, 0xE3, 0xC7, 0x81, 0xC1, 0xE1,
    0xE0, 0x70, 0xE0, 0x3C, 0xF0, 0x1E, 0x78, 0x0F, 0x3C, 0x07, 0x9E, 0x03, 0xCF, 0x01, 0xE7, 0xC1,
    0xF1, 0xF0, 0xF0, 0x7F, 0xF8, 0x3F, 0xF8, 0x07, 0xF0, 0x00, 0x3C, 0xFC, 0x3C, 0xFC, 0x3C, 0xFE,
    0x3C, 0x1E, 0x3C, 0x1E, 0x3C, 0x1E, 0x3C, 0x1E, 0x3C, 0x1E, 0x3C, 0x1E, 0x3C, 0x1E, 0x3C, 0x1E,
    0x3C, 0x1E, 0x3C, 0x1E, 0x3E, 0x3C, 0x3F, 0xFC, 0x1F, 0xF8, 0x07, 0xF0, 0xF0, 0x3F, 0xE1, 0xF7,
    0x8F, 0xDF, 0x3C, 0x3C, 0xE0, 0xF7, 0x81, 0xFE, 0x07, 0xF0, 0x0F, 0xC0, 0x3E, 0x00, 0x78, 0x01,
    0xE0, 0x07, 0x80, 0x1E, 0x00, 0x78, 0x01, 0xE0, 0x07, 0x80, 0xF0, 0x3F, 0xE1, 0xF7, 0x8F, 0xDE,
    0x3C, 0x38, 0xE0, 0xF7, 0x83, 0xDE, 0x07, 0x70, 0x1F, 0xC0, 0x7F, 0x00, 0xF8, 0x03, 0xE0, 0x0F,
    0x80, 0x3C, 0x00, 0xF0, 0x03, 0xC0, 0x7E, 0x01, 0xF8, 0x07, 0x80, 0x00, 0xFF, 0xF7, 0xFF, 0x9F,
    0xFC, 0x03, 0xC0, 0x1E, 0x01, 0xE0, 0x1F, 0x0F, 0xFC, 0x7F, 0xE3, 0xFF, 0x07, 0x80, 0x7C, 0x03,
    0xC0, 0x3C, 0x01, 0xFF, 0xDF, 0xFE, 0xFF, 0xF0, 0x7F, 0xCF, 0xF9, 0xFF, 0x03, 0xC0, 0xF0, 0xFF,
    0x9F, 0xF3, 0xFE, 0x3C, 0x0F, 0x01, 0xFF, 0x7F, 0xEF, 0xFC, 0x7F, 0xF3, 0xFF, 0x9F, 0xF8, 0x07,
    0xC0, 0x7C, 0x07, 0xC0, 0x7C, 0x03, 0xF8, 0x1F, 0xE0, 0xFF, 0x80, 0x3C, 0x01, 0xE0, 0x0F, 0x20,
    0x7B, 0xFF, 0xDF, 0xFC, 0x7F, 0xC0, 0x7F, 0xF3, 0xFF, 0x8F, 0xFC, 0x3C, 0x00, 0xF0, 0x03, 0xC0,
    0x0F, 0x03, 0xF8, 0x3F, 0xC3, 0xFE, 0x1E, 0x00, 0xF0, 0x07, 0x80, 0x3E, 0x0D, 0xFF, 0xE7, 0xFF,
    0x0F, 0xF0, 0x7F, 0xF3, 0xFF, 0x9F, 0xFC, 0x7C, 0x01, 0xE0, 0x07, 0x80, 0x1E, 0x01, 0xF8, 0x1F,
    0xC1, 0xFE, 0x1F, 0x00, 0xF0, 0x07, 0x80, 0x3C, 0x01, 0xE0, 0x0F, 0x82, 0x3F, 0xF1, 0xFF, 0x83,
    0xFC, 0x7F, 0xE3, 0xFF, 0x1F, 0xF8, 0x0F, 0x80, 0xF8, 0x0F, 0x80, 0x7E, 0x03, 0xFC, 0x1F, 0xE0,
    0x0F, 0x80, 0x3C, 0x03, 0xC3, 0xFE, 0x3F, 0xE1, 0xFE, 0x1E, 0x00, 0x7F, 0xE3, 0xFF, 0x0F, 0xF0,
    0x1F, 0x83, 0xFE, 0x1F, 0xF8, 0xE3, 0xC0, 0x1E, 0x00, 0xF0, 0x07, 0x80, 0x3C, 0x7F, 0xF3, 0xFF,
    0x9F, 0xFC, 0x1E, 0x01, 0xE0, 0x1F, 0x01, 0xF0, 0x0F, 0xFE, 0xFF, 0xF7, 0xFF, 0x80, 0xFF, 0xF7,
    0xFF, 0xBF, 0xFC, 0x78, 0x03, 0xC0, 0x1E, 0x00, 0xFE, 0x07, 0xFC, 0x3F, 0xE0, 0x0F, 0x80, 0x3C,
    0x01, 0xE0, 0x0F, 0x20, 0xF9, 0xFF, 0x8F, 0xFC, 0x7F, 0x80, 0x7F, 0xE7, 0xFE, 0x7F, 0xE3, 0xC0,
    0x3C, 0x03, 0xF8, 0x3F, 0xC1, 0xFE, 0x01, 0xE0, 0x1E, 0x7F, 0xE7, 0xFC, 0x7F, 0x80, 0x0C, 0x03,
    0x80, 0x70, 0x3F, 0xC7, 0xF8, 0xFF, 0x07, 0x00, 0xF0, 0x1F, 0x01, 0xF0, 0x1F, 0x01, 0xE4, 0x3C,
    0xFF, 0x9F, 0xE3, 0xF8, 0x7B, 0xE1, 0xFF, 0xC7, 0xFF, 0x9F, 0x1E, 0x7C, 0x79, 0xE1, 0xE7, 0x87,
    0x9E, 0x1E, 0x78, 0x79, 0xE3, 0xC7, 0xFF, 0x1F, 0xF8, 0x7F, 0xC1, 0xF8, 0x07, 0x80, 0x1E, 0x00,
    0x78, 0x01, 0xE0, 0x07, 0x80, 0x00, 0x38, 0x70, 0xE1, 0xC3, 0x87, 0x0E, 0x1C, 0x38, 0x70, 0xE1,
    0xC3, 0x87, 0x0E, 0x1C, 0x38, 0x70, 0x38, 0xE1, 0xC7, 0x0E, 0x38, 0x71, 0xC3, 0x8E, 0x1C, 0x70,
    0xE3, 0x87, 0x1C, 0x38, 0xE1, 0xC7, 0x0E, 0x38, 0x71, 0xC3, 0x8E, 0x1C, 0x70, 0xE3, 0x87, 0x1C,
    0x38, 0xE1, 0xC7, 0x00, 0x0E, 0x00, 0xE0, 0x0E, 0x00, 0xE0, 0x0E, 0x07, 0xFE, 0x7F, 0xE7, 0xFE,
    0x0E, 0x00, 0xE0, 0x7F, 0xE7, 0xFE, 0x7F, 0xE0, 0xE0, 0x0E, 0x00, 0xE0, 0x0E, 0x00, 0xE0, 0x78,
    0xF1, 0xE3, 0xC7, 0x8F, 0x1E, 0x3C, 0x38, 0x70, 0xE0, 0x00, 0x07, 0x1E, 0x3C, 0x38, 0x00, 0x00,
    0x30, 0xE0, 0x00, 0x01, 0xEF, 0x00, 0x00, 0x07, 0xF0, 0x00, 0x00, 0x1F, 0x00, 0x00, 0x00, 0x00,
    0x1F, 0xF0, 0x3F, 0xF8, 0xFF, 0xC1, 0xFF, 0xC7, 0xFF, 0x0F, 0xFE, 0x3C, 0x7C, 0x01, 0xE1, 0xE1,
    0xF0, 0x1F, 0x0F, 0x07, 0x80, 0xF0, 0x78, 0x3C, 0x0F, 0x83, 0xC1, 0xE0, 0x78, 0x1E, 0x0F, 0x07,
    0x80, 0xF0, 0x78, 0x3C, 0x07, 0x83, 0xC3, 0xC0, 0x3C, 0x1E, 0x3E, 0x01, 0xE1, 0xE1, 0xE0, 0x0F,
    0x1F, 0x1E, 0x00, 0x7F, 0xF0, 0xFF, 0xE3, 0xFF, 0x0F, 0xFF, 0x1F, 0xE0, 0x7F, 0xF8, 0x00, 0x00,
    0x70, 0xC7, 0xFC, 0x0F, 0x78, 0xFF, 0xC0, 0xFE, 0x1F, 0xFC, 0x0F, 0x83, 0xC7, 0xC0, 0x00, 0x78,
    0x7C, 0xFF, 0x8F, 0x07, 0x9F, 0xF1, 0xE0, 0xF3, 0xFE, 0x3C, 0x1E, 0x07, 0x87, 0x83, 0xC0, 0xF0,
    0xF0, 0x78, 0x3C, 0x1E, 0x0F, 0x0F, 0x03, 0xC1, 0xE1, 0xE0, 0x78, 0x78, 0x78, 0x0F, 0x1F, 0x1F,
    0x01, 0xFF, 0xC3, 0xFE, 0x3F, 0xF0, 0xFF, 0xC7, 0xF8, 0x1F, 0xF8, 0x00, 0x79, 0x87, 0x00, 0x3C,
    0xF7, 0x80, 0x1E, 0x3F, 0x80, 0x0F, 0x0F, 0x80, 0x07, 0x80, 0x00, 0xFB, 0xCF, 0xF8, 0xFF, 0xE7,
    0xFC, 0x7F, 0xF3, 0xFE, 0x78, 0xF8, 0x1E, 0x3C, 0x3C, 0x0F, 0x1E, 0x1E, 0x0F, 0x0F, 0x0F, 0x0F,
    0x07, 0x87, 0x87, 0x83, 0xC3, 0xC7, 0x81, 0xE3, 0xE7, 0x80, 0x7F, 0xF3, 0xFE, 0x3F, 0xFB, 0xFF,
    0x0F, 0xBD, 0xFF, 0x80, 0x3C, 0x03, 0xC3, 0xC0, 0x3C, 0x3C, 0x03, 0xC3, 0xC0, 0x3C, 0x3C, 0x03,
    0xC3, 0xC0, 0x3C, 0x3C, 0x03, 0xC3, 0xC0, 0x3C, 0x3C, 0x03, 0xC3, 0xC0, 0x3C, 0x3C, 0x03, 0xC3,
    0xC0, 0x3C, 0x3C, 0x03, 0xC3, 0xC0, 0x3C, 0x3F, 0xF3, 0xC3, 0xFF, 0x3C, 0x3F, 0xF3, 0xC0, 0x00,
    0x3C, 0x00, 0x07, 0x80, 0x03, 0xF8, 0x00, 0x3F, 0x00, 0x01, 0xE0, 0x00, 0x03, 0x87, 0x80, 0xF8,
    0xF0, 0x0E, 0x1E, 0x00, 0x03, 0xC0, 0x00, 0x78, 0x07, 0x8F, 0x00, 0xF1, 0xE0, 0x1E, 0x3C, 0x03,
    0xC7, 0x80, 0x78, 0xF0, 0x0F, 0x1E, 0x01, 0xE3, 0xC0, 0x3C, 0x78, 0x07, 0x8F, 0x00, 0xF1, 0xFF,
    0x9E, 0x3F, 0xF3, 0xC7, 0xFE, 0x78, 0x00, 0x0F, 0x00, 0x01, 0xE0, 0x00, 0x78, 0x00, 0x3F, 0x00,
    0x07, 0xE0, 0x00, 0xF8, 0x78, 0xF1, 0xE3, 0xC7, 0x8F, 0x1E, 0x00, 0x78, 0x01, 0xE3, 0xC7, 0x8F,
    0x1E, 0x3C, 0x78, 0xF1, 0xE3, 0xC7, 0x8F, 0x1E, 0x3C, 0x78, 0xF1, 0xE3, 0xC7, 0x8F, 0x1E, 0x3C,
    0x78, 0xF1, 0xE3, 0xC0, 0x0F, 0x00, 0x3C, 0x00, 0xF0, 0x1F, 0xC0, 0x7E, 0x01, 0xF0, 0x3E, 0x0F,
    0x0F, 0x1F, 0x07, 0x87, 0x8F, 0xC3, 0xC3, 0xC7, 0xE1, 0xE1, 0xE3, 0xF8, 0xF0, 0xF1, 0xFC, 0x78,
    0x78, 0xEF, 0x3C, 0x3C, 0x77, 0x9E, 0x1E, 0x39, 0xEF, 0x0F, 0x1C, 0xFF, 0x87, 0x8E, 0x3D, 0xC3,
    0xC7, 0x1F, 0xE1, 0xE3, 0x87, 0xF0, 0xF1, 0xC3, 0xF8, 0x78, 0xE0, 0xFC, 0x3C, 0x70, 0x3E, 0x1C,
    0x38, 0x1F, 0x1E, 0x00, 0x00, 0x0F, 0x00, 0x00, 0x07, 0x80, 0x00, 0x1F, 0xC0, 0x00, 0x0F, 0xC0,
    0x00, 0x07, 0xC0, 0x00, 0x00, 0x1E, 0x1F, 0x07, 0x8F, 0x0F, 0x83, 0xC3, 0x87, 0xE1, 0xE0, 0x03,
    0xF0, 0xF0, 0x01, 0xFC, 0x78, 0xF0, 0xFE, 0x3C, 0x78, 0x77, 0x9E, 0x3C, 0x3B, 0xCF, 0x1E, 0x1C,
    0xF7, 0x8F, 0x0E, 0x7F, 0xC7, 0x87, 0x1E, 0xE3, 0xC3, 0x8F, 0xF1, 0xE1, 0xC3, 0xF8, 0xF0, 0xE1,
    0xFC, 0x78, 0x70, 0x7E, 0x3C, 0x38, 0x1F, 0x1E, 0x1C, 0x0F, 0x8F, 0x00, 0x00, 0x07, 0x80, 0x00,
    0x03, 0xC0, 0x00, 0x01, 0xE0, 0x00, 0x07, 0xF0, 0x00, 0x03, 0xF0, 0x00, 0x01, 0xF0, 0x00, 0x00,
    0xF0, 0x00, 0x07, 0x80, 0x00, 0x3C, 0x00, 0x00, 0x00, 0x00, 0x00, 0x3D, 0xF0, 0x79, 0xFF, 0xC3,
    0xCF, 0xFF, 0x1E, 0x7C, 0x78, 0xF3, 0xE3, 0xC7, 0x9E, 0x1E, 0x3C, 0xF0, 0xF1, 0xE7, 0x87, 0x8F,
    0x3C, 0x3C, 0x79, 0xE1, 0xE3, 0xCF, 0x0F, 0x1E, 0x78, 0x78, 0xF3, 0xC3, 0xC7, 0x80, 0x00, 0x3C,
    0x00, 0x01, 0xE0, 0x00, 0x0F, 0x00, 0x03, 0xF0, 0x00, 0x1F, 0x80, 0x00, 0xF8, 0x1C, 0x30, 0x1E,
    0xF0, 0x0F, 0xE0, 0x07, 0xC0, 0x00, 0x00, 0x07, 0xC0, 0x07, 0xC0, 0x0F, 0xE0, 0x0F, 0xE0, 0x0E,
    0xE0, 0x1E, 0xF0, 0x1E, 0xF0, 0x1E, 0x70, 0x3C, 0x78, 0x3C, 0x78, 0x3F, 0xF8, 0x7F, 0xFC, 0x7F,
    0xFC, 0x78, 0x3C, 0x78, 0x3E, 0xF0, 0x1E, 0xF0, 0x1E, 0x38, 0x60, 0xEF, 0x07, 0xF0, 0x1F, 0x00,
    0x00, 0x0F, 0xE0, 0xFF, 0x87, 0xFE, 0x10, 0xF0, 0x07, 0x87, 0xFC, 0xFF, 0xE7, 0xCF, 0x3C, 0x79,
    0xE7, 0xCF, 0xFE, 0x7F, 0xF1, 0xF3, 0x80, 0x61, 0xDE, 0xF3, 0xF8, 0x7C, 0x00, 0x1F, 0xE3, 0xF8,
    0xFC, 0x1E, 0x07, 0x81, 0xE0, 0x78, 0x1E, 0x07, 0x81, 0xE0, 0x78, 0x1E, 0x07, 0x81, 0xE0, 0xFC,
    0x3F, 0x9F, 0xE0, 0x61, 0xDE, 0xF3, 0xF8, 0x7C, 0x00, 0x07, 0x81, 0xE0, 0x78, 0x1E, 0x07, 0x81,
    0xE0, 0x78, 0x1E, 0x07, 0x81, 0xE0, 0x78, 0x1E, 0x07, 0x80, 0x0E, 0x18, 0x07, 0xBC, 0x01, 0xFC,
    0x00, 0x7C, 0x00, 0x00, 0x00, 0x3F, 0x80, 0x3F, 0xF0, 0x3F, 0xFC, 0x3E, 0x1E, 0x1E, 0x0F, 0x9F,
    0x03, 0xCF, 0x01, 0xE7, 0x80, 0xF3, 0xC0, 0x79, 0xE0, 0x3C, 0xF0, 0x1E, 0x7C, 0x0F, 0x1E, 0x0F,
    0x8F, 0x87, 0x83, 0xFF, 0xC0, 0xFF, 0xC0, 0x3F, 0x80, 0x38, 0x60, 0x73, 0x80, 0xFC, 0x03, 0xE0,
    0x00, 0x00, 0x3F, 0x03, 0xFE, 0x0F, 0xFC, 0x78, 0xF1, 0xE1, 0xE7, 0x87, 0x9E, 0x1E, 0x78, 0x79,
    0xE1, 0xE7, 0xCF, 0x0F, 0xFC, 0x1F, 0xE0, 0x3F, 0x00, 0x0C, 0x38, 0x0F, 0x70, 0x07, 0xF0, 0x03,
    0xE0, 0x00, 0x00, 0x3C, 0x1E, 0x3C, 0x1E, 0x3C, 0x1E, 0x3C, 0x1E, 0x3C, 0x1E, 0x3C, 0x1E, 0x3C,
    0x1E, 0x3C, 0x1E, 0x3C, 0x1E, 0x3C, 0x1E, 0x3C, 0x1E, 0x3C, 0x1E, 0x3C, 0x1E, 0x3E, 0x3C, 0x3F,
    0xFC, 0x1F, 0xF8, 0x07, 0xF0, 0x18, 0x70, 0x7B, 0x80, 0xFE, 0x01, 0xF0, 0x00, 0x01, 0xE1, 0xE7,
    0x87, 0x9E, 0x1E, 0x78, 0x79, 0xE1, 0xE7, 0x87, 0x9E, 0x1E, 0x78, 0x79, 0xE1, 0xE7, 0xCF, 0x8F,
    0xFE, 0x3F, 0xF8, 0x7E, 0xE0, 0x00, 0x00, 0x0F, 0xF0, 0x0F, 0xF0, 0x00, 0x00, 0x06, 0x70, 0x0F,
    0x70, 0x06, 0x70, 0x00, 0x00, 0x3C, 0x1E, 0x3C, 0x1E, 0x3C, 0x1E, 0x3C, 0x1E, 0x3C, 0x1E, 0x3C,
    0x1E, 0x3C, 0x1E, 0x3C, 0x1E, 0x3C, 0x1E, 0x3C, 0x1E, 0x3C, 0x1E, 0x3C, 0x1E, 0x3C, 0x1E, 0x3E,
    0x3C, 0x3F, 0xFC, 0x1F, 0xF8, 0x07, 0xF0, 0x1F, 0xE0, 0x7F, 0x80, 0x00, 0x03, 0x38, 0x1E, 0xE0,
    0x33, 0x80, 0x00, 0x1E, 0x1E, 0x78, 0x79, 0xE1, 0xE7, 0x87, 0x9E, 0x1E, 0x78, 0x79, 0xE1, 0xE7,
    0x87, 0x9E, 0x1E, 0x7C, 0xF8, 0xFF, 0xE3, 0xFF, 0x87, 0xEE, 0x00, 0xF0, 0x01, 0xE0, 0x01, 0xC0,
    0x00, 0x00, 0x06, 0x70, 0x0F, 0x70, 0x06, 0x70, 0x00, 0x00, 0x3C, 0x1E, 0x3C, 0x1E, 0x3C, 0x1E,
    0x3C, 0x1E, 0x3C, 0x1E, 0x3C, 0x1E, 0x3C, 0x1E, 0x3C, 0x1E, 0x3C, 0x1E, 0x3C, 0x1E, 0x3C, 0x1E,
    0x3C, 0x1E, 0x3C, 0x1E, 0x3E, 0x3C, 0x3F, 0xFC, 0x1F, 0xF8, 0x07, 0xF0, 0x01, 0xE0, 0x0F, 0x00,
    0x38, 0x03, 0x38, 0x1E, 0xE0, 0x33, 0x80, 0x00, 0x1E, 0x1E, 0x78, 0x79, 0xE1, 0xE7, 0x87, 0x9E,
    0x1E, 0x78, 0x79, 0xE1, 0xE7, 0x87, 0x9E, 0x1E, 0x7C, 0xF8, 0xFF, 0xE3, 0xFF, 0x87, 0xEE, 0x0E,
    0x30, 0x07, 0xF0, 0x03, 0xE0, 0x01, 0xC0, 0x06, 0x70, 0x0F, 0x70, 0x06, 0x70, 0x00, 0x00, 0x3C,
    0x1E, 0x3C, 0x1E, 0x3C, 0x1E, 0x3C, 0x1E, 0x3C, 0x1E, 0x3C, 0x1E, 0x3C, 0x1E, 0x3C, 0x1E, 0x3C,
    0x1E, 0x3C, 0x1E, 0x3C, 0x1E, 0x3C, 0x1E, 0x3C, 0x1E, 0x3E, 0x3C, 0x3F, 0xFC, 0x1F, 0xF8, 0x07,
    0xF0, 0x18, 0x60, 0x3B, 0x80, 0x7C, 0x01, 0xE0, 0x0C, 0xE0, 0x7B, 0x80, 0xCE, 0x00, 0x00, 0x78,
    0x79, 0xE1, 0xE7, 0x87, 0x9E, 0x1E, 0x78, 0x79, 0xE1, 0xE7, 0x87, 0x9E, 0x1E, 0x78, 0x79, 0xF3,
    0xE3, 0xFF, 0x8F, 0xFE, 0x1F, 0xB8, 0x0F, 0x00, 0x07, 0x80, 0x03, 0xC0, 0x00, 0x00, 0x06, 0x70,
    0x0F, 0x70, 0x06, 0x70, 0x00, 0x00, 0x3C, 0x1E, 0x3C, 0x1E, 0x3C, 0x1E, 0x3C, 0x1E, 0x3C, 0x1E,
    0x3C, 0x1E, 0x3C, 0x1E, 0x3C, 0x1E, 0x3C, 0x1E, 0x3C, 0x1E, 0x3C, 0x1E, 0x3C, 0x1E, 0x3C, 0x1E,
    0x3E, 0x3C, 0x3F, 0xFC, 0x1F, 0xF8, 0x07, 0xF0, 0x1E, 0x00, 0x3C, 0x00, 0x78, 0x03, 0x38, 0x1E,
    0xE0, 0x33, 0x80, 0x00, 0x1E, 0x1E, 0x78, 0x79, 0xE1, 0xE7, 0x87, 0x9E, 0x1E, 0x78, 0x79, 0xE1,
    0xE7, 0x87, 0x9E, 0x1E, 0x7C, 0xF8, 0xFF, 0xE3, 0xFF, 0x87, 0xEE, 0x3F, 0x83, 0xFE, 0x1F, 0xF8,
    0x43, 0xE0, 0x0F, 0x3F, 0xF9, 0xFF, 0xCF, 0xFE, 0x70, 0xF3, 0xC7, 0x9F, 0xF8, 0x7F, 0xC1, 0xF8,
    0x00, 0x0F, 0xF0, 0x0F, 0xF0, 0x00, 0x00, 0x0C, 0x60, 0x0E, 0xE0, 0x0E, 0xE0, 0x00, 0x00, 0x07,
    0xC0, 0x07, 0xC0, 0x0F, 0xE0, 0x0F, 0xE0, 0x0E, 0xE0, 0x1E, 0xF0, 0x1E, 0xF0, 0x1E, 0x70, 0x3C,
    0x78, 0x3C, 0x78, 0x3F, 0xF8, 0x7F, 0xFC, 0x7F, 0xFC, 0x78, 0x3C, 0x78, 0x3E, 0xF0, 0x1E, 0xF0,
    0x1E, 0x1F, 0xE0, 0xFF, 0x00, 0x00, 0x39, 0x81, 0xDE, 0x0E, 0x60, 0x00, 0x03, 0xF8, 0x3F, 0xE1,
    0xFF, 0x84, 0x3C, 0x01, 0xE1, 0xFF, 0x3F, 0xF9, 0xF3, 0xCF, 0x1E, 0x79, 0xF3, 0xFF, 0x9F, 0xFC,
    0x7C, 0xE0, 0x0F, 0xF0, 0x0F, 0xF0, 0x0F, 0xE0, 0x03, 0x80, 0x03, 0x80, 0x03, 0x80, 0x00, 0x00,
    0x07, 0xC0, 0x07, 0xC0, 0x0F, 0xE0, 0x0F, 0xE0, 0x0E, 0xE0, 0x1E, 0xF0, 0x1E, 0xF0, 0x1E, 0x70,
    0x3C, 0x78, 0x3C, 0x78, 0x3F, 0xF8, 0x7F, 0xFC, 0x7F, 0xFC, 0x78, 0x3C, 0x78, 0x3E, 0xF0, 0x1E,
    0xF0, 0x1E, 0x1F, 0xE0, 0xFF, 0x07, 0xF8, 0x0E, 0x00, 0x70, 0x01, 0x80, 0x00, 0x03, 0xF8, 0x3F,
    0xE1, 0xFF, 0x84, 0x3C, 0x01, 0xE1, 0xFF, 0x3F, 0xF9, 0xF3, 0xCF, 0x1E, 0x79, 0xF3, 0xFF, 0x9F,
    0xFC, 0x7C, 0xE0, 0x00, 0xFF, 0x00, 0x03, 0xFC, 0x00, 0x0F, 0xF0, 0x00, 0x00, 0x00, 0x01, 0xFF,
    0xF8, 0x07, 0xFF, 0xE0, 0x1F, 0xFF, 0x00, 0xF7, 0x80, 0x03, 0xDE, 0x00, 0x1E, 0x78, 0x00, 0x79,
    0xE0, 0x01, 0xC7, 0xFC, 0x0F, 0x1F, 0xF0, 0x3C, 0x7F, 0xC1, 0xFF, 0xE0, 0x07, 0xFF, 0x80, 0x1F,
    0xFE, 0x00, 0xF0, 0x78, 0x03, 0xC1, 0xFF, 0x1E, 0x07, 0xFE, 0x78, 0x1F, 0xF8, 0x03, 0xFC, 0x00,
    0x3F, 0xC0, 0x03, 0xFC, 0x00, 0x00, 0x00, 0x1F, 0x9F, 0x83, 0xFF, 0xFC, 0x3F, 0xFF, 0xE1, 0x0F,
    0x1E, 0x00, 0xF0, 0xE1, 0xFF, 0xFE, 0x7F, 0xFF, 0xE7, 0x8F, 0xFE, 0x78, 0xF0, 0x07, 0x9F, 0x80,
    0x7F, 0xFF, 0xE7, 0xFB, 0xFE, 0x3F, 0x1F, 0xC0, 0x03, 0xFC, 0x0F, 0xFC, 0x1F, 0xFC, 0x3E, 0x08,
    0x3C, 0x00, 0x7C, 0x00, 0x78, 0x00, 0x78, 0xFE, 0x78, 0xFE, 0x78, 0xFE, 0x78, 0xFF, 0x7C, 0xFF,
    0x3C, 0xFF, 0x3E, 0x1E, 0x1F, 0xFE, 0x0F, 0xFE, 0x07, 0xFC, 0x1F, 0x78, 0xFF, 0xE3, 0xFF, 0x9E,
    0x3E, 0x78, 0x79, 0xE1, 0xE7, 0x87, 0x9E, 0x1E, 0x78, 0x79, 0xF3, 0xE3, 0xFF, 0x8F, 0xFE, 0x0E,
    0x78, 0x01, 0xE0, 0x7F, 0xC1, 0xFF, 0x7F, 0xF1, 0xFF, 0x83, 0xFC, 0x00, 0x0E, 0x18, 0x07, 0x38,
    0x03, 0xF0, 0x03, 0xE0, 0x00, 0x00, 0x03, 0xFC, 0x0F, 0xFC, 0x1F, 0xFC, 0x3E, 0x08, 0x3C, 0x00,
    0x7C, 0x00, 0x78, 0x00, 0x78, 0xFE, 0x78, 0xFE, 0x78, 0xFE, 0x78, 0x1E, 0x7C, 0x1E, 0x3C, 0x1E,
    0x3E, 0x1E, 0x1F, 0xFE, 0x0F, 0xFE, 0x07, 0xFC, 0x18, 0x70, 0x73, 0x80, 0xFC, 0x01, 0xF0, 0x00,
    0x00, 0x7D, 0xE3, 0xFF, 0x8F, 0xFE, 0x78, 0xF9, 0xE1, 0xE7, 0x87, 0x9E, 0x1E, 0x78, 0x79, 0xE1,
    0xE7, 0x8F, 0x8F, 0xFE, 0x3F, 0xF8, 0x7D, 0xE0, 0x07, 0x80, 0x3C, 0x20, 0xF1, 0xFF, 0xC7, 0xFE,
    0x0F, 0xF0, 0x1C, 0x30, 0x1C, 0xE0, 0x1F, 0x80, 0x3E, 0x00, 0x00, 0x07, 0x87, 0x8F, 0x1F, 0x1E,
    0x3C, 0x3C, 0xF0, 0x7B, 0xE0, 0xF7, 0x81, 0xFE, 0x03, 0xFC, 0x07, 0xF8, 0x0F, 0xF8, 0x1E, 0xF0,
    0x3D, 0xF0, 0x79, 0xE0, 0xF1, 0xE1, 0xE3, 0xC3, 0xC3, 0xC7, 0x87, 0xC0, 0x70, 0xC0, 0x7B, 0xC0,
    0x3F, 0x80, 0x1F, 0x00, 0x00, 0x00, 0x1E, 0x00, 0x1E, 0x00, 0x1E, 0x00, 0x1E, 0x00, 0x1E, 0x00,
    0x1E, 0x1E, 0x1E, 0x3C, 0x1E, 0x7C, 0x1E, 0xF8, 0x1E, 0xF0, 0x1F, 0xE0, 0x1F, 0xF0, 0x1F, 0xF0,
    0x1F, 0x78, 0x1E, 0x7C, 0x1E, 0x3C, 0x1E, 0x1E, 0x1E, 0x1F, 0x07, 0xF0, 0x07, 0xFE, 0x07, 0xFF,
    0x87, 0xC3, 0xC3, 0xC1, 0xF3, 0xE0, 0x79, 0xE0, 0x3C, 0xF0, 0x1E, 0x78, 0x0F, 0x3C, 0x07, 0x9E,
    0x03, 0xCF, 0x81, 0xE3, 0xC1, 0xF1, 0xF0, 0xF0, 0x7F, 0xF8, 0x1F, 0xF8, 0x07, 0xF0, 0x00, 0x60,
    0x00, 0x70, 0x00, 0x70, 0x00, 0x38, 0x00, 0x1F, 0x00, 0x07, 0x80, 0x0F, 0xC0, 0xFF, 0x83, 0xFF,
    0x1E, 0x3C, 0x78, 0x79, 0xE1, 0xE7, 0x87, 0x9E, 0x1E, 0x78, 0x79, 0xF3, 0xC3, 0xFF, 0x07, 0xF8,
    0x0F, 0xC0, 0x0C, 0x00, 0x70, 0x03, 0x80, 0x0E, 0x00, 0x3E, 0x00, 0x78, 0x00, 0x07, 0xF8, 0x03,
    0xFC, 0x01, 0xFE, 0x00, 0x00, 0x00, 0x7F, 0x00, 0x7F, 0xE0, 0x7F, 0xF8, 0x7C, 0x3C, 0x3C, 0x1F,
    0x3E, 0x07, 0x9E, 0x03, 0xCF, 0x01, 0xE7, 0x80, 0xF3, 0xC0, 0x79, 0xE0, 0x3C, 0xF8, 0x1E, 0x3C,
    0x1F, 0x1F, 0x0F, 0x07, 0xFF, 0x81, 0xFF, 0x80, 0x7F, 0x00, 0x06, 0x00, 0x07, 0x00, 0x07, 0x00,
    0x03, 0x80, 0x01, 0xF0, 0x00, 0x78, 0x00, 0x1F, 0xE0, 0x7F, 0x81, 0xFE, 0x00, 0x00, 0x0F, 0xC0,
    0xFF, 0x83, 0xFF, 0x1E, 0x3C, 0x78, 0x79, 0xE1, 0xE7, 0x87, 0x9E, 0x1E, 0x78, 0x79, 0xF3, 0xC3,
    0xFF, 0x07, 0xF8, 0x0F, 0xC0, 0x0C, 0x00, 0x70, 0x03, 0x80, 0x0E, 0x00, 0x3E, 0x00, 0x78, 0x00,
    0x30, 0xE1, 0xEF, 0x07, 0xF0, 0x1F, 0x00, 0x00, 0x3F, 0xF9, 0xFF, 0xCF, 0xFC, 0x03, 0xE0, 0x3E,
    0x03, 0xE0, 0x3E, 0x01, 0xFC, 0x0F, 0xF0, 0x7F, 0xC0, 0x1E, 0x00, 0xF0, 0x07, 0x90, 0x3D, 0xFF,
    0xEF, 0xFE, 0x3F, 0xE0, 0x30, 0xE1, 0xCE, 0x07, 0xE0, 0x1F, 0x00, 0x00, 0x3F, 0xF9, 0xFF, 0xCF,
    0xFC, 0x03, 0xC0, 0x3E, 0x03, 0xE0, 0x3E, 0x01, 0xF0, 0x0F, 0xE0, 0x7F, 0x80, 0x7E, 0x00, 0xF0,
    0x07, 0x80, 0x3C, 0x01, 0xEC, 0x1F, 0x7F, 0xF3, 0xFF, 0x0F, 0xF0, 0x61, 0xCF, 0x78, 0xFE, 0x0F,
    0x80, 0x00, 0x3C, 0x07, 0x80, 0xF0, 0x1E, 0x03, 0xC0, 0x78, 0x0F, 0x01, 0xE0, 0x3C, 0x07, 0x80,
    0xF0, 0x1E, 0x03, 0xC0, 0x78, 0x0F, 0x01, 0xE0, 0xFC, 0x1F, 0x03, 0xE0, 0x3F, 0xE0, 0xFF, 0xF1,
    0xFF, 0x87, 0xFF, 0x8F, 0xFE, 0x1F, 0xFC, 0x78, 0xF8, 0x03, 0xC3, 0xC3, 0xE0, 0x3E, 0x1E, 0x0F,
    0x01, 0xE0, 0xF0, 0x78, 0x1E, 0x07, 0x83, 0xC0, 0xF0, 0x3C, 0x1E, 0x0F, 0x01, 0xE0, 0xF0, 0xF8,
    0x0F, 0x07, 0x87, 0x80, 0x78, 0x3C, 0x78, 0x03, 0xC3, 0xC3, 0xC0, 0x1E, 0x3E, 0x3C, 0x00, 0xFF,
    0xE3, 0xFF, 0xC7, 0xFE, 0x1F, 0xFE, 0x3F, 0xC0, 0xFF, 0xF0, 0x3F, 0xE0, 0x00, 0x07, 0xFE, 0x00,
    0x00, 0xFF, 0xE0, 0x00, 0x1E, 0x3E, 0x00, 0x03, 0xC3, 0xE7, 0xFC, 0x78, 0x3C, 0xFF, 0x8F, 0x07,
    0x9F, 0xF1, 0xE0, 0xF0, 0x3C, 0x3C, 0x1E, 0x07, 0x87, 0x83, 0xC1, 0xE0, 0xF0, 0x78, 0x78, 0x1E,
    0x0F, 0x0F, 0x03, 0xC3, 0xC3, 0xC0, 0x78, 0xF8, 0xF0, 0x0F, 0xFE, 0x1F, 0xF1, 0xFF, 0x87, 0xFE,
    0x3F, 0xC0, 0xFF, 0xC0, 0x00, 0x78, 0x00, 0x00, 0x3C, 0x00, 0x00, 0x1E, 0x00, 0x00, 0x0F, 0x00,
    0x00, 0x07, 0x80, 0x00, 0xFB, 0xCF, 0xF8, 0xFF, 0xE7, 0xFC, 0x7F, 0xF3, 0xFE, 0x78, 0xF8, 0x1E,
    0x3C, 0x3C, 0x0F, 0x1E, 0x1E, 0x0F, 0x0F, 0x0F, 0x0F, 0x07, 0x87, 0x87, 0x83, 0xC3, 0xC7, 0x81,
    0xE3, 0xE7, 0x80, 0x7F, 0xF3, 0xFE, 0x3F, 0xFB, 0xFF, 0x0F, 0xBD, 0xFF, 0x80, 0x00, 0x3C, 0x00,
    0x78, 0x00, 0xF0, 0x01, 0xE0, 0x00, 0x00, 0x03, 0xFC, 0x0F, 0xFC, 0x1F, 0xFC, 0x3E, 0x08, 0x3C,
    0x00, 0x7C, 0x00, 0x78, 0x00, 0x78, 0xFE, 0x78, 0xFE, 0x78, 0xFE, 0x78, 0x1E, 0x7C, 0x1E, 0x3C,
    0x1E, 0x3E, 0x1E, 0x1F, 0xFE, 0x0F, 0xFE, 0x07, 0xFC, 0x00, 0xF0, 0x07, 0x80, 0x3C, 0x01, 0xE0,
    0x00, 0x00, 0x7D, 0xE3, 0xFF, 0x8F, 0xFE, 0x78, 0xF9, 0xE1, 0xE7, 0x87, 0x9E, 0x1E, 0x78, 0x79,
    0xE1, 0xE7, 0x8F, 0x8F, 0xFE, 0x3F, 0xF8, 0x7D, 0xE0, 0x07, 0x80, 0x3C, 0x20, 0xF1, 0xFF, 0xC7,
    0xFE, 0x0F, 0xF0, 0x3C, 0x3C, 0x00, 0x78, 0x78, 0x00, 0xF0, 0xF0, 0x01, 0xE1, 0xE0, 0x03, 0xC3,
    0xC3, 0xC7, 0x87, 0x87, 0x8F, 0x0F, 0x0F, 0x1F, 0xFE, 0x1E, 0x3F, 0xFC, 0x3C, 0x7F, 0xF8, 0x78,
    0xF0, 0xF0, 0xF1, 0xE1, 0xE1, 0xE3, 0xC3, 0xC3, 0xC7, 0x87, 0xCF, 0x8F, 0x07, 0xFE, 0x1E, 0x0F,
    0xFC, 0x3C, 0x07, 0xE0, 0x39, 0xF0, 0x7F, 0xF0, 0xFF, 0xF1, 0xF1, 0xE3, 0xC3, 0xC7, 0x87, 0x8F,
    0x0F, 0x1E, 0x1E, 0x3C, 0x3C, 0x78, 0x78, 0xF1, 0xF1, 0xE3, 0xC3, 0xCF, 0x87, 0xFE, 0x0F, 0xF8,
    0x1F, 0xE0, 0x3F, 0x00, 0x78, 0x00, 0xF0, 0x01, 0xE0, 0x03, 0xC0, 0x07, 0x80, 0x0F, 0x00, 0x00,
    0x07, 0x80, 0x01, 0xF0, 0x00, 0x1E, 0x00, 0x03, 0x80, 0x00, 0x00, 0x0F, 0x83, 0xC3, 0xE0, 0xF0,
    0xFC, 0x3C, 0x3F, 0x0F, 0x0F, 0xE3, 0xC3, 0xF8, 0xF0, 0xEF, 0x3C, 0x3B, 0xCF, 0x0E, 0x7B, 0xC3,
    0x9F, 0xF0, 0xE3, 0xDC, 0x38, 0xFF, 0x0E, 0x1F, 0xC3, 0x87, 0xF0, 0xE0, 0xFC, 0x38, 0x1F, 0x0E,
    0x07, 0xC0, 0x1E, 0x00, 0x3C, 0x00, 0x78, 0x00, 0xF0, 0x00, 0x01, 0xEF, 0x87, 0xFF, 0x1F, 0xFE,
    0x7C, 0x79, 0xF1, 0xE7, 0x87, 0x9E, 0x1E, 0x78, 0x79, 0xE1, 0xE7, 0x87, 0x9E, 0x1E, 0x78, 0x79,
    0xE1, 0xE0, 0x00, 0xF0, 0x01, 0xE0, 0x03, 0xC0, 0x03, 0x80, 0x07, 0xC0, 0x0E, 0xE0, 0x0E, 0xE0,
    0x07, 0xC0, 0x07, 0xC0, 0x0F, 0xE0, 0x0F, 0xE0, 0x0E, 0xE0, 0x1E, 0xF0, 0x1E, 0x70, 0x1C, 0x78,
    0x3C, 0x78, 0x3F, 0xF8, 0x3F, 0xFC, 0x7F, 0xFC, 0x78, 0x3C, 0x78, 0x3E, 0xF0, 0x1E, 0xF0, 0x1E,
    0x01, 0xE0, 0x1E, 0x01, 0xE0, 0x00, 0x00, 0x78, 0x07, 0xE0, 0x37, 0x01, 0xF8, 0x07, 0x80, 0x00,
    0x07, 0xF0, 0x7F, 0xC3, 0xFF, 0x08, 0x78, 0x03, 0xC3, 0xFE, 0x7F, 0xF3, 0xE7, 0x9E, 0x3C, 0xF3,
    0xE7, 0xFF, 0x3F, 0xF8, 0xF9, 0xC0, 0x00, 0x0F, 0x00, 0x00, 0x3C, 0x00, 0x01, 0xE0, 0x00, 0x0E,
    0x00, 0x00, 0x00, 0x00, 0x07, 0xFF, 0xE0, 0x1F, 0xFF, 0x80, 0x7F, 0xFC, 0x03, 0xDE, 0x00, 0x0F,
    0x78, 0x00, 0x79, 0xE0, 0x01, 0xE7, 0x80, 0x07, 0x1F, 0xF0, 0x3C, 0x7F, 0xC0, 0xF1, 0xFF, 0x07,
    0xFF, 0x80, 0x1F, 0xFE, 0x00, 0x7F, 0xF8, 0x03, 0xC1, 0xE0, 0x0F, 0x07, 0xFC, 0x78, 0x1F, 0xF9,
    0xE0, 0x7F, 0xE0, 0x00, 0x1E, 0x00, 0x03, 0xC0, 0x00, 0x78, 0x00, 0x07, 0x00, 0x00, 0x00, 0x01,
    0xF9, 0xF8, 0x3F, 0xFF, 0xC3, 0xFF, 0xFE, 0x10, 0xF1, 0xE0, 0x0F, 0x0E, 0x1F, 0xFF, 0xE7, 0xFF,
    0xFE, 0x78, 0xFF, 0xE7, 0x8F, 0x00, 0x79, 0xF8, 0x07, 0xFF, 0xFE, 0x7F, 0xBF, 0xE3, 0xF1, 0xFC,
    0x00, 0x78, 0x00, 0x3C, 0x00, 0x3C, 0x00, 0x38, 0x00, 0x00, 0x40, 0x3F, 0xF0, 0x3F, 0xF8, 0x3F,
    0xFC, 0x3E, 0x3E, 0x1E, 0x1F, 0x9F, 0x1F, 0xCF, 0x0D, 0xE7, 0x8E, 0xF3, 0xCE, 0x79, 0xE7, 0x3C,
    0xF7, 0x1E, 0x7F, 0x0F, 0x1F, 0x8F, 0x8F, 0x87, 0x83, 0xFF, 0xC1, 0xFF, 0xC1, 0xFF, 0x80, 0x60,
    0x00, 0x00, 0xF0, 0x07, 0x80, 0x3C, 0x01, 0xE0, 0x00, 0x20, 0x3F, 0xC3, 0xFF, 0x0F, 0xFC, 0x78,
    0xF1, 0xE7, 0xE7, 0xBF, 0x9E, 0xDE, 0x7F, 0x79, 0xF9, 0xE7, 0xCF, 0x0F, 0xFC, 0x3F, 0xE0, 0xFF,
    0x03, 0x00, 0x00, 0x7B, 0xC0, 0x3F, 0xC0, 0x1D, 0xE0, 0x0E, 0xE0, 0x00, 0x00, 0x07, 0xC0, 0x07,
    0xC0, 0x0F, 0xE0, 0x0F, 0xE0, 0x0E, 0xE0, 0x1E, 0xF0, 0x1E, 0xF0, 0x1E, 0x70, 0x3C, 0x78, 0x3C,
    0x78, 0x3F, 0xF8, 0x7F, 0xFC, 0x7F, 0xFC, 0x78, 0x3C, 0x78, 0x3E, 0xF0, 0x1E, 0xF0, 0x1E, 0xF7,
    0x83, 0xDC, 0x0E, 0x70, 0x39, 0x80, 0x00, 0x0F, 0xE0, 0xFF, 0x87, 0xFE, 0x10, 0xF0, 0x07, 0x87,
    0xFC, 0xFF, 0xE7, 0xCF, 0x3C, 0x79, 0xE7, 0xCF, 0xFE, 0x7F, 0xF1, 0xF3, 0x80, 0x03, 0xC0, 0x0F,
    0xE0, 0x0F, 0xF0, 0x1C, 0x70, 0x18, 0x30, 0x00, 0x00, 0x07, 0xC0, 0x07, 0xC0, 0x0F, 0xE0, 0x0F,
    0xE0, 0x0E, 0xE0, 0x1E, 0xF0, 0x1E, 0xF0, 0x1E, 0x70, 0x3C, 0x78, 0x3C, 0x78, 0x3F, 0xF8, 0x7F,
    0xFC, 0x7F, 0xFC, 0x78, 0x3C, 0x78, 0x3E, 0xF0, 0x1E, 0xF0, 0x1E, 0x07, 0x80, 0xFE, 0x07, 0xF8,
    0x71, 0xC1, 0x86, 0x00, 0x00, 0x7F, 0x07, 0xFC, 0x3F, 0xF0, 0x87, 0x80, 0x3C, 0x3F, 0xE7, 0xFF,
    0x3E, 0x79, 0xE3, 0xCF, 0x3E, 0x7F, 0xF3, 0xFF, 0x8F, 0x9C, 0xF7, 0x87, 0xF8, 0x3B, 0xC1, 0xDC,
    0x00, 0x03, 0xFE, 0x3F, 0xE3, 0xFE, 0x3C, 0x03, 0xC0, 0x3C, 0x03, 0xC0, 0x3F, 0xE3, 0xFE, 0x3F,
    0xE3, 0xC0, 0x3C, 0x03, 0xC0, 0x3C, 0x03, 0xFE, 0x3F, 0xE3, 0xFE, 0xF7, 0x83, 0xFC, 0x0E, 0xF0,
    0x3B, 0x80, 0x00, 0x07, 0xE0, 0xFF, 0x87, 0xFE, 0x78, 0xF3, 0xC3, 0x9F, 0xFC, 0xFF, 0xE7, 0xFF,
    0x3C, 0x01, 0xE0, 0x07, 0xFE, 0x1F, 0xF0, 0x7F, 0x00, 0x07, 0x81, 0xFC, 0x1F, 0xE3, 0x8E, 0x30,
    0x60, 0x00, 0x3F, 0xE3, 0xFE, 0x3F, 0xE3, 0xC0, 0x3C, 0x03, 0xC0, 0x3C, 0x03, 0xFE, 0x3F, 0xE3,
    0xFE, 0x3C, 0x03, 0xC0, 0x3C, 0x03, 0xC0, 0x3F, 0xE3, 0xFE, 0x3F, 0xE0, 0x07, 0x80, 0xFE, 0x07,
    0xF8, 0x71, 0xC3, 0x06, 0x00, 0x00, 0x3F, 0x07, 0xFC, 0x3F, 0xF3, 0xC7, 0x9E, 0x1C, 0xFF, 0xE7,
    0xFF, 0x3F, 0xF9, 0xE0, 0x0F, 0x00, 0x3F, 0xF0, 0xFF, 0x83, 0xF8, 0xF7, 0x0F, 0xF0, 0xEE, 0x0E,
    0xE0, 0x00, 0x7F, 0x87, 0xF0, 0xFC, 0x0F, 0x01, 0xE0, 0x3C, 0x07, 0x80, 0xF0, 0x1E, 0x03, 0xC0,
    0x78, 0x0F, 0x01, 0xE0, 0x3C, 0x0F, 0xC1, 0xFC, 0x7F, 0x80, 0xF7, 0x1F, 0xE3, 0xB8, 0x77, 0x00,
    0x03, 0xC0, 0xF0, 0x3C, 0x0F, 0x03, 0xC0, 0xF0, 0x3C, 0x0F, 0x03, 0xC0, 0xF0, 0x3C, 0x0F, 0x03,
    0xC0, 0x3C, 0x3F, 0xBF, 0xDC, 0x7C, 0x18, 0x03, 0xFC, 0xFE, 0x7E, 0x1E, 0x0F, 0x07, 0x83, 0xC1,
    0xE0, 0xF0, 0x78, 0x3C, 0x1E, 0x0F, 0x07, 0x87, 0xE3, 0xFB, 0xFC, 0x3C, 0x3F, 0xBF, 0xDC, 0x7C,
    0x18, 0x00, 0xF0, 0x78, 0x3C, 0x1E, 0x0F, 0x07, 0x83, 0xC1, 0xE0, 0xF0, 0x78, 0x3C, 0x1E, 0x0F,
    0x00, 0x3D, 0xE0, 0x0F, 0x70, 0x03, 0x9C, 0x00, 0xE6, 0x00, 0x00, 0x00, 0x3F, 0x80, 0x3F, 0xF0,
    0x3F, 0xFC, 0x3E, 0x1E, 0x1E, 0x0F, 0x9F, 0x03, 0xCF, 0x01, 0xE7, 0x80, 0xF3, 0xC0, 0x79, 0xE0,
    0x3C, 0xF0, 0x1E, 0x7C, 0x0F, 0x1E, 0x0F, 0x8F, 0x87, 0x83, 0xFF, 0xC0, 0xFF, 0xC0, 0x3F, 0x80,
    0x7F, 0x81, 0xEE, 0x03, 0xDC, 0x07, 0x30, 0x00, 0x00, 0x3F, 0x03, 0xFE, 0x0F, 0xFC, 0x78, 0xF1,
    0xE1, 0xE7, 0x87, 0x9E, 0x1E, 0x78, 0x79, 0xE1, 0xE7, 0xCF, 0x0F, 0xFC, 0x1F, 0xE0, 0x3F, 0x00,
    0x01, 0xE0, 0x03, 0xF8, 0x01, 0xFE, 0x01, 0xC7, 0x00, 0x61, 0x80, 0x00, 0x00, 0x1F, 0xC0, 0x1F,
    0xF8, 0x1F, 0xFE, 0x1F, 0x0F, 0x0F, 0x07, 0xCF, 0x81, 0xE7, 0x80, 0xF3, 0xC0, 0x79, 0xE0, 0x3C,
    0xF0, 0x1E, 0x78, 0x0F, 0x3E, 0x07, 0x8F, 0x07, 0xC7, 0xC3, 0xC1, 0xFF, 0xE0, 0x7F, 0xE0, 0x1F,
    0xC0, 0x07, 0x80, 0x3F, 0x01, 0xFE, 0x07, 0x38, 0x18, 0x60, 0x00, 0x00, 0xFC, 0x0F, 0xF8, 0x3F,
    0xF1, 0xE3, 0xC7, 0x87, 0x9E, 0x1E, 0x78, 0x79, 0xE1, 0xE7, 0x87, 0x9F, 0x3C, 0x3F, 0xF0, 0x7F,
    0x80, 0xFC, 0x00, 0x7B, 0x80, 0x7F, 0x80, 0x77, 0x80, 0x77, 0x00, 0x00, 0x07, 0xF8, 0x0F, 0xFC,
    0x1F, 0xFC, 0x3C, 0xF8, 0x78, 0xF0, 0xF1, 0xE1, 0xE3, 0xC3, 0xCF, 0x87, 0xFE, 0x0F, 0xF8, 0x1F,
    0xF0, 0x3D, 0xE0, 0x79, 0xE0, 0xF3, 0xE1, 0xE3, 0xC3, 0xC3, 0xC7, 0x87, 0x80, 0xF7, 0x8F, 0xF0,
    0xEF, 0x0E, 0xE0, 0x00, 0x7B, 0xCF, 0xF9, 0xFF, 0x3E, 0x07, 0xC0, 0xF0, 0x1E, 0x03, 0xC0, 0x78,
    0x0F, 0x01, 0xE0, 0x3C, 0x07, 0x80, 0x07, 0xC0, 0x1F, 0xC0, 0x3F, 0x80, 0xE3, 0x81, 0x83, 0x00,
    0x00, 0x0F, 0xF0, 0x1F, 0xF8, 0x3F, 0xF8, 0x79, 0xF0, 0xF1, 0xE1, 0xE3, 0xC3, 0xC7, 0x87, 0x9F,
    0x0F, 0xFC, 0x1F, 0xF0, 0x3F, 0xE0, 0x7B, 0xC0, 0xF3, 0xC1, 0xE7, 0xC3, 0xC7, 0x87, 0x87, 0x8F,
    0x0F, 0x00, 0x0F, 0x0F, 0xE3, 0xFD, 0xC7, 0x60, 0xC0, 0x07, 0xBD, 0xFF, 0x7F, 0xDF, 0x07, 0xC1,
    0xE0, 0x78, 0x1E, 0x07, 0x81, 0xE0, 0x78, 0x1E, 0x07, 0x80, 0x3F, 0xC0, 0x1D, 0xE0, 0x0E, 0xE0,
    0x06, 0x70, 0x00, 0x00, 0x3C, 0x1E, 0x3C, 0x1E, 0x3C, 0x1E, 0x3C, 0x1E, 0x3C, 0x1E, 0x3C, 0x1E,
    0x3C, 0x1E, 0x3C, 0x1E, 0x3C, 0x1E, 0x3C, 0x1E, 0x3C, 0x1E, 0x3C, 0x1E, 0x3C, 0x1E, 0x3E, 0x3C,
    0x3F, 0xFC, 0x1F, 0xF8, 0x07, 0xF0, 0x7F, 0x80, 0xEF, 0x01, 0xDC, 0x03, 0x38, 0x00, 0x01, 0xE1,
    0xE7, 0x87, 0x9E, 0x1E, 0x78, 0x79, 0xE1, 0xE7, 0x87, 0x9E, 0x1E, 0x78, 0x79, 0xE1, 0xE7, 0xCF,
    0x8F, 0xFE, 0x3F, 0xF8, 0x7E, 0xE0, 0x03, 0xC0, 0x07, 0xF0, 0x0F, 0xF0, 0x0E, 0x38, 0x0C, 0x30,
    0x00, 0x00, 0x3C, 0x1E, 0x3C, 0x1E, 0x3C, 0x1E, 0x3C, 0x1E, 0x3C, 0x1E, 0x3C, 0x1E, 0x3C, 0x1E,
    0x3C, 0x1E, 0x3C, 0x1E, 0x3C, 0x1E, 0x3C, 0x1E, 0x3C, 0x1E, 0x3C, 0x1E, 0x3E, 0x3C, 0x3F, 0xFC,
    0x1F, 0xF8, 0x07, 0xF0, 0x07, 0x80, 0x3F, 0x81, 0xFE, 0x07, 0x1C, 0x18, 0x60, 0x00, 0x07, 0x87,
    0x9E, 0x1E, 0x78, 0x79, 0xE1, 0xE7, 0x87, 0x9E, 0x1E, 0x78, 0x79, 0xE1, 0xE7, 0x87, 0x9F, 0x3E,
    0x3F, 0xF8, 0xFF, 0xE1, 0xFB, 0x80, 0x1F, 0xC3, 0xFE, 0x7F, 0xE7, 0x86, 0x78, 0x07, 0x80, 0x7E,
    0x03, 0xF8, 0x1F, 0xC0, 0xFE, 0x03, 0xE0, 0x1F, 0x00, 0xF6, 0x1E, 0x7F, 0xE7, 0xFC, 0x7F, 0x80,
    0x00, 0x0F, 0x00, 0xF0, 0x0E, 0x00, 0xE0, 0x1F, 0x8F, 0xF9, 0xFF, 0x3C, 0x47, 0x80, 0xFE, 0x0F,
    0xE0, 0x7E, 0x03, 0xC8, 0x79, 0xFF, 0x3F, 0xE7, 0xF0, 0x00, 0x03, 0x80, 0x70, 0x1E, 0x03, 0x80,
    0xFF, 0xF7, 0xFF, 0xBF, 0xFC, 0x1E, 0x00, 0xF0, 0x07, 0x80, 0x3C, 0x01, 0xE0, 0x0F, 0x00, 0x78,
    0x03, 0xC0, 0x1E, 0x00, 0xF0, 0x07, 0x80, 0x3C, 0x01, 0xE0, 0x0F, 0x00, 0x00, 0x01, 0xC0, 0x0E,
    0x00, 0xF0, 0x07, 0x00, 0x18, 0x0E, 0x0F, 0x0F, 0xFF, 0xFF, 0xFC, 0xF0, 0x78, 0x3C, 0x1E, 0x0F,
    0x07, 0x83, 0xC1, 0xFC, 0xFE, 0x3F, 0x00, 0x07, 0x03, 0x83, 0xC1, 0xC0, 0x1F, 0xC1, 0xFF, 0x87,
    0xFF, 0x0C, 0x3C, 0x00, 0xF0, 0x03, 0xC0, 0x1F, 0x03, 0xF8, 0x1F, 0xE0, 0x7F, 0xC0, 0x0F, 0x00,
    0x1E, 0x00, 0x78, 0x01, 0xE0, 0x0F, 0x00, 0x7C, 0x07, 0xE0, 0xFF, 0x07, 0xF8, 0x1F, 0x80, 0x70,
    0x00, 0x00, 0x00, 0x7F, 0x0F, 0xF1, 0xFF, 0x01, 0xE0, 0x1C, 0x07, 0x83, 0xF1, 0xFC, 0x1F, 0xC3,
    0x78, 0x07, 0x80, 0xF0, 0x1E, 0x07, 0x83, 0xF3, 0xFC, 0xFF, 0x1F, 0x01, 0x00, 0x00, 0x0C, 0x38,
    0x07, 0xBC, 0x01, 0xFC, 0x00, 0x7C, 0x00, 0x00, 0x01, 0xE0, 0xF0, 0xF0, 0x78, 0x78, 0x3C, 0x3C,
    0x1E, 0x1E, 0x0F, 0x0F, 0x07, 0x87, 0x83, 0xC3, 0xFF, 0xE1, 0xFF, 0xF0, 0xFF, 0xF8, 0x78, 0x3C,
    0x3C, 0x1E, 0x1E, 0x0F, 0x0F, 0x07, 0x87, 0x83, 0xC3, 0xC1, 0xE1, 0xE0, 0xF0, 0x61, 0xC0, 0x7B,
    0xC0, 0x3F, 0x80, 0x1F, 0x00, 0x00, 0x00, 0x1E, 0x00, 0x1E, 0x00, 0x1E, 0x00, 0x1E, 0x00, 0x1E,
    0x00, 0x1E, 0xF8, 0x1F, 0xFC, 0x1F, 0xFE, 0x1F, 0x1E, 0x1F, 0x1E, 0x1E, 0x1E, 0x1E, 0x1E, 0x1E,
    0x1E, 0x1E, 0x1E, 0x1E, 0x1E, 0x1E, 0x1E, 0x1E, 0x1E, 0x1E, 0x1E, 0x39, 0xF8, 0x1F, 0xFE, 0x0F,
    0xFF, 0x07, 0xC7, 0xC3, 0xC1, 0xE1, 0xE0, 0xF0, 0xF0, 0x78, 0x78, 0x3C, 0x3C, 0x1E, 0x1E, 0x0F,
    0x0F, 0x07, 0x87, 0x83, 0xC3, 0xC1, 0xE1, 0xE0, 0xF0, 0xF0, 0x78, 0x78, 0x3C, 0x3C, 0x1E, 0x00,
    0x0F, 0x00, 0x07, 0x80, 0x03, 0xC0, 0x01, 0xE0, 0x00, 0xF0, 0x00, 0x78, 0x00, 0x78, 0x00, 0x07,
    0x80, 0x00, 0x78, 0x00, 0x07, 0x80, 0x00, 0x78, 0x01, 0xF7, 0x80, 0x3F, 0xF8, 0x03, 0xFF, 0x80,
    0x78, 0xF8, 0x07, 0x87, 0x80, 0x78, 0x78, 0x07, 0x87, 0xBC, 0x78, 0x7F, 0xE7, 0x87, 0xFE, 0x78,
    0xFE, 0xF3, 0xFF, 0xFE, 0x3F, 0xFF, 0xE1, 0xF9, 0xFC, 0x00, 0x1C, 0x00, 0x01, 0xC0, 0x3C, 0x1E,
    0x1E, 0x0F, 0x0F, 0x07, 0x87, 0x83, 0xC3, 0xE3, 0xE0, 0xFF, 0xE0, 0x3F, 0xE0, 0x7F, 0xF8, 0x3E,
    0x3E, 0x3C, 0x0F, 0x9E, 0x03, 0xCF, 0x01, 0xE7, 0x81, 0xF3, 0xF1, 0xF0, 0xFF, 0xF8, 0x3F, 0xF8,
    0x0F, 0xF8, 0x00, 0x78, 0x79, 0xE1, 0xE7, 0x87, 0x9E, 0x1E, 0x3C, 0xF0, 0xF3, 0xC3, 0xFE, 0x07,
    0xF8, 0x3F, 0xF1, 0xE1, 0xE7, 0x87, 0x9E, 0x1E, 0x78, 0x79, 0xE1, 0xE7, 0xCF, 0x8F, 0xFC, 0x3F,
    0xF0, 0x3F, 0x00, 0xFF, 0xF7, 0xFF, 0x9F, 0xFC, 0x03, 0xC0, 0x3E, 0x01, 0xE0, 0x1F, 0x00, 0xF0,
    0x0F, 0x00, 0x78, 0x07, 0x80, 0x7C, 0x03, 0xC0, 0x3C, 0x01, 0xFF, 0xDF, 0xFE, 0xFF, 0xF0, 0x07,
    0x80, 0x3C, 0x01, 0xE0, 0x3F, 0x01, 0xF0, 0x0F, 0x80, 0x7F, 0xCF, 0xF9, 0xFF, 0x03, 0xC0, 0x78,
    0x1E, 0x07, 0x80, 0xF0, 0x3C, 0x0F, 0x01, 0xFF, 0x7F, 0xEF, 0xFC, 0x03, 0x80, 0x70, 0x0E, 0x07,
    0xC0, 0xF8, 0x1E, 0x00, 0x03, 0x80, 0x03, 0xC0, 0x03, 0x80, 0x00, 0x00, 0x07, 0xC0, 0x07, 0xC0,
    0x0F, 0xE0, 0x0F, 0xE0, 0x0E, 0xE0, 0x1E, 0xF0, 0x1E, 0xF0, 0x1E, 0x70, 0x3C, 0x78, 0x3C, 0x78,
    0x3F, 0xF8, 0x7F, 0xFC, 0x7F, 0xFC, 0x78, 0x3C, 0x78, 0x3E, 0xF0, 0x1E, 0xF0, 0x1E, 0x07, 0x80,
    0x3C, 0x01, 0xE0, 0x00, 0x01, 0xFC, 0x1F, 0xF0, 0xFF, 0xC2, 0x1E, 0x00, 0xF0, 0xFF, 0x9F, 0xFC,
    0xF9, 0xE7, 0x8F, 0x3C, 0xF9, 0xFF, 0xCF, 0xFE, 0x3E, 0x70, 0x3F, 0xE3, 0xFE, 0x3F, 0xE3, 0xC0,
    0x3C, 0x03, 0xC0, 0x3C, 0x03, 0xFE, 0x3F, 0xE3, 0xFE, 0x3C, 0x03, 0xC0, 0x3C, 0x03, 0xC0, 0x3F,
    0xE3, 0xFE, 0x3F, 0xE0, 0x70, 0x07, 0x00, 0x78, 0x03, 0x80, 0xF8, 0x0F, 0x80, 0x0F, 0xC1, 0xFF,
    0x0F, 0xFC, 0xF1, 0xE7, 0x87, 0x3F, 0xF9, 0xFF, 0xCF, 0xFE, 0x78, 0x03, 0xC0, 0x0F, 0xFC, 0x3F,
    0xE0, 0xFE, 0x01, 0x80, 0x1C, 0x00, 0xF0, 0x03, 0xC0, 0x7C, 0x03, 0xE0, 0x00, 0x00, 0x03, 0xFC,
    0x01, 0xFE, 0x00, 0x00, 0x00, 0x73, 0x00, 0x3B, 0xC0, 0x1C, 0xC0, 0x00, 0x00, 0x07, 0xF0, 0x07,
    0xFE, 0x07, 0xFF, 0x87, 0xC3, 0xC3, 0xC1, 0xF3, 0xE0, 0x79, 0xE0, 0x3C, 0xF0, 0x1E, 0x78, 0x0F,
    0x3C, 0x07, 0x9E, 0x03, 0xCF, 0x81, 0xE3, 0xC1, 0xF1, 0xF0, 0xF0, 0x7F, 0xF8, 0x1F, 0xF8, 0x07,
    0xF0, 0x00, 0x00, 0x00, 0x7F, 0x81, 0xFE, 0x00, 0x00, 0x1C, 0xE0, 0x77, 0x81, 0xCC, 0x00, 0x00,
    0x0F, 0xC0, 0xFF, 0x83, 0xFF, 0x1E, 0x3C, 0x78, 0x79, 0xE1, 0xE7, 0x87, 0x9E, 0x1E, 0x78, 0x79,
    0xF3, 0xC3, 0xFF, 0x07, 0xF8, 0x0F, 0xC0, 0x07, 0xF8, 0x03, 0xFC, 0x00, 0x00, 0x00, 0xF3, 0x00,
    0x7F, 0x00, 0x23, 0x00, 0x00, 0x00, 0x0F, 0xE0, 0x0F, 0xFC, 0x0F, 0xFF, 0x0F, 0x87, 0x87, 0x83,
    0xE7, 0xC0, 0xF3, 0xC0, 0x79, 0xE0, 0x3C, 0xF0, 0x1E, 0x78, 0x0F, 0x3C, 0x07, 0x9F, 0x03, 0xC7,
    0x83, 0xE3, 0xE1, 0xE0, 0xFF, 0xF0, 0x3F, 0xF0, 0x0F, 0xE0, 0x1F, 0xE0, 0x7F, 0x80, 0x00, 0x03,
    0xD8, 0x1F, 0xE0, 0x67, 0x00, 0x00, 0x03, 0xF0, 0x3F, 0xE0, 0xFF, 0xC7, 0x8F, 0x1E, 0x1E, 0x78,
    0x79, 0xE1, 0xE7, 0x87, 0x9E, 0x1E, 0x7C, 0xF0, 0xFF, 0xC1, 0xFE, 0x03, 0xF0, 0x01, 0xC0, 0x00,
    0xF0, 0x00, 0x70, 0x00, 0x00, 0x00, 0x7F, 0x00, 0x7F, 0xE0, 0x7F, 0xF8, 0x7C, 0x3C, 0x3C, 0x1F,
    0x3E, 0x07, 0x9E, 0x03, 0xCF, 0x01, 0xE7, 0x80, 0xF3, 0xC0, 0x79, 0xE0, 0x3C, 0xF8, 0x1E, 0x3C,
    0x1F, 0x1F, 0x0F, 0x07, 0xFF, 0x81, 0xFF, 0x80, 0x7F, 0x00, 0x07, 0x80, 0x1E, 0x00, 0x78, 0x00,
    0x00, 0x0F, 0xC0, 0xFF, 0x83, 0xFF, 0x1E, 0x3C, 0x78, 0x79, 0xE1, 0xE7, 0x87, 0x9E, 0x1E, 0x78,
    0x79, 0xF3, 0xC3, 0xFF, 0x07, 0xF8, 0x0F, 0xC0, 0x07, 0xF8, 0x03, 0xFC, 0x01, 0xFE, 0x00, 0x38,
    0x00, 0x1C, 0x00, 0x0E, 0x00, 0x00, 0x00, 0x0F, 0xE0, 0x0F, 0xFC, 0x0F, 0xFF, 0x0F, 0x87, 0x87,
    0x83, 0xE7, 0xC0, 0xF3, 0xC0, 0x79, 0xE0, 0x3C, 0xF0, 0x1E, 0x78, 0x0F, 0x3C, 0x07, 0x9F, 0x03,
    0xC7, 0x83, 0xE3, 0xE1, 0xE0, 0xFF, 0xF0, 0x3F, 0xF0, 0x0F, 0xE0, 0x1F, 0xE0, 0x7F, 0x81, 0xFE,
    0x00, 0x00, 0x07, 0x00, 0x1E, 0x00, 0x30, 0x00, 0x00, 0x0F, 0xC0, 0xFF, 0x83, 0xFF, 0x1E, 0x3C,
    0x78, 0x79, 0xE1, 0xE7, 0x87, 0x9E, 0x1E, 0x78, 0x79, 0xF3, 0xC3, 0xFF, 0x07, 0xF8, 0x0F, 0xC0,
    0x1F, 0xE0, 0x7F, 0x81, 0xFE, 0x00, 0x00, 0xF0, 0x7F, 0xE1, 0xE7, 0x87, 0x9F, 0x3C, 0x3C, 0xF0,
    0xF7, 0x81, 0xFE, 0x07, 0xF0, 0x0F, 0xC0, 0x3E, 0x00, 0x78, 0x01, 0xE0, 0x07, 0x80, 0x1E, 0x00,
    0x78, 0x01, 0xE0, 0x07, 0x80, 0x3F, 0xC1, 0xFE, 0x0F, 0xF0, 0x00, 0x0F, 0x07, 0xF8, 0x79, 0xE3,
    0xCF, 0x1E, 0x79, 0xE1, 0xEF, 0x0F, 0x78, 0x7F, 0x81, 0xFC, 0x0F, 0xE0, 0x3E, 0x01, 0xF0, 0x0F,
    0x80, 0x78, 0x03, 0xC0, 0x3E, 0x07, 0xE0, 0x3E, 0x01, 0xE0, 0x00, 0x38, 0x0E, 0x03, 0x80, 0xE0,
    0x38, 0x0E, 0x03, 0x80, 0xE0, 0x38, 0x0E, 0x03, 0x80, 0xE0, 0x3F, 0x8F, 0xF3, 0xDC, 0xF7, 0x7F,
    0xDF, 0xE2, 0x00, 0x7B, 0xE0, 0x1F, 0xFC, 0x07, 0xFF, 0x01, 0xF3, 0xE0, 0x7C, 0x78, 0x1E, 0x1E,
    0x07, 0x87, 0x81, 0xE1, 0xFC, 0x78, 0x7F, 0x9E, 0x1F, 0xE7, 0x87, 0xB9, 0xE3, 0xFE, 0x78, 0xFF,
    0x00, 0x30, 0x00, 0x18, 0x03, 0x80, 0xF0, 0x3F, 0xCF, 0xF9, 0xFF, 0x0F, 0x01, 0xE0, 0x3C, 0x07,
    0x80, 0xFE, 0x1F, 0xE3, 0xDC, 0x7B, 0x9F, 0xF3, 0xFC, 0x20, 0x00, 0x1E, 0x0F, 0x07, 0x83, 0xC1,
    0xE0, 0xF0, 0x78, 0x3C, 0x1E, 0x0F, 0x07, 0x83, 0xC1, 0xE0, 0xF0, 0x78, 0x3C, 0x7E, 0x3E, 0x1F,
    0x00, 0x00, 0x78, 0x00, 0x03, 0xC0, 0x00, 0x1E, 0x00, 0x00, 0xF0, 0x00, 0x07, 0x80, 0x0F, 0xBF,
    0xE0, 0xFF, 0xFF, 0x87, 0xFF, 0xFE, 0x78, 0xF8, 0xF3, 0xC7, 0xC7, 0x9E, 0x1E, 0x3C, 0xF0, 0xF0,
    0xF7, 0x87, 0x8F, 0x3C, 0x7C, 0x79, 0xE3, 0xE3, 0xC7, 0xFF, 0xFE, 0x3F, 0xDF, 0xE0, 0x7C, 0x7E,
    0x00, 0x0F, 0x8F, 0xC1, 0xFE, 0xFF, 0x0F, 0xFF, 0xFC, 0xF1, 0xF1, 0xE7, 0x8F, 0x8F, 0x3C, 0x3C,
    0x79, 0xE1, 0xE1, 0xEF, 0x0F, 0x1E, 0x78, 0xF8, 0xF3, 0xC7, 0xC7, 0x8F, 0xFF, 0xFC, 0x7F, 0xFF,
    0xC1, 0xF7, 0xFC, 0x00, 0x3C, 0x00, 0x01, 0xE0, 0x00, 0x0F, 0x00, 0x00, 0x78, 0x00, 0x03, 0xC0,
    0x00, 0x1E, 0x00, 0x00, 0x70, 0x07, 0xE0, 0x07, 0xE0, 0x0F, 0xE0, 0x0F, 0xE0, 0x0E, 0xE0, 0x1E,
    0xF0, 0x1F, 0xF0, 0x1F, 0xF0, 0x3D, 0xF8, 0x3F, 0xF8, 0x3F, 0xF8, 0x7F, 0xFC, 0x7F, 0xFC, 0x7F,
    0x3C, 0x7E, 0x3E, 0xFE, 0x1E, 0xFE, 0x1E, 0x0C, 0x00, 0x0C, 0x00, 0x00, 0x30, 0x1F, 0xC0, 0xFF,
    0x87, 0xFE, 0x3E, 0x70, 0xF3, 0x87, 0xCE, 0x1E, 0x30, 0x78, 0xC1, 0xE7, 0x07, 0x98, 0x1E, 0x60,
    0x7F, 0x80, 0xFE, 0x03, 0xF1, 0x87, 0xFE, 0x1F, 0xF8, 0x1F, 0xC0, 0x60, 0x01, 0x80, 0x00, 0x60,
    0x0E, 0x00, 0xE0, 0x0C, 0x00, 0xC0, 0xFC, 0x3F, 0xE3, 0xFC, 0x7F, 0xC7, 0xB8, 0x7B, 0x07, 0xB0,
    0x7F, 0x07, 0xE0, 0x7E, 0x43, 0xFE, 0x3F, 0xE0, 0xFC, 0x0C, 0x01, 0xC0, 0x18, 0x01, 0x80, 0x18,
    0x00, 0x3C, 0x03, 0xC0, 0x3C, 0x03, 0xC0, 0x3C, 0x03, 0xC0, 0x3C, 0x0F, 0xF0, 0xFF, 0x0F, 0xF0,
    0x3C, 0x03, 0xC0, 0x3C, 0x03, 0xC0, 0x3F, 0xF3, 0xFF, 0x3F, 0xF0, 0x00, 0x37, 0xFF, 0xBF, 0xFD,
    0xFF, 0xE0, 0xFC, 0x07, 0xE0, 0x3F, 0x01, 0xF0, 0x0F, 0x80, 0x78, 0x03, 0xC0, 0x1E, 0x00, 0xF0,
    0x07, 0x80, 0x3C, 0x03, 0xE0, 0x1F, 0x01, 0xF8, 0x0C, 0x00, 0x40, 0x00, 0x1F, 0x8F, 0xF9, 0xFF,
    0x3C, 0x47, 0x80, 0xFC, 0x0F, 0xE0, 0xFE, 0x07, 0xC0, 0x79, 0xCF, 0x3F, 0xE7, 0xF8, 0x7C, 0x07,
    0x00, 0xF0, 0x0F, 0xC1, 0xF8, 0x1F, 0x00, 0x7F, 0xCF, 0xF9, 0xFF, 0x03, 0xC0, 0x78, 0x1E, 0x07,
    0x80, 0xF0, 0x3C, 0x0F, 0x01, 0xE0, 0x7E, 0x0F, 0xE0, 0x3C, 0x03, 0xC0, 0x78, 0x07, 0xE0, 0xFC,
    0x0F, 0x80, 0x7F, 0x1F, 0xF3, 0xFF, 0x21, 0xE0, 0x3C, 0x07, 0x80, 0xF0, 0x3E, 0x0F, 0x83, 0xE0,
    0xF8, 0x1E, 0x03, 0xC0, 0x78, 0x0F, 0x01, 0xE0, 0x3C, 0x00, 0x7F, 0x1F, 0xF3, 0xFF, 0x21, 0xE0,
    0x3C, 0x07, 0x80, 0xF0, 0x3E, 0x0F, 0x83, 0xE0, 0xF8, 0x1E, 0x03, 0xC0, 0x3F, 0xE0, 0x7F, 0xF0,
    0xFF, 0xE1, 0xE3, 0xC3, 0xC7, 0xC7, 0x8F, 0x0F, 0x1E, 0x1F, 0xF8, 0x3F, 0xF0, 0x7F, 0xF3, 0xFD,
    0xF7, 0xF9, 0xEF, 0xF3, 0xC7, 0x8F, 0x8F, 0xFE, 0x1F, 0xFC, 0x3F, 0xE0, 0x3C, 0x1E, 0x1E, 0x0F,
    0x0F, 0x07, 0x87, 0x83, 0xC3, 0xC1, 0xE1, 0xE0, 0xF3, 0xFF, 0xFF, 0xFF, 0xFF, 0xFF, 0xFF, 0x9E,
    0x0F, 0x0F, 0x07, 0x87, 0x83, 0xC3, 0xC1, 0xE1, 0xF1, 0xE0, 0xFF, 0xF0, 0x3F, 0xF0, 0x07, 0xF0,
    0x00, 0x07, 0xC0, 0x1F, 0x80, 0x3F, 0x80, 0x7F, 0x00, 0xFE, 0x03, 0xDE, 0x07, 0xBC, 0x0F, 0x78,
    0x3C, 0x70, 0x78, 0xF0, 0xF1, 0xE3, 0xC3, 0xC7, 0x83, 0xCF, 0x07, 0x9E, 0x0F, 0x78, 0x1F, 0xF0,
    0x1E, 0x00, 0xE3, 0xFE, 0x3F, 0xE3, 0xFE, 0x3D, 0xC3, 0xDC, 0x3D, 0x83, 0xD8, 0x3F, 0xE3, 0xFE,
    0x3F, 0xE3, 0xF0, 0x3F, 0x03, 0xF0, 0x3F, 0x03, 0xFE, 0x3F, 0xE3, 0xFE, 0x0E, 0x00, 0x40, 0x00,
    0x60, 0x7F, 0x0F, 0xF8, 0x7F, 0xC7, 0x9F, 0x3D, 0xF9, 0xFF, 0xCF, 0xFE, 0x7F, 0xF3, 0xF0, 0x1F,
    0x00, 0x7F, 0xE3, 0xFF, 0x3F, 0xF0, 0xC0, 0x00, 0x00, 0x0F, 0x03, 0xC0, 0xF0, 0x3C, 0x0F, 0x03,
    0xC0, 0xF0, 0xFF, 0x3F, 0xCF, 0xE0, 0xF0, 0x3C, 0x0F, 0x03, 0xC0, 0xF0, 0x3C, 0x0F, 0x03, 0xC1,
    0xE3, 0xF8, 0xFC, 0x3E, 0x00, 0x0E, 0x0F, 0x03, 0x80, 0x00, 0x00, 0xF0, 0x78, 0x3C, 0x1E, 0x0F,
    0x0F, 0xE7, 0xF3, 0xF8, 0xF0, 0x78, 0x3C, 0x1E, 0x0F, 0x07, 0x83, 0xC1, 0xE3, 0xF1, 0xF8, 0xF8,
    0x07, 0xCE, 0x07, 0xFF, 0x81, 0xFF, 0xE0, 0xF8, 0xF8, 0x3C, 0x1E, 0x1F, 0x07, 0x87, 0x81, 0xE1,
    0xE0, 0x78, 0x78, 0x1E, 0x1E, 0x07, 0x87, 0x81, 0xE1, 0xF0, 0x78, 0x3C, 0x1E, 0x0F, 0x8F, 0x81,
    0xFF, 0xE0, 0x7F, 0xF8, 0x07, 0xDE, 0x00, 0x07, 0x80, 0x01, 0xE0, 0x00, 0x78, 0x00, 0x0F, 0xC0,
    0x03, 0xF0, 0x00, 0x7C, 0x1F, 0x78, 0x7F, 0xF0, 0xFF, 0xE3, 0xE7, 0xC7, 0x87, 0x8F, 0x0F, 0x1E,
    0x1E, 0x3C, 0x3C, 0x78, 0x78, 0xF1, 0xF0, 0xFF, 0xE1, 0xFF, 0xC1, 0xF7, 0x80, 0x0F, 0x00, 0x1E,
    0x00, 0x3C, 0x00, 0x7E, 0x00, 0xFC, 0x00, 0xF8, 0x3F, 0xC0, 0x7F, 0xE0, 0xFF, 0xE1, 0xE7, 0xC3,
    0xC7, 0x87, 0x8F, 0x0F, 0x1E, 0x1E, 0x7C, 0xFF, 0xF1, 0xFF, 0xC3, 0xFF, 0x81, 0xEF, 0x03, 0xCF,
    0x07, 0x9F, 0x0F, 0x1E, 0x1E, 0x1E, 0x3C, 0x3C, 0x00, 0x1E, 0xF7, 0xFD, 0xFF, 0x7C, 0x1F, 0x0F,
    0xF3, 0xFC, 0xFF, 0x1E, 0x07, 0x81, 0xE0, 0x78, 0x1E, 0x00, 0xF0, 0x7F, 0xE1, 0xE7, 0x87, 0xBF,
    0xFF, 0xFF, 0xFC, 0xF7, 0x81, 0xFE, 0x07, 0xF0, 0x0F, 0xC0, 0x3E, 0x00, 0x78, 0x01, 0xE0, 0x07,
    0x80, 0x1E, 0x00, 0x78, 0x01, 0xE0, 0x07, 0x80, 0xF0, 0x7F, 0x87, 0x9E, 0x3C, 0xF1, 0xEF, 0xFF,
    0xFF, 0xFC, 0xF7, 0x87, 0xF8, 0x1F, 0xC0, 0xFE, 0x07, 0xE0, 0x1F, 0x00, 0xF8, 0x07, 0x80, 0x3C,
    0x03, 0xE0, 0x7E, 0x03, 0xE0, 0x1E, 0x00, 0x73, 0xE3, 0xFF, 0x9F, 0xFC, 0xF9, 0xF7, 0x87, 0xBC,
    0x79, 0xFF, 0xCF, 0xFC, 0x78, 0x03, 0xE2, 0x0F, 0xF8, 0x7F, 0xC1, 0xFC, 0x00, 0x1F, 0x78, 0xFF,
    0xE3, 0xFF, 0x9E, 0x3E, 0x78, 0x79, 0xE1, 0xE7, 0x87, 0x9E, 0x1E, 0x78, 0x79, 0xE3, 0xE3, 0xFF,
    0xCF, 0xFF, 0x1F, 0x3C, 0xF3, 0xE3, 0xFF, 0xCF, 0xFF, 0x9F, 0x1E, 0x38, 0x78, 0xE1, 0xE3, 0x87,
    0x8E, 0x1E, 0x3C, 0x78, 0xF1, 0xE3, 0xFF, 0x8F, 0xFC, 0x3B, 0xE0, 0x1F, 0x00, 0xFC, 0x03, 0xF0,
    0x1E, 0x00, 0x78, 0x01, 0xEF, 0x87, 0xFF, 0x1F, 0xFE, 0x7C, 0x79, 0xF1, 0xE7, 0x87, 0x9E, 0x1E,
    0x78, 0x79, 0xF1, 0xE7, 0xC7, 0x9F, 0xFC, 0x7F, 0xF1, 0xEF, 0x80, 0x7F, 0x0F, 0xF1, 0xFF, 0x01,
    0xE0, 0x3C, 0x07, 0xC0, 0x78, 0x1E, 0x03, 0xC8, 0x79, 0xFF, 0x3F, 0xC7, 0xF0, 0x0F, 0xE3, 0xFE,
    0x3F, 0xC7, 0xC0, 0x78, 0x07, 0x80, 0x7F, 0xC7, 0xFE, 0x7F, 0xE7, 0xCE, 0x3F, 0xE7, 0xFE, 0x7F,
    0xC6, 0x00, 0x00, 0x78, 0x00, 0xF0, 0x01, 0xE0, 0x03, 0xC0, 0x07, 0x83, 0xEF, 0x0F, 0xFE, 0x1F,
    0xFC, 0x7C, 0xF8, 0xF0, 0xF1, 0xE1, 0xE3, 0xC3, 0xC7, 0x87, 0x8F, 0x0F, 0x1E, 0x3E, 0x1F, 0xFC,
    0x3F, 0xF8, 0x3E, 0xF0, 0x01, 0xE0, 0x03, 0xC0, 0x07, 0x80, 0x0F, 0xC0, 0x1F, 0x80, 0x1F, 0x00,
    0x3E, 0x00, 0xFC, 0x01, 0xF8, 0x03, 0xC0, 0x07, 0x83, 0xEF, 0x0F, 0xFE, 0x1F, 0xFC, 0x78, 0xF8,
    0xF0, 0xF1, 0xE1, 0xE3, 0xC3, 0xC7, 0x87, 0x8F, 0x0F, 0x1E, 0x3E, 0x1F, 0xFC, 0x3F, 0xF8, 0x3E,
    0xF0, 0x1F, 0x81, 0xFF, 0x1F, 0xF8, 0xF1, 0xE7, 0x0F, 0x3F, 0xF9, 0xFF, 0xCF, 0xFE, 0x00, 0xF0,
    0x07, 0x9F, 0xF8, 0xFF, 0x83, 0xF8, 0x00, 0x3F, 0x83, 0xFE, 0x1F, 0xF8, 0x43, 0xE0, 0x0F, 0x3F,
    0xF9, 0xFF, 0xCF, 0xFE, 0x70, 0xF3, 0xC7, 0x9F, 0xF8, 0x7F, 0xC1, 0xF8, 0x00, 0x3F, 0x80, 0x0F,
    0xFC, 0x01, 0xFF, 0x80, 0x10, 0x78, 0x00, 0x0F, 0xE0, 0x07, 0xFC, 0x0F, 0xFD, 0xF3, 0xFF, 0xBE,
    0x78, 0xF3, 0xCF, 0x1E, 0x00, 0xFF, 0x80, 0x1F, 0xF0, 0x01, 0xF8, 0x00, 0x1F, 0xC3, 0xFE, 0x7F,
    0xE7, 0x84, 0x78, 0x03, 0xF8, 0x1F, 0x87, 0xF8, 0x78, 0x07, 0x82, 0x7F, 0xE7, 0xFE, 0x1F, 0xE0,
    0x3F, 0x87, 0xFC, 0x7F, 0xE2, 0x1E, 0x01, 0xE1, 0xFC, 0x1F, 0xC1, 0xFE, 0x01, 0xE4, 0x1E, 0x7F,
    0xE7, 0xFC, 0x7F, 0x80, 0x3F, 0x80, 0x3F, 0xE4, 0x1F, 0xFF, 0x00, 0x3F, 0x80, 0x1F, 0xF8, 0xFE,
    0x7C, 0x7F, 0x1E, 0x3F, 0xC0, 0x01, 0xE0, 0x20, 0xF0, 0x1F, 0xF8, 0x0F, 0xF8, 0x07, 0xF8, 0x00,
    0x0F, 0xE0, 0x7F, 0xC3, 0xFF, 0x9F, 0x1E, 0x78, 0x79, 0xEF, 0xC7, 0xBF, 0x1E, 0xFE, 0x78, 0x79,
    0xF1, 0xE3, 0xFF, 0x87, 0xFC, 0x0F, 0xE0, 0x1E, 0x0F, 0x07, 0x83, 0xC1, 0xE1, 0xFC, 0xFE, 0x7F,
    0x1E, 0x0F, 0x07, 0x83, 0xC1, 0xE0, 0xF0, 0x78, 0x3C, 0x7E, 0x3F, 0x1F, 0x00, 0x00, 0x3E, 0x00,
    0xFC, 0x01, 0xF8, 0x03, 0xC0, 0x07, 0x83, 0xEF, 0x0F, 0xFE, 0x1F, 0xFC, 0x78, 0xF8, 0xF0, 0xF1,
    0xE1, 0xE3, 0xC3, 0xC7, 0x87, 0x8F, 0x0F, 0x1E, 0x3E, 0x1F, 0xFC, 0x3F, 0xF8, 0x3E, 0xF0, 0x01,
    0xE0, 0x07, 0x82, 0x0F, 0x0F, 0xFE, 0x1F, 0xF8, 0x1F, 0xE0, 0x1F, 0x78, 0xFF, 0xE3, 0xFF, 0x9E,
    0x3E, 0x78, 0x79, 0xE1, 0xE7, 0x87, 0x9E, 0x1E, 0x78, 0x79, 0xE3, 0xE3, 0xFF, 0x8F, 0xFE, 0x1F,
    0x78, 0x01, 0xE0, 0x0F, 0x08, 0x3C, 0x7F, 0xF1, 0xFF, 0x83, 0xFC, 0x00, 0x0F, 0xE0, 0xFF, 0x8F,
    0xF8, 0x78, 0x07, 0x80, 0x3D, 0xF9, 0xEF, 0xCF, 0x7E, 0x78, 0xF3, 0xE7, 0x8F, 0xFC, 0x3F, 0xE0,
    0xFE, 0x00, 0xF0, 0xFF, 0x87, 0x9E, 0x3C, 0xF3, 0xC3, 0x9E, 0x1E, 0xE0, 0xFF, 0x03, 0xF8, 0x1F,
    0x80, 0x7C, 0x03, 0xC0, 0x1F, 0x01, 0xF8, 0x0F, 0xC0, 0x7F, 0x03, 0xB8, 0x1F, 0xC0, 0xFC, 0x03,
    0xC0, 0xF0, 0x7F, 0xC7, 0xFE, 0x7E, 0x7B, 0xC1, 0xFC, 0x0F, 0xC0, 0x3E, 0x01, 0xF0, 0x1F, 0xC0,
    0xEE, 0x07, 0x70, 0x3F, 0x80, 0xF8, 0x00, 0x78, 0x79, 0xE1, 0xE7, 0x87, 0x9E, 0x1E, 0x78, 0x79,
    0xE1, 0xE7, 0x87, 0x9E, 0x1E, 0x78, 0x79, 0xF3, 0xE3, 0xFF, 0x8F, 0xFE, 0x1F, 0x78, 0x01, 0xE0,
    0x07, 0x80, 0x1E, 0x00, 0x78, 0x01, 0xE0, 0x1F, 0x00, 0xFC, 0x03, 0xF0, 0x1E, 0x00, 0x78, 0x01,
    0xEF, 0x87, 0xFF, 0x1F, 0xFE, 0x7C, 0x79, 0xF1, 0xE7, 0x87, 0x9E, 0x1E, 0x78, 0x79, 0xE1, 0xE7,
    0x87, 0x9E, 0x1E, 0x78, 0x79, 0xE1, 0xE0, 0x1F, 0x00, 0xFC, 0x03, 0xF0, 0x1E, 0x00, 0x78, 0x01,
    0xEF, 0x87, 0xFF, 0x1F, 0xFE, 0x7C, 0x79, 0xF1, 0xE7, 0x87, 0x9E, 0x1E, 0x78, 0x79, 0xE1, 0xE7,
    0x87, 0x9E, 0x1E, 0x78, 0x79, 0xE1, 0xE0, 0x07, 0x80, 0x1E, 0x00, 0x78, 0x0F, 0xE0, 0x3F, 0x00,
    0x78, 0x38, 0xF0, 0xE0, 0x00, 0x0F, 0x1E, 0x3C, 0x78, 0xF3, 0xFF, 0xFF, 0xEF, 0x1E, 0x3C, 0x78,
    0xF0, 0x78, 0x3C, 0x1E, 0x0F, 0x07, 0x83, 0xC1, 0xE0, 0xF0, 0x78, 0x1E, 0x0F, 0xC7, 0xE1, 0xF0,
    0x7F, 0x7E, 0x3C, 0x3C, 0x3C, 0x3C, 0x3C, 0x3C, 0x3C, 0x3C, 0x3C, 0x7F, 0x7F, 0x1E, 0x03, 0xC0,
    0x78, 0x0F, 0x01, 0xE0, 0x3C, 0x07, 0x80, 0xF2, 0x7F, 0xDF, 0xFB, 0x7E, 0x0F, 0x01, 0xE0, 0x3C,
    0x07, 0x80, 0xF0, 0x1E, 0x03, 0xC0, 0x0F, 0x01, 0xE0, 0x3C, 0x07, 0x80, 0xF0, 0x1E, 0x1F, 0xC3,
    0xF8, 0x6F, 0x0F, 0xF8, 0xFF, 0x07, 0x80, 0xF0, 0x1E, 0x03, 0xC0, 0x78, 0x0F, 0x01, 0xE0, 0x78,
    0x78, 0x78, 0x78, 0x78, 0x78, 0x78, 0x78, 0x78, 0x78, 0x78, 0x78, 0x78, 0x78, 0x78, 0x78, 0x78,
    0x78, 0x78, 0x78, 0x38, 0x3F, 0x3F, 0x1F, 0x78, 0x00, 0x3C, 0x00, 0x1E, 0x00, 0x0F, 0x00, 0x07,
    0x80, 0x03, 0xFF, 0xF9, 0xFF, 0xFC, 0xFF, 0xFC, 0x78, 0x3C, 0x3C, 0x3C, 0x1E, 0x3E, 0x0F, 0x3E,
    0x07, 0x9F, 0x83, 0xCF, 0xE1, 0xE7, 0xF8, 0xF0, 0x3E, 0x78, 0x0F, 0x3C, 0x07, 0x80, 0x03, 0xC0,
    0x01, 0xE0, 0xC1, 0xF0, 0x7F, 0xF0, 0x3F, 0xF0, 0x0F, 0xF0, 0x78, 0x78, 0xF1, 0xE1, 0xE3, 0xC7,
    0x87, 0x8F, 0x1E, 0x1E, 0x3C, 0x78, 0x78, 0xF1, 0xE1, 0xE3, 0xC7, 0x87, 0x8F, 0x1E, 0x1E, 0x3C,
    0x78, 0xF8, 0xF1, 0xF3, 0xE7, 0xC3, 0xFF, 0xFF, 0x0F, 0xEF, 0xFC, 0x1F, 0x1E, 0x70, 0x78, 0x78,
    0xF1, 0xE1, 0xE3, 0xC7, 0x87, 0x8F, 0x1E, 0x1E, 0x3C, 0x78, 0x78, 0xF1, 0xE1, 0xE3, 0xC7, 0x87,
    0x8F, 0x1E, 0x1E, 0x3C, 0x78, 0x78, 0xF1, 0xF3, 0xE7, 0xC3, 0xFF, 0xFF, 0x0F, 0xEF, 0xFC, 0x1F,
    0x1E, 0xF0, 0x00, 0x03, 0xC0, 0x00, 0x0F, 0x00, 0x00, 0x3C, 0x00, 0x00, 0xF0, 0x00, 0x03, 0xC0,
    0x00, 0x0F, 0x00, 0x7B, 0xE7, 0xC1, 0xFF, 0xFF, 0x87, 0xFF, 0xFF, 0x1F, 0x3E, 0x3C, 0x7C, 0x78,
    0xF1, 0xE1, 0xE3, 0xC7, 0x87, 0x8F, 0x1E, 0x1E, 0x3C, 0x78, 0x78, 0xF1, 0xE1, 0xE3, 0xC7, 0x87,
    0x8F, 0x1E, 0x1E, 0x3C, 0x78, 0x78, 0xF0, 0x00, 0x03, 0xC0, 0x00, 0x0F, 0x00, 0x00, 0x3C, 0x00,
    0x03, 0xF0, 0x00, 0x0F, 0x80, 0x00, 0x3E, 0x00, 0x3D, 0xF0, 0x7F, 0xF0, 0xFF, 0xF1, 0xF1, 0xE3,
    0xE3, 0xC7, 0x87, 0x8F, 0x0F, 0x1E, 0x1E, 0x3C, 0x3C, 0x78, 0x78, 0xF0, 0xF1, 0xE1, 0xE3, 0xC3,
    0xC7, 0x80, 0x0F, 0x00, 0x1E, 0x00, 0xFC, 0x01, 0xF8, 0x03, 0xE0, 0x00, 0x7B, 0xE0, 0x7F, 0xF0,
    0x7F, 0xF8, 0x7C, 0x78, 0x7C, 0x78, 0x78, 0x78, 0x78, 0x78, 0x78, 0x78, 0x78, 0x78, 0x78, 0x78,
    0x78, 0x78, 0x78, 0x78, 0x78, 0x78, 0x00, 0x78, 0x00, 0x78, 0x00, 0x78, 0x00, 0x7F, 0x00, 0x3F,
    0x00, 0x1E, 0x3C, 0x3C, 0x7C, 0x78, 0xF8, 0xF1, 0xF9, 0xE3, 0xF3, 0xC7, 0xF7, 0x8E, 0xEF, 0x1D,
    0xFE, 0x39, 0xFC, 0x73, 0xF8, 0xE3, 0xF1, 0xC7, 0xE3, 0x87, 0xC0, 0x0F, 0xC0, 0x7F, 0x83, 0xFF,
    0x1E, 0x3E, 0x78, 0x79, 0xFF, 0xE7, 0xFF, 0x9F, 0xFE, 0x78, 0x79, 0xE3, 0xE3, 0xFF, 0x07, 0xF8,
    0x0F, 0xC0, 0x0F, 0xFF, 0xC7, 0xFF, 0xF8, 0xFF, 0xFF, 0x3C, 0x7C, 0x07, 0x87, 0x80, 0xF0, 0xFF,
    0x9E, 0x1F, 0xF3, 0xC3, 0xFC, 0x78, 0x78, 0x0F, 0x9F, 0x00, 0xFF, 0xFF, 0x0F, 0xFF, 0xE0, 0xFF,
    0xFC, 0x07, 0xF8, 0x01, 0xFF, 0xC0, 0x7F, 0xFC, 0x1F, 0x07, 0xC7, 0x80, 0x78, 0xF1, 0xC7, 0x9E,
    0x78, 0xF3, 0xCF, 0x1E, 0x79, 0xE3, 0xCF, 0x3C, 0xF0, 0xFF, 0xFE, 0x1F, 0xDF, 0x81, 0xF3, 0xE0,
    0x01, 0xE0, 0x00, 0x78, 0x00, 0x1E, 0x00, 0x07, 0x80, 0x01, 0xE0, 0x01, 0xFE, 0x01, 0xFF, 0xE0,
    0xFF, 0xFC, 0x3D, 0xEF, 0x9E, 0x79, 0xE7, 0x9E, 0x79, 0xE7, 0x9E, 0x79, 0xE7, 0x9E, 0x79, 0xE7,
    0xDE, 0x78, 0xFF, 0xFC, 0x1F, 0xFF, 0x03, 0xFF, 0x00, 0x1F, 0x00, 0x07, 0x80, 0x01, 0xE0, 0x00,
    0x78, 0x00, 0x1E, 0x00, 0x07, 0x80, 0x07, 0x81, 0xE0, 0x78, 0x1E, 0x07, 0x81, 0xE0, 0x78, 0x3E,
    0x0F, 0x87, 0xEF, 0xFB, 0xFE, 0xF7, 0x80, 0x07, 0x81, 0xE0, 0x78, 0x1E, 0x07, 0x81, 0xE0, 0x78,
    0x1E, 0x07, 0x81, 0xE0, 0x78, 0x1E, 0x07, 0x83, 0xE1, 0xFB, 0xFE, 0xFF, 0xBD, 0xE0, 0x07, 0x80,
    0xF0, 0x1E, 0x03, 0xC0, 0x78, 0x0F, 0x01, 0xE0, 0x7C, 0x0F, 0x83, 0xF3, 0xFE, 0x7F, 0xCF, 0x78,
    0x0F, 0x01, 0xE0, 0x3C, 0x07, 0xE0, 0xFC, 0x0F, 0x80, 0x7B, 0xDF, 0xF7, 0xFD, 0xF8, 0x7C, 0x1E,
    0x07, 0x81, 0xE0, 0x78, 0x1E, 0x07, 0x81, 0xE0, 0x78, 0x1E, 0x07, 0x81, 0xE0, 0x78, 0x1E, 0x07,
    0x80, 0x7B, 0xDF, 0xF7, 0xFD, 0xF8, 0x7C, 0x1E, 0x07, 0x81, 0xE0, 0x78, 0x1E, 0x07, 0x81, 0xE0,
    0x78, 0x1E, 0x07, 0x80, 0xE0, 0x3F, 0x0F, 0xC1, 0xF0, 0x1F, 0x9F, 0xCF, 0xC7, 0x87, 0x83, 0xC1,
    0xE0, 0xF0, 0x78, 0x3C, 0x1E, 0x0F, 0x07, 0x80, 0xFC, 0x7F, 0x3F, 0x83, 0xC0, 0xF0, 0x78, 0x3C,
    0x1E, 0x0F, 0x07, 0x83, 0xC1, 0xE0, 0xF0, 0x78, 0x3C, 0x1E, 0x0F, 0x07, 0x83, 0xC0, 0x7F, 0x83,
    0xFE, 0x1F, 0xF8, 0xF3, 0xC7, 0x9E, 0x3C, 0xF1, 0xFF, 0x0F, 0xF8, 0x7F, 0x83, 0xDE, 0x1E, 0x78,
    0xF3, 0xC7, 0x8F, 0x00, 0x78, 0xF3, 0xC7, 0x9E, 0x78, 0xF3, 0x87, 0xBC, 0x3F, 0xC1, 0xFF, 0x0F,
    0xFC, 0x79, 0xE3, 0xCF, 0x1F, 0xF8, 0xFF, 0x87, 0xF8, 0x00, 0x1F, 0x8F, 0xF9, 0xFF, 0x3C, 0x47,
    0x80, 0xFE, 0x0F, 0xE0, 0x7E, 0x03, 0xC8, 0x79, 0xFF, 0x3F, 0xE7, 0xF0, 0xE0, 0x1C, 0x03, 0x80,
    0x7C, 0x0F, 0x80, 0xF0, 0x00, 0x0F, 0x8F, 0xC7, 0xE7, 0x83, 0xC1, 0xE0, 0xF0, 0x78, 0x3C, 0x1E,
    0x0F, 0x07, 0x83, 0xC1, 0xE0, 0xF0, 0x78, 0x3C, 0x1E, 0x0F, 0x07, 0x83, 0xC7, 0xE3, 0xF1, 0xF0,
    0x0F, 0x8F, 0xC7, 0xE7, 0x83, 0xC1, 0xE0, 0xF0, 0x78, 0x3C, 0x1E, 0x1F, 0xCF, 0xE7, 0xF1, 0xE0,
    0xF0, 0x78, 0x3C, 0x1E, 0x0F, 0x07, 0x83, 0xC7, 0xE3, 0xF1, 0xF0, 0xF8, 0x7E, 0x3F, 0x03, 0xC1,
    0xE0, 0xF0, 0x78, 0x3C, 0x1E, 0x0F, 0x07, 0x83, 0xC1, 0xE0, 0xF0, 0x78, 0x3C, 0x1F, 0x8F, 0xC3,
    0xE0, 0x03, 0xE0, 0xFC, 0x1F, 0x83, 0xC0, 0x70, 0x1E, 0x03, 0xC0, 0x78, 0x0F, 0x01, 0xE0, 0x3C,
    0x07, 0x80, 0xF0, 0x1E, 0x03, 0xC0, 0x78, 0x0F, 0x01, 0xE0, 0xFF, 0x3F, 0xE6, 0xF0, 0xDE, 0x1F,
    0xC1, 0xF0, 0x7C, 0x7F, 0x3F, 0x81, 0xE0, 0xF0, 0x78, 0x3C, 0x1E, 0x0F, 0x07, 0x9F, 0xEF, 0xF7,
    0xF0, 0x70, 0x38, 0x18, 0x1C, 0x1E, 0x1F, 0xFF, 0xFF, 0xF9, 0xE0, 0xF0, 0x78, 0x3C, 0x1E, 0x0F,
    0x07, 0x83, 0xC1, 0xE0, 0xF0, 0x78, 0x3C, 0x1E, 0x0F, 0xE7, 0xF1, 0xF8, 0x78, 0x78, 0xF0, 0xF1,
    0xE1, 0xE3, 0xC3, 0xC7, 0x87, 0x9F, 0xFF, 0xFF, 0xFF, 0xFF, 0xFF, 0x78, 0x78, 0xF9, 0xF0, 0xFF,
    0xE1, 0xFF, 0xC1, 0xFB, 0x80, 0xFE, 0xFF, 0xFB, 0xFF, 0xEF, 0xCF, 0x1C, 0x78, 0x79, 0xE0, 0xE7,
    0x83, 0x9E, 0x0E, 0x78, 0x79, 0xF1, 0xE3, 0xFF, 0x8F, 0xFC, 0x0F, 0xC0, 0x79, 0xF0, 0xF3, 0xF1,
    0xE7, 0xE3, 0xC3, 0xC7, 0x83, 0x8F, 0x07, 0x1E, 0x0E, 0x3C, 0x1C, 0x78, 0x78, 0x78, 0xF0, 0xFF,
    0xE0, 0xFF, 0x80, 0xFE, 0x00, 0x0F, 0x00, 0x7C, 0x07, 0xE0, 0x3F, 0x81, 0xFC, 0x1E, 0xE0, 0xF7,
    0x87, 0x3C, 0x79, 0xE3, 0xC7, 0x9E, 0x3D, 0xE1, 0xEF, 0x07, 0x80, 0x1F, 0x1F, 0x03, 0xE3, 0xE0,
    0x7C, 0x7C, 0x1F, 0x8F, 0xC3, 0xF9, 0xF8, 0x7F, 0x7F, 0x0E, 0xEE, 0xE3, 0xDD, 0xDE, 0x7B, 0xBB,
    0xCF, 0x3E, 0x79, 0xC7, 0xC7, 0x78, 0xF8, 0xFF, 0x1F, 0x1E, 0x01, 0xF0, 0x1F, 0x81, 0xFC, 0x0F,
    0x00, 0x78, 0x07, 0x80, 0x3C, 0x03, 0xF0, 0x1F, 0x80, 0xFE, 0x0F, 0xF0, 0x7B, 0x83, 0xDE, 0x3C,
    0xF1, 0xE7, 0x8F, 0x1E, 0xF0, 0xF7, 0x87, 0xC0, 0xF0, 0xF7, 0x9E, 0x79, 0xE3, 0xFC, 0x3F, 0x81,
    0xF8, 0x0F, 0x00, 0xF0, 0x0F, 0x00, 0xF0, 0x0F, 0x00, 0xF0, 0x0F, 0x00, 0x7F, 0xC7, 0xFC, 0x7F,
    0xC0, 0x78, 0x07, 0x80, 0xF0, 0x1E, 0x01, 0xE0, 0x3C, 0x07, 0x80, 0x7F, 0xCF, 0xFC, 0xFF, 0xC0,
    0x1C, 0x01, 0xC0, 0x1C, 0x01, 0xF0, 0x1F, 0x00, 0xF0, 0x7F, 0xC3, 0xFE, 0x1F, 0xF0, 0x0F, 0x00,
    0x78, 0x07, 0x80, 0x78, 0x03, 0xDE, 0x3D, 0xFB, 0xDD, 0xDF, 0xFF, 0xFF, 0xFF, 0xFF, 0x07, 0x00,
    0x30, 0x00, 0x7F, 0xF3, 0xFF, 0x9F, 0xF8, 0x07, 0x80, 0x7C, 0x07, 0xC0, 0x7C, 0x03, 0xE0, 0x1F,
    0xC0, 0xFF, 0x00, 0xFC, 0x01, 0xE0, 0x0F, 0x00, 0x78, 0x03, 0xD8, 0x3E, 0xFF, 0xE7, 0xFE, 0x1F,
    0xE0, 0x7F, 0xF3, 0xFF, 0x9F, 0xF8, 0x07, 0x80, 0x78, 0x07, 0x80, 0x78, 0x03, 0xF0, 0x1F, 0xC0,
    0xFF, 0x00, 0x7C, 0x01, 0xE7, 0xCF, 0x7F, 0xFB, 0xFF, 0xDC, 0x7C, 0xFF, 0xF3, 0xFF, 0x8F, 0xC8,
    0x7F, 0x1F, 0xF3, 0xFF, 0x21, 0xE0, 0x3C, 0x07, 0x80, 0xF0, 0x3E, 0x0F, 0x83, 0xE0, 0xF8, 0x1E,
    0x03, 0xC0, 0x78, 0x0F, 0x01, 0xE0, 0x3C, 0x07, 0x80, 0x1F, 0x87, 0xFD, 0xFF, 0x3C, 0x6F, 0x01,
    0xE0, 0x1E, 0x03, 0xC0, 0x3C, 0x07, 0xE0, 0x3C, 0x07, 0x80, 0xF0, 0x1E, 0x03, 0xC0, 0x78, 0x0F,
    0x01, 0xE0, 0x3C, 0x07, 0x80, 0xF0, 0x1E, 0x03, 0xC0, 0x78, 0x0F, 0x01, 0xF0, 0x1F, 0x01, 0xF0,
    0x1F, 0x01, 0xE0, 0x3C, 0x07, 0x90, 0xF7, 0xFE, 0xFF, 0x8F, 0xE0, 0x0F, 0xE3, 0xFC, 0xFF, 0x1E,
    0x27, 0x80, 0xF0, 0x1E, 0x03, 0xC0, 0x78, 0x0F, 0x01, 0xE0, 0x3C, 0x07, 0x80, 0xF0, 0x1E, 0x01,
    0xE0, 0x3F, 0xE3, 0xFC, 0x3F, 0x00, 0x07, 0xF0, 0x07, 0xFE, 0x07, 0xFF, 0x87, 0xC3, 0xC3, 0xC1,
    0xF3, 0xE0, 0x79, 0xE7, 0x3C, 0xF3, 0xDE, 0x79, 0xEF, 0x3C, 0xE7, 0x9E, 0x03, 0xCF, 0x81, 0xE3,
    0xC1, 0xF1, 0xF0, 0xF0, 0x7F, 0xF8, 0x1F, 0xF8, 0x07, 0xF0, 0x00, 0x7F, 0xC3, 0xFF, 0x1F, 0xF8,
    0xF1, 0xC7, 0x9E, 0x3F, 0xF1, 0xFF, 0x0F, 0xFC, 0x78, 0xF3, 0xC7, 0x9F, 0xFC, 0xFF, 0xC7, 0xFC,
    0x00, 0x1F, 0xC0, 0xFF, 0x87, 0xFF, 0x1E, 0x3E, 0x78, 0x78, 0xFD, 0xE3, 0xF7, 0x9F, 0xDE, 0x78,
    0x79, 0xE3, 0xE7, 0xFF, 0x0F, 0xF8, 0x1F, 0xC0, 0x00, 0x3C, 0x00, 0xF8, 0x01, 0xF0, 0x03, 0x80,
    0x07, 0x01, 0xFE, 0x07, 0xFC, 0x1F, 0xF0, 0x7C, 0x00, 0xF0, 0x01, 0xEF, 0xC3, 0xDF, 0x87, 0xBF,
    0x0F, 0x1E, 0x1F, 0x3C, 0x1F, 0xF8, 0x3F, 0xF0, 0x1F, 0xC0, 0x38, 0x78, 0xE1, 0xE3, 0x87, 0x8E,
    0x1E, 0x38, 0x78, 0xFF, 0xE3, 0xFF, 0x8F, 0xFE, 0x38, 0x78, 0xE1, 0xE3, 0x87, 0x8E, 0x1E, 0x38,
    0x78, 0x07, 0x03, 0xE0, 0x70, 0x00, 0x00, 0x03, 0xC0, 0xF0, 0x3C, 0x0F, 0x03, 0xC0, 0xF0, 0x3C,
    0x0F, 0x03, 0xC0, 0xF0, 0x3C, 0x0F, 0x03, 0xC3, 0xFD, 0xFF, 0x6F, 0x1B, 0xC7, 0xF0, 0xF8, 0x78,
    0x78, 0x78, 0xF0, 0xF9, 0xE0, 0xF3, 0xC0, 0xF7, 0x81, 0xFF, 0x01, 0xFE, 0x03, 0xFC, 0x07, 0xF8,
    0x1E, 0xF0, 0x79, 0xE1, 0xF3, 0xC7, 0xC7, 0x80, 0x0F, 0x00, 0x1E, 0x00, 0x3C, 0x00, 0x78, 0x00,
    0xF0, 0x38, 0x0E, 0x03, 0x80, 0xE0, 0x38, 0x0E, 0x03, 0x80, 0xE0, 0x38, 0x0E, 0x03, 0xFC, 0xFF,
    0x3F, 0xC0, 0x00, 0x3E, 0x00, 0xFC, 0x01, 0xF8, 0x03, 0xC0, 0x07, 0x83, 0xEF, 0x0F, 0xFE, 0x1F,
    0xFC, 0x78, 0xF8, 0xF0, 0xF1, 0xE1, 0xE3, 0xC3, 0xC7, 0x87, 0x8F, 0x0F, 0x1E, 0x3E, 0x1F, 0xFC,
    0x3F, 0xF8, 0x3E, 0xF0, 0x01, 0xE0, 0x03, 0xC0, 0x07, 0x80, 0x0F, 0x00, 0x1E, 0x00, 0x3C, 0x7F,
    0x1F, 0xF3, 0xFF, 0x21, 0xE0, 0x3C, 0x07, 0x80, 0xF0, 0x3E, 0x0F, 0x83, 0xE0, 0xF8, 0x1E, 0x07,
    0xF9, 0xFF, 0x3F, 0xE1, 0xE0, 0x3C, 0x07, 0x80, 0x1F, 0xC7, 0xFD, 0xFF, 0x3C, 0x6F, 0x00, 0xE0,
    0x1E, 0x03, 0xC0, 0x3E, 0x07, 0xE0, 0x3C, 0x07, 0x83, 0xFC, 0x7F, 0x8F, 0xF0, 0x78, 0x0F, 0x01,
    0xE0, 0x00, 0x78, 0x00, 0x01, 0xE0, 0x00, 0x07, 0x80, 0x00, 0x1E, 0x00, 0x00, 0x78, 0x00, 0x7D,
    0xFF, 0xF3, 0xFF, 0xFF, 0xCF, 0xFF, 0xFE, 0x78, 0xF8, 0x79, 0xE1, 0xE3, 0xC7, 0x87, 0x9F, 0x1E,
    0x1E, 0x78, 0x78, 0x7B, 0xC1, 0xE1, 0xFF, 0x07, 0xCF, 0xF8, 0x0F, 0xFF, 0xFF, 0x3F, 0xFF, 0xFC,
    0x7D, 0xFF, 0xF0, 0x00, 0x78, 0x00, 0x00, 0x78, 0x00, 0x00, 0x78, 0x00, 0x00, 0x78, 0x00, 0x00,
    0x78, 0x00, 0x1F, 0x7F, 0xFE, 0x3F, 0xFF, 0xFE, 0x3F, 0xFF, 0xFC, 0x78, 0xF8, 0x7C, 0x78, 0x78,
    0xF8, 0x78, 0x79, 0xF0, 0x78, 0x7B, 0xE0, 0x78, 0x7B, 0xF0, 0x78, 0x7B, 0xFC, 0x78, 0xFB, 0xFC,
    0x3F, 0xF8, 0x3E, 0x3F, 0xF8, 0x1E, 0x1F, 0x78, 0x1E, 0x00, 0x00, 0x1E, 0x00, 0x00, 0x1E, 0x00,
    0x08, 0x3E, 0x00, 0x1F, 0xFC, 0x00, 0x1F, 0xF8, 0x00, 0x0F, 0xF0, 0x00, 0x78, 0x00, 0x00, 0x3C,
    0x00, 0x00, 0x1E, 0x00, 0x00, 0x0F, 0x00, 0x00, 0x07, 0x80, 0x00, 0xFB, 0xFF, 0xE0, 0xFF, 0xFF,
    0xF0, 0x7F, 0xFF, 0xF8, 0x7C, 0xF8, 0x78, 0x3C, 0x3C, 0x78, 0x1E, 0x1E, 0x3C, 0x0F, 0x0F, 0x3C,
    0x07, 0x87, 0xBD, 0xF3, 0xC3, 0xDF, 0xF9, 0xE3, 0xFE, 0xEE, 0x7F, 0xFF, 0xFF, 0x3F, 0xFF, 0xFF,
    0x0F, 0xBF, 0xFF, 0x00, 0x00, 0x30, 0x00, 0x00, 0x18, 0x00, 0x18, 0x00, 0x07, 0x00, 0x03, 0xC0,
    0x01, 0xFF, 0xFE, 0xFF, 0xFF, 0xFF, 0xFF, 0xE3, 0xCF, 0x00, 0xF3, 0xE0, 0x3C, 0x7E, 0x0F, 0x0F,
    0xE3, 0xC0, 0xF8, 0xF0, 0x0F, 0x3C, 0x03, 0xCF, 0xFF, 0xF3, 0xFF, 0xF8, 0x7F, 0xFC, 0x00, 0x1E,
    0x00, 0x3E, 0x18, 0x7E, 0x1C, 0x78, 0x3C, 0x78, 0x7F, 0xF8, 0xFF, 0xF8, 0xFF, 0xF8, 0x3C, 0x78,
    0x3C, 0x78, 0x3C, 0x78, 0x3C, 0x78, 0x3C, 0x78, 0x3C, 0x78, 0x3C, 0x78, 0x3F, 0xF8, 0x3F, 0xF8,
    0x1F, 0xF8, 0x00, 0x78, 0x00, 0x78, 0x00, 0x78, 0x03, 0xF8, 0x03, 0xF0, 0x01, 0xE0, 0x18, 0x00,
    0x01, 0xC0, 0x00, 0x3C, 0x00, 0x07, 0xF8, 0xFE, 0xFF, 0x9F, 0xEF, 0xFB, 0xFE, 0x3C, 0x3C, 0x03,
    0xC7, 0x80, 0x3C, 0x78, 0x03, 0xC7, 0xBC, 0x3C, 0x7F, 0xE3, 0xC7, 0xFF, 0x3C, 0x7C, 0x73, 0xFF,
    0xFF, 0x3F, 0xDF, 0xE1, 0xF8, 0xFC, 0x0F, 0x80, 0x00, 0xFC, 0x00, 0x0F, 0xE0, 0x00, 0x78, 0x00,
    0x03, 0xC0, 0x00, 0x3F, 0xFB, 0xE3, 0xFF, 0xFF, 0x9F, 0xFF, 0xFE, 0x3C, 0xF8, 0xF1, 0xE7, 0xC7,
    0x8F, 0x3C, 0x3C, 0x79, 0xE1, 0xE3, 0xCF, 0x0F, 0x1E, 0x78, 0x78, 0xF3, 0xC3, 0xC7, 0x9E, 0x1E,
    0x3C, 0xF0, 0xF1, 0xE7, 0x87, 0x80, 0x00, 0x3C, 0x00, 0x01, 0xE0, 0x00, 0x0F, 0x00, 0x01, 0xF8,
    0x00, 0x0F, 0x80, 0x00, 0x78, 0x78, 0x00, 0x78, 0x00, 0x78, 0x00, 0x78, 0x00, 0x78, 0x00, 0x78,
    0xFC, 0x79, 0xFE, 0x7B, 0xFE, 0x7B, 0xC4, 0x7B, 0xE0, 0x79, 0xF8, 0x78, 0xFC, 0x78, 0x7E, 0x78,
    0x1E, 0x7E, 0x0F, 0x7F, 0xFE, 0x7F, 0xFE, 0x7F, 0xFC, 0x78, 0x00, 0xF0, 0x01, 0xE0, 0x03, 0xC0,
    0x07, 0x80, 0x0F, 0xFF, 0x9F, 0xFF, 0x3F, 0xFE, 0x78, 0x7C, 0xF0, 0xF1, 0xE3, 0xC3, 0xC7, 0x87,
    0x9E, 0x0F, 0x78, 0x1F, 0xF0, 0x3F, 0xFE, 0x7F, 0xFE, 0xFF, 0xFC, 0xE7, 0x37, 0x7B, 0xBB, 0xDC,
    0xDF, 0xE7, 0xFE, 0x3E, 0xF0, 0xF7, 0x87, 0x3C, 0x00, 0x07, 0x39, 0xBB, 0xDD, 0xDE, 0xE6, 0xFF,
    0x3F, 0xF1, 0xF7, 0x87, 0xBC, 0x39, 0xE0, 0x7F, 0xF1, 0xFF, 0xC7, 0xFF, 0x1E, 0x1C, 0x78, 0x71,
    0xE1, 0xC0, 0x00, 0x00, 0x00, 0x00, 0x00, 0x00, 0x00, 0x00, 0x1F, 0xFC, 0x7F, 0xF1, 0xFF, 0xC7,
    0x87, 0x1E, 0x1C, 0x78, 0x70, 0xF8, 0x3C, 0xFC, 0x3C, 0xFC, 0x3C, 0x1E, 0x3C, 0x1E, 0x3C, 0x1E,
    0x3C, 0x1E, 0x3C, 0x1E, 0x3C, 0x1E, 0x3C, 0x1E, 0x3C, 0x1F, 0xFC, 0x1F, 0xFC, 0x0F, 0xFC, 0x00,
    0x3C, 0x00, 0x3C, 0x00, 0x3C, 0x00, 0x3C, 0x00, 0x3C, 0x00, 0x3C, 0x78, 0x3C, 0x7E, 0x1E, 0x3F,
    0x0F, 0x03, 0xC7, 0x81, 0xE3, 0xC0, 0xF1, 0xE0, 0x78, 0xF0, 0x3C, 0x78, 0x1E, 0x3C, 0x0F, 0x1E,
    0x07, 0xFF, 0x03, 0xFF, 0x80, 0xFF, 0xC0, 0x01, 0xE0, 0x00, 0xF0, 0x00, 0x78, 0x00, 0x1F, 0x80,
    0x0F, 0xC0, 0x03, 0xE0, 0x70, 0x38, 0x1C, 0x0F, 0xE7, 0xF3, 0x99, 0xCE, 0xE7, 0x73, 0xB9, 0xDC,
    0xE0, 0x00, 0x00, 0x00, 0x00, 0x00, 0x00, 0x00, 0x00, 0x38, 0x3C, 0x1C, 0x0F, 0xE7, 0xF3, 0x99,
    0xCE, 0xE7, 0x73, 0xB9, 0xDC, 0xE0, 0x00, 0x00, 0x00, 0x00, 0x00, 0x00, 0x00, 0x00, 0x31, 0xC0,
    0x73, 0x9C, 0xE7, 0x39, 0xCE, 0x73, 0xFB, 0xC0, 0x00, 0x00, 0x6C, 0xF9, 0xC3, 0x87, 0x0E, 0x1C,
    0x38, 0x00, 0x00, 0x00, 0x00, 0x00, 0x00, 0x00, 0x1C, 0x71, 0xC7, 0x1C, 0x7F, 0xFF, 0x00, 0x00,
    0x00, 0x00, 0x00, 0x00, 0x1C, 0x38, 0x70, 0xE1, 0xC3, 0xBF, 0x7E, 0x1C, 0x38, 0x78, 0x70, 0x00,
    0x00, 0x00, 0x67, 0x33, 0x1B, 0x8F, 0x87, 0xE3, 0x31, 0xF8, 0xFC, 0x00, 0x00, 0x00, 0x00, 0x00,
    0x00, 0x00, 0x00, 0xE7, 0x37, 0x7B, 0x9B, 0xDC, 0xDF, 0xE7, 0xDE, 0x3E, 0xF0, 0xE7, 0x87, 0x38,
    0x00, 0x00, 0x00, 0x00, 0x00, 0x00, 0x00, 0x00, 0x00, 0x00, 0x00, 0x00, 0xE7, 0x73, 0x99, 0xCF,
    0xC7, 0xE1, 0xE0, 0xF0, 0x78, 0x18, 0x1C, 0x3E, 0x1E, 0x00, 0x00, 0x00, 0x00, 0x7B, 0xDE, 0xE7,
    0x70, 0x00, 0x00, 0x00, 0x00, 0x00, 0x00, 0x00, 0x7B, 0xCF, 0x79, 0xEF, 0x39, 0xE7, 0x39, 0xC7,
    0x00, 0x00, 0x00, 0x00, 0x00, 0x00, 0x00, 0x00, 0x00, 0x00, 0x00, 0x00, 0x00, 0x00, 0x00, 0x00,
    0x39, 0xDE, 0xE7, 0x78, 0x00, 0x00, 0x00, 0x00, 0x00, 0x00, 0x00, 0x7B, 0xDE, 0xE7, 0x70, 0x00,
    0x00, 0x00, 0x00, 0x00, 0x00, 0x00, 0xF3, 0x9C, 0xF3, 0x9C, 0x00, 0x00, 0x00, 0x00, 0x00, 0x00,
    0x00, 0x6E, 0x77, 0x7E, 0x00, 0x00, 0x00, 0x00, 0x00, 0x00, 0x00, 0x37, 0x66, 0x73, 0x00, 0x00,
    0x00, 0x00, 0x00, 0x00, 0x00, 0xF9, 0xF9, 0x78, 0xF3, 0xCF, 0x1C, 0x00, 0x00, 0x00, 0x00, 0x00,
    0x00, 0x00, 0x00, 0x00, 0x00, 0x3E, 0xFF, 0xD7, 0x87, 0x87, 0x87, 0x00, 0x00, 0x00, 0x00, 0x00,
    0x00, 0x00, 0x00, 0x00, 0x00, 0x04, 0x77, 0x3C, 0x3C, 0x30, 0x00, 0x00, 0x00, 0x00, 0x00, 0x00,
    0x00, 0x00, 0x00, 0x00, 0xC3, 0xC3, 0xC7, 0x7B, 0x00, 0x00, 0x00, 0x00, 0x00, 0x00, 0x00, 0x00,
    0x00, 0x00, 0x00, 0x10, 0x70, 0xE3, 0x66, 0xD8, 0xC0, 0x00, 0x00, 0x00, 0x00, 0x00, 0x00, 0x00,
    0x00, 0x00, 0x00, 0x00, 0xC5, 0x99, 0xB3, 0xC3, 0x86, 0x00, 0x00, 0x00, 0x00, 0x00, 0x00, 0x00,
    0x00, 0x00, 0x00, 0x00, 0x00, 0x0F, 0x03, 0xE0, 0xFE, 0x38, 0xE0, 0x00, 0x00, 0x00, 0x00, 0x00,
    0x00, 0x00, 0x00, 0x00, 0x00, 0x00, 0x00, 0x00, 0x00, 0x00, 0x00, 0x00, 0x00, 0x00, 0x70, 0xCF,
    0x78, 0xFE, 0x0F, 0x80, 0x00, 0x00, 0x00, 0x00, 0x00, 0x00, 0x00, 0x00, 0x00, 0x00, 0x00, 0x00,
    0x00, 0x00, 0x00, 0x00, 0x00, 0x00, 0x00, 0x66, 0x66, 0x66, 0x00, 0x00, 0x00, 0x00, 0x00, 0x00,
    0x7F, 0xBF, 0xDF, 0xE0, 0x00, 0x00, 0x00, 0x00, 0x00, 0x00, 0x00, 0x00, 0x00, 0x00, 0x00, 0x00,
    0x00, 0x00, 0x00, 0x00, 0x1E, 0x3E, 0x3C, 0x70, 0x00, 0x00, 0x00, 0x00, 0x00, 0x00, 0x00, 0x00,
    0x00, 0x00, 0x00, 0x00, 0x00, 0x00, 0x78, 0x7C, 0x1E, 0x0E, 0x00, 0x00, 0x00, 0x00, 0x00, 0x00,
    0x00, 0x00, 0x00, 0x00, 0x00, 0x00, 0x00, 0x00, 0x66, 0x66, 0x66, 0x00, 0x00, 0x1F, 0xEF, 0xF7,
    0xF8, 0x00, 0x78, 0x7C, 0x1E, 0x0E, 0x00, 0x1E, 0x3E, 0x3C, 0x70, 0x78, 0x70, 0x40, 0x00, 0x00,
    0x00, 0x00, 0x00, 0x00, 0x41, 0xC7, 0x80, 0x78, 0x70, 0x40, 0x00, 0x00, 0x00, 0x00, 0x00, 0x00,
    0x00, 0x00, 0x00, 0x63, 0x8C, 0x67, 0x30, 0x00, 0x00, 0x00, 0x33, 0x98, 0xC7, 0x18, 0x00, 0x00,
    0x00, 0x00, 0xC3, 0x3F, 0x78, 0x00, 0x00, 0x00, 0x00, 0x7C, 0xC3, 0x0C, 0x00, 0x00, 0x00, 0x00,
    0x00, 0x31, 0xF3, 0x0C, 0x00, 0x00, 0x00, 0x00, 0x7C, 0x00, 0x00, 0x00, 0x00, 0x00, 0x61, 0xDF,
    0xE3, 0xF8, 0x7C, 0x00, 0x00, 0x00, 0x00, 0x00, 0x00, 0x00, 0x00, 0x00, 0x00, 0x00, 0x00, 0x00,
    0x00, 0x00, 0x00, 0x00, 0x00, 0x79, 0xE7, 0x80, 0x00, 0x00, 0x00, 0x00, 0x00, 0x00, 0x00, 0x00,
    0x00, 0x00, 0x3C, 0x7E, 0x6E, 0x66, 0x7E, 0x3C, 0x00, 0x00, 0x00, 0x00, 0x00, 0x00, 0x00, 0x00,
    0x00, 0x00, 0x00, 0x00, 0x00, 0x00, 0x38, 0xE1, 0xC3, 0x87, 0xC7, 0x80, 0x38, 0xCF, 0xF9, 0xFF,
    0x33, 0xC0, 0x00, 0x00, 0x00, 0x00, 0x00, 0x00, 0x00, 0x00, 0x00, 0x00, 0x00, 0x00, 0x00, 0x00,
    0x00, 0x00, 0x00, 0x00, 0x00, 0x1D, 0xE3, 0xFC, 0x7B, 0x87, 0x70, 0x00, 0x00, 0x00, 0x00, 0x00,
    0x00, 0x00, 0x00, 0x00, 0x00, 0x00, 0x00, 0x00, 0x00, 0x00, 0x00, 0x00, 0x00, 0x00, 0x00, 0x00,
    0x0C, 0x1F, 0x07, 0xE1, 0xBE, 0x0F, 0xC1, 0xE0, 0x00, 0x00, 0x00, 0x00, 0x00, 0x08, 0xF8, 0xE3,
    0xC6, 0xC0, 0x00, 0x00, 0x00, 0x00, 0x00, 0x00, 0x00, 0x00, 0x00, 0x00, 0x00, 0x00, 0xE7, 0x73,
    0x9D, 0x8F, 0xC3, 0xC1, 0xE0, 0xF0, 0x78, 0x3C, 0x1E, 0x0F, 0x07, 0x80, 0x00, 0x00, 0x00, 0x77,
    0x77, 0x77, 0x77, 0x77, 0x70, 0x00, 0x00, 0x00, 0x7C, 0xFB, 0x83, 0xC3, 0xC1, 0xFF, 0xBE, 0x00,
    0x00, 0x00, 0x00, 0x00, 0x00, 0x00, 0xE7, 0x3F, 0x0F, 0x87, 0x83, 0xC3, 0xF1, 0xF9, 0xCE, 0x00,
    0x00, 0x00, 0x00, 0x00, 0x00, 0x00, 0x00, 0x38, 0xFF, 0xFF, 0x0E, 0x0E, 0x0E, 0x0C, 0x18, 0x30,
    0x60, 0x00, 0x00, 0x00, 0x00, 0x00, 0x00, 0x3F, 0x0F, 0xC0, 0x30, 0x0C, 0x03, 0x00, 0xC0, 0x30,
    0x0C, 0x03, 0x00, 0xC0, 0x30, 0x0C, 0x03, 0x00, 0xC0, 0x30, 0x0C, 0x01, 0x00, 0x03, 0x00, 0xC0,
    0x30, 0x0C, 0x3F, 0x0F, 0xC0, 0x30, 0x0C, 0x03, 0x00, 0xC0, 0x30, 0x0C, 0x03, 0x00, 0xC0, 0x30,
    0x0C, 0x03, 0x00, 0xC0, 0x30, 0x0C, 0x03, 0x00, 0xC0, 0x30, 0xFC, 0x3F, 0x00, 0xC0, 0x30, 0x0C,
    0x03, 0x00, 0xC0, 0x30, 0x0C, 0x03, 0x00, 0xC0, 0x30, 0x0C, 0x03, 0x00, 0xC0, 0x30, 0x0C, 0x03,
    0x00, 0xC3, 0xF0, 0xFC, 0x03, 0x00, 0xC0, 0x30, 0x0C, 0x03, 0x00, 0xC0, 0x30, 0x0C, 0x03, 0x00,
    0xC0, 0x30, 0x0C, 0x03, 0x00, 0xC0, 0x30, 0x0C, 0x03, 0x00, 0xC3, 0xF0, 0xFC, 0x20, 0x0C, 0x03,
    0x00, 0xC0, 0x30, 0x0C, 0x03, 0x00, 0xFC, 0x3F, 0x00, 0x00, 0x00, 0x00, 0x00, 0x00, 0x30, 0x0C,
    0x03, 0x00, 0xFC, 0x3F, 0x0C, 0x03, 0x00, 0xC0, 0x00, 0x00, 0x00, 0x00, 0x00, 0x00, 0x0E, 0x19,
    0xEF, 0x1F, 0xC1, 0xF0, 0x7F, 0xF7, 0xFF, 0x00, 0x07, 0xFF, 0x7F, 0xF0, 0x00, 0x00, 0x00, 0x00,
    0x00, 0x00, 0x00, 0x00, 0x00, 0x00, 0x00, 0x00, 0x00, 0x00, 0x00, 0x00, 0x00, 0x00, 0x00, 0x00,
    0x00, 0x00, 0x7B, 0xCF, 0x79, 0xEF, 0x39, 0xE7, 0x39, 0xC7, 0x00, 0x00, 0x00, 0x00, 0x00, 0x00,
    0x00, 0x00, 0x00, 0x00, 0x00, 0x00, 0x00, 0x00, 0x00, 0x00, 0x00, 0x31, 0x8D, 0xC7, 0xC1, 0xC0,
    0x60, 0x00, 0x06, 0x07, 0x07, 0xC3, 0x73, 0x18, 0x00, 0x1C, 0xF3, 0x87, 0xC3, 0xC1, 0x80, 0x00,
    0xE1, 0xF0, 0x73, 0xCE, 0x10, 0x00, 0x00, 0x1E, 0x0F, 0x8E, 0xC6, 0x63, 0xF0, 0xF0, 0x78, 0x7C,
    0x1E, 0x0E, 0x00, 0x00, 0x00, 0x00, 0x00, 0x00, 0x7F, 0x83, 0xBC, 0x1D, 0xC0, 0xCE, 0x00, 0x00,
    0x00, 0x00, 0x00, 0x00, 0x00, 0x00, 0x00, 0x00, 0x00, 0x1D, 0xE3, 0xFC, 0x7B, 0x87, 0x70, 0x00,
    0x00, 0x00, 0x00, 0x00, 0x00, 0x00, 0x00, 0x00, 0x00, 0x00, 0x00, 0xE3, 0x3F, 0xE7, 0xFC, 0xCF,
    0x00, 0x38, 0xF1, 0xE1, 0xC0, 0x00, 0x00, 0x00, 0x00, 0x71, 0xE3, 0xC3, 0x80, 0x00, 0x00, 0x00,
    0x00, 0x7C, 0xC1, 0x02, 0x04, 0x00, 0x00, 0x00, 0x00, 0x00, 0x00, 0x00, 0x00, 0x00, 0x00, 0x7C,
    0x18, 0x30, 0x60, 0xC0, 0x00, 0x00, 0x00, 0x00, 0x00, 0x00, 0x00, 0x00, 0x00, 0x40, 0x81, 0x02,
    0x06, 0x0F, 0x80, 0x00, 0x04, 0x18, 0x30, 0x60, 0xCF, 0x80, 0x00, 0x40, 0x4C, 0x09, 0x83, 0x3F,
    0xE7, 0xFC, 0x40, 0x0C, 0x01, 0x80, 0x3F, 0xE7, 0xFC, 0x06, 0x01, 0xC0, 0x38, 0x07, 0xFE, 0x78,
    0x01, 0xC0, 0x06, 0x00, 0x00, 0xF0, 0x07, 0x80, 0x3C, 0x01, 0xE0, 0x00, 0x00, 0x00, 0x00, 0x00,
    0x00, 0x00, 0x00, 0x00, 0x00, 0x00, 0x00, 0x00, 0x00, 0x00, 0x00, 0x00, 0x00, 0x00, 0x00, 0x00,
    0x1E, 0x3C, 0x78, 0xF0, 0x00, 0x00, 0x00, 0x00, 0x00, 0x00, 0x00, 0x00, 0x00, 0x00, 0x00, 0x00,
    0x00, 0x00, 0x1E, 0x0F, 0xC7, 0xFB, 0xCF, 0x00, 0x00, 0x00, 0x00, 0x00, 0x00, 0x00, 0x00, 0x00,
    0x00, 0x00, 0x00, 0x00, 0x00, 0x00, 0x00, 0x00, 0x00, 0x39, 0x87, 0xF8, 0xFF, 0x8E, 0xF0, 0x00,
    0x00, 0x00, 0x00, 0x00, 0x00, 0x00, 0x00, 0x00, 0x00, 0x00, 0x00, 0x00, 0x00, 0x00, 0x00, 0x00,
    0x00, 0x00, 0x00, 0x00, 0xFF, 0xFF, 0xFF, 0x00, 0x00, 0x00, 0x00, 0x00, 0x00, 0x00, 0x00, 0x00,
    0x00, 0x00, 0x00, 0x00, 0x00, 0xFF, 0xFF, 0xFF, 0xFC, 0x00, 0x00, 0x00, 0x00, 0x00, 0x00, 0x00,
    0x00, 0x00, 0x00, 0x00, 0x00, 0x00, 0x00, 0x00, 0x00, 0x00, 0x00, 0x00, 0x00, 0x00, 0x61, 0x9F,
    0xE7, 0xF8, 0xFC, 0x00, 0x00, 0x00, 0x00, 0x00, 0x00, 0x00, 0x00, 0x00, 0x00, 0x00, 0x00, 0x00,
    0x00, 0x00, 0x00, 0x00, 0x00, 0xFF, 0xF0, 0x00, 0x00, 0x00, 0x00, 0x00, 0x00, 0x00, 0xE7, 0xE7,
    0xE7, 0x00, 0x00, 0x00, 0x00, 0x00, 0x00, 0x00, 0x00, 0x00, 0x00, 0x00, 0x00, 0x00, 0x00, 0x78,
    0x1F, 0x01, 0xC0, 0xF0, 0x38, 0x0C, 0x00, 0x00, 0x00, 0x00, 0x00, 0x00, 0x00, 0x00, 0x00, 0x00,
    0x00, 0x00, 0x00, 0x00, 0x00, 0x00, 0x00, 0x00, 0x7B, 0xFC, 0xF3, 0xFD, 0xE0, 0x00, 0x00, 0x00,
    0x00, 0x00, 0x00, 0x00, 0x00, 0x00, 0x00, 0x3D, 0xC7, 0x79, 0xDE, 0x33, 0x80, 0x00, 0x00, 0x00,
    0x00, 0x00, 0x00, 0x00, 0x00, 0x00, 0x00, 0x00, 0x00, 0x00, 0x00, 0x00, 0x00, 0x00, 0x00, 0x00,
    0xE1, 0xDC, 0xE3, 0xF0, 0x7C, 0x00, 0x00, 0x00, 0x00, 0x00, 0x00, 0x00, 0x00, 0x00, 0x00, 0x00,
    0x00, 0x00, 0x00, 0x00, 0x00, 0x00, 0x00, 0x66, 0x66, 0x00, 0x00, 0x00, 0x00, 0x00, 0x00, 0x00,
    0xEF, 0xBE, 0xFB, 0x00, 0x00, 0x00, 0x00, 0x00, 0x00, 0x00, 0x00, 0x00, 0x00, 0x00, 0x7F, 0x80,
    0xEF, 0x03, 0xDC, 0x07, 0x38, 0x00, 0x00, 0x00, 0x00, 0x00, 0x00, 0x00, 0x00, 0x00, 0x00, 0x00,
    0x00, 0x00, 0x00, 0x00, 0x00, 0x00, 0x00, 0x00, 0x00, 0x00, 0x00, 0x00, 0x00, 0x00, 0x0C, 0x07,
    0x86, 0xD9, 0xCE, 0x3F, 0x0F, 0x80, 0x00, 0x00, 0x00, 0x00, 0x00, 0x00, 0x00, 0x00, 0x00, 0x00,
    0x00, 0x00, 0x00, 0x00, 0x00, 0x00, 0x00, 0x1E, 0x0F, 0xC7, 0xF9, 0xCE, 0x61, 0x80, 0x00, 0x00,
    0x00, 0x00, 0x00, 0x00, 0x00, 0x00, 0x00, 0x00, 0x00, 0x00, 0x00, 0x00, 0x00, 0x00, 0x00, 0x3C,
    0xE3, 0x9E, 0x79, 0xE0, 0x00, 0x00, 0x00, 0x00, 0x00, 0x00, 0x00, 0x00, 0x3C, 0xE7, 0x9E, 0x71,
    0xC0, 0x00, 0x00, 0x00, 0x00, 0x00, 0x00, 0x00, 0x00, 0xF1, 0xC7, 0x9E, 0x38, 0xE0, 0x00, 0x00,
    0x00, 0x00, 0x00, 0x00, 0x00, 0x00, 0x3C, 0xE7, 0x9E, 0x71, 0xC0, 0x00, 0x00, 0x00, 0x00, 0x00,
    0x00, 0x00, 0x00, 0x01, 0xE1, 0xE1, 0xE1, 0xC0, 0x00, 0x3C, 0xF3, 0xC7, 0x00, 0x03, 0xF3, 0x30,
    0x0C, 0xFC, 0xC0, 0xFC, 0x30, 0xC3, 0x0C, 0x00, 0x00, 0x00, 0x00, 0x00, 0x00, 0x00, 0x00, 0x00,
    0x00, 0x00, 0x00, 0x00, 0x3C, 0x78, 0xF3, 0xC7, 0x00, 0x00, 0x00, 0x00, 0x00, 0x00, 0x00, 0x00,
    0x00, 0x00, 0x00, 0x00, 0x07, 0x7E, 0x77, 0x00, 0x03, 0x0C, 0xFD, 0xE0, 0x03, 0xF3, 0x0C, 0x30,
    0x00, 0xCF, 0xCC, 0x30, 0x00, 0x0F, 0xC0, 0x39, 0xCE, 0x7F, 0xFF, 0xC0, 0xE7, 0x39, 0xCF, 0xFD,
    0xE0, 0x00, 0x00, 0x07, 0x01, 0xE0, 0x70, 0x00, 0x00, 0x00, 0x00, 0xE7, 0xE7, 0xE7, 0x7B, 0xFC,
    0xF3, 0xFD, 0xE0, 0x0F, 0xFE, 0xE0, 0x31, 0xE7, 0xC7, 0xFF, 0xE0, 0x39, 0xC6, 0x3C, 0x79, 0xE0,
    0x06, 0x66, 0x60, 0x00, 0xFF, 0xC3, 0xC3, 0xC3, 0x00, 0x13, 0x26, 0xD9, 0xFE, 0x00, 0x38, 0x77,
    0x38, 0xFC, 0x1F, 0x00, 0x00, 0x07, 0x83, 0xF1, 0xFE, 0xF3, 0xC0, 0x00, 0x00, 0x06, 0x19, 0xFE,
    0x7F, 0x8F, 0x80, 0x00, 0x07, 0x83, 0xF1, 0xFE, 0x73, 0x98, 0x60, 0x00, 0x0E, 0x77, 0xFD, 0xFE,
    0xEF, 0x00, 0x00, 0x00, 0xFF, 0xFF, 0xFF, 0x00, 0x00, 0x00, 0xFF, 0xFF, 0xFF, 0x7F, 0xEF, 0xFF,
    0x00, 0x07, 0xFE, 0xFF, 0xF0, 0x39, 0xDF, 0xF7, 0xFB, 0xBC, 0x00, 0x00, 0x00, 0x00, 0x00, 0xFF,
    0xFF, 0xFF, 0xFC, 0x00, 0x00, 0x00, 0x00, 0x00, 0x00, 0x7F, 0xFF, 0x9F, 0xFF, 0xE7, 0xFF, 0xF8,
    0x00, 0x00, 0x00, 0x00, 0x00, 0x00, 0x00, 0x00, 0x00, 0x00, 0x00, 0x01, 0x01, 0xE0, 0xF8, 0xF8,
    0x7C, 0x1C, 0x00, 0x00, 0x00, 0x00, 0x00, 0x00, 0x01, 0xC0, 0x60, 0x38, 0x0E, 0x03, 0x01, 0xC0,
    0x60, 0x38, 0x0E, 0x03, 0x01, 0xC0, 0x70, 0x18, 0x0E, 0x03, 0x01, 0xC0, 0x70, 0x18, 0x0E, 0x00,
    0x0E, 0xE7, 0xEE, 0x00, 0xC3, 0xC3, 0xC3, 0xFF, 0x7E, 0x7F, 0x90, 0x24, 0x09, 0x02, 0x7F, 0x80,
    0x00, 0x00, 0x1F, 0xE6, 0xD9, 0x32, 0x49, 0xE7, 0x9E, 0x78, 0x00, 0x00, 0x00, 0x00, 0x00, 0x00,
    0x00, 0x00, 0x00, 0x00, 0x00, 0x7E, 0xE6, 0x76, 0xE0, 0x00, 0x00, 0x00, 0x00, 0x00, 0x00, 0x00,
    0x7F, 0xEF, 0xFE, 0x00, 0x07, 0xFE, 0xFF, 0xE0, 0x00, 0x00, 0x00, 0x00, 0x00, 0x00, 0x00, 0x00,
    0x00, 0x00, 0x00, 0x00, 0x00, 0x00, 0x00, 0x00, 0x00, 0x00, 0x00, 0x00, 0x00, 0x00, 0x00, 0x00,
    0x00, 0x00, 0x00, 0x00, 0x78, 0x7C, 0x3C, 0x0E, 0x00, 0x00, 0x00, 0x00, 0x00, 0x00, 0x00, 0x00,
    0x00, 0x00, 0x00, 0x00, 0x00, 0x00, 0x3C, 0x79, 0xE7, 0x00, 0x00, 0x00, 0x00, 0x00, 0x00, 0x00,
    0x00, 0x00, 0x00, 0x00, 0x00, 0x00, 0x39, 0xDF, 0xF7, 0xFB, 0xBC, 0x00, 0x00, 0x00, 0x00, 0x00,
    0x00, 0x00, 0x00, 0x00, 0x00, 0x00, 0x00, 0x00, 0x00, 0x00, 0x00, 0x00, 0x00, 0x73, 0xCE, 0x70,
    0x00, 0x00, 0x00, 0x00, 0x00, 0x00, 0x00, 0x00, 0x00, 0x0F, 0x8E, 0xF7, 0xEE, 0xFE, 0xE7, 0x00,
    0x00, 0x00, 0x00, 0x00, 0x00, 0x00, 0x00, 0x00, 0x00, 0x00, 0x00, 0x00, 0x00, 0x00, 0x00, 0x00,
    0x00, 0x00, 0x00, 0x00, 0x00, 0x07, 0x1C, 0x79, 0xE0, 0xFF, 0xF0, 0x3C, 0x0F, 0x03, 0x00, 0x00,
    0x00, 0x00, 0x00, 0x00, 0x00, 0x00, 0x00, 0x00, 0x00, 0x00, 0x00, 0x00, 0x00, 0x00, 0x00, 0x00,
    0x7F, 0xEF, 0xFF, 0x00, 0x07, 0xFE, 0xFF, 0xF0, 0x03, 0xBE, 0xFB, 0xEC, 0x00, 0x07, 0x86, 0x18,
    0x60, 0x00, 0x06, 0x0F, 0xE7, 0xF9, 0xFC, 0x18, 0x00, 0x00, 0x00, 0x00, 0x00, 0x00, 0x00, 0x00,
    0x00, 0x00, 0x00, 0x00, 0x00, 0x00, 0x00, 0x00, 0x00, 0x0C, 0x07, 0x80, 0xC0, 0xE6, 0x7F, 0x99,
    0xC0, 0xC0, 0x78, 0x0C, 0x00, 0x00, 0x00, 0x00, 0x00, 0x00, 0x00, 0x00, 0x00, 0x00, 0x00, 0x00,
    0x00, 0x00, 0x00, 0x00, 0x00, 0x7B, 0xFF, 0xCE, 0x73, 0xFF, 0xDE, 0x00, 0x00, 0x00, 0x00, 0x00,
    0x00, 0x00, 0x00, 0x00, 0x00, 0x00, 0x00, 0x00, 0x00, 0x00, 0x66, 0xFF, 0x66, 0x00, 0x03, 0x3C,
    0xC6, 0x30, 0xC0, 0x00, 0xF0, 0x00, 0x3C, 0x0C, 0x0C, 0x00, 0x00, 0x00, 0x00, 0x00, 0x00, 0x0C,
    0x00, 0x0F, 0x00, 0x03, 0xC0, 0x00, 0xF0, 0x00, 0x30, 0x00, 0x00, 0x00, 0x00, 0xC0, 0x00, 0xF0,
    0x00, 0x3C, 0x00, 0x0F, 0x00, 0x03, 0x00, 0x00, 0x00, 0xCF, 0x7F, 0xC0, 0x00, 0x00, 0x00, 0x00,
    0x00, 0x00, 0x00, 0x37, 0x66, 0x73, 0x00, 0x00, 0x00, 0x00, 0x00, 0x00, 0x00, 0x1E, 0x0F, 0xC7,
    0x39, 0xB6, 0x1E, 0x03, 0x00, 0x00, 0x00, 0x00, 0x00, 0x00, 0x00, 0x00, 0x00, 0x00, 0x00, 0x00,
    0x00, 0x00, 0x00, 0x00, 0x00, 0x00, 0x01, 0xE7, 0x9E, 0x78, 0x00, 0x03, 0xFC, 0xF3, 0x0C, 0xF7,
    0xFC, 0x00, 0x10, 0xC7, 0x30, 0xFE, 0x77, 0x91, 0x20, 0x6F, 0x77, 0x76, 0x00, 0x00, 0x00, 0x00,
    0x00, 0x00, 0x00, 0x3C, 0xF3, 0xC0, 0x00, 0x00, 0x00, 0x00, 0x00, 0x00, 0x00, 0x00, 0x00, 0x00,
    0x00, 0xC7, 0x9E, 0x78, 0xC0, 0x00, 0x1F, 0xEC, 0xCB, 0x33, 0xCC, 0x9F, 0xE0, 0x61, 0x87, 0x86,
    0x18, 0x00, 0x00, 0x00, 0x00, 0x00, 0x00, 0x00, 0x00, 0x00, 0x00, 0x00, 0x00, 0x00, 0x38, 0x00,
    0x77, 0x80, 0x79, 0xFF, 0xFE, 0x3F, 0xFE, 0x03, 0xFF, 0x00, 0xE0, 0x01, 0xDE, 0x01, 0xE7, 0xFF,
    0xF8, 0xFF, 0xF8, 0x0F, 0xFC, 0x00, 0x00, 0x00, 0x00, 0x00, 0x00, 0x00, 0x00, 0x00, 0x00, 0x00,
    0x00, 0x00, 0x00, 0x00, 0x00, 0x00, 0x00, 0x00, 0x00, 0x00, 0x00, 0x00, 0x00, 0x00, 0x00, 0x00,
    0x00, 0x00, 0x00, 0x00, 0x00, 0xFF, 0xFC, 0x00, 0x00, 0x00, 0x00, 0x00, 0x00, 0x00, 0x00, 0x00,
    0x00, 0x00, 0x00, 0x00, 0x00, 0x00, 0x00, 0x00, 0x00, 0x00, 0x00, 0x00, 0x00, 0x00, 0x00, 0x00,
    0x00, 0x00, 0x00, 0x00, 0x0F, 0xFF, 0xC0, 0x00, 0x3F, 0x80, 0xDF, 0xFF, 0xFF, 0xFF, 0xFB, 0x87,
    0xFC, 0x00, 0x00, 0x00, 0x00, 0x00, 0x00, 0x00, 0x00, 0x00, 0x00, 0x00, 0x00, 0x00, 0x00, 0x00,
    0x00, 0x00, 0x00, 0x00, 0x00, 0x00, 0x00, 0x00, 0x00, 0x00, 0x00, 0x00, 0x00, 0x00, 0x00, 0x00,
    0x00, 0x03, 0xF8, 0x07, 0xFF, 0x83, 0xFF, 0xF1, 0xF8, 0x7E, 0x70, 0x03, 0xF8, 0x00, 0x70, 0x00,
    0x00, 0x00, 0x00, 0x00, 0x00, 0x00, 0x00, 0x00, 0x00, 0x00, 0x00, 0x00, 0x00, 0x00, 0x00, 0x00,
    0x00, 0x00, 0x00, 0x00, 0x00, 0x00, 0x00, 0x00, 0x00, 0x00, 0x00, 0x00, 0x00, 0x00, 0x00, 0x00,
    0x00, 0x00, 0x00, 0x00, 0x00, 0x31, 0xFF, 0xFF, 0x3F, 0xFF, 0xE0, 0x00, 0x18, 0x00, 0x00, 0x00,
    0x78, 0x37, 0xFB, 0x7C, 0xA0, 0x00, 0x00, 0x00, 0x00, 0x00, 0x00, 0x00, 0x00, 0x00, 0x00, 0x39,
    0xB7, 0xD8, 0x7C, 0xE0, 0x00, 0x00, 0x00, 0x00, 0x00, 0x00, 0x00, 0x00, 0x00, 0x00, 0xC3, 0x6D,
    0xB0, 0x00, 0x00, 0x00, 0x00, 0x00, 0x00, 0x79, 0xBC, 0xDB, 0x78, 0x00, 0x00, 0x00, 0x00, 0x00,
    0x00, 0x00, 0x00, 0x00, 0x00, 0x00, 0xEF, 0xBE, 0xDB, 0x7C, 0x00, 0x00, 0x00, 0x00, 0x00, 0x00,
    0x00, 0x00, 0x00, 0x00, 0x00, 0x7E, 0x31, 0x87, 0x00, 0x00, 0x00, 0x00, 0x00, 0x00, 0x00, 0x00,
    0x00, 0x0C, 0x37, 0xFB, 0xCF, 0xB7, 0xC0, 0x00, 0x00, 0x00, 0x00, 0x00, 0x00, 0x00, 0x00, 0x00,
    0x00, 0xE3, 0x8F, 0xFB, 0xEF, 0xBE, 0xC0, 0x00, 0x00, 0x00, 0x00, 0x00, 0x00, 0x00, 0x00, 0x00,
    0x00, 0x00, 0xFF, 0x6F, 0xF6, 0x7B, 0x3D, 0x98, 0x00, 0x00, 0x00, 0x00, 0x00, 0x00, 0x00, 0x00,
    0x00, 0x00, 0x00, 0x00, 0x00, 0x00, 0x00, 0x00, 0x00, 0x77, 0x39, 0xCE, 0x00, 0x00, 0x00, 0x00,
    0x00, 0x00, 0x00, 0x00, 0x00, 0x00, 0x03, 0x3C, 0xC6, 0x31, 0xC0, 0x00, 0x00, 0x00, 0x00, 0x00,
    0x00, 0x00, 0x00, 0x00, 0xCC, 0xD9, 0xE1, 0xC3, 0x00, 0x00, 0x00, 0x00, 0x00, 0x00, 0x00, 0x00,
    0x00, 0x00, 0x00, 0x00, 0x00, 0x00, 0x6D, 0xE3, 0x9E, 0x6C, 0x00, 0x00, 0x00, 0x00, 0x00, 0x00,
    0x00, 0x00, 0x00, 0x00, 0x00, 0x1E, 0x1E, 0x0F, 0xCF, 0xC7, 0xFF, 0xFB, 0xCF, 0xCF, 0x00, 0x00,
    0x00, 0x00, 0x00, 0x00, 0x00, 0x00, 0x00, 0x00, 0x00, 0x00, 0x00, 0x00, 0x00, 0x00, 0x00, 0x00,
    0x00, 0x00, 0x00, 0x00, 0x00, 0x00, 0x00, 0x00, 0x00, 0x00, 0x00, 0x00, 0x00, 0x00, 0x03, 0xC0,
    0x07, 0xE0, 0x76, 0x6E, 0x76, 0x6E, 0x77, 0xEE, 0x03, 0xC0, 0x00, 0x00, 0x00, 0x00, 0x00, 0x00,
    0x00, 0x00, 0x00, 0x00, 0x00, 0x00, 0x00, 0x00, 0x00, 0x00, 0x00, 0x00, 0x00, 0x00, 0x00, 0x00,
    0x00, 0x00, 0x00, 0x00, 0x00, 0x00, 0x79, 0xE7, 0xFE, 0xEF, 0x7E, 0xF7, 0x7F, 0xE7, 0x9E, 0x00,
    0x00, 0x00, 0x00, 0x00, 0x00, 0x00, 0x00, 0x00, 0x00, 0x00, 0x00, 0x00, 0x00, 0x00, 0x00, 0x00,
    0x00, 0x00, 0x00, 0x00, 0x30, 0xC3, 0x3F, 0xFD, 0xE3, 0x00, 0x00, 0x00, 0x00, 0x00, 0x00, 0x00,
    0x00, 0x00, 0x00, 0x18, 0x3C, 0x1C, 0x00, 0xE7, 0xE7, 0xE7, 0x00, 0x00, 0x00, 0x00, 0x00, 0x00,
    0x00, 0x00, 0x00, 0x00, 0x00, 0x00, 0x00, 0x00, 0x00, 0x00, 0x0D, 0x9B, 0xF9, 0xF7, 0x0E, 0xF9,
    0xFD, 0x9B, 0x00, 0x00, 0x00, 0x00, 0x00, 0x07, 0x07, 0x83, 0x83, 0xE3, 0xF1, 0xF1, 0xDC, 0xCC,
    0xEE, 0x63, 0xF3, 0xF1, 0x98, 0x78, 0x78, 0x60, 0xEE, 0xEE, 0xF7, 0x77, 0x1D, 0xC7, 0x71, 0xDC,
    0x7B, 0x8E, 0xE0, 0x0C, 0x00, 0x30, 0x00, 0x60, 0x01, 0xC0, 0x03, 0x00, 0x0E, 0x00, 0x18, 0x00,
    0x00, 0x18, 0x00, 0xC0, 0x0E, 0x00, 0x60, 0x07, 0x00, 0x78, 0x01, 0xC0, 0x00, 0x60, 0xE6, 0x06,
    0x60, 0x66, 0x06, 0x60, 0x60, 0x00, 0x00, 0x00, 0x00, 0x00, 0x00, 0x00, 0x00, 0x00, 0x00, 0x00,
    0x00, 0x00, 0x00, 0x00, 0x00, 0x00, 0x00, 0x00, 0x00, 0x00, 0x6C, 0x1D, 0x9B, 0x03, 0x6E, 0xC0,
    0xD9, 0xB0, 0x36, 0x6C, 0x0D, 0x80, 0x00, 0x00, 0x00, 0x00, 0x00, 0x00, 0x00, 0x00, 0x00, 0x00,
    0x00, 0x00, 0x00, 0x00, 0x00, 0x00, 0x00, 0x00, 0x00, 0x00, 0x00, 0x00, 0x00, 0x00, 0x00, 0x00,
    0x00, 0x00, 0x00, 0x00, 0x00, 0x00, 0x06, 0x0E, 0x60, 0x66, 0x06, 0x60, 0x66, 0x06, 0x70, 0x00,
    0x39, 0x80, 0x00, 0x66, 0x00, 0x01, 0x98, 0x00, 0x06, 0x70, 0x00, 0x38, 0x00, 0x00, 0x00, 0x00,
    0x00, 0x00, 0x00, 0x00, 0x00, 0x00, 0x06, 0xD9, 0xFE, 0x7F, 0x8F, 0xC3, 0x30, 0x00, 0x00, 0x03,
    0x30, 0xFC, 0x7F, 0x9F, 0xE6, 0xD8, 0x0F, 0x80, 0x7C, 0x07, 0xF0, 0x3F, 0x81, 0xDC, 0x1E, 0xF0,
    0xF7, 0x87, 0xFC, 0x3F, 0xE3, 0xFF, 0x9E, 0x3C, 0xE0, 0xEF, 0x07, 0x80, 0x07, 0xFF, 0x03, 0xFF,
    0x83, 0xFF, 0xC1, 0xDC, 0x01, 0xEE, 0x00, 0xE7, 0xF8, 0x73, 0xFC, 0x7F, 0xFC, 0x3F, 0xE0, 0x3F,
    0xF0, 0x1C, 0x3F, 0xDE, 0x1F, 0xEF, 0x0F, 0xF0, 0x3F, 0x8F, 0xC7, 0xFD, 0xFE, 0x7F, 0xFF, 0xE2,
    0x0F, 0x9E, 0x00, 0xF1, 0xE7, 0xFF, 0x3E, 0x7F, 0xFF, 0xE7, 0xFF, 0xF8, 0x70, 0xF0, 0x07, 0x8F,
    0x08, 0x7F, 0xFF, 0xC3, 0xFF, 0xFC, 0x1F, 0x9F, 0x80, 0x7F, 0xC1, 0xFF, 0x87, 0xFE, 0x1E, 0x38,
    0x79, 0xE3, 0xFF, 0xFF, 0xFF, 0xDE, 0x7C, 0x78, 0xF1, 0xE3, 0xC7, 0xFF, 0x1F, 0xF8, 0x7F, 0xC0,
    0x0F, 0xC1, 0xFE, 0x3F, 0xE7, 0xC4, 0x78, 0x07, 0x80, 0x78, 0x07, 0x80, 0x78, 0x07, 0xC0, 0x3F,
    0xE3, 0xFE, 0x0F, 0xC0, 0x7F, 0x81, 0xFF, 0x87, 0xFF, 0x1E, 0x3C, 0x78, 0xF1, 0xE1, 0xE7, 0x87,
    0x9E, 0x1E, 0x78, 0x71, 0xE3, 0xC7, 0xFF, 0x1F, 0xF8, 0x7F, 0x80, 0x3F, 0x80, 0xFF, 0x83, 0xFF,
    0x0E, 0x3C, 0x38, 0x73, 0xF9, 0xEF, 0xE7, 0xBF, 0x9C, 0x38, 0x70, 0xE3, 0xC3, 0xFE, 0x0F, 0xF8,
    0x3F, 0x80, 0x7F, 0xDF, 0xF7, 0xF9, 0xE0, 0x78, 0x1F, 0xE7, 0xF9, 0xFE, 0x78, 0x1E, 0x07, 0xF9,
    0xFF, 0x7F, 0xC0, 0x7F, 0x87, 0xFC, 0x7F, 0xE4, 0x1E, 0x01, 0xE1, 0xFE, 0x1F, 0xC1, 0xFC, 0x01,
    0xE0, 0x1E, 0x7F, 0xE7, 0xFC, 0x3F, 0x80, 0x78, 0xF1, 0xE3, 0xC7, 0x8F, 0x1E, 0x3C, 0x78, 0xF1,
    0xE3, 0xC7, 0x80, 0x00, 0x1C, 0x78, 0x70, 0x1E, 0x1E, 0x1E, 0x1E, 0x1E, 0x1E, 0x1E, 0x1E, 0x1E,
    0x1E, 0xFC, 0xFC, 0xF8, 0x78, 0xF3, 0xCF, 0x1E, 0x78, 0xF7, 0x87, 0xF8, 0x3F, 0xC1, 0xFE, 0x0F,
    0xF0, 0x7B, 0xC3, 0xCF, 0x1E, 0x78, 0xF1, 0xE7, 0x8F, 0x00, 0x38, 0x0E, 0x03, 0x80, 0xE0, 0x3E,
    0x0F, 0x87, 0xC3, 0xE0, 0x78, 0x0E, 0x03, 0xFC, 0xFF, 0x3F, 0xC0, 0x3E, 0x1F, 0x0F, 0x87, 0xC3,
    0xE1, 0xF0, 0xFC, 0xFC, 0x3F, 0x3F, 0x0F, 0xCF, 0xC3, 0xF7, 0x70, 0xEF, 0xDC, 0x3B, 0xF7, 0x0E,
    0xFD, 0xC3, 0x9E, 0x70, 0xE7, 0x9C, 0x39, 0xE7, 0x00, 0x38, 0x78, 0x71, 0xF0, 0xE3, 0xE1, 0xCF,
    0xC3, 0x9F, 0x87, 0x7F, 0x0E, 0xEE, 0x1F, 0xDC, 0x3F, 0x38, 0x7C, 0x70, 0xF8, 0xE1, 0xE1, 0xC3,
    0xC3, 0x80, 0x0F, 0xC0, 0x7F, 0xC3, 0xFF, 0x0F, 0x1E, 0x78, 0x79, 0xE0, 0xE7, 0x83, 0x9E, 0x0E,
    0x78, 0x78, 0xF1, 0xE3, 0xFF, 0x07, 0xFC, 0x0F, 0xC0, 0x7E, 0x0F, 0xF1, 0xFE, 0x01, 0xE0, 0x1C,
    0x03, 0x80, 0x70, 0x0E, 0x01, 0xC0, 0x79, 0xFF, 0x3F, 0xC7, 0xF0, 0x0F, 0xE0, 0x7F, 0xF1, 0xFF,
    0xF3, 0xC3, 0xEF, 0x01, 0xDE, 0x03, 0xBC, 0x07, 0x3C, 0x3E, 0x7F, 0xF8, 0x7F, 0xF0, 0x3F, 0x80,
    0x00, 0x00, 0x0F, 0xF0, 0x7F, 0xF1, 0xFF, 0xF3, 0xE1, 0xE7, 0x01, 0xEE, 0x03, 0xDC, 0x07, 0xBC,
    0x0E, 0x38, 0x0C, 0x00, 0x00, 0x00, 0x00, 0x0F, 0xF0, 0xFF, 0xF8, 0xFF, 0xFC, 0x7E, 0x3C, 0x7F,
    0x1E, 0x77, 0xCE, 0x71, 0xFE, 0x7C, 0xFC, 0x3F, 0xFE, 0x3F, 0xFE, 0x0F, 0xF0, 0x00, 0x00, 0x3F,
    0x8F, 0x83, 0xFF, 0xFF, 0x1F, 0xFF, 0xFC, 0x41, 0xF1, 0xE0, 0x0F, 0x8F, 0x3F, 0xF8, 0x3D, 0xFF,
    0xC1, 0xEF, 0xFE, 0x0F, 0x70, 0xF8, 0xF3, 0xC7, 0xC7, 0x8F, 0xFF, 0xFC, 0x7F, 0xFF, 0xC1, 0xF8,
    0xFC, 0x00, 0x78, 0xF1, 0xC7, 0x8E, 0x3C, 0x79, 0xC3, 0xFE, 0x1F, 0xF0, 0xFF, 0xCF, 0x0E, 0x78,
    0x73, 0xC3, 0x9F, 0xFC, 0x7F, 0xC1, 0xFC, 0x00, 0x0F, 0xC0, 0x7F, 0x83, 0xFF, 0x1F, 0x3C, 0x78,
    0x79, 0xE1, 0xE7, 0x87, 0x80, 0x00, 0x00, 0x00, 0x00, 0x00, 0x00, 0x00, 0x00, 0x00, 0x00, 0x70,
    0x79, 0xE1, 0xE7, 0x87, 0x9F, 0x3C, 0x3F, 0xF0, 0x7F, 0x80, 0xFC, 0x00, 0x7F, 0x87, 0xFC, 0x7F,
    0xE7, 0x9E, 0x79, 0xE7, 0x9E, 0x7F, 0xC7, 0xFC, 0x7F, 0x07, 0x80, 0x78, 0x07, 0x80, 0x78, 0x00,
    0x1F, 0xE3, 0xFE, 0x7F, 0xE7, 0x9E, 0x79, 0xE3, 0x9E, 0x3F, 0xE1, 0xFE, 0x1F, 0xE3, 0xDE, 0x79,
    0xE7, 0x9E, 0xF1, 0xE0, 0xF1, 0xE7, 0x9E, 0x79, 0xE3, 0xDE, 0x1D, 0xE1, 0xFE, 0x3F, 0xE3, 0xDE,
    0x79, 0xE7, 0x9E, 0x7D, 0xE3, 0xFE, 0x1F, 0xE0, 0xFF, 0xFF, 0xFF, 0xFF, 0x07, 0x00, 0xE0, 0x1C,
    0x03, 0x80, 0x70, 0x0E, 0x01, 0xC0, 0x38, 0x07, 0x00, 0xE0, 0x78, 0x79, 0xE1, 0xE7, 0x87, 0x9E,
    0x1E, 0x78, 0x79, 0xE1, 0xE7, 0x87, 0x9E, 0x1E, 0x38, 0x78, 0xF1, 0xE3, 0xFF, 0x07, 0xFC, 0x0F,
    0xC0, 0x7F, 0xFC, 0xFF, 0xF9, 0xFF, 0xE0, 0x01, 0xE0, 0x01, 0xC0, 0x03, 0x80, 0x07, 0x80, 0x0E,
    0x7F, 0xFC, 0xFF, 0xF9, 0xFF, 0xE0, 0x00, 0x00, 0x07, 0xFF, 0xE0, 0x7F, 0xFE, 0x77, 0xFF, 0xCF,
    0x00, 0x3C, 0x60, 0x01, 0xE0, 0x00, 0x0E, 0x60, 0x00, 0xEF, 0x00, 0x1E, 0x77, 0xFF, 0xE0, 0x7F,
    0xFC, 0x07, 0xFF, 0x80, 0x00, 0x00, 0x7F, 0xFC, 0xFF, 0xF9, 0xFF, 0xE0, 0x01, 0xE0, 0x01, 0xC0,
    0x03, 0x80, 0x07, 0x80, 0x0F, 0x7F, 0xFC, 0xFF, 0xF9, 0xFF, 0xE0, 0x01, 0xE0, 0x01, 0xC0, 0x03,
    0x80, 0x07, 0xBF, 0xFE, 0x7F, 0xFC, 0xFF, 0xF0, 0xF0, 0xF3, 0x87, 0x9E, 0x3C, 0xF1, 0xC7, 0x9E,
    0x1C, 0xF0, 0xF7, 0x07, 0xB8, 0x1F, 0xC0, 0xFC, 0x07, 0xE0, 0x1F, 0x00, 0xF0, 0x00, 0xF1, 0xE1,
    0xCE, 0x3E, 0x39, 0xC7, 0xCF, 0x3C, 0xF9, 0xE7, 0xBF, 0x38, 0x77, 0xF7, 0x0E, 0xEF, 0xE1, 0xFD,
    0xFC, 0x3F, 0xBF, 0x03, 0xE7, 0xE0, 0x7C, 0x7C, 0x0F, 0x8F, 0x81, 0xF1, 0xE0, 0x7F, 0xCF, 0xF9,
    0xFF, 0x03, 0xC0, 0x78, 0x1E, 0x07, 0x80, 0xF0, 0x3C, 0x0F, 0x01, 0xFF, 0x7F, 0xEF, 0xFC, 0x7F,
    0x8F, 0xF0, 0x1E, 0x07, 0x81, 0xE0, 0x7E, 0x0F, 0xE0, 0x3E, 0x03, 0xC0, 0x7B, 0xDF, 0x7F, 0xC7,
    0xF0, 0x3F, 0x1F, 0xF9, 0xFF, 0x21, 0xF0, 0x1E, 0x07, 0x81, 0xF0, 0x7C, 0x1F, 0x03, 0xC0, 0xF8,
    0x3C, 0x0F, 0x01, 0xE0, 0x3C, 0x37, 0xFE, 0x7F, 0xC7, 0xF0, 0x1F, 0x03, 0xF8, 0x3F, 0xC7, 0xFC,
    0x7F, 0xC3, 0xFC, 0x3F, 0x81, 0xF8, 0x0F, 0x01, 0xF8, 0xFF, 0xEF, 0xBE, 0xF1, 0xE0, 0x3F, 0xCF,
    0xF3, 0xFC, 0xE0, 0x38, 0x0E, 0x03, 0x80, 0xE0, 0x38, 0x0E, 0x03, 0x80, 0xE0, 0x38, 0x00, 0x0F,
    0x00, 0xF0, 0x1F, 0x81, 0xF8, 0x1F, 0x83, 0xFC, 0x39, 0xC3, 0x9C, 0x79, 0xE7, 0x0E, 0x70, 0xEF,
    0x0F, 0xF0, 0xF0, 0x3F, 0xF0, 0xFF, 0xC3, 0xFF, 0x0E, 0x1C, 0x38, 0x70, 0xE1, 0xC3, 0x87, 0x0E,
    0x1C, 0x38, 0x70, 0xE1, 0xC3, 0x87, 0x0E, 0x1C, 0x38, 0x70, 0x7F, 0x87, 0xFC, 0x7F, 0xE7, 0x9E,
    0x79, 0xE7, 0x9E, 0x7F, 0xC7, 0xFC, 0x7F, 0x07, 0x80, 0x78, 0x07, 0x80, 0x78, 0x00, 0x71, 0xCF,
    0x38, 0xE7, 0x9C, 0x73, 0xCE, 0x39, 0xE7, 0x1C, 0xF3, 0x8E, 0x79, 0xE7, 0x78, 0x7F, 0xFC, 0x1F,
    0xFC, 0x01, 0xE0, 0x00, 0x70, 0x00, 0x38, 0x00, 0x1C, 0x00, 0x1F, 0xF0, 0x7F, 0xC1, 0xFF, 0x07,
    0x1C, 0x1C, 0x70, 0x71, 0xC3, 0xC7, 0x0F, 0x1C, 0x3C, 0x70, 0xE1, 0xCF, 0x87, 0x3E, 0x1C, 0xF0,
    0x70, 0x1E, 0x07, 0x83, 0xE0, 0xFC, 0x37, 0x1C, 0xC7, 0xF9, 0xFE, 0xE1, 0xF8, 0x70, 0x00, 0x00,
    0x00, 0x00, 0x00, 0x00, 0x00, 0x00, 0x00, 0x07, 0xFC, 0x3F, 0xF0, 0xFC, 0x03, 0x70, 0x1D, 0xFC,
    0x77, 0xE3, 0xFC, 0x0F, 0xF0, 0x71, 0xFD, 0xC7, 0xF0, 0x00, 0x00, 0x00, 0x00, 0x00, 0x00, 0x00,
    0x00, 0x00, 0x00, 0x00, 0x00, 0x7F, 0x1F, 0xE7, 0x39, 0xCE, 0x7F, 0x1F, 0xE7, 0x39, 0xCE, 0x7F,
    0x9F, 0xC0, 0x00, 0x00, 0x00, 0x00, 0x00, 0x00, 0x00, 0x00, 0x00, 0x7F, 0x1F, 0xE7, 0x39, 0xCE,
    0xFF, 0xFF, 0xF7, 0x39, 0xCE, 0x7F, 0x9F, 0xC0, 0x00, 0x00, 0x00, 0x00, 0x00, 0x00, 0x00, 0x00,
    0x00, 0x7F, 0x0F, 0xF1, 0xCE, 0x38, 0xE7, 0x1C, 0xE3, 0x9C, 0x73, 0x9C, 0x7F, 0x8F, 0xC0, 0x00,
    0x00, 0x00, 0x00, 0x00, 0x00, 0x00, 0x00, 0x00, 0x00, 0x7E, 0x7E, 0x70, 0x70, 0x7E, 0x7E, 0x70,
    0x70, 0x7E, 0x7E, 0x00, 0x00, 0x00, 0x00, 0x00, 0x00, 0x00, 0x7E, 0x7E, 0x0E, 0x0E, 0x7E, 0x7E,
    0x0E, 0x0E, 0x7E, 0x7E, 0x00, 0x00, 0x00, 0x00, 0x00, 0x00, 0x00, 0x1F, 0x8F, 0xE7, 0x01, 0xC0,
    0x67, 0xD9, 0xF7, 0x1D, 0xC7, 0x3F, 0xC7, 0xE0, 0x00, 0x00, 0x00, 0x00, 0x00, 0x00, 0x00, 0x00,
    0x00, 0x71, 0xCE, 0x39, 0xC7, 0x38, 0xE7, 0xFC, 0xFF, 0x9C, 0x73, 0x8E, 0x71, 0xCE, 0x38, 0x00,
    0x00, 0x00, 0x00, 0x00, 0x00, 0x00, 0x00, 0x00, 0x00, 0xF9, 0xE7, 0x1C, 0x71, 0xC7, 0x1C, 0x7B,
    0xE0, 0x00, 0x00, 0x00, 0x00, 0x00, 0x1C, 0x38, 0x70, 0xE1, 0xC3, 0x87, 0x0E, 0x1C, 0x38, 0x70,
    0xE7, 0x8F, 0x00, 0x00, 0x00, 0x73, 0x9C, 0xE7, 0x71, 0xF8, 0x7C, 0x1F, 0x87, 0x71, 0xDC, 0x73,
    0x9C, 0xE0, 0x00, 0x00, 0x00, 0x00, 0x00, 0x00, 0x00, 0x00, 0x00, 0x70, 0x70, 0x70, 0x70, 0x70,
    0x70, 0x70, 0x70, 0x7F, 0x7F, 0x00, 0x00, 0x00, 0x00, 0x00, 0x00, 0x00, 0x78, 0x79, 0xE1, 0xE7,
    0x8F, 0x9F, 0x3E, 0x7C, 0xF9, 0xF7, 0xE7, 0xFB, 0x9D, 0xEE, 0x77, 0xB9, 0xDC, 0xE0, 0x00, 0x00,
    0x00, 0x00, 0x00, 0x00, 0x00, 0x00, 0x00, 0x00, 0x00, 0x00, 0x78, 0xE7, 0x8E, 0x7C, 0xE7, 0xCE,
    0x7E, 0xE7, 0x7E, 0x77, 0xE7, 0x3E, 0x73, 0xE7, 0x1E, 0x00, 0x00, 0x00, 0x00, 0x00, 0x00, 0x00,
    0x00, 0x00, 0x00, 0x00, 0x71, 0xE7, 0x3E, 0x73, 0xE7, 0x7E, 0x77, 0xE7, 0xEE, 0x7C, 0xE7, 0xCE,
    0x78, 0xE7, 0x8E, 0x00, 0x00, 0x00, 0x00, 0x00, 0x00, 0x00, 0x00, 0x00, 0x00, 0x00, 0x1F, 0x07,
    0xF9, 0xC7, 0x38, 0x76, 0x0E, 0xC1, 0xDC, 0x3B, 0x8E, 0x3F, 0xC3, 0xE0, 0x00, 0x00, 0x00, 0x00,
    0x00, 0x00, 0x00, 0x00, 0x00, 0x00, 0x71, 0xCE, 0x39, 0xC7, 0x1F, 0xC7, 0xFC, 0xE3, 0x98, 0x73,
    0x8E, 0x7F, 0xC7, 0xF0, 0x00, 0x00, 0x00, 0x00, 0x00, 0x00, 0x00, 0x00, 0x00, 0x00, 0x7E, 0x3F,
    0x9C, 0xEE, 0x77, 0xF3, 0xF1, 0xC0, 0xE0, 0x70, 0x38, 0x00, 0x00, 0x00, 0x00, 0x00, 0x00, 0x00,
    0x00, 0x00, 0x7E, 0x1F, 0xC7, 0x39, 0xCE, 0x7F, 0x1F, 0x87, 0x61, 0xDC, 0x73, 0x9C, 0xE0, 0x00,
    0x00, 0x00, 0x00, 0x00, 0x00, 0x00, 0x00, 0x00, 0xFF, 0xFF, 0x18, 0x18, 0x18, 0x18, 0x18, 0x18,
    0x18, 0x18, 0x00, 0x00, 0x00, 0x00, 0x00, 0x00, 0x00, 0x71, 0xCE, 0x39, 0xC7, 0x38, 0xE7, 0x1C,
    0xE3, 0x9C, 0x73, 0x8E, 0x7F, 0x83, 0xE0, 0x00, 0x00, 0x00, 0x00, 0x00, 0x00, 0x00, 0x00, 0x00,
    0x00, 0xE3, 0x1F, 0x9E, 0x7E, 0x79, 0xD9, 0xE6, 0x77, 0xB9, 0xFF, 0xE7, 0xCF, 0x8F, 0x3C, 0x3C,
    0xF0, 0xF3, 0xC0, 0x00, 0x00, 0x00, 0x00, 0x00, 0x00, 0x00, 0x00, 0x00, 0x00, 0x00, 0x00, 0x3E,
    0x3F, 0x81, 0xCF, 0xE6, 0x77, 0x39, 0xFC, 0xF6, 0x00, 0x00, 0x00, 0x00, 0x00, 0x00, 0x00, 0x00,
    0x6E, 0x3F, 0x9D, 0xCE, 0xE7, 0xE3, 0x81, 0xF8, 0x7C, 0x00, 0x00, 0x00, 0x00, 0x00, 0x00, 0x00,
    0x00, 0x3B, 0x1F, 0xC6, 0x73, 0x8C, 0xE3, 0x19, 0xC7, 0xF8, 0xFE, 0x00, 0x00, 0x00, 0x00, 0x00,
    0x00, 0x00, 0x00, 0x00, 0x7C, 0xF3, 0xFF, 0x81, 0xCF, 0xFF, 0xEF, 0xFF, 0x33, 0x81, 0xFF, 0xC7,
    0xBE, 0x00, 0x00, 0x00, 0x00, 0x00, 0x00, 0x00, 0x00, 0x00, 0x00, 0x00, 0x00, 0x70, 0x38, 0x1C,
    0x0F, 0xC7, 0xF3, 0x9D, 0xCE, 0xE7, 0x73, 0xBF, 0x9B, 0x80, 0x00, 0x00, 0x00, 0x00, 0x00, 0x00,
    0x00, 0x00, 0x03, 0x01, 0x80, 0xC7, 0xE7, 0xF3, 0x3B, 0x8D, 0xC6, 0x67, 0x3F, 0x8E, 0xC0, 0x00,
    0x00, 0x00, 0x00, 0x00, 0x00, 0x00, 0x00, 0x3E, 0x7E, 0x67, 0xFF, 0xFF, 0x60, 0x7F, 0x3E, 0x00,
    0x00, 0x00, 0x00, 0x00, 0x00, 0x00, 0x7C, 0x7E, 0x07, 0xFF, 0xFF, 0x67, 0x7E, 0x3C, 0x00, 0x00,
    0x00, 0x00, 0x00, 0x00, 0x00, 0x3E, 0x7E, 0x60, 0x7C, 0x7C, 0xE0, 0xFF, 0x7E, 0x00, 0x00, 0x00,
    0x00, 0x00, 0x00, 0x00, 0xFC, 0xFE, 0x06, 0x3E, 0x3C, 0x0E, 0x7E, 0x7C, 0x00, 0x00, 0x00, 0x00,
    0x00, 0x00, 0x00, 0x3F, 0x3F, 0x99, 0xDC, 0x6E, 0x33, 0x39, 0xFC, 0x7E, 0x03, 0x23, 0x9F, 0xCF,
    0xC0, 0x00, 0x00, 0x00, 0x77, 0x77, 0x77, 0x77, 0x00, 0x67, 0x00, 0x00, 0x70, 0x38, 0x1C, 0x0E,
    0x77, 0x73, 0xF1, 0xF0, 0xFC, 0x7E, 0x3B, 0x9C, 0xE0, 0x00, 0x00, 0x00, 0x00, 0x00, 0x00, 0x00,
    0x00, 0x6F, 0xF1, 0xFF, 0xE7, 0x3B, 0x9C, 0xCE, 0x73, 0x39, 0xCC, 0xE7, 0x33, 0x9C, 0xCE, 0x00,
    0x00, 0x00, 0x00, 0x00, 0x00, 0x00, 0x00, 0x00, 0x00, 0x00, 0x00, 0x00, 0x6F, 0x3F, 0x9C, 0xCE,
    0x77, 0x3B, 0x9D, 0xCE, 0xE7, 0x03, 0x81, 0xC3, 0xC1, 0xE0, 0x00, 0x00, 0x00, 0x3E, 0x3F, 0x99,
    0xDC, 0x6E, 0x33, 0x39, 0xFC, 0x7C, 0x00, 0x00, 0x00, 0x00, 0x00, 0x00, 0x00, 0x00, 0xF8, 0xF8,
    0x38, 0x70, 0xE1, 0xFF, 0x3C, 0x00, 0x00, 0x00, 0x00, 0x00, 0x00, 0x00, 0x3E, 0x3F, 0x99, 0xDC,
    0x60, 0x00, 0x00, 0x00, 0x00, 0x00, 0x00, 0x00, 0x00, 0x00, 0x00, 0x00, 0x00, 0xE3, 0x33, 0x9F,
    0xC7, 0xC0, 0x00, 0x00, 0x00, 0x00, 0x00, 0x00, 0x00, 0x00, 0x6E, 0x3F, 0x9C, 0xEE, 0x77, 0x3B,
    0x9D, 0xFC, 0xFC, 0x70, 0x38, 0x1C, 0x0E, 0x00, 0x00, 0x00, 0x00, 0x31, 0xCF, 0xFF, 0x71, 0xC7,
    0x1C, 0x7C, 0xF0, 0x00, 0x00, 0x00, 0x00, 0x00, 0x73, 0xB9, 0xDC, 0xEE, 0x77, 0x3B, 0x9D, 0xFE,
    0x7F, 0x00, 0x00, 0x00, 0x00, 0x00, 0x00, 0x00, 0x00, 0xFF, 0xBF, 0xE0, 0x38, 0x06, 0x01, 0xBF,
    0xEF, 0xF8, 0x00, 0x00, 0x00, 0x00, 0x00, 0x00, 0x00, 0x00, 0x00, 0x00, 0x73, 0x39, 0xCC, 0xE7,
    0x33, 0x9C, 0xCE, 0x73, 0x39, 0xDE, 0xE7, 0xFF, 0x8F, 0xF6, 0x00, 0x00, 0x00, 0x00, 0x00, 0x00,
    0x00, 0x00, 0x00, 0x00, 0x00, 0x00, 0x00, 0xE7, 0x73, 0x99, 0x8F, 0xC7, 0xE1, 0xE0, 0xF0, 0x78,
    0x00, 0x00, 0x00, 0x00, 0x00, 0x00, 0x00, 0x00, 0x3C, 0x7C, 0x7E, 0x7C, 0x3C, 0x38, 0xFE, 0xE6,
    0x00, 0x00, 0x00, 0x00, 0x00, 0x00, 0x00, 0x1C, 0x1F, 0x1D, 0xCE, 0xE7, 0x73, 0xF1, 0xFC, 0xE7,
    0x73, 0xBF, 0x9F, 0x8E, 0x07, 0x03, 0x81, 0xC0, 0x00, 0x00, 0x00, 0x00, 0xE7, 0xE7, 0x67, 0x67,
    0x76, 0x7E, 0x3C, 0x3C, 0x38, 0x38, 0x38, 0x38, 0x00, 0x00, 0x00, 0x1C, 0x1F, 0x9D, 0x87, 0x03,
    0xC3, 0xF1, 0x9D, 0xC6, 0xE7, 0x3F, 0x8F, 0x80, 0x00, 0x00, 0x00, 0x00, 0x00, 0x00, 0x00, 0x00,
    0x06, 0x00, 0x60, 0x06, 0x03, 0xF8, 0x7F, 0xC7, 0x6E, 0xE6, 0xEE, 0x66, 0x66, 0xE7, 0xFE, 0x3F,
    0xC0, 0xF0, 0x06, 0x00, 0x60, 0x06, 0x00, 0x00, 0x00, 0x00, 0x00, 0xE1, 0xBC, 0xE3, 0x30, 0xFC,
    0x1E, 0x07, 0x81, 0xC0, 0x78, 0x3E, 0x1D, 0xC7, 0x7B, 0x8E, 0x00, 0x00, 0x00, 0x00, 0x66, 0x07,
    0x77, 0x77, 0x77, 0x70, 0x6C, 0xF9, 0xC3, 0x87, 0x0E, 0x1C, 0x38, 0x73, 0xB9, 0xDC, 0xEE, 0x77,
    0x3B, 0x9D, 0xFE, 0x7F, 0xE7, 0x73, 0x99, 0x8F, 0xC7, 0xE1, 0xE0, 0xF0, 0x78, 0x3E, 0x3F, 0x9D,
    0xCE, 0xE7, 0xE3, 0xF9, 0xDC, 0xE7, 0x73, 0xBF, 0x9F, 0x8E, 0x07, 0x03, 0x81, 0xC0, 0xE7, 0xE7,
    0x67, 0x67, 0x76, 0x7E, 0x3C, 0x3C, 0x38, 0x38, 0x38, 0x38, 0x3E, 0x3F, 0x9D, 0xCC, 0x66, 0x33,
    0x39, 0xFC, 0xFC, 0x60, 0x30, 0x18, 0x0C, 0x00, 0x06, 0x00, 0x60, 0x06, 0x03, 0xF8, 0x7F, 0xC7,
    0x6E, 0xE6, 0xEE, 0x66, 0x66, 0xE7, 0xFE, 0x3F, 0xC0, 0xF0, 0x06, 0x00, 0x60, 0x06, 0x00, 0xE1,
    0xBC, 0xE3, 0x30, 0xFC, 0x1E, 0x07, 0x81, 0xC0, 0x78, 0x3E, 0x1D, 0xC6, 0x3B, 0x8E, 0x78, 0x7F,
    0xC3, 0xC3, 0xFF, 0x1E, 0x1F, 0xFC, 0xF0, 0xF9, 0xE7, 0x87, 0x87, 0xBC, 0x3F, 0xFD, 0xE1, 0xFF,
    0xEF, 0x0F, 0xFF, 0x78, 0x78, 0x01, 0xE3, 0xE0, 0x8F, 0xFF, 0xFC, 0x3F, 0xDF, 0xE0, 0xFC, 0x7E,
    0x00, 0x1E, 0x00, 0x7E, 0xE0, 0x7F, 0xC0, 0xFF, 0xC0, 0xFF, 0x80, 0x1E, 0xF8, 0x1F, 0xFC, 0x1F,
    0xFE, 0x1F, 0x1E, 0x1F, 0x1E, 0x1E, 0x1E, 0x1E, 0x1E, 0x1E, 0x1E, 0x1F, 0x1E, 0x1F, 0x1E, 0x1F,
    0xFC, 0x1F, 0xFC, 0x1E, 0xF8, 0x00, 0x78, 0x01, 0xFF, 0x03, 0xFF, 0x03, 0xFE, 0x03, 0x7C, 0x1F,
    0x78, 0x3F, 0xF8, 0x3F, 0xF8, 0x78, 0xF8, 0x78, 0x78, 0x78, 0x78, 0x78, 0x78, 0x78, 0x78, 0x78,
    0x78, 0x7C, 0xF8, 0x3F, 0xF8, 0x3F, 0xF8, 0x1F, 0x78, 0x07, 0xE1, 0xFC, 0x3F, 0x0F, 0x01, 0xE0,
    0x7F, 0x8F, 0xF1, 0xFE, 0x1E, 0x03, 0xC1, 0xFB, 0x3F, 0xEF, 0xFC, 0x3C, 0x07, 0x80, 0xF0, 0x1E,
    0x03, 0xC0, 0x1C, 0xF9, 0xF0, 0x0F, 0xFF, 0xFC, 0x07, 0xFF, 0xFE, 0x03, 0xE7, 0xCF, 0x81, 0xE3,
    0xE3, 0xC1, 0xFF, 0xE1, 0xF9, 0xFF, 0xFC, 0xFC, 0xFF, 0xFF, 0xFE, 0xFE, 0x3F, 0xFE, 0x0F, 0x1E,
    0x1E, 0x07, 0x8F, 0x0F, 0x03, 0xC7, 0x87, 0x81, 0xE3, 0xC3, 0xC0, 0x1D, 0xF0, 0x0F, 0xFC, 0x07,
    0xFF, 0x03, 0xC7, 0x81, 0xE3, 0xC1, 0xF9, 0xED, 0xFF, 0xFF, 0xFF, 0xFE, 0xDE, 0x7E, 0x0F, 0x1E,
    0x07, 0x8F, 0x03, 0xC7, 0x81, 0xE3, 0xC0, 0x1E, 0xF8, 0x1F, 0xFC, 0x1F, 0xFE, 0x1F, 0x1E, 0x1F,
    0x1E, 0x1E, 0x1E, 0x1E, 0x1E, 0x1E, 0x1E, 0x1F, 0x1E, 0x1F, 0x1E, 0x1F, 0xFC, 0x1F, 0xFC, 0x1E,
    0xF8, 0x1E, 0x00, 0x1E, 0x00, 0x7F, 0xC0, 0x7F, 0xC0, 0xFF, 0x80, 0x1E, 0x00, 0x00, 0x01, 0xCE,
    0x1F, 0xE1, 0xFE, 0x1F, 0x01, 0xE0, 0x1E, 0x07, 0xEC, 0xFF, 0xCD, 0xF8, 0x1E, 0x01, 0xE0, 0x1E,
    0x01, 0xE0, 0x07, 0xC3, 0xF1, 0xFC, 0x78, 0x1E, 0x07, 0x87, 0xEF, 0xFF, 0xDF, 0x87, 0x81, 0xE0,
    0x78, 0x1E, 0x00, 0x0F, 0xE0, 0xFF, 0x0F, 0xF8, 0x78, 0x43, 0xE0, 0x1F, 0xCD, 0xFF, 0xEC, 0x7E,
    0x00, 0xF1, 0x87, 0x8F, 0xFC, 0x7F, 0xC1, 0xFC, 0x00, 0x06, 0x01, 0xC0, 0x38, 0x0F, 0xE3, 0xFC,
    0x7F, 0x87, 0x80, 0xF0, 0x7E, 0xDF, 0xFB, 0xFE, 0x0F, 0x01, 0xE0, 0x3F, 0xC3, 0xF8, 0x3E, 0x7F,
    0xC7, 0xFC, 0x7F, 0xC0, 0x3C, 0x3F, 0xA7, 0xF6, 0xFF, 0xED, 0xFE, 0xFF, 0xC3, 0xC0, 0x7F, 0xE7,
    0xFE, 0x7F, 0xE0, 0x07, 0xE0, 0x7F, 0xE3, 0xFF, 0x8F, 0x8E, 0x3C, 0x01, 0xE0, 0x07, 0xBE, 0x1F,
    0xFC, 0x7F, 0xF9, 0xF1, 0xE7, 0x87, 0x9E, 0x1E, 0x78, 0x79, 0xE1, 0xE7, 0x87, 0x9F, 0x1E, 0x7F,
    0xF1, 0xFF, 0xC7, 0xBE, 0x00, 0x73, 0xB9, 0xDC, 0xEF, 0xF7, 0xFB, 0x9D, 0xCE, 0xE7, 0x00, 0x00,
    0x00, 0x00, 0x00, 0x00, 0x00, 0x00, 0x7F, 0xE7, 0xFE, 0x7F, 0xE0, 0x7C, 0x0F, 0x81, 0xE0, 0x1F,
    0x00, 0xF8, 0x1F, 0xC7, 0xFE, 0x7F, 0xFF, 0x0F, 0xF0, 0xFF, 0x0F, 0xF0, 0xFF, 0x9F, 0x7F, 0xE3,
    0xFE, 0x1F, 0x80, 0x00, 0x1F, 0xC0, 0x00, 0x1F, 0x80, 0x1C, 0x1F, 0x80, 0x1C, 0x1F, 0x00, 0x3C,
    0x1E, 0x00, 0x7F, 0x9F, 0xF8, 0xFF, 0x9F, 0xFC, 0xFF, 0xBF, 0xFC, 0x3C, 0x7E, 0x3C, 0x3C, 0x7E,
    0x3C, 0x3C, 0xFE, 0x3C, 0x3D, 0xDE, 0x3C, 0x3F, 0x9E, 0x3C, 0x3F, 0x1E, 0x3C, 0x3F, 0x1E, 0x3C,
    0x3F, 0x9E, 0x3C, 0x3F, 0x9E, 0x3C, 0x1F, 0x9E, 0x3C, 0x38, 0x00, 0x00, 0x70, 0x00, 0x00, 0x7F,
    0x7E, 0x3C, 0x3C, 0x3C, 0xFF, 0xFF, 0x3C, 0x3C, 0x3C, 0x3C, 0x7F, 0x7F, 0x78, 0x3C, 0x1E, 0x0F,
    0x07, 0x87, 0xFB, 0xFD, 0xFC, 0x78, 0x1E, 0x0F, 0xC7, 0xE1, 0xF0, 0x7B, 0xE1, 0xFF, 0xC7, 0xFF,
    0x9F, 0x1E, 0x7C, 0x7B, 0xFF, 0xFF, 0xFF, 0xFF, 0xFF, 0x78, 0x79, 0xF1, 0xE7, 0xFF, 0x9F, 0xFC,
    0x7B, 0xE1, 0xE0, 0x07, 0x80, 0x1E, 0x00, 0x78, 0x01, 0xE0, 0x07, 0x80, 0x00, 0x78, 0x78, 0xF0,
    0xF1, 0xE1, 0xE3, 0xC3, 0xC7, 0x87, 0x9F, 0xFF, 0xFF, 0xFF, 0xFF, 0xFF, 0x78, 0x78, 0x78, 0xF0,
    0xFF, 0xE0, 0xFF, 0x80, 0xFE, 0x00, 0xFE, 0xFD, 0xFD, 0xFB, 0xFB, 0xF1, 0xC3, 0x87, 0x87, 0x9F,
    0xFF, 0xFF, 0xFF, 0xFF, 0xFE, 0x78, 0x38, 0xF0, 0xF0, 0xFF, 0xE1, 0xFF, 0x80, 0xFE, 0x00, 0x78,
    0x01, 0xE0, 0x07, 0x80, 0x1E, 0x00, 0x78, 0x01, 0xEF, 0x87, 0xFF, 0x1F, 0xFE, 0x7C, 0x79, 0xF1,
    0xE7, 0x87, 0x9E, 0x1E, 0x78, 0x79, 0xF1, 0xE7, 0xC7, 0x9F, 0xFC, 0x7F, 0xF1, 0xEF, 0xC0, 0x07,
    0x00, 0x1C, 0x00, 0xF0, 0x0F, 0xC0, 0x3E, 0x00, 0x78, 0x00, 0x78, 0x01, 0xE0, 0x07, 0x80, 0x1E,
    0x00, 0x78, 0x7D, 0xE3, 0xFF, 0x8F, 0xFE, 0x78, 0xF9, 0xE1, 0xE7, 0x87, 0x9E, 0x1E, 0x78, 0x79,
    0xE1, 0xE7, 0x8F, 0x8F, 0xFF, 0x3F, 0xFC, 0x7D, 0xF0, 0x03, 0xC0, 0x0F, 0x00, 0x3C, 0x03, 0xF0,
    0x0F, 0x80, 0x3C, 0x0F, 0x87, 0xE3, 0xF8, 0xF0, 0x3C, 0x1F, 0xEF, 0xFB, 0xFC, 0x3C, 0x0F, 0x03,
    0xC0, 0xF0, 0x3C, 0x0F, 0x03, 0xC0, 0xF8, 0x3E, 0x0F, 0x80, 0xE0, 0x38, 0x1E, 0x1F, 0x87, 0xC1,
    0xF0, 0x1F, 0x78, 0x0F, 0xFE, 0x03, 0xFF, 0x81, 0xE3, 0xE0, 0x78, 0x78, 0x1E, 0x1E, 0x07, 0x87,
    0x81, 0xE1, 0xE0, 0x78, 0x78, 0x1E, 0x3E, 0x03, 0xFF, 0xFC, 0xFF, 0xFF, 0x1F, 0x7F, 0xC0, 0x1E,
    0x70, 0x0F, 0x1C, 0x83, 0xC7, 0x7F, 0xF7, 0xDF, 0xF9, 0xF3, 0xFC, 0x78, 0x78, 0x01, 0xE0, 0x07,
    0x80, 0x1E, 0x00, 0x78, 0x01, 0xE1, 0xE7, 0x8F, 0x1E, 0x7C, 0x7B, 0xE1, 0xEF, 0x07, 0xF8, 0x1F,
    0xF0, 0x7F, 0xC1, 0xF7, 0x87, 0x9F, 0x1E, 0x3F, 0x78, 0x7D, 0xE1, 0xF0, 0x01, 0xC0, 0x07, 0x00,
    0x3C, 0x03, 0xF0, 0x0F, 0x80, 0x3E, 0x78, 0xF1, 0xE3, 0xC7, 0x8F, 0x1E, 0x3C, 0x78, 0xF1, 0xE3,
    0xC7, 0x8F, 0x1E, 0x3E, 0x7E, 0xFC, 0x78, 0xF1, 0xCF, 0x9F, 0x3C, 0x7B, 0xE7, 0xC1, 0xFF, 0xFF,
    0x87, 0xFF, 0xFF, 0x1F, 0x3E, 0x3C, 0x7C, 0x78, 0xF1, 0xE1, 0xE3, 0xC7, 0x87, 0x8F, 0x1E, 0x1E,
    0x3C, 0x78, 0x78, 0xF1, 0xE1, 0xE3, 0xC7, 0x87, 0x8F, 0x9E, 0x1E, 0x3E, 0x78, 0x78, 0xF8, 0x00,
    0x00, 0xE0, 0x00, 0x03, 0x80, 0x00, 0x0E, 0x00, 0x00, 0xF8, 0x00, 0x03, 0xE0, 0x00, 0x0F, 0x00,
    0x7B, 0xE1, 0xFF, 0xC7, 0xFF, 0x9F, 0x1E, 0x7C, 0x79, 0xE1, 0xE7, 0x87, 0x9E, 0x1E, 0x78, 0x79,
    0xE1, 0xE7, 0x87, 0xDE, 0x1F, 0x78, 0x7C, 0x00, 0x70, 0x01, 0xC0, 0x07, 0x00, 0x7C, 0x01, 0xF0,
    0x07, 0x80, 0x7B, 0xE1, 0xFF, 0xC7, 0xFF, 0x9F, 0x1E, 0x7C, 0x79, 0xE1, 0xE7, 0x87, 0x9E, 0x1E,
    0x7C, 0x79, 0xF1, 0xE7, 0xFF, 0x1F, 0xFC, 0x7B, 0xF1, 0xE1, 0xC7, 0x87, 0x1E, 0x1C, 0x79, 0xF1,
    0xEF, 0xC7, 0x9E, 0x00, 0x7B, 0xDF, 0xF7, 0xFD, 0xF0, 0x7C, 0x1E, 0x07, 0x81, 0xE0, 0x78, 0x1E,
    0x07, 0xC1, 0xF0, 0x7C, 0x07, 0x01, 0xC0, 0x70, 0x7C, 0x1F, 0x07, 0x80, 0x1F, 0x8F, 0xF9, 0xFF,
    0x3C, 0x47, 0x80, 0xFE, 0x0F, 0xE0, 0x7E, 0x03, 0xC8, 0x79, 0xFF, 0x3F, 0xE7, 0xF8, 0x07, 0x00,
    0xE0, 0x1C, 0x0F, 0x81, 0xF0, 0x3C, 0x00, 0x0F, 0x81, 0xF8, 0x1F, 0x83, 0xC0, 0x3C, 0x03, 0xC0,
    0x3C, 0x03, 0xC0, 0x3C, 0x03, 0xC0, 0x3C, 0x03, 0xC0, 0x3C, 0x03, 0xC0, 0x3C, 0x03, 0xFF, 0x3F,
    0xF3, 0xFF, 0x3C, 0x73, 0xC7, 0x3C, 0x7F, 0xDF, 0xFD, 0xFF, 0x9E, 0xF0, 0x7F, 0x87, 0x9E, 0x3C,
    0xF1, 0xE7, 0x9E, 0x1C, 0xF0, 0xF7, 0x87, 0xF8, 0x1F, 0xC0, 0xFE, 0x07, 0xF8, 0x1F, 0xE0, 0xFF,
    0x00, 0x78, 0x03, 0xC0, 0x1E, 0x03, 0xE0, 0x1F, 0x00, 0xF0, 0xF8, 0xF3, 0xCF, 0x8F, 0x78, 0x7F,
    0x81, 0xFC, 0x0F, 0xC0, 0x3E, 0x03, 0xF0, 0x1F, 0xC1, 0xFF, 0x1F, 0x7C, 0xF1, 0xFF, 0x0F, 0x80,
    0x3C, 0x01, 0xE0, 0x0F, 0x01, 0xF0, 0x0F, 0x80, 0x78, 0x7F, 0xCF, 0xF9, 0xFF, 0x03, 0xC0, 0x78,
    0x1E, 0x07, 0x80, 0xF0, 0x3C, 0x0F, 0x01, 0xFF, 0x7F, 0xEF, 0xFC, 0x03, 0x80, 0x70, 0x0E, 0x07,
    0xC0, 0xF8, 0x1E, 0x00, 0x1F, 0xC0, 0x3F, 0xE0, 0x3F, 0xF0, 0x10, 0xF0, 0x00, 0xF0, 0x00, 0xF0,
    0x3F, 0xF0, 0x7F, 0xF0, 0x78, 0xF0, 0x78, 0xF0, 0x7F, 0xF8, 0x7F, 0xF8, 0x3E, 0x78, 0x00, 0x38,
    0x00, 0x38, 0x00, 0x38, 0x00, 0x3E, 0x00, 0x3E, 0x00, 0x1E, 0x1F, 0x78, 0x1F, 0xFC, 0x0F, 0xFE,
    0x0F, 0x1F, 0x07, 0x87, 0x83, 0xC3, 0xC1, 0xE1, 0xE0, 0xF0, 0xF0, 0x78, 0x78, 0x3C, 0x7C, 0x0F,
    0xFF, 0x07, 0xFF, 0x81, 0xF3, 0xC0, 0x00, 0xE0, 0x00, 0x70, 0x00, 0x38, 0x00, 0x1F, 0x00, 0x0F,
    0x80, 0x03, 0xC0, 0x00, 0x3E, 0x00, 0xFC, 0x01, 0xF8, 0x03, 0xC0, 0x07, 0x83, 0xEF, 0x0F, 0xFE,
    0x1F, 0xFC, 0x78, 0xF8, 0xF0, 0xF1, 0xE1, 0xE3, 0xC3, 0xC7, 0x87, 0x8F, 0x0F, 0x1E, 0x3E, 0x1F,
    0xFC, 0x3F, 0xF8, 0x3E, 0xF0, 0x01, 0xE0, 0x03, 0xC0, 0x07, 0x80, 0x0F, 0xC0, 0x1F, 0x80, 0x1F,
    0x0F, 0x80, 0xFF, 0x83, 0xFE, 0x1F, 0x3C, 0x78, 0xF1, 0xE1, 0xC7, 0xFF, 0x1F, 0xFC, 0x7F, 0xF1,
    0xE0, 0x03, 0xFF, 0x07, 0xFC, 0x0F, 0xF0, 0x03, 0xC0, 0x0F, 0x00, 0x3C, 0x00, 0xFC, 0x01, 0xF0,
    0x03, 0xC0, 0x1F, 0xC0, 0xFF, 0x83, 0xFE, 0x1E, 0x10, 0x78, 0x00, 0xF0, 0x03, 0xF8, 0x07, 0xE0,
    0x7F, 0x81, 0xE0, 0x07, 0xFE, 0x1F, 0xF8, 0x3F, 0xE0, 0x03, 0x80, 0x0E, 0x00, 0x3C, 0x00, 0xFC,
    0x01, 0xF0, 0x07, 0x80, 0x3F, 0x87, 0xFC, 0x7F, 0xE2, 0x1E, 0x01, 0xE0, 0x3E, 0x1F, 0xC1, 0xFC,
    0x1F, 0xE0, 0x1E, 0x7F, 0xE7, 0xFE, 0x7F, 0x87, 0x00, 0x70, 0x07, 0x00, 0x7C, 0x07, 0xC0, 0x3C,
    0x00, 0x3F, 0x80, 0x1F, 0xF0, 0x07, 0xFE, 0x01, 0x87, 0xC0, 0x00, 0xF0, 0x00, 0x3C, 0x07, 0xFF,
    0xE1, 0xFF, 0xF8, 0x7F, 0xFE, 0x1E, 0x3F, 0x87, 0xFF, 0xE0, 0xFF, 0xB8, 0x1F, 0xCE, 0x00, 0x03,
    0x80, 0x00, 0xE0, 0x00, 0x38, 0x00, 0x0F, 0x80, 0x03, 0xE0, 0x00, 0x78, 0x38, 0x3C, 0x0E, 0x00,
    0x00, 0x03, 0xC1, 0xE0, 0xF0, 0x78, 0x3C, 0x1E, 0x0F, 0x07, 0x83, 0xC1, 0xE0, 0xF8, 0x7E, 0x3F,
    0x07, 0x83, 0xC1, 0xE0, 0xFC, 0x3E, 0x0F, 0x7F, 0x0F, 0xF1, 0xFF, 0x01, 0xE0, 0x3C, 0x07, 0x80,
    0x78, 0x1F, 0x03, 0xC8, 0x79, 0xFF, 0x3F, 0xC7, 0xF0, 0xE0, 0x1C, 0x03, 0x80, 0x7C, 0x0F, 0x80,
    0xF0, 0x00, 0x0F, 0x8F, 0xC7, 0xE3, 0xC1, 0xE0, 0xF0, 0x78, 0x3C, 0x1E, 0x0F, 0x07, 0x83, 0xC1,
    0xE0, 0xF0, 0x78, 0x78, 0xFC, 0x7E, 0x3E, 0x1E, 0x0F, 0x07, 0xE1, 0xF0, 0x78, 0x78, 0x78, 0x3C,
    0x3C, 0x1E, 0x1E, 0x0F, 0x0F, 0x07, 0x87, 0x83, 0xC3, 0xC1, 0xE1, 0xE0, 0xF0, 0xF0, 0x78, 0x78,
    0x3E, 0x7C, 0x0F, 0xFF, 0x07, 0xFF, 0x81, 0xFB, 0xC0, 0x00, 0xE0, 0x00, 0x70, 0x00, 0x38, 0x00,
    0x1F, 0x00, 0x0F, 0x80, 0x03, 0xC0, 0x7F, 0xE7, 0xFE, 0x7F, 0xE0, 0x7C, 0x0F, 0x01, 0xF8, 0x1F,
    0xE1, 0xFE, 0x00, 0xE4, 0x1F, 0x7F, 0xE7, 0xFE, 0x7F, 0x87, 0x00, 0x70, 0x07, 0x00, 0x7C, 0x07,
    0xC0, 0x3C, 0x00, 0xEE, 0x7F, 0x9C, 0xEE, 0x77, 0x3B, 0x9D, 0xFC, 0xFC, 0x00, 0x00, 0x00, 0x00,
    0x00, 0x00, 0x00, 0x00, 0x3E, 0xFD, 0x87, 0x0E, 0x0C, 0x1F, 0x9F, 0x00, 0x00, 0x00, 0x00, 0x00,
    0x00, 0x00, 0x3E, 0x7E, 0x60, 0xFC, 0xFE, 0x77, 0x7E, 0x7E, 0x40, 0x00, 0x00, 0x00, 0x00, 0x00,
    0x00, 0x00, 0x0F, 0x07, 0x87, 0xC1, 0x71, 0xF9, 0xFC, 0xC6, 0xE3, 0x31, 0x9F, 0xC7, 0xC0, 0x00,
    0x00, 0x00, 0x00, 0x00, 0x00, 0x00, 0x00, 0x7C, 0x7E, 0x06, 0x3E, 0x3E, 0x06, 0xFE, 0xFC, 0x00,
    0x00, 0x00, 0x00, 0x00, 0x00, 0x00, 0x1C, 0xF9, 0xC7, 0xEF, 0xCE, 0x1C, 0x38, 0x70, 0xE1, 0xC0,
    0x00, 0x00, 0x00, 0x00, 0x00, 0x00, 0x38, 0xE3, 0x9F, 0x7C, 0xE3, 0x8E, 0x38, 0xEF, 0x3C, 0x00,
    0x00, 0x00, 0x3F, 0x3F, 0x99, 0xDC, 0x6E, 0x33, 0x39, 0xFC, 0x7E, 0x03, 0x23, 0x9F, 0xCF, 0xC0,
    0x00, 0x00, 0x00, 0x73, 0xB9, 0xDC, 0xEE, 0x77, 0x3B, 0xBD, 0xFE, 0x7F, 0x03, 0x81, 0xC0, 0xE0,
    0x70, 0x00, 0x00, 0x00, 0x63, 0x80, 0xE7, 0x3B, 0xFF, 0x73, 0x9C, 0x00, 0x00, 0x00, 0x00, 0x00,
    0x71, 0xC7, 0x1C, 0x71, 0xC7, 0x8E, 0x00, 0x00, 0x00, 0x00, 0x00, 0x00, 0xFB, 0x9C, 0xE7, 0x39,
    0xDF, 0x00, 0x00, 0x00, 0x00, 0x00, 0xFB, 0xDC, 0xFF, 0xB9, 0xDF, 0x00, 0x00, 0x00, 0x00, 0x00,
    0x18, 0x38, 0x00, 0xE1, 0xC3, 0x87, 0x0E, 0x1C, 0x38, 0x70, 0xE7, 0xFF, 0x9E, 0x00, 0x00, 0x00,
    0x73, 0x9C, 0xE7, 0x39, 0xCE, 0x73, 0x9C, 0xE7, 0x3C, 0xE0, 0x00, 0x00, 0x73, 0x9C, 0xE7, 0x39,
    0xCE, 0x73, 0x9C, 0x63, 0x39, 0xC0, 0x00, 0x00, 0x60, 0xC1, 0x83, 0x06, 0x0C, 0x1F, 0x3F, 0x00,
    0x00, 0x00, 0x00, 0x00, 0x00, 0x00, 0x6E, 0xF1, 0xFF, 0xE7, 0x3B, 0x9C, 0xCE, 0x73, 0x39, 0xCC,
    0xE7, 0x33, 0x9C, 0xCE, 0x00, 0x38, 0x00, 0xE0, 0x07, 0x80, 0x1C, 0x00, 0x00, 0x00, 0x00, 0x00,
    0x00, 0x73, 0x39, 0xCC, 0xE7, 0x33, 0x9C, 0xCE, 0x73, 0x39, 0xDE, 0xE7, 0xFF, 0x8F, 0xFE, 0x00,
    0x38, 0x00, 0xE0, 0x03, 0x80, 0x0E, 0x00, 0x00, 0x00, 0x00, 0x00, 0x00, 0x37, 0x8F, 0xE3, 0x98,
    0xE7, 0x39, 0xCE, 0x73, 0x9C, 0xE7, 0x38, 0x0E, 0x0F, 0x03, 0xC0, 0x00, 0x00, 0x00, 0x00, 0x6F,
    0x1F, 0xC7, 0x31, 0xCE, 0x73, 0x9C, 0xE7, 0x39, 0xCE, 0x03, 0x80, 0xE0, 0x3C, 0x07, 0x00, 0x00,
    0x00, 0x00, 0x71, 0x9E, 0x67, 0x99, 0xF6, 0x6F, 0x99, 0xE6, 0x79, 0x8E, 0x00, 0x00, 0x00, 0x00,
    0x00, 0x00, 0x00, 0x00, 0x00, 0x3E, 0x3F, 0x98, 0xDF, 0xFF, 0xFB, 0x19, 0xFC, 0x7C, 0x00, 0x00,
    0x00, 0x00, 0x00, 0x00, 0x00, 0x00, 0x06, 0x00, 0x60, 0x06, 0x03, 0xFC, 0x7F, 0xE7, 0x6E, 0xE6,
    0xEE, 0x66, 0x66, 0xE7, 0xFE, 0x3F, 0xC0, 0xF0, 0x06, 0x00, 0x60, 0x06, 0x00, 0x00, 0x00, 0x00,
    0x00, 0x7C, 0xFB, 0x83, 0xC3, 0xC1, 0xFF, 0xFE, 0xE1, 0xC3, 0xC3, 0x80, 0x00, 0x00, 0x00, 0x1C,
    0xF3, 0x8E, 0x38, 0xE3, 0x8E, 0x38, 0xE3, 0x8E, 0x3B, 0xCF, 0x00, 0x00, 0x00, 0x33, 0xFF, 0xDC,
    0x71, 0xC7, 0x1F, 0x3C, 0x71, 0xCF, 0x38, 0x00, 0x00, 0x73, 0x9C, 0xE7, 0x3B, 0xFE, 0xFF, 0xDC,
    0xE7, 0xF8, 0xFE, 0x00, 0x00, 0x00, 0x00, 0x00, 0x00, 0x00, 0x00, 0x00, 0xF7, 0xFB, 0xDC, 0xCC,
    0x7E, 0x3B, 0x1D, 0xFC, 0x7C, 0x00, 0x00, 0x00, 0x00, 0x00, 0x00, 0x00, 0x00, 0x63, 0x31, 0x98,
    0xCC, 0x66, 0x33, 0x99, 0xFC, 0x7C, 0x00, 0x00, 0x00, 0x00, 0x00, 0x00, 0x00, 0x00, 0x77, 0x1D,
    0xE7, 0x39, 0xCE, 0x73, 0x9C, 0xE7, 0xF0, 0xF8, 0x00, 0x00, 0x00, 0x00, 0x00, 0x00, 0x00, 0x00,
    0x00, 0x3C, 0x1E, 0x0F, 0x0F, 0xC7, 0xE3, 0x33, 0x9D, 0xCE, 0x00, 0x00, 0x00, 0x00, 0x00, 0x00,
    0x00, 0x00, 0xFF, 0xF8, 0x71, 0xC3, 0x0E, 0x3F, 0xFF, 0x00, 0x00, 0x00, 0x00, 0x00, 0x00, 0x00,
    0xFE, 0xFC, 0x1C, 0x38, 0x30, 0x70, 0xFE, 0xFE, 0x0E, 0x0E, 0x07, 0x07, 0x00, 0x00, 0x00, 0xFE,
    0x7F, 0x07, 0x07, 0x03, 0xF3, 0xFF, 0xFD, 0xFE, 0x10, 0x00, 0x00, 0x00, 0x00, 0x00, 0x00, 0x00,
    0xFF, 0xFE, 0x0E, 0x1C, 0x38, 0x3E, 0x3E, 0x07, 0x07, 0x07, 0xFE, 0xFC, 0x00, 0x00, 0x00, 0x1C,
    0x1F, 0x1D, 0xCC, 0x6F, 0xF7, 0xFB, 0x8C, 0xC6, 0x77, 0x3F, 0x8F, 0x80, 0x00, 0x00, 0x00, 0x00,
    0x00, 0x00, 0x00, 0x00, 0x01, 0x87, 0x77, 0xDF, 0xB8, 0xEE, 0x00, 0x00, 0x00, 0x00, 0x00, 0x00,
    0x00, 0x00, 0x00, 0x00, 0x00, 0x00, 0x00, 0x00, 0x00, 0x00, 0x00, 0x00, 0x00, 0x00, 0xE1, 0xFD,
    0xBB, 0xBF, 0x07, 0xC0, 0x00, 0x00, 0x00, 0x00, 0x00, 0x00, 0x00, 0x00, 0x00, 0x00, 0x00, 0x00,
    0x00, 0x00, 0x00, 0x00, 0x00, 0x00, 0x00, 0x00, 0x00, 0x06, 0x66, 0x60, 0x63, 0x9F, 0xF7, 0xFD,
    0xF8, 0x00, 0x00, 0x00, 0x00, 0x00, 0x00, 0x00, 0x00, 0x00, 0x00, 0x00, 0x00, 0x00, 0x00, 0x00,
    0x00, 0x00, 0x00, 0x00, 0x0E, 0xFE, 0xFC, 0x00, 0x00, 0x00, 0x00, 0x00, 0x00, 0x00, 0x00, 0x00,
    0x00, 0x00, 0x00, 0x00, 0x00, 0x40, 0x70, 0x7F, 0x3F, 0x00, 0x00, 0x00, 0x00, 0x00, 0x00, 0x00,
    0x00, 0x00, 0x00, 0x00, 0x00, 0x00, 0x00, 0x00, 0xFC, 0xFE, 0x0E, 0x00, 0x00, 0x00, 0x00, 0x00,
    0x00, 0x00, 0x00, 0x00, 0x00, 0x00, 0x00, 0x00, 0x00, 0x00, 0x3F, 0x7F, 0x70, 0x00, 0x00, 0x00,
    0x00, 0x00, 0x00, 0x00, 0x00, 0x00, 0x00, 0x00, 0x00, 0x00, 0x00, 0x47, 0x3F, 0xE7, 0xFC, 0xE2,
    0x00, 0x00, 0x00, 0x00, 0x00, 0x00, 0x00, 0x00, 0x00, 0x00, 0x00, 0x00, 0x00, 0x00, 0x00, 0x00,
    0x00, 0x00, 0x38, 0x9F, 0xFF, 0xF9, 0x1C, 0x00, 0x00, 0x00, 0x00, 0x00, 0x00, 0x00, 0x00, 0x00,
    0x00, 0x00, 0x00, 0x00, 0x00, 0x00, 0x00, 0x00, 0x00, 0x07, 0xB9, 0x8C, 0x60, 0x03, 0xFF, 0x8F,
    0xFF, 0xFF, 0xDF, 0xC0, 0x3E, 0x00, 0x00, 0x00, 0x00, 0x00, 0x00, 0x00, 0x00, 0x00, 0x00, 0x00,
    0x00, 0x00, 0x00, 0x00, 0x00, 0x00, 0x00, 0x00, 0x00, 0x00, 0x00, 0x00, 0x00, 0x00, 0x00, 0x7F,
    0x8D, 0xFF, 0xF7, 0xFF, 0x80, 0x7C, 0x00, 0x00, 0x00, 0x00, 0x00, 0x00, 0x00, 0x00, 0x00, 0x00,
    0x00, 0x00, 0x00, 0x00, 0x00, 0x00, 0x00, 0x00, 0x00, 0x00, 0x00, 0x00, 0x00, 0x01, 0xF8, 0x00,
    0x7F, 0xE0, 0x1F, 0x9F, 0xCF, 0xC0, 0x3F, 0x00, 0x00, 0x00, 0x00, 0x00, 0x00, 0x00, 0x00, 0x00,
    0x00, 0x00, 0x00, 0x00, 0x00, 0x00, 0x00, 0x00, 0x00, 0x00, 0x00, 0x00, 0x00, 0x00, 0x00, 0x00,
    0x00, 0x00, 0x00, 0x00, 0x00, 0x00, 0x00, 0x00, 0x00, 0x00, 0x70, 0x7C, 0x3E, 0x07, 0x03, 0x81,
    0x81, 0x80, 0x00, 0x00, 0x00, 0x00, 0x00, 0x00, 0x00, 0x00, 0x00, 0x00, 0x00, 0x00, 0x00, 0x00,
    0x00, 0x30, 0x10, 0x1F, 0x01, 0x80, 0x80, 0x00, 0x03, 0x86, 0x30, 0x77, 0xF3, 0x7F, 0xF6, 0x7F,
    0xE1, 0xE0, 0x79, 0xBF, 0x7C, 0xCF, 0x33, 0x67, 0x80, 0x00, 0x00, 0x00, 0x00, 0x00, 0x00, 0x00,
    0x00, 0x00, 0x00, 0x00, 0x00, 0x00, 0x00, 0x00, 0x00, 0x00, 0x79, 0xFB, 0x36, 0x6F, 0xCF, 0x87,
    0x0C, 0x10, 0x00, 0x00, 0x00, 0x00, 0x00, 0x00, 0x00, 0x00, 0x00, 0x00, 0xE1, 0x87, 0x7F, 0xFE,
    0x7F, 0xFE, 0x3E, 0x7C, 0x00, 0x00, 0x00, 0x00, 0x00, 0x00, 0x00, 0x00, 0x00, 0x00, 0x00, 0x00,
    0x00, 0x00, 0x00, 0x00, 0x00, 0x00, 0x00, 0x00, 0x00, 0x00, 0x00, 0x00, 0x00, 0x00, 0x00, 0x00,
    0x7F, 0x0D, 0xBF, 0xFB, 0x0F, 0xF0, 0x00, 0x00, 0x00, 0x00, 0x00, 0x00, 0x00, 0x00, 0x00, 0x00,
    0x00, 0x00, 0x00, 0x00, 0x00, 0x00, 0x7F, 0x83, 0x77, 0xCD, 0xB7, 0x7F, 0x80, 0x00, 0x00, 0x00,
    0x00, 0x00, 0x00, 0x00, 0x00, 0x00, 0x00, 0x00, 0x00, 0x00, 0x00, 0x00, 0x00, 0x00, 0x7B, 0x8D,
    0x9F, 0x9B, 0xCF, 0xC3, 0x60, 0x00, 0x00, 0x00, 0x00, 0x00, 0x00, 0x00, 0x00, 0x00, 0x00, 0x00,
    0x00, 0x00, 0x00, 0x00, 0x00, 0x7E, 0x31, 0x87, 0x99, 0xC0, 0x00, 0x00, 0x00, 0x00, 0x00, 0x00,
    0x00, 0x00, 0x00, 0x61, 0xC3, 0x9B, 0xCF, 0xB7, 0x80, 0x00, 0x00, 0x00, 0x00, 0x00, 0x00, 0x00,
    0x00, 0x00, 0x00, 0x00, 0x28, 0xE3, 0x9F, 0x6F, 0x36, 0xDE, 0x00, 0x00, 0x00, 0x00, 0x00, 0x00,
    0x00, 0x00, 0x00, 0x00, 0x00, 0x7F, 0xBC, 0xFB, 0x7C, 0x37, 0x80, 0x00, 0x00, 0x00, 0x00, 0x00,
    0x00, 0x00, 0x00, 0x00, 0x00, 0x00, 0x3D, 0x87, 0xDB, 0x7C, 0x00, 0x00, 0x00, 0x00, 0x00, 0x00,
    0x00, 0x00, 0x00, 0x00, 0x00, 0x60, 0xC1, 0xB3, 0xC7, 0x8F, 0x1B, 0x00, 0x00, 0x00, 0x00, 0x00,
    0x00, 0x00, 0x00, 0x00, 0x00, 0x00, 0x00, 0x00, 0x00, 0xDB, 0x6D, 0xB0, 0x00, 0x00, 0x00, 0x00,
    0x00, 0x00, 0xC6, 0x31, 0x8F, 0x80, 0x00, 0x00, 0x00, 0x00, 0x00, 0x00, 0x00, 0x00, 0x00, 0xEF,
    0xDF, 0xFF, 0xFF, 0x60, 0x00, 0x00, 0x00, 0x00, 0x00, 0x00, 0x00, 0x00, 0x00, 0x00, 0x00, 0x00,
    0x00, 0xFF, 0xBE, 0xFB, 0xEC, 0x00, 0x00, 0x00, 0x00, 0x00, 0x00, 0x00, 0x00, 0x00, 0x00, 0x00,
    0xEF, 0xBF, 0xF7, 0xDC, 0x00, 0x00, 0x00, 0x00, 0x00, 0x00, 0x00, 0x00, 0x00, 0x00, 0x00, 0xF7,
    0xBD, 0xED, 0x80, 0x00, 0x00, 0x00, 0x00, 0x00, 0x00, 0x00, 0x00, 0x78, 0x73, 0x86, 0x0C, 0x00,
    0x00, 0x00, 0x00, 0x00, 0x00, 0x00, 0x00, 0x00, 0x00, 0x00, 0xF6, 0x1C, 0x6F, 0x00, 0x00, 0x00,
    0x00, 0x00, 0x00, 0x00, 0x00, 0x00, 0xEC, 0xCC, 0xCC, 0xC0, 0x00, 0x00, 0x00, 0x00, 0x00, 0x00,
    0x00, 0xF1, 0x99, 0xCF, 0x80, 0x00, 0x00, 0x00, 0x00, 0x00, 0x00, 0x00, 0x00, 0x00, 0x7D, 0xDB,
    0x37, 0x67, 0xC0, 0x00, 0x00, 0x00, 0x00, 0x00, 0x00, 0x00, 0x00, 0x00, 0x00, 0x00, 0x00, 0x61,
    0x87, 0x9B, 0x6D, 0xB7, 0x80, 0x00, 0x00, 0x00, 0x00, 0x00, 0x00, 0x00, 0x00, 0x00, 0x00, 0x79,
    0xFF, 0xBE, 0xEF, 0xBF, 0xB8, 0xC0, 0x00, 0x00, 0x00, 0x00, 0x00, 0x00, 0x00, 0x00, 0x00, 0x00,
    0x00, 0x71, 0xE0, 0xDF, 0x6D, 0xE0, 0x00, 0x00, 0x00, 0x00, 0x00, 0x00, 0x00, 0x00, 0x00, 0x00,
    0x3B, 0x3C, 0xC6, 0x31, 0x80, 0x00, 0x00, 0x00, 0x00, 0x00, 0x00, 0x00, 0x00, 0x00, 0x30, 0xC7,
    0xCC, 0x7C, 0xC3, 0x00, 0x00, 0x00, 0x00, 0x00, 0x00, 0x00, 0x00, 0x00, 0x00, 0x00, 0x00, 0x3C,
    0x6D, 0x99, 0xB3, 0xCC, 0x10, 0x00, 0x00, 0x00, 0x00, 0x00, 0x00, 0x00, 0x00, 0x00, 0x00, 0x00,
    0x79, 0xB6, 0xDB, 0x79, 0x86, 0x00, 0x00, 0x00, 0x00, 0x00, 0x00, 0x00, 0x00, 0x00, 0x00, 0x00,
    0x00, 0x33, 0x18, 0xC6, 0x31, 0x8C, 0xE0, 0x00, 0x00, 0x00, 0x00, 0x00, 0x00, 0x00, 0x00, 0x00,
    0x76, 0xED, 0xD9, 0xB7, 0xE8, 0x10, 0x00, 0x00, 0x00, 0x00, 0x00, 0x00, 0x00, 0x00, 0x00, 0x00,
    0x00, 0x00, 0xD9, 0xEF, 0x9F, 0xCE, 0xE7, 0x60, 0x00, 0x00, 0x00, 0x00, 0x00, 0x00, 0x00, 0x00,
    0x00, 0x00, 0x00, 0x00, 0x00, 0x00, 0x00, 0x00, 0x00, 0x78, 0x07, 0x83, 0x7F, 0xB7, 0xCA, 0x00,
    0x00, 0x00, 0x00, 0x00, 0x00, 0x00, 0x00, 0x00, 0x00, 0x00, 0x78, 0x07, 0x9B, 0xCD, 0xB7, 0x80,
    0x00, 0x00, 0x00, 0x00, 0x00, 0x00, 0x00, 0x00, 0x00, 0x00, 0x78, 0x0E, 0xFB, 0xED, 0xB7, 0xC0,
    0x00, 0x00, 0x00, 0x00, 0x00, 0x00, 0x00, 0x00, 0x00, 0x00, 0x00, 0x00, 0xC3, 0x3F, 0x78, 0x00,
    0x00, 0x00, 0x00, 0x00, 0x00, 0x00, 0x00, 0x61, 0x9F, 0xE7, 0xF8, 0xFC, 0x00, 0x00, 0x00, 0x00,
    0x00, 0x00, 0x00, 0x00, 0x00, 0x00, 0x00, 0x00, 0x00, 0x00, 0x00, 0x00, 0x00, 0x00, 0x61, 0x9F,
    0xE7, 0xF8, 0xFC, 0x00, 0x00, 0x00, 0x00, 0x00, 0x00, 0x00, 0x00, 0x00, 0x00, 0x00, 0x00, 0x00,
    0x00, 0x00, 0x00, 0x00, 0x00, 0xFF, 0xF0, 0x00, 0x00, 0x00, 0x00, 0x00, 0x00, 0x00, 0x00, 0x01,
    0x80, 0x66, 0x01, 0x8C, 0x0C, 0x3F, 0xF0, 0x00, 0x00, 0x1E, 0xF7, 0x87, 0x39, 0xC3, 0x9E, 0x70,
    0xE7, 0x38, 0x73, 0x8E, 0x1C, 0xE7, 0x00, 0x00, 0x00, 0x00, 0x00, 0x00, 0x00, 0x00, 0x00, 0x00,
    0x00, 0x00, 0x00, 0x00, 0x00, 0x00, 0x00, 0x00, 0x00, 0x00, 0x00, 0x00, 0x00, 0x00, 0x00, 0x00,
    0x0F, 0xF0, 0x3F, 0xFC, 0x7F, 0xFE, 0xF0, 0x1F, 0xC0, 0x06, 0xF1, 0xFF, 0x9F, 0xF1, 0xFF, 0x9F,
    0x00, 0x3F, 0xCF, 0x30, 0x00, 0x00, 0x00, 0x00, 0x00, 0x00, 0x00, 0x00, 0x11, 0x27, 0x78, 0xFE,
    0x73, 0x10, 0xC0, 0x07, 0xC0, 0x07, 0xC0, 0x0F, 0xE0, 0x0F, 0xE0, 0x0E, 0xE0, 0x1E, 0xF0, 0x1E,
    0xF0, 0x1E, 0x70, 0x3C, 0x78, 0x3C, 0x78, 0x3F, 0xF8, 0x7F, 0xFC, 0x7F, 0xFC, 0x78, 0x3C, 0x78,
    0x3E, 0xF0, 0x1E, 0xF0, 0x1E, 0x00, 0x00, 0x03, 0x80, 0x07, 0xC0, 0x06, 0xE0, 0x06, 0xE0, 0x07,
    0xC0, 0x03, 0xC0, 0x1F, 0xC1, 0xFF, 0x0F, 0xFC, 0x21, 0xE0, 0x0F, 0x0F, 0xF9, 0xFF, 0xCF, 0x9E,
    0x78, 0xF3, 0xCF, 0x9F, 0xFC, 0xFF, 0xE3, 0xE7, 0x00, 0x00, 0x1C, 0x01, 0xF0, 0x1D, 0x80, 0xEE,
    0x03, 0xE0, 0x1E, 0x00, 0x03, 0x80, 0x07, 0x80, 0x0E, 0x00, 0x00, 0x03, 0xFE, 0x07, 0xFF, 0x0F,
    0xFE, 0x1E, 0x3C, 0x3C, 0x7C, 0x78, 0xF0, 0xF1, 0xE1, 0xFF, 0x83, 0xFF, 0x07, 0xFF, 0x0F, 0x1F,
    0x1E, 0x1E, 0x3C, 0x3C, 0x78, 0xF8, 0xFF, 0xE1, 0xFF, 0xC3, 0xFE, 0x00, 0x03, 0x80, 0x1E, 0x00,
    0x38, 0x00, 0x00, 0x78, 0x01, 0xE0, 0x07, 0x80, 0x1E, 0x00, 0x78, 0x01, 0xEF, 0x87, 0xFF, 0x1F,
    0xFE, 0x7C, 0x79, 0xF1, 0xE7, 0x87, 0x9E, 0x1E, 0x78, 0x79, 0xF1, 0xE7, 0xC7, 0x9F, 0xFC, 0x7F,
    0xF1, 0xEF, 0x80, 0x3F, 0xE0, 0x7F, 0xF0, 0xFF, 0xE1, 0xE3, 0xC3, 0xC7, 0xC7, 0x8F, 0x0F, 0x1E,
    0x1F, 0xF8, 0x3F, 0xF0, 0x7F, 0xF0, 0xF1, 0xF1, 0xE1, 0xE3, 0xC3, 0xC7, 0x8F, 0x8F, 0xFE, 0x1F,
    0xFC, 0x3F, 0xE0, 0x00, 0x00, 0x00, 0x00, 0x1C, 0x00, 0x7C, 0x00, 0x70, 0x00, 0x78, 0x01, 0xE0,
    0x07, 0x80, 0x1E, 0x00, 0x78, 0x01, 0xEF, 0x87, 0xFF, 0x1F, 0xFE, 0x7C, 0x79, 0xF1, 0xE7, 0x87,
    0x9E, 0x1E, 0x78, 0x79, 0xF1, 0xE7, 0xC7, 0x9F, 0xFC, 0x7F, 0xF1, 0xEF, 0x80, 0x00, 0x00, 0x00,
    0x03, 0x80, 0x1E, 0x00, 0x38, 0x00, 0x3F, 0xE0, 0x7F, 0xF0, 0xFF, 0xE1, 0xE3, 0xC3, 0xC7, 0xC7,
    0x8F, 0x0F, 0x1E, 0x1F, 0xF8, 0x3F, 0xF0, 0x7F, 0xF0, 0xF1, 0xF1, 0xE1, 0xE3, 0xC3, 0xC7, 0x8F,
    0x8F, 0xFE, 0x1F, 0xFC, 0x3F, 0xE0, 0x00, 0x00, 0x00, 0x00, 0x7F, 0x00, 0xFF, 0x01, 0xFE, 0x00,
    0x78, 0x01, 0xE0, 0x07, 0x80, 0x1E, 0x00, 0x78, 0x01, 0xEF, 0x87, 0xFF, 0x1F, 0xFE, 0x7C, 0x79,
    0xF1, 0xE7, 0x87, 0x9E, 0x1E, 0x78, 0x79, 0xF1, 0xE7, 0xC7, 0x9F, 0xFC, 0x7F, 0xF1, 0xEF, 0x80,
    0x00, 0x00, 0x00, 0x0F, 0xE0, 0x7F, 0x81, 0xFE, 0x00, 0x00, 0x78, 0x03, 0xC0, 0x1E, 0x00, 0xF0,
    0x00, 0x00, 0x1F, 0xC0, 0xFF, 0x87, 0xFE, 0x3E, 0x10, 0xF0, 0x07, 0xC0, 0x1E, 0x00, 0x78, 0x01,
    0xE0, 0x07, 0x80, 0x1E, 0x00, 0x7C, 0x00, 0xF0, 0x03, 0xE1, 0x87, 0xFE, 0x0F, 0xF8, 0x1F, 0xC0,
    0x18, 0x00, 0xF0, 0x03, 0xE0, 0x03, 0x80, 0x7E, 0x01, 0xF0, 0x01, 0xE0, 0x78, 0x1E, 0x07, 0x80,
    0x00, 0x1F, 0x8F, 0xF9, 0xFE, 0x7C, 0x4F, 0x01, 0xE0, 0x3C, 0x07, 0x80, 0xF0, 0x1F, 0x11, 0xFF,
    0x3F, 0xE1, 0xF8, 0x18, 0x03, 0x80, 0x78, 0x07, 0x03, 0xE0, 0x78, 0x03, 0xC0, 0x03, 0xC0, 0x03,
    0xC0, 0x00, 0x00, 0x3F, 0xE0, 0x3F, 0xF0, 0x3F, 0xF8, 0x3C, 0x7C, 0x3C, 0x3E, 0x3C, 0x1E, 0x3C,
    0x1E, 0x3C, 0x1E, 0x3C, 0x1E, 0x3C, 0x1E, 0x3C, 0x1E, 0x3C, 0x1E, 0x3C, 0x3C, 0x3C, 0x7C, 0x3F,
    0xF8, 0x3F, 0xF0, 0x3F, 0xC0, 0x0E, 0x00, 0x7C, 0x00, 0xE0, 0x00, 0x00, 0x00, 0x78, 0x01, 0xE0,
    0x07, 0x80, 0x1E, 0x00, 0x78, 0x7D, 0xE3, 0xFF, 0x8F, 0xFE, 0x78, 0xF9, 0xE1, 0xE7, 0x87, 0x9E,
    0x1E, 0x78, 0x79, 0xE1, 0xE7, 0x8F, 0x8F, 0xFE, 0x3F, 0xF8, 0x7D, 0xE0, 0x3F, 0xE0, 0x3F, 0xF0,
    0x3F, 0xF8, 0x3C, 0x7C, 0x3C, 0x3E, 0x3C, 0x1E, 0x3C, 0x1E, 0x3C, 0x1E, 0x3C, 0x1E, 0x3C, 0x1E,
    0x3C, 0x1E, 0x3C, 0x1E, 0x3C, 0x3C, 0x3C, 0x7C, 0x3F, 0xF8, 0x3F, 0xF0, 0x3F, 0xC0, 0x00, 0x00,
    0x00, 0x00, 0x03, 0x80, 0x07, 0xC0, 0x03, 0x80, 0x00, 0x78, 0x01, 0xE0, 0x07, 0x80, 0x1E, 0x00,
    0x78, 0x7D, 0xE3, 0xFF, 0x8F, 0xFE, 0x78, 0xF9, 0xE1, 0xE7, 0x87, 0x9E, 0x1E, 0x78, 0x79, 0xE1,
    0xE7, 0x8F, 0x8F, 0xFE, 0x3F, 0xF8, 0x7D, 0xE0, 0x00, 0x00, 0x00, 0x07, 0x00, 0x1E, 0x00, 0x70,
    0x00, 0x3F, 0xE0, 0x3F, 0xF0, 0x3F, 0xF8, 0x3C, 0x7C, 0x3C, 0x3E, 0x3C, 0x1E, 0x3C, 0x1E, 0x3C,
    0x1E, 0x3C, 0x1E, 0x3C, 0x1E, 0x3C, 0x1E, 0x3C, 0x1E, 0x3C, 0x3C, 0x3C, 0x7C, 0x3F, 0xF8, 0x3F,
    0xF0, 0x3F, 0xC0, 0x00, 0x00, 0x00, 0x00, 0x0F, 0xE0, 0x0F, 0xF0, 0x0F, 0xF0, 0x00, 0x78, 0x01,
    0xE0, 0x07, 0x80, 0x1E, 0x00, 0x78, 0x7D, 0xE3, 0xFF, 0x8F, 0xFE, 0x78, 0xF9, 0xE1, 0xE7, 0x87,
    0x9E, 0x1E, 0x78, 0x79, 0xE1, 0xE7, 0x8F, 0x8F, 0xFE, 0x3F, 0xF8, 0x7D, 0xE0, 0x00, 0x00, 0x00,
    0x1F, 0xE0, 0x7F, 0x81, 0xFE, 0x00, 0x3F, 0xE0, 0x3F, 0xF0, 0x3F, 0xF8, 0x3C, 0x7C, 0x3C, 0x3C,
    0x3C, 0x1E, 0x3C, 0x1E, 0x3C, 0x1E, 0x3C, 0x1E, 0x3C, 0x1E, 0x3C, 0x1E, 0x3C, 0x1E, 0x3C, 0x3C,
    0x3C, 0x7C, 0x3F, 0xF8, 0x3F, 0xF0, 0x3F, 0xE0, 0x03, 0x80, 0x03, 0xC0, 0x03, 0xC0, 0x01, 0xC0,
    0x07, 0xC0, 0x07, 0x80, 0x00, 0x78, 0x01, 0xE0, 0x07, 0x80, 0x1E, 0x00, 0x78, 0x7D, 0xE3, 0xFF,
    0x8F, 0xFE, 0x78, 0xF9, 0xE1, 0xE7, 0x87, 0x9E, 0x1E, 0x78, 0x79, 0xE1, 0xE7, 0x8F, 0x8F, 0xFE,
    0x3F, 0xF8, 0x7D, 0xE0, 0x70, 0x01, 0xE0, 0x03, 0xC0, 0x07, 0x00, 0xF8, 0x03, 0xE0, 0x3F, 0xE0,
    0x3F, 0xF0, 0x3F, 0xF8, 0x3C, 0x7C, 0x3C, 0x3E, 0x3C, 0x1E, 0x3C, 0x1E, 0x3C, 0x1E, 0x3C, 0x1E,
    0x3C, 0x1E, 0x3C, 0x1E, 0x3C, 0x1E, 0x3C, 0x3C, 0x3C, 0x7C, 0x3F, 0xF8, 0x3F, 0xF0, 0x3F, 0xC0,
    0x00, 0x00, 0x07, 0x80, 0x07, 0xC0, 0x0F, 0xE0, 0x1C, 0x70, 0x00, 0x78, 0x01, 0xE0, 0x07, 0x80,
    0x1E, 0x00, 0x78, 0x7D, 0xE3, 0xFF, 0x8F, 0xFE, 0x78, 0xF9, 0xE1, 0xE7, 0x87, 0x9E, 0x1E, 0x78,
    0x79, 0xE1, 0xE7, 0x8F, 0x8F, 0xFE, 0x3F, 0xF8, 0x7D, 0xE0, 0x00, 0x01, 0xE0, 0x0F, 0xC0, 0x7F,
    0x03, 0x8E, 0x00, 0x1E, 0x00, 0xF0, 0x07, 0x80, 0x00, 0x1F, 0xC1, 0xFC, 0x1F, 0xC0, 0x00, 0x3F,
    0xE3, 0xFE, 0x3F, 0xE3, 0xC0, 0x3C, 0x03, 0xC0, 0x3C, 0x03, 0xFE, 0x3F, 0xE3, 0xFE, 0x3C, 0x03,
    0xC0, 0x3C, 0x03, 0xC0, 0x3F, 0xE3, 0xFE, 0x3F, 0xE0, 0x1E, 0x00, 0x78, 0x01, 0xE0, 0x00, 0x01,
    0xFC, 0x0F, 0xE0, 0x7F, 0x00, 0x00, 0x0F, 0xC1, 0xFF, 0x0F, 0xFC, 0xF1, 0xE7, 0x87, 0x3F, 0xF9,
    0xFF, 0xCF, 0xFE, 0x78, 0x03, 0xC0, 0x0F, 0xFC, 0x3F, 0xE0, 0xFE, 0x00, 0x03, 0xC0, 0x78, 0x0F,
    0x00, 0x00, 0x1F, 0xC1, 0xFC, 0x1F, 0xC0, 0x00, 0x3F, 0xE3, 0xFE, 0x3F, 0xE3, 0xC0, 0x3C, 0x03,
    0xC0, 0x3C, 0x03, 0xFE, 0x3F, 0xE3, 0xFE, 0x3C, 0x03, 0xC0, 0x3C, 0x03, 0xC0, 0x3F, 0xE3, 0xFE,
    0x3F, 0xE0, 0x03, 0xC0, 0x3C, 0x03, 0xC0, 0x00, 0x01, 0xFC, 0x0F, 0xE0, 0x7F, 0x00, 0x00, 0x0F,
    0xC1, 0xFF, 0x0F, 0xFC, 0xF1, 0xE7, 0x87, 0x3F, 0xF9, 0xFF, 0xCF, 0xFE, 0x78, 0x03, 0xC0, 0x0F,
    0xFC, 0x3F, 0xE0, 0xFE, 0x00, 0x3F, 0xE3, 0xFE, 0x3F, 0xE3, 0xC0, 0x3C, 0x03, 0xC0, 0x3C, 0x03,
    0xFE, 0x3F, 0xE3, 0xFE, 0x3C, 0x03, 0xC0, 0x3C, 0x03, 0xC0, 0x3F, 0xE3, 0xFE, 0x3F, 0xE0, 0x00,
    0x07, 0x80, 0xF8, 0x1F, 0xC3, 0x8E, 0x0F, 0xC1, 0xFF, 0x0F, 0xFC, 0xF1, 0xE7, 0x87, 0x3F, 0xF9,
    0xFF, 0xCF, 0xFE, 0x78, 0x03, 0xC0, 0x0F, 0xFC, 0x3F, 0xE0, 0xFE, 0x00, 0x00, 0x1E, 0x01, 0xF0,
    0x1F, 0xC1, 0xC7, 0x00, 0x3F, 0xE3, 0xFE, 0x3F, 0xE3, 0xC0, 0x3C, 0x03, 0xC0, 0x3C, 0x03, 0xFE,
    0x3F, 0xE3, 0xFE, 0x3C, 0x03, 0xC0, 0x3C, 0x03, 0xC0, 0x3F, 0xE3, 0xFE, 0x3F, 0xE0, 0x00, 0x1E,
    0x61, 0xFE, 0x3F, 0xE3, 0x3C, 0x0F, 0xC1, 0xFF, 0x0F, 0xFC, 0xF1, 0xE7, 0x87, 0x3F, 0xF9, 0xFF,
    0xCF, 0xFE, 0x78, 0x03, 0xC0, 0x0F, 0xFC, 0x3F, 0xE0, 0xFE, 0x00, 0x00, 0x39, 0x83, 0xFC, 0x3F,
    0xE1, 0x9E, 0x00, 0x38, 0xE3, 0xFE, 0x1F, 0xC0, 0xF8, 0x00, 0x03, 0xFE, 0x3F, 0xE3, 0xFE, 0x3C,
    0x03, 0xC0, 0x3C, 0x03, 0xC0, 0x3F, 0xE3, 0xFE, 0x3F, 0xE3, 0xC0, 0x3C, 0x03, 0xC0, 0x3C, 0x03,
    0xFE, 0x3F, 0xE3, 0xFE, 0x07, 0x00, 0x70, 0x07, 0x80, 0x38, 0x0F, 0x80, 0xF8, 0x38, 0xE1, 0xFF,
    0x07, 0xF0, 0x1F, 0x00, 0x00, 0x07, 0xE0, 0xFF, 0x87, 0xFE, 0x78, 0xF3, 0xC3, 0x9F, 0xFC, 0xFF,
    0xE7, 0xFF, 0x3C, 0x01, 0xE0, 0x07, 0xFE, 0x1F, 0xF0, 0x7F, 0x00, 0xC0, 0x0E, 0x00, 0x78, 0x01,
    0xE0, 0x3E, 0x01, 0xF0, 0x07, 0x00, 0x78, 0x07, 0x00, 0x00, 0x3F, 0xE3, 0xFE, 0x3F, 0xE3, 0xC0,
    0x3C, 0x03, 0xC0, 0x3C, 0x03, 0xFE, 0x3F, 0xE3, 0xFE, 0x3C, 0x03, 0xC0, 0x3C, 0x03, 0xC0, 0x3C,
    0x03, 0xC0, 0x3C, 0x00, 0x0F, 0x03, 0xC0, 0xF0, 0x00, 0x0F, 0x87, 0xE3, 0xF8, 0xF0, 0x3C, 0x1F,
    0xEF, 0xFB, 0xFC, 0x3C, 0x0F, 0x03, 0xC0, 0xF0, 0x3C, 0x0F, 0x03, 0xC0, 0xF0, 0x3C, 0x0F, 0x00,
    0x07, 0xF8, 0x07, 0xF8, 0x07, 0xF8, 0x00, 0x00, 0x03, 0xFC, 0x0F, 0xFC, 0x1F, 0xFC, 0x3E, 0x08,
    0x3C, 0x00, 0x7C, 0x00, 0x78, 0x00, 0x78, 0xFE, 0x78, 0xFE, 0x78, 0xFE, 0x78, 0x1E, 0x7C, 0x1E,
    0x3C, 0x1E, 0x3E, 0x1E, 0x1F, 0xFE, 0x0F, 0xFE, 0x07, 0xFC, 0x1F, 0xE0, 0x7F, 0x81, 0xFE, 0x00,
    0x00, 0x1F, 0x78, 0xFF, 0xE3, 0xFF, 0x9E, 0x3E, 0x78, 0x79, 0xE1, 0xE7, 0x87, 0x9E, 0x1E, 0x78,
    0x79, 0xE3, 0xE3, 0xFF, 0x8F, 0xFE, 0x1F, 0x78, 0x01, 0xE0, 0x0F, 0x08, 0x3C, 0x7F, 0xF1, 0xFF,
    0x83, 0xFC, 0x00, 0x01, 0xC0, 0x01, 0xF0, 0x00, 0x70, 0x00, 0x00, 0x03, 0xC1, 0xE1, 0xE0, 0xF0,
    0xF0, 0x78, 0x78, 0x3C, 0x3C, 0x1E, 0x1E, 0x0F, 0x0F, 0x07, 0x87, 0xFF, 0xC3, 0xFF, 0xE1, 0xFF,
    0xF0, 0xF0, 0x78, 0x78, 0x3C, 0x3C, 0x1E, 0x1E, 0x0F, 0x0F, 0x07, 0x87, 0x83, 0xC3, 0xC1, 0xE0,
    0x38, 0x01, 0xF0, 0x03, 0x80, 0x00, 0x00, 0x78, 0x01, 0xE0, 0x07, 0x80, 0x1E, 0x00, 0x78, 0x01,
    0xEF, 0x87, 0xFF, 0x1F, 0xFE, 0x7C, 0x79, 0xF1, 0xE7, 0x87, 0x9E, 0x1E, 0x78, 0x79, 0xE1, 0xE7,
    0x87, 0x9E, 0x1E, 0x78, 0x79, 0xE1, 0xE0, 0x3C, 0x1E, 0x1E, 0x0F, 0x0F, 0x07, 0x87, 0x83, 0xC3,
    0xC1, 0xE1, 0xE0, 0xF0, 0xF0, 0x78, 0x7F, 0xFC, 0x3F, 0xFE, 0x1F, 0xFF, 0x0F, 0x07, 0x87, 0x83,
    0xC3, 0xC1, 0xE1, 0xE0, 0xF0, 0xF0, 0x78, 0x78, 0x3C, 0x3C, 0x1E, 0x00, 0x00, 0x00, 0x00, 0x00,
    0x38, 0x00, 0x3C, 0x00, 0x0E, 0x00, 0x78, 0x01, 0xE0, 0x07, 0x80, 0x1E, 0x00, 0x78, 0x01, 0xEF,
    0x87, 0xFF, 0x1F, 0xFE, 0x7C, 0x79, 0xF1, 0xE7, 0x87, 0x9E, 0x1E, 0x78, 0x79, 0xE1, 0xE7, 0x87,
    0x9E, 0x1E, 0x78, 0x79, 0xE1, 0xE0, 0x00, 0x00, 0x00, 0x03, 0x80, 0x1E, 0x00, 0x38, 0x00, 0x06,
    0x70, 0x07, 0xB8, 0x01, 0xDC, 0x00, 0x00, 0x03, 0xC1, 0xE1, 0xE0, 0xF0, 0xF0, 0x78, 0x78, 0x3C,
    0x3C, 0x1E, 0x1E, 0x0F, 0x0F, 0x07, 0x87, 0xFF, 0xC3, 0xFF, 0xE1, 0xFF, 0xF0, 0xF0, 0x78, 0x78,
    0x3C, 0x3C, 0x1E, 0x1E, 0x0F, 0x0F, 0x07, 0x87, 0x83, 0xC3, 0xC1, 0xE0, 0x67, 0x01, 0xEE, 0x01,
    0xDC, 0x00, 0x00, 0x03, 0xC0, 0x07, 0x80, 0x0F, 0x00, 0x1E, 0x00, 0x3C, 0x00, 0x7B, 0xE0, 0xFF,
    0xE1, 0xFF, 0xE3, 0xE3, 0xC7, 0xC7, 0x8F, 0x0F, 0x1E, 0x1E, 0x3C, 0x3C, 0x78, 0x78, 0xF0, 0xF1,
    0xE1, 0xE3, 0xC3, 0xC7, 0x87, 0x80, 0x3C, 0x1E, 0x1E, 0x0F, 0x0F, 0x07, 0x87, 0x83, 0xC3, 0xC1,
    0xE1, 0xE0, 0xF0, 0xF0, 0x78, 0x7F, 0xFC, 0x3F, 0xFE, 0x1F, 0xFF, 0x0F, 0x07, 0x87, 0x83, 0xC3,
    0xC1, 0xE1, 0xE0, 0xF0, 0xF0, 0x78, 0x78, 0x3C, 0x3C, 0x1E, 0x0C, 0x00, 0x0E, 0x00, 0x07, 0x80,
    0x01, 0xE0, 0x03, 0xE0, 0x01, 0xF0, 0x00, 0x78, 0x01, 0xE0, 0x07, 0x80, 0x1E, 0x00, 0x78, 0x01,
    0xEF, 0x87, 0xFF, 0x1F, 0xFE, 0x7C, 0x79, 0xF1, 0xE7, 0x87, 0x9E, 0x1E, 0x78, 0x79, 0xE1, 0xE7,
    0x87, 0x9E, 0x1E, 0x78, 0x79, 0xE1, 0xE3, 0x00, 0x0E, 0x00, 0x3C, 0x00, 0x70, 0x07, 0xC0, 0x1E,
    0x00, 0x3C, 0x1E, 0x1E, 0x0F, 0x0F, 0x07, 0x87, 0x83, 0xC3, 0xC1, 0xE1, 0xE0, 0xF0, 0xF0, 0x78,
    0x7F, 0xFC, 0x3F, 0xFE, 0x1F, 0xFF, 0x0F, 0x07, 0x87, 0x83, 0xC3, 0xC1, 0xE1, 0xE0, 0xF0, 0xF0,
    0x78, 0x78, 0x3C, 0x3C, 0x1E, 0x00, 0x00, 0x00, 0x00, 0x01, 0xC7, 0x00, 0xFF, 0x00, 0x3F, 0x80,
    0x0F, 0x80, 0x78, 0x01, 0xE0, 0x07, 0x80, 0x1E, 0x00, 0x78, 0x01, 0xEF, 0x87, 0xFF, 0x1F, 0xFE,
    0x7C, 0x79, 0xF1, 0xE7, 0x87, 0x9E, 0x1E, 0x78, 0x79, 0xE1, 0xE7, 0x87, 0x9E, 0x1E, 0x78, 0x79,
    0xE1, 0xE0, 0x00, 0x00, 0x00, 0x18, 0x70, 0x7F, 0x80, 0xFE, 0x01, 0xF0, 0x7F, 0x8F, 0xE3, 0xF0,
    0x78, 0x1E, 0x07, 0x81, 0xE0, 0x78, 0x1E, 0x07, 0x81, 0xE0, 0x78, 0x1E, 0x07, 0x83, 0xF0, 0xFE,
    0x7F, 0x80, 0x03, 0x8D, 0xFF, 0x7F, 0xD9, 0xE0, 0x0E, 0x07, 0x80, 0xE0, 0x00, 0x00, 0x07, 0x81,
    0xE0, 0x78, 0x1E, 0x07, 0x81, 0xE0, 0x78, 0x1E, 0x07, 0x81, 0xE0, 0x78, 0x1E, 0x07, 0x80, 0x00,
    0xE3, 0x7F, 0xDF, 0xF6, 0x78, 0x0F, 0x87, 0x87, 0x0C, 0xE7, 0x73, 0xB8, 0x01, 0xFE, 0x7F, 0x3F,
    0x0F, 0x07, 0x83, 0xC1, 0xE0, 0xF0, 0x78, 0x3C, 0x1E, 0x0F, 0x07, 0x83, 0xC3, 0xF1, 0xFD, 0xFE,
    0x0F, 0x87, 0x07, 0x0E, 0xE7, 0x73, 0x38, 0x00, 0x78, 0x3C, 0x1E, 0x0F, 0x07, 0x83, 0xC1, 0xE0,
    0xF0, 0x78, 0x3C, 0x1E, 0x0F, 0x07, 0x80, 0x00, 0xF0, 0x01, 0xE0, 0x07, 0x80, 0x1E, 0x00, 0x00,
    0x07, 0x87, 0x8F, 0x1F, 0x1E, 0x3C, 0x3C, 0xF0, 0x7B, 0xE0, 0xF7, 0x81, 0xFE, 0x03, 0xFC, 0x07,
    0xF8, 0x0F, 0xF8, 0x1E, 0xF0, 0x3D, 0xF0, 0x79, 0xE0, 0xF1, 0xE1, 0xE3, 0xC3, 0xC3, 0xC7, 0x87,
    0xC0, 0x0F, 0x00, 0x7C, 0x01, 0xC0, 0x0E, 0x00, 0x00, 0x01, 0xE0, 0x07, 0x80, 0x1E, 0x00, 0x78,
    0x01, 0xE0, 0x07, 0x87, 0x9E, 0x3C, 0x79, 0xF1, 0xEF, 0x87, 0xBC, 0x1F, 0xE0, 0x7F, 0xC1, 0xFF,
    0x07, 0xDE, 0x1E, 0x7C, 0x78, 0xF1, 0xE1, 0xE7, 0x87, 0xC0, 0x3C, 0x3C, 0x78, 0xF8, 0xF1, 0xE1,
    0xE7, 0x83, 0xDF, 0x07, 0xBC, 0x0F, 0xF0, 0x1F, 0xE0, 0x3F, 0xC0, 0x7F, 0xC0, 0xF7, 0x81, 0xEF,
    0x83, 0xCF, 0x07, 0x8F, 0x0F, 0x1E, 0x1E, 0x1E, 0x3C, 0x3E, 0x00, 0x00, 0x00, 0x00, 0x1C, 0x00,
    0x3C, 0x00, 0x70, 0x00, 0x78, 0x01, 0xE0, 0x07, 0x80, 0x1E, 0x00, 0x78, 0x01, 0xE1, 0xE7, 0x8F,
    0x1E, 0x7C, 0x7B, 0xE1, 0xEF, 0x07, 0xF8, 0x1F, 0xF0, 0x7F, 0xC1, 0xF7, 0x87, 0x9F, 0x1E, 0x3C,
    0x78, 0x79, 0xE1, 0xF0, 0x00, 0x00, 0x00, 0x07, 0x80, 0x1E, 0x00, 0x78, 0x00, 0x3C, 0x3C, 0x78,
    0xF8, 0xF1, 0xE1, 0xE7, 0x83, 0xDF, 0x07, 0xBC, 0x0F, 0xF0, 0x1F, 0xE0, 0x3F, 0xC0, 0x7F, 0xC0,
    0xF7, 0x81, 0xEF, 0x83, 0xCF, 0x07, 0x8F, 0x0F, 0x1E, 0x1E, 0x1E, 0x3C, 0x3E, 0x00, 0x00, 0x00,
    0x00, 0x7F, 0x80, 0xFF, 0x01, 0xFE, 0x00, 0x78, 0x01, 0xE0, 0x07, 0x80, 0x1E, 0x00, 0x78, 0x01,
    0xE1, 0xE7, 0x8F, 0x1E, 0x7C, 0x7B, 0xE1, 0xEF, 0x07, 0xF8, 0x1F, 0xF0, 0x7F, 0xC1, 0xF7, 0x87,
    0x9F, 0x1E, 0x3C, 0x78, 0x79, 0xE1, 0xF0, 0x00, 0x00, 0x00, 0x1F, 0xE0, 0x7F, 0x81, 0xFE, 0x00,
    0x3C, 0x03, 0xC0, 0x3C, 0x03, 0xC0, 0x3C, 0x03, 0xC0, 0x3C, 0x03, 0xC0, 0x3C, 0x03, 0xC0, 0x3C,
    0x03, 0xC0, 0x3C, 0x03, 0xC0, 0x3F, 0xF3, 0xFF, 0x3F, 0xF0, 0x00, 0x00, 0x00, 0x70, 0x07, 0x80,
    0x70, 0x78, 0xF1, 0xE3, 0xC7, 0x8F, 0x1E, 0x3C, 0x78, 0xF1, 0xE3, 0xC7, 0x8F, 0x1E, 0x3C, 0x78,
    0xF0, 0x00, 0x03, 0x8F, 0x0E, 0x00, 0x7F, 0x83, 0xFC, 0x1F, 0xE0, 0x00, 0x01, 0xE0, 0x0F, 0x00,
    0x78, 0x03, 0xC0, 0x1E, 0x00, 0xF0, 0x07, 0x80, 0x3C, 0x01, 0xE0, 0x0F, 0x00, 0x78, 0x03, 0xC0,
    0x1E, 0x00, 0xF0, 0x07, 0xFE, 0x3F, 0xF1, 0xFF, 0x80, 0x00, 0x00, 0x00, 0x70, 0x03, 0xC0, 0x1C,
    0x00, 0x7F, 0x7F, 0xBF, 0xC0, 0x03, 0xC1, 0xE0, 0xF0, 0x78, 0x3C, 0x1E, 0x0F, 0x07, 0x83, 0xC1,
    0xE0, 0xF0, 0x78, 0x3C, 0x1E, 0x0F, 0x07, 0x83, 0xC1, 0xE0, 0x00, 0x00, 0x1C, 0x1E, 0x07, 0x00,
    0x3C, 0x03, 0xC0, 0x3C, 0x03, 0xC0, 0x3C, 0x03, 0xC0, 0x3C, 0x03, 0xC0, 0x3C, 0x03, 0xC0, 0x3C,
    0x03, 0xC0, 0x3C, 0x03, 0xC0, 0x3F, 0xF3, 0xFF, 0x3F, 0xF0, 0x00, 0x00, 0x01, 0xFE, 0x1F, 0xE1,
    0xFE, 0x3C, 0x1E, 0x0F, 0x07, 0x83, 0xC1, 0xE0, 0xF0, 0x78, 0x3C, 0x1E, 0x0F, 0x07, 0x83, 0xC1,
    0xE0, 0xF0, 0x78, 0x3C, 0x1E, 0x00, 0x00, 0x07, 0xF7, 0xFB, 0xFC, 0x3C, 0x03, 0xC0, 0x3C, 0x03,
    0xC0, 0x3C, 0x03, 0xC0, 0x3C, 0x03, 0xC0, 0x3C, 0x03, 0xC0, 0x3C, 0x03, 0xC0, 0x3C, 0x03, 0xC0,
    0x3F, 0xF3, 0xFF, 0x3F, 0xF0, 0x00, 0x07, 0x80, 0xF8, 0x1F, 0xC3, 0x8E, 0x1E, 0x07, 0x81, 0xE0,
    0x78, 0x1E, 0x07, 0x81, 0xE0, 0x78, 0x1E, 0x07, 0x81, 0xE0, 0x78, 0x1E, 0x07, 0x81, 0xE0, 0x78,
    0x1E, 0x07, 0x80, 0x00, 0x78, 0x1F, 0x0F, 0xE7, 0x1C, 0x00, 0x1E, 0x00, 0x01, 0xE0, 0x00, 0x1E,
    0x00, 0x00, 0xE0, 0x00, 0x00, 0x00, 0x1F, 0x01, 0xF0, 0xF8, 0x0F, 0x87, 0xE0, 0xFC, 0x3F, 0x07,
    0xE1, 0xF8, 0x3F, 0x0F, 0xE3, 0xF8, 0x7F, 0x1D, 0xC3, 0xB8, 0xEE, 0x1D, 0xE7, 0x70, 0xEF, 0x73,
    0x87, 0x3B, 0x9C, 0x39, 0xFC, 0xE1, 0xCF, 0xE7, 0x0E, 0x3E, 0x38, 0x71, 0xF1, 0xC3, 0x8F, 0x8E,
    0x1C, 0x78, 0x70, 0x00, 0x1E, 0x00, 0x00, 0x78, 0x00, 0x03, 0xC0, 0x00, 0x1C, 0x00, 0x00, 0x00,
    0x01, 0xEF, 0x9F, 0x07, 0xFF, 0xFE, 0x1F, 0xFF, 0xFC, 0x7C, 0xF8, 0xF1, 0xF1, 0xE3, 0xC7, 0x87,
    0x8F, 0x1E, 0x1E, 0x3C, 0x78, 0x78, 0xF1, 0xE1, 0xE3, 0xC7, 0x87, 0x8F, 0x1E, 0x1E, 0x3C, 0x78,
    0x78, 0xF1, 0xE1, 0xE3, 0xC0, 0x00, 0x70, 0x00, 0x03, 0xC0, 0x00, 0x1C, 0x00, 0x00, 0x00, 0x03,
    0xE0, 0x3E, 0x1F, 0x01, 0xF0, 0xFC, 0x1F, 0x87, 0xE0, 0xFC, 0x3F, 0x07, 0xE1, 0xFC, 0x7F, 0x0F,
    0xE3, 0xB8, 0x77, 0x1D, 0xC3, 0xBC, 0xEE, 0x1D, 0xEE, 0x70, 0xE7, 0x73, 0x87, 0x3F, 0x9C, 0x39,
    0xFC, 0xE1, 0xC7, 0xC7, 0x0E, 0x3E, 0x38, 0x71, 0xF1, 0xC3, 0x8F, 0x0E, 0x00, 0x00, 0x78, 0x00,
    0x01, 0xE0, 0x00, 0x07, 0x80, 0x00, 0x00, 0x00, 0x7B, 0xE7, 0xC1, 0xFF, 0xFF, 0x87, 0xFF, 0xFF,
    0x1F, 0x3E, 0x3C, 0x7C, 0x78, 0xF1, 0xE1, 0xE3, 0xC7, 0x87, 0x8F, 0x1E, 0x1E, 0x3C, 0x78, 0x78,
    0xF1, 0xE1, 0xE3, 0xC7, 0x87, 0x8F, 0x1E, 0x1E, 0x3C, 0x78, 0x78, 0xF0, 0x3E, 0x03, 0xE1, 0xF0,
    0x1F, 0x0F, 0xC1, 0xF8, 0x7E, 0x0F, 0xC3, 0xF0, 0x7E, 0x1F, 0xC7, 0xF0, 0xFE, 0x3B, 0x87, 0x71,
    0xDC, 0x3B, 0xCE, 0xE1, 0xDE, 0xE7, 0x0E, 0x77, 0x38, 0x73, 0xF9, 0xC3, 0x9F, 0xCE, 0x1C, 0x7C,
    0x70, 0xE3, 0xE3, 0x87, 0x1F, 0x1C, 0x38, 0xF0, 0xE0, 0x00, 0x00, 0x00, 0x00, 0x00, 0x00, 0xE0,
    0x00, 0x0F, 0x80, 0x00, 0x38, 0x00, 0x7B, 0xE7, 0xC1, 0xFF, 0xFF, 0x87, 0xFF, 0xFF, 0x1F, 0x3E,
    0x3C, 0x7C, 0x78, 0xF1, 0xE1, 0xE3, 0xC7, 0x87, 0x8F, 0x1E, 0x1E, 0x3C, 0x78, 0x78, 0xF1, 0xE1,
    0xE3, 0xC7, 0x87, 0x8F, 0x1E, 0x1E, 0x3C, 0x78, 0x78, 0xF0, 0x00, 0x00, 0x00, 0x00, 0x00, 0x00,
    0x1E, 0x00, 0x00, 0x78, 0x00, 0x01, 0xE0, 0x00, 0x01, 0xE0, 0x00, 0x78, 0x00, 0x1E, 0x00, 0x00,
    0x00, 0x3E, 0x0F, 0x0F, 0x83, 0xC3, 0xF0, 0xF0, 0xFC, 0x3C, 0x3F, 0x8F, 0x0F, 0xE3, 0xC3, 0xBC,
    0xF0, 0xEF, 0x3C, 0x39, 0xEF, 0x0E, 0x7F, 0xC3, 0x8F, 0x70, 0xE3, 0xFC, 0x38, 0x7F, 0x0E, 0x1F,
    0xC3, 0x83, 0xF0, 0xE0, 0x7C, 0x38, 0x1F, 0x00, 0x03, 0x80, 0x1E, 0x00, 0x38, 0x00, 0x00, 0x7B,
    0xE1, 0xFF, 0xC7, 0xFF, 0x9F, 0x1E, 0x7C, 0x79, 0xE1, 0xE7, 0x87, 0x9E, 0x1E, 0x78, 0x79, 0xE1,
    0xE7, 0x87, 0x9E, 0x1E, 0x78, 0x78, 0x3E, 0x0F, 0x0F, 0x83, 0xC3, 0xF0, 0xF0, 0xFC, 0x3C, 0x3F,
    0x8F, 0x0F, 0xE3, 0xC3, 0xBC, 0xF0, 0xEF, 0x3C, 0x39, 0xEF, 0x0E, 0x7F, 0xC3, 0x8F, 0x70, 0xE3,
    0xFC, 0x38, 0x7F, 0x0E, 0x1F, 0xC3, 0x83, 0xF0, 0xE0, 0x7C, 0x38, 0x1F, 0x00, 0x00, 0x00, 0x00,
    0x00, 0x07, 0x80, 0x01, 0xE0, 0x00, 0x78, 0x00, 0x7B, 0xE1, 0xFF, 0xC7, 0xFF, 0x9F, 0x1E, 0x7C,
    0x79, 0xE1, 0xE7, 0x87, 0x9E, 0x1E, 0x78, 0x79, 0xE1, 0xE7, 0x87, 0x9E, 0x1E, 0x78, 0x78, 0x00,
    0x00, 0x00, 0x01, 0xE0, 0x07, 0x80, 0x1E, 0x00, 0x3E, 0x0F, 0x0F, 0x83, 0xC3, 0xF0, 0xF0, 0xFC,
    0x3C, 0x3F, 0x8F, 0x0F, 0xE3, 0xC3, 0xBC, 0xF0, 0xEF, 0x3C, 0x39, 0xEF, 0x0E, 0x7F, 0xC3, 0x8F,
    0x70, 0xE3, 0xFC, 0x38, 0x7F, 0x0E, 0x1F, 0xC3, 0x83, 0xF0, 0xE0, 0x7C, 0x38, 0x1F, 0x00, 0x00,
    0x00, 0x00, 0x00, 0x1F, 0xE0, 0x07, 0xF8, 0x01, 0xFE, 0x00, 0x7B, 0xE1, 0xFF, 0xC7, 0xFF, 0x9F,
    0x1E, 0x7C, 0x79, 0xE1, 0xE7, 0x87, 0x9E, 0x1E, 0x78, 0x79, 0xE1, 0xE7, 0x87, 0x9E, 0x1E, 0x78,
    0x78, 0x00, 0x00, 0x00, 0x07, 0xF8, 0x1F, 0xE0, 0x7F, 0x80, 0x3E, 0x0F, 0x0F, 0x83, 0xC3, 0xF0,
    0xF0, 0xFC, 0x3C, 0x3F, 0x8F, 0x0F, 0xE3, 0xC3, 0xBC, 0xF0, 0xEF, 0x3C, 0x39, 0xEF, 0x0E, 0x7F,
    0xC3, 0x8F, 0x70, 0xE3, 0xFC, 0x38, 0x7F, 0x0E, 0x1F, 0xC3, 0x83, 0xF0, 0xE0, 0x7C, 0x38, 0x1F,
    0x00, 0x00, 0x00, 0x1E, 0x00, 0x0F, 0xC0, 0x07, 0xF8, 0x03, 0xCF, 0x00, 0x7B, 0xE1, 0xFF, 0xC7,
    0xFF, 0x9F, 0x1E, 0x7C, 0x79, 0xE1, 0xE7, 0x87, 0x9E, 0x1E, 0x78, 0x79, 0xE1, 0xE7, 0x87, 0x9E,
    0x1E, 0x78, 0x78, 0x00, 0x00, 0x78, 0x03, 0xF0, 0x1F, 0xE0, 0x73, 0xC0, 0x00, 0xF0, 0x00, 0x70,
    0x00, 0x70, 0x00, 0x00, 0x00, 0x79, 0x80, 0x3F, 0x80, 0x11, 0x80, 0x00, 0x00, 0x07, 0xF0, 0x07,
    0xFE, 0x07, 0xFF, 0x87, 0xC3, 0xC3, 0xC1, 0xF3, 0xE0, 0x79, 0xE0, 0x3C, 0xF0, 0x1E, 0x78, 0x0F,
    0x3C, 0x07, 0x9E, 0x03, 0xCF, 0x81, 0xE3, 0xC1, 0xF1, 0xF0, 0xF0, 0x7F, 0xF8, 0x1F, 0xF8, 0x07,
    0xF0, 0x00, 0x03, 0xC0, 0x0F, 0x00, 0x70, 0x00, 0x00, 0x0F, 0x60, 0x7F, 0x81, 0x9C, 0x00, 0x00,
    0x0F, 0xC0, 0xFF, 0x83, 0xFF, 0x1E, 0x3C, 0x78, 0x79, 0xE1, 0xE7, 0x87, 0x9E, 0x1E, 0x78, 0x79,
    0xF3, 0xC3, 0xFF, 0x07, 0xF8, 0x0F, 0xC0, 0x07, 0x70, 0x03, 0xBC, 0x01, 0xCC, 0x00, 0xF3, 0x00,
    0x7F, 0x00, 0x23, 0x00, 0x00, 0x00, 0x0F, 0xE0, 0x0F, 0xFC, 0x0F, 0xFF, 0x0F, 0x87, 0x87, 0x83,
    0xE7, 0xC0, 0xF3, 0xC0, 0x79, 0xE0, 0x3C, 0xF0, 0x1E, 0x78, 0x0F, 0x3C, 0x07, 0x9F, 0x03, 0xC7,
    0x83, 0xE3, 0xE1, 0xE0, 0xFF, 0xF0, 0x3F, 0xF0, 0x0F, 0xE0, 0x1C, 0xC0, 0x77, 0x80, 0xCC, 0x03,
    0xD8, 0x1F, 0xE0, 0x67, 0x00, 0x00, 0x03, 0xF0, 0x3F, 0xE0, 0xFF, 0xC7, 0x8F, 0x1E, 0x1E, 0x78,
    0x79, 0xE1, 0xE7, 0x87, 0x9E, 0x1E, 0x7C, 0xF0, 0xFF, 0xC1, 0xFE, 0x03, 0xF0, 0x07, 0x80, 0x01,
    0xE0, 0x00, 0x78, 0x00, 0x00, 0x00, 0x7F, 0x00, 0x3F, 0x80, 0x1F, 0xC0, 0x00, 0x00, 0x07, 0xF0,
    0x07, 0xFE, 0x07, 0xFF, 0x87, 0xC3, 0xC3, 0xC1, 0xF3, 0xE0, 0x79, 0xE0, 0x3C, 0xF0, 0x1E, 0x78,
    0x0F, 0x3C, 0x07, 0x9E, 0x03, 0xCF, 0x81, 0xE3, 0xC1, 0xF1, 0xF0, 0xF0, 0x7F, 0xF8, 0x1F, 0xF8,
    0x07, 0xF0, 0x00, 0x1E, 0x00, 0x3C, 0x00, 0x78, 0x00, 0x00, 0x1F, 0xE0, 0x7F, 0x81, 0xFC, 0x00,
    0x00, 0x0F, 0xC0, 0xFF, 0x83, 0xFF, 0x1E, 0x3C, 0x78, 0x79, 0xE1, 0xE7, 0x87, 0x9E, 0x1E, 0x78,
    0x79, 0xF3, 0xC3, 0xFF, 0x07, 0xF8, 0x0F, 0xC0, 0x00, 0xF0, 0x00, 0xF0, 0x00, 0x70, 0x00, 0x00,
    0x00, 0x7F, 0x00, 0x3F, 0x80, 0x1F, 0xC0, 0x00, 0x00, 0x07, 0xF0, 0x07, 0xFE, 0x07, 0xFF, 0x87,
    0xC3, 0xC3, 0xC1, 0xF3, 0xE0, 0x79, 0xE0, 0x3C, 0xF0, 0x1E, 0x78, 0x0F, 0x3C, 0x07, 0x9E, 0x03,
    0xCF, 0x81, 0xE3, 0xC1, 0xF1, 0xF0, 0xF0, 0x7F, 0xF8, 0x1F, 0xF8, 0x07, 0xF0, 0x00, 0x03, 0xE0,
    0x0E, 0x00, 0x70, 0x00, 0x00, 0x1F, 0xE0, 0x7F, 0x81, 0xFE, 0x00, 0x00, 0x0F, 0xC0, 0xFF, 0x83,
    0xFF, 0x1E, 0x3C, 0x78, 0x79, 0xE1, 0xE7, 0x87, 0x9E, 0x1E, 0x78, 0x79, 0xF3, 0xC3, 0xFF, 0x07,
    0xF8, 0x0F, 0xC0, 0x00, 0xF0, 0x07, 0x80, 0x3C, 0x00, 0xE0, 0x00, 0x00, 0xFF, 0x83, 0xFF, 0x0F,
    0xFE, 0x3C, 0xF8, 0xF1, 0xE3, 0xC7, 0x8F, 0x1E, 0x3C, 0xF8, 0xFF, 0xC3, 0xFF, 0x0F, 0xF0, 0x3C,
    0x00, 0xF0, 0x03, 0xC0, 0x0F, 0x00, 0x3C, 0x00, 0xF0, 0x00, 0x00, 0xF0, 0x07, 0xC0, 0x1E, 0x00,
    0xE0, 0x00, 0x01, 0xEF, 0x87, 0xFF, 0x1F, 0xFE, 0x7C, 0x79, 0xF1, 0xE7, 0x87, 0x9E, 0x1E, 0x78,
    0x79, 0xF1, 0xE7, 0xC7, 0x9F, 0xFC, 0x7F, 0xF1, 0xEF, 0x87, 0x80, 0x1E, 0x00, 0x78, 0x01, 0xE0,
    0x07, 0x80, 0x1E, 0x00, 0x03, 0x80, 0x1E, 0x00, 0x38, 0x00, 0x00, 0x3F, 0xE0, 0xFF, 0xC3, 0xFF,
    0x8F, 0x3E, 0x3C, 0x78, 0xF1, 0xE3, 0xC7, 0x8F, 0x3E, 0x3F, 0xF0, 0xFF, 0xC3, 0xFC, 0x0F, 0x00,
    0x3C, 0x00, 0xF0, 0x03, 0xC0, 0x0F, 0x00, 0x3C, 0x00, 0x03, 0x80, 0x0F, 0x00, 0x38, 0x00, 0x00,
    0x7B, 0xE1, 0xFF, 0xC7, 0xFF, 0x9F, 0x1E, 0x7C, 0x79, 0xE1, 0xE7, 0x87, 0x9E, 0x1E, 0x7C, 0x79,
    0xF1, 0xE7, 0xFF, 0x1F, 0xFC, 0x7B, 0xE1, 0xE0, 0x07, 0x80, 0x1E, 0x00, 0x78, 0x01, 0xE0, 0x07,
    0x80, 0x00, 0x03, 0x80, 0x0F, 0x80, 0x0E, 0x00, 0x00, 0x03, 0xFC, 0x07, 0xFE, 0x0F, 0xFE, 0x1E,
    0x7C, 0x3C, 0x78, 0x78, 0xF0, 0xF1, 0xE1, 0xE7, 0xC3, 0xFF, 0x07, 0xFC, 0x0F, 0xF8, 0x1E, 0xF0,
    0x3C, 0xF0, 0x79, 0xF0, 0xF1, 0xE1, 0xE1, 0xE3, 0xC3, 0xC0, 0x0E, 0x03, 0xC0, 0xE0, 0x00, 0x7B,
    0xDF, 0xF7, 0xFD, 0xF0, 0x7C, 0x1E, 0x07, 0x81, 0xE0, 0x78, 0x1E, 0x07, 0x81, 0xE0, 0x78, 0x00,
    0x3F, 0xC0, 0x7F, 0xE0, 0xFF, 0xE1, 0xE7, 0xC3, 0xC7, 0x87, 0x8F, 0x0F, 0x1E, 0x1E, 0x7C, 0x3F,
    0xF0, 0x7F, 0xC0, 0xFF, 0x81, 0xEF, 0x03, 0xCF, 0x07, 0x9F, 0x0F, 0x1E, 0x1E, 0x1E, 0x3C, 0x3C,
    0x00, 0x00, 0x00, 0x00, 0x1C, 0x00, 0x3C, 0x00, 0x70, 0x00, 0x7B, 0xDF, 0xF7, 0xFD, 0xF0, 0x7C,
    0x1E, 0x07, 0x81, 0xE0, 0x78, 0x1E, 0x07, 0x81, 0xE0, 0x78, 0x00, 0x00, 0x00, 0xE0, 0x7C, 0x0E,
    0x00, 0x0F, 0xE0, 0x3F, 0xC0, 0x7F, 0x80, 0x00, 0x03, 0xFC, 0x07, 0xFE, 0x0F, 0xFE, 0x1E, 0x7C,
    0x3C, 0x78, 0x78, 0xF0, 0xF1, 0xE1, 0xE7, 0xC3, 0xFF, 0x07, 0xFC, 0x0F, 0xF8, 0x1E, 0xF0, 0x3C,
    0xF0, 0x79, 0xF0, 0xF1, 0xE1, 0xE1, 0xE3, 0xC3, 0xC0, 0x00, 0x00, 0x00, 0x01, 0xC0, 0x03, 0xC0,
    0x07, 0x00, 0x3F, 0x8F, 0xF3, 0xFC, 0x00, 0x7B, 0xDF, 0xF7, 0xFD, 0xF0, 0x7C, 0x1E, 0x07, 0x81,
    0xE0, 0x78, 0x1E, 0x07, 0x81, 0xE0, 0x78, 0x00, 0x00, 0x00, 0xE0, 0x7C, 0x0E, 0x00, 0x3F, 0xC0,
    0x7F, 0xE0, 0xFF, 0xE1, 0xE7, 0xC3, 0xC7, 0x87, 0x8F, 0x0F, 0x1E, 0x1E, 0x7C, 0x3F, 0xF0, 0x7F,
    0xC0, 0xFF, 0x81, 0xEF, 0x03, 0xCF, 0x07, 0x9F, 0x0F, 0x1E, 0x1E, 0x1E, 0x3C, 0x3C, 0x00, 0x00,
    0x00, 0x00, 0x7F, 0x80, 0xFF, 0x01, 0xFE, 0x00, 0x3D, 0xE7, 0xFC, 0xFF, 0x9F, 0x03, 0xE0, 0x78,
    0x0F, 0x01, 0xE0, 0x3C, 0x07, 0x80, 0xF0, 0x1E, 0x03, 0xC0, 0x00, 0x00, 0x03, 0xF8, 0x7F, 0x0F,
    0xE0, 0x07, 0x00, 0xF8, 0x07, 0x00, 0x00, 0x1F, 0xC3, 0xFE, 0x7F, 0xE7, 0x86, 0x78, 0x07, 0x80,
    0x7E, 0x03, 0xF8, 0x1F, 0xC0, 0xFE, 0x03, 0xE0, 0x1F, 0x00, 0xF6, 0x1E, 0x7F, 0xE7, 0xFC, 0x7F,
    0x80, 0x0E, 0x01, 0xE0, 0x38, 0x00, 0x01, 0xF8, 0xFF, 0x9F, 0xF3, 0xC4, 0x78, 0x0F, 0xE0, 0xFE,
    0x07, 0xE0, 0x3C, 0x87, 0x9F, 0xF3, 0xFE, 0x7F, 0x00, 0x1F, 0xC3, 0xFE, 0x7F, 0xE7, 0x86, 0x78,
    0x07, 0x80, 0x7E, 0x03, 0xF8, 0x1F, 0xC0, 0xFE, 0x03, 0xE0, 0x1F, 0x00, 0xF6, 0x1E, 0x7F, 0xE7,
    0xFC, 0x7F, 0x80, 0x00, 0x00, 0x00, 0xF0, 0x0F, 0x00, 0xF0, 0x1F, 0x8F, 0xF9, 0xFF, 0x3C, 0x47,
    0x80, 0xFE, 0x0F, 0xE0, 0x7E, 0x03, 0xC8, 0x79, 0xFF, 0x3F, 0xE7, 0xF0, 0x00, 0x00, 0x00, 0x70,
    0x1E, 0x01, 0xC0, 0x19, 0xE3, 0xDC, 0x1B, 0x80, 0x30, 0x00, 0x01, 0xFC, 0x3F, 0xE7, 0xFE, 0x78,
    0xE7, 0x80, 0x78, 0x07, 0xE0, 0x3F, 0x01, 0xFC, 0x0F, 0xE0, 0x3E, 0x01, 0xF0, 0x0F, 0x71, 0xE7,
    0xFE, 0x7F, 0xC3, 0xF8, 0x3B, 0xC7, 0x70, 0xDC, 0x03, 0x00, 0x00, 0x3F, 0x1F, 0xF3, 0xFE, 0x78,
    0x8F, 0x81, 0xFC, 0x1F, 0xC0, 0xFC, 0x07, 0x90, 0xF3, 0xFE, 0x7F, 0x8F, 0xE0, 0x07, 0x00, 0x70,
    0x17, 0x43, 0x9C, 0x1F, 0xC0, 0xF8, 0x0F, 0x00, 0x00, 0x1F, 0xC3, 0xFE, 0x7F, 0xE7, 0x86, 0x78,
    0x07, 0x80, 0x7E, 0x03, 0xF8, 0x1F, 0xC0, 0xFE, 0x03, 0xE0, 0x1F, 0x00, 0xF6, 0x1E, 0x7F, 0xE7,
    0xFC, 0x7F, 0x80, 0x0E, 0x01, 0xC0, 0x38, 0x18, 0xC3, 0xF8, 0x3E, 0x03, 0x80, 0x00, 0x1F, 0x8F,
    0xF9, 0xFF, 0x3C, 0x47, 0x80, 0xFE, 0x0F, 0xE0, 0x7E, 0x03, 0xC8, 0x79, 0xFF, 0x3F, 0xE7, 0xF0,
    0x07, 0x00, 0xF8, 0x07, 0x00, 0x00, 0x1F, 0xC3, 0xFE, 0x7F, 0xE7, 0x86, 0x78, 0x07, 0x80, 0x7E,
    0x03, 0xF8, 0x1F, 0xC0, 0xFE, 0x03, 0xE0, 0x1F, 0x00, 0xF6, 0x1E, 0x7F, 0xE7, 0xFC, 0x7F, 0x80,
    0x00, 0x00, 0x00, 0xF0, 0x0F, 0x00, 0xF0, 0x0E, 0x01, 0xE0, 0x38, 0x00, 0x01, 0xF8, 0xFF, 0x9F,
    0xF3, 0xC4, 0x78, 0x0F, 0xE0, 0xFE, 0x07, 0xE0, 0x3C, 0x87, 0x9F, 0xF3, 0xFE, 0x7F, 0x00, 0x00,
    0x00, 0x07, 0x01, 0xE0, 0x1C, 0x00, 0x07, 0x00, 0x78, 0x01, 0xC0, 0x00, 0x0F, 0xFF, 0x7F, 0xFB,
    0xFF, 0xC1, 0xE0, 0x0F, 0x00, 0x78, 0x03, 0xC0, 0x1E, 0x00, 0xF0, 0x07, 0x80, 0x3C, 0x01, 0xE0,
    0x0F, 0x00, 0x78, 0x03, 0xC0, 0x1E, 0x00, 0xF0, 0x00, 0x1C, 0x1E, 0x07, 0x00, 0x01, 0x80, 0xE0,
    0xF0, 0xFF, 0xFF, 0xFF, 0xCF, 0x07, 0x83, 0xC1, 0xE0, 0xF0, 0x78, 0x3C, 0x1F, 0xCF, 0xE3, 0xF0,
    0xFF, 0xF7, 0xFF, 0xBF, 0xFC, 0x1E, 0x00, 0xF0, 0x07, 0x80, 0x3C, 0x01, 0xE0, 0x0F, 0x00, 0x78,
    0x03, 0xC0, 0x1E, 0x00, 0xF0, 0x07, 0x80, 0x3C, 0x01, 0xE0, 0x0F, 0x00, 0x00, 0x00, 0x00, 0x0E,
    0x00, 0xF0, 0x03, 0x80, 0x18, 0x0E, 0x0F, 0x0F, 0xFF, 0xFF, 0xFC, 0xF0, 0x78, 0x3C, 0x1E, 0x0F,
    0x07, 0x83, 0xC1, 0xFC, 0xFE, 0x3F, 0x00, 0x00, 0x03, 0x83, 0xC0, 0xE0, 0xFF, 0xF7, 0xFF, 0xBF,
    0xFC, 0x1E, 0x00, 0xF0, 0x07, 0x80, 0x3C, 0x01, 0xE0, 0x0F, 0x00, 0x78, 0x03, 0xC0, 0x1E, 0x00,
    0xF0, 0x07, 0x80, 0x3C, 0x01, 0xE0, 0x0F, 0x00, 0x00, 0x00, 0x00, 0x7F, 0x83, 0xFC, 0x1F, 0xE0,
    0x18, 0x07, 0x03, 0xC1, 0xFE, 0xFF, 0xBF, 0xE3, 0xC0, 0xF0, 0x3C, 0x0F, 0x03, 0xC0, 0xF0, 0x3C,
    0x0F, 0xE3, 0xF8, 0x7E, 0x00, 0x00, 0x07, 0xF9, 0xFE, 0x7F, 0x80, 0xFF, 0xF7, 0xFF, 0xBF, 0xFC,
    0x1E, 0x00, 0xF0, 0x07, 0x80, 0x3C, 0x01, 0xE0, 0x0F, 0x00, 0x78, 0x03, 0xC0, 0x1E, 0x00, 0xF0,
    0x07, 0x80, 0x3C, 0x01, 0xE0, 0x0F, 0x00, 0x00, 0x03, 0xC0, 0x3F, 0x01, 0xFC, 0x1C, 0x70, 0x18,
    0x07, 0x03, 0xC1, 0xFE, 0xFF, 0xBF, 0xE3, 0xC0, 0xF0, 0x3C, 0x0F, 0x03, 0xC0, 0xF0, 0x3C, 0x0F,
    0xE3, 0xF8, 0x7E, 0x00, 0x07, 0x83, 0xF0, 0xFE, 0x71, 0xC0, 0x3C, 0x1E, 0x3C, 0x1E, 0x3C, 0x1E,
    0x3C, 0x1E, 0x3C, 0x1E, 0x3C, 0x1E, 0x3C, 0x1E, 0x3C, 0x1E, 0x3C, 0x1E, 0x3C, 0x1E, 0x3C, 0x1E,
    0x3C, 0x1E, 0x3C, 0x1E, 0x3E, 0x3C, 0x3F, 0xFC, 0x1F, 0xF8, 0x07, 0xF0, 0x00, 0x00, 0x00, 0x00,
    0x00, 0x00, 0x06, 0x70, 0x0F, 0x70, 0x0E, 0x70, 0x78, 0x79, 0xE1, 0xE7, 0x87, 0x9E, 0x1E, 0x78,
    0x79, 0xE1, 0xE7, 0x87, 0x9E, 0x1E, 0x78, 0x79, 0xF3, 0xE3, 0xFF, 0x8F, 0xFE, 0x1F, 0xB8, 0x00,
    0x00, 0x00, 0x00, 0x00, 0x0C, 0xE0, 0x7B, 0x81, 0xCE, 0x00, 0x3C, 0x1E, 0x3C, 0x1E, 0x3C, 0x1E,
    0x3C, 0x1E, 0x3C, 0x1E, 0x3C, 0x1E, 0x3C, 0x1E, 0x3C, 0x1E, 0x3C, 0x1E, 0x3C, 0x1E, 0x3C, 0x1E,
    0x3C, 0x1E, 0x3C, 0x1E, 0x3E, 0x3C, 0x3F, 0xFC, 0x1F, 0xF8, 0x07, 0xF0, 0x00, 0x00, 0x07, 0x18,
    0x0F, 0xF8, 0x0F, 0xF0, 0x0D, 0xF0, 0x78, 0x79, 0xE1, 0xE7, 0x87, 0x9E, 0x1E, 0x78, 0x79, 0xE1,
    0xE7, 0x87, 0x9E, 0x1E, 0x78, 0x79, 0xF3, 0xE3, 0xFF, 0x8F, 0xFE, 0x1F, 0xB8, 0x00, 0x00, 0xE7,
    0x07, 0xFC, 0x1F, 0xE0, 0xEF, 0x00, 0x3C, 0x1E, 0x3C, 0x1E, 0x3C, 0x1E, 0x3C, 0x1E, 0x3C, 0x1E,
    0x3C, 0x1E, 0x3C, 0x1E, 0x3C, 0x1E, 0x3C, 0x1E, 0x3C, 0x1E, 0x3C, 0x1E, 0x3C, 0x1E, 0x3C, 0x1E,
    0x3E, 0x3C, 0x3F, 0xFC, 0x1F, 0xF8, 0x07, 0xF0, 0x00, 0x00, 0x03, 0xC0, 0x07, 0xE0, 0x0F, 0xF0,
    0x0E, 0x78, 0x78, 0x79, 0xE1, 0xE7, 0x87, 0x9E, 0x1E, 0x78, 0x79, 0xE1, 0xE7, 0x87, 0x9E, 0x1E,
    0x78, 0x79, 0xF3, 0xE3, 0xFF, 0x8F, 0xFE, 0x1F, 0xB8, 0x00, 0x00, 0x78, 0x03, 0xF0, 0x1F, 0xE0,
    0xF3, 0xC0, 0x00, 0xF0, 0x01, 0xE0, 0x03, 0xC0, 0x00, 0x00, 0x07, 0xB0, 0x0F, 0xF0, 0x0C, 0xE0,
    0x00, 0x00, 0x3C, 0x1E, 0x3C, 0x1E, 0x3C, 0x1E, 0x3C, 0x1E, 0x3C, 0x1E, 0x3C, 0x1E, 0x3C, 0x1E,
    0x3C, 0x1E, 0x3C, 0x1E, 0x3C, 0x1E, 0x3C, 0x1E, 0x3C, 0x1E, 0x3C, 0x1E, 0x3E, 0x3C, 0x3F, 0xFC,
    0x1F, 0xF8, 0x07, 0xF0, 0x01, 0xE0, 0x0F, 0x00, 0x70, 0x00, 0x00, 0x0F, 0x60, 0x7F, 0x81, 0x9C,
    0x00, 0x00, 0x78, 0x79, 0xE1, 0xE7, 0x87, 0x9E, 0x1E, 0x78, 0x79, 0xE1, 0xE7, 0x87, 0x9E, 0x1E,
    0x78, 0x79, 0xF3, 0xE3, 0xFF, 0x8F, 0xFE, 0x1F, 0xB8, 0x06, 0x70, 0x0F, 0x70, 0x06, 0x70, 0x00,
    0x00, 0x0F, 0xF0, 0x0F, 0xF0, 0x0F, 0xF0, 0x00, 0x00, 0x3C, 0x1E, 0x3C, 0x1E, 0x3C, 0x1E, 0x3C,
    0x1E, 0x3C, 0x1E, 0x3C, 0x1E, 0x3C, 0x1E, 0x3C, 0x1E, 0x3C, 0x1E, 0x3C, 0x1E, 0x3C, 0x1E, 0x3C,
    0x1E, 0x3C, 0x1E, 0x3E, 0x3C, 0x3F, 0xFC, 0x1F, 0xF8, 0x07, 0xF0, 0x1C, 0xE0, 0x7B, 0x80, 0xCE,
    0x07, 0xF8, 0x1F, 0xE0, 0x7F, 0x80, 0x00, 0x1E, 0x1E, 0x78, 0x79, 0xE1, 0xE7, 0x87, 0x9E, 0x1E,
    0x78, 0x79, 0xE1, 0xE7, 0x87, 0x9E, 0x1E, 0x7C, 0xF8, 0xFF, 0xE3, 0xFF, 0x87, 0xEE, 0x0E, 0x30,
    0x3F, 0xE0, 0x7F, 0x80, 0xDF, 0x00, 0x00, 0x1E, 0x07, 0xBC, 0x0F, 0x3C, 0x1E, 0x78, 0x3C, 0xF0,
    0xF1, 0xE1, 0xE1, 0xE3, 0xC3, 0xCF, 0x07, 0x9E, 0x07, 0xBC, 0x0F, 0x70, 0x1F, 0xE0, 0x1F, 0xC0,
    0x3F, 0x00, 0x7E, 0x00, 0x7C, 0x00, 0xF8, 0x00, 0x1C, 0x61, 0xFF, 0x0F, 0xF0, 0x6F, 0x80, 0x00,
    0x78, 0x3F, 0xC3, 0xCF, 0x1E, 0x78, 0xF3, 0xCF, 0x0E, 0x78, 0x7B, 0xC3, 0xFC, 0x0F, 0xE0, 0x7F,
    0x03, 0xF0, 0x0F, 0x80, 0x78, 0x00, 0xF0, 0x3D, 0xE0, 0x79, 0xE0, 0xF3, 0xC1, 0xE7, 0x87, 0x8F,
    0x0F, 0x0F, 0x1E, 0x1E, 0x78, 0x3C, 0xF0, 0x3D, 0xE0, 0x7B, 0x80, 0xFF, 0x00, 0xFE, 0x01, 0xF8,
    0x03, 0xF0, 0x03, 0xE0, 0x07, 0xC0, 0x00, 0x00, 0x00, 0x00, 0x3C, 0x00, 0x78, 0x00, 0xF0, 0x00,
    0xF0, 0x7F, 0x87, 0x9E, 0x3C, 0xF1, 0xE7, 0x9E, 0x1C, 0xF0, 0xF7, 0x87, 0xF8, 0x1F, 0xC0, 0xFE,
    0x07, 0xE0, 0x1F, 0x00, 0xF0, 0x00, 0x00, 0x00, 0x00, 0xE0, 0x0F, 0x00, 0x38, 0x00, 0x01, 0xE0,
    0x00, 0x07, 0xC0, 0x00, 0x07, 0x00, 0x00, 0x0E, 0x00, 0x00, 0x00, 0x03, 0xC1, 0xE0, 0xFF, 0x07,
    0x87, 0xBC, 0x3E, 0x1E, 0x70, 0xF8, 0x79, 0xE3, 0xF1, 0xE7, 0x8F, 0xC7, 0x1E, 0x7F, 0x3C, 0x39,
    0xDC, 0xF0, 0xF7, 0x7B, 0xC3, 0xDD, 0xEF, 0x0F, 0xF3, 0xB8, 0x3F, 0xCF, 0xE0, 0x7E, 0x3F, 0x81,
    0xF8, 0xFE, 0x07, 0xE1, 0xF0, 0x1F, 0x87, 0xC0, 0x3C, 0x1F, 0x00, 0x03, 0xC0, 0x00, 0x78, 0x00,
    0x07, 0x80, 0x00, 0x38, 0x00, 0x00, 0x01, 0xE3, 0xE3, 0xFC, 0x7C, 0x7B, 0x8F, 0x8E, 0x79, 0xF3,
    0xCF, 0x77, 0x79, 0xEE, 0xEF, 0x1D, 0xDD, 0xC3, 0xFB, 0xF8, 0x7F, 0x7F, 0x0F, 0xC7, 0xE0, 0xF8,
    0xF8, 0x1F, 0x1F, 0x03, 0xE3, 0xE0, 0x00, 0x1E, 0x00, 0x00, 0x78, 0x00, 0x03, 0xC0, 0x00, 0x1C,
    0x00, 0x00, 0x00, 0x03, 0xC1, 0xE0, 0xFF, 0x07, 0x87, 0xBC, 0x3E, 0x1E, 0x70, 0xF8, 0x79, 0xE3,
    0xF1, 0xE7, 0x8F, 0xC7, 0x1E, 0x7F, 0x3C, 0x39, 0xDC, 0xF0, 0xF7, 0x7B, 0xC3, 0xDD, 0xEF, 0x0F,
    0xF3, 0xB8, 0x3F, 0xCF, 0xE0, 0x7E, 0x3F, 0x81, 0xF8, 0xFE, 0x07, 0xE1, 0xF0, 0x1F, 0x87, 0xC0,
    0x3C, 0x1F, 0x00, 0x00, 0x3C, 0x00, 0x0F, 0x80, 0x01, 0xC0, 0x00, 0x70, 0x00, 0x00, 0x01, 0xE3,
    0xE3, 0xFC, 0x7C, 0x7B, 0x8F, 0x8E, 0x79, 0xF3, 0xCF, 0x77, 0x79, 0xEE, 0xEF, 0x1D, 0xDD, 0xC3,
    0xFB, 0xF8, 0x7F, 0x7F, 0x0F, 0xC7, 0xE0, 0xF8, 0xF8, 0x1F, 0x1F, 0x03, 0xE3, 0xE0, 0x01, 0xCC,
    0x00, 0x07, 0x78, 0x00, 0x1C, 0xE0, 0x00, 0x00, 0x00, 0xF0, 0x78, 0x3F, 0xC1, 0xE1, 0xEF, 0x0F,
    0x87, 0x9C, 0x3E, 0x1E, 0x78, 0xFC, 0x79, 0xE3, 0xF1, 0xC7, 0x9F, 0xCF, 0x0E, 0x77, 0x3C, 0x3D,
    0xDE, 0xF0, 0xF7, 0x7B, 0xC3, 0xFC, 0xEE, 0x0F, 0xF3, 0xF8, 0x1F, 0x8F, 0xE0, 0x7E, 0x3F, 0x81,
    0xF8, 0x7C, 0x07, 0xE1, 0xF0, 0x0F, 0x07, 0xC0, 0x03, 0x18, 0x00, 0xF7, 0x80, 0x0E, 0xE0, 0x00,
    0x00, 0x0F, 0x1F, 0x1F, 0xE3, 0xE3, 0xDC, 0x7C, 0x73, 0xCF, 0x9E, 0x7B, 0xBB, 0xCF, 0x77, 0x78,
    0xEE, 0xEE, 0x1F, 0xDF, 0xC3, 0xFB, 0xF8, 0x7E, 0x3F, 0x07, 0xC7, 0xC0, 0xF8, 0xF8, 0x1F, 0x1F,
    0x00, 0x00, 0x78, 0x00, 0x01, 0xE0, 0x00, 0x07, 0x80, 0x00, 0x00, 0x00, 0xF0, 0x78, 0x3F, 0xC1,
    0xE1, 0xEF, 0x0F, 0x87, 0x9C, 0x3E, 0x1E, 0x78, 0xFC, 0x79, 0xE3, 0xF1, 0xC7, 0x9F, 0xCF, 0x0E,
    0x77, 0x3C, 0x3D, 0xDE, 0xF0, 0xF7, 0x7B, 0xC3, 0xFC, 0xEE, 0x0F, 0xF3, 0xF8, 0x1F, 0x8F, 0xE0,
    0x7E, 0x3F, 0x81, 0xF8, 0x7C, 0x07, 0xE1, 0xF0, 0x0F, 0x07, 0xC0, 0x00, 0xE0, 0x00, 0x1E, 0x00,
    0x03, 0x80, 0x00, 0x00, 0x0F, 0x1F, 0x1F, 0xE3, 0xE3, 0xDC, 0x7C, 0x73, 0xCF, 0x9E, 0x7B, 0xBB,
    0xCF, 0x77, 0x78, 0xEE, 0xEE, 0x1F, 0xDF, 0xC3, 0xFB, 0xF8, 0x7E, 0x3F, 0x07, 0xC7, 0xC0, 0xF8,
    0xF8, 0x1F, 0x1F, 0x00, 0xF0, 0x78, 0x3F, 0xC1, 0xE1, 0xEF, 0x0F, 0x87, 0x9C, 0x3E, 0x1E, 0x78,
    0xFC, 0x79, 0xE3, 0xF1, 0xC7, 0x9F, 0xCF, 0x0E, 0x77, 0x3C, 0x3D, 0xDE, 0xF0, 0xF7, 0x7B, 0xC3,
    0xFC, 0xEE, 0x0F, 0xF3, 0xF8, 0x1F, 0x8F, 0xE0, 0x7E, 0x3F, 0x81, 0xF8, 0x7C, 0x07, 0xE1, 0xF0,
    0x0F, 0x07, 0xC0, 0x00, 0x00, 0x00, 0x00, 0x00, 0x00, 0x1C, 0x00, 0x00, 0x78, 0x00, 0x01, 0xC0,
    0x00, 0xF1, 0xF1, 0xFE, 0x3E, 0x3D, 0xC7, 0xC7, 0x3C, 0xF9, 0xE7, 0xBB, 0xBC, 0xF7, 0x77, 0x8E,
    0xEE, 0xE1, 0xFD, 0xFC, 0x3F, 0xBF, 0x87, 0xE3, 0xF0, 0x7C, 0x7C, 0x0F, 0x8F, 0x81, 0xF1, 0xF0,
    0x00, 0x00, 0x00, 0x00, 0x00, 0x07, 0x00, 0x01, 0xF0, 0x00, 0x1C, 0x00, 0x03, 0x80, 0x0F, 0x00,
    0x0E, 0x00, 0x00, 0x0F, 0x83, 0xCF, 0x0F, 0x0F, 0x1E, 0x1E, 0x78, 0x1E, 0xF0, 0x3F, 0xC0, 0x3F,
    0x80, 0x7E, 0x00, 0x7C, 0x01, 0xF8, 0x07, 0xF8, 0x0F, 0xF0, 0x3C, 0xF0, 0x79, 0xE1, 0xE1, 0xE3,
    0xC3, 0xEF, 0x03, 0xC0, 0x07, 0x00, 0x78, 0x01, 0xC0, 0x00, 0x0F, 0x8F, 0x3C, 0xF8, 0xF7, 0x87,
    0xF8, 0x1F, 0xC0, 0xFC, 0x03, 0xE0, 0x3F, 0x01, 0xFC, 0x1F, 0xF1, 0xF7, 0x8F, 0x1E, 0xF0, 0xF0,
    0x0C, 0xE0, 0x3D, 0xC0, 0x73, 0x80, 0x00, 0x0F, 0x83, 0xCF, 0x0F, 0x0F, 0x1E, 0x1E, 0x78, 0x1E,
    0xF0, 0x3F, 0xC0, 0x3F, 0x80, 0x7E, 0x00, 0x7C, 0x01, 0xF8, 0x07, 0xF8, 0x0F, 0xF0, 0x3C, 0xF0,
    0x79, 0xE1, 0xE1, 0xE3, 0xC3, 0xEF, 0x03, 0xC0, 0x19, 0xC1, 0xEE, 0x0E, 0x70, 0x00, 0x0F, 0x8F,
    0x3C, 0xF8, 0xF7, 0x87, 0xF8, 0x1F, 0xC0, 0xFC, 0x03, 0xE0, 0x3F, 0x01, 0xFC, 0x1F, 0xF1, 0xF7,
    0x8F, 0x1E, 0xF0, 0xF0, 0x07, 0x80, 0x1E, 0x00, 0x78, 0x00, 0x00, 0xF0, 0x7F, 0xE1, 0xE7, 0x87,
    0x9F, 0x3C, 0x3C, 0xF0, 0xF7, 0x81, 0xFE, 0x07, 0xF0, 0x0F, 0xC0, 0x3E, 0x00, 0x78, 0x01, 0xE0,
    0x07, 0x80, 0x1E, 0x00, 0x78, 0x01, 0xE0, 0x07, 0x80, 0x07, 0x00, 0x78, 0x01, 0xC0, 0x00, 0x0F,
    0x07, 0xF8, 0x79, 0xE3, 0xCF, 0x1E, 0x79, 0xE1, 0xEF, 0x0F, 0x78, 0x7F, 0x81, 0xFC, 0x0F, 0xE0,
    0x3E, 0x01, 0xF0, 0x0F, 0x80, 0x78, 0x03, 0xC0, 0x3E, 0x07, 0xE0, 0x3E, 0x01, 0xE0, 0x00, 0x0F,
    0x00, 0x7C, 0x07, 0xF0, 0x71, 0xC0, 0x00, 0x7F, 0xFB, 0xFF, 0xCF, 0xFE, 0x01, 0xE0, 0x1F, 0x00,
    0xF0, 0x0F, 0x80, 0x78, 0x07, 0x80, 0x3C, 0x03, 0xC0, 0x3E, 0x01, 0xE0, 0x1E, 0x00, 0xFF, 0xEF,
    0xFF, 0x7F, 0xF8, 0x1E, 0x07, 0xE0, 0xFE, 0x38, 0xE0, 0x00, 0xFF, 0x9F, 0xF3, 0xFE, 0x07, 0x80,
    0xF0, 0x3C, 0x0F, 0x01, 0xE0, 0x78, 0x1E, 0x03, 0xFE, 0xFF, 0xDF, 0xF8, 0xFF, 0xF7, 0xFF, 0x9F,
    0xFC, 0x03, 0xC0, 0x3E, 0x01, 0xE0, 0x1F, 0x00, 0xF0, 0x0F, 0x00, 0x78, 0x07, 0x80, 0x7C, 0x03,
    0xC0, 0x3C, 0x01, 0xFF, 0xDF, 0xFE, 0xFF, 0xF0, 0x00, 0x00, 0x00, 0x0E, 0x00, 0x78, 0x03, 0x80,
    0x7F, 0xCF, 0xF9, 0xFF, 0x03, 0xC0, 0x78, 0x1E, 0x07, 0x80, 0xF0, 0x3C, 0x0F, 0x01, 0xFF, 0x7F,
    0xEF, 0xFC, 0x00, 0x00, 0x00, 0x70, 0x1E, 0x01, 0xC0, 0xFF, 0xF7, 0xFF, 0x9F, 0xFC, 0x03, 0xC0,
    0x3E, 0x01, 0xE0, 0x1F, 0x00, 0xF0, 0x0F, 0x00, 0x78, 0x07, 0x80, 0x7C, 0x03, 0xC0, 0x3C, 0x01,
    0xFF, 0xDF, 0xFE, 0xFF, 0xF0, 0x00, 0x00, 0x00, 0x7F, 0x83, 0xFC, 0x1F, 0xE0, 0x7F, 0xCF, 0xF9,
    0xFF, 0x03, 0xC0, 0x78, 0x1E, 0x07, 0x80, 0xF0, 0x3C, 0x0F, 0x01, 0xFF, 0x7F, 0xEF, 0xFC, 0x00,
    0x00, 0x03, 0xFC, 0x7F, 0x8F, 0xF0, 0x78, 0x01, 0xE0, 0x07, 0x80, 0x1E, 0x00, 0x78, 0x01, 0xEF,
    0x87, 0xFF, 0x1F, 0xFE, 0x7C, 0x79, 0xF1, 0xE7, 0x87, 0x9E, 0x1E, 0x78, 0x79, 0xE1, 0xE7, 0x87,
    0x9E, 0x1E, 0x78, 0x79, 0xE1, 0xE0, 0x00, 0x00, 0x00, 0x1F, 0xE0, 0x7F, 0x81, 0xFE, 0x00, 0x67,
    0x7B, 0xB9, 0xC0, 0x01, 0x80, 0xE0, 0xF0, 0xFF, 0xFF, 0xFF, 0xCF, 0x07, 0x83, 0xC1, 0xE0, 0xF0,
    0x78, 0x3C, 0x1F, 0xCF, 0xE3, 0xF0, 0x00, 0xE0, 0x00, 0x3E, 0x00, 0x0E, 0xE0, 0x01, 0xDC, 0x00,
    0x1F, 0x00, 0x03, 0xC0, 0x00, 0x00, 0x07, 0x8F, 0x8F, 0xF1, 0xF1, 0xEE, 0x3E, 0x39, 0xE7, 0xCF,
    0x3D, 0xDD, 0xE7, 0xBB, 0xBC, 0x77, 0x77, 0x0F, 0xEF, 0xE1, 0xFD, 0xFC, 0x3F, 0x1F, 0x83, 0xE3,
    0xE0, 0x7C, 0x7C, 0x0F, 0x8F, 0x80, 0x0F, 0x00, 0x7C, 0x07, 0x60, 0x3B, 0x00, 0xF8, 0x07, 0x80,
    0x00, 0x1E, 0x0F, 0xF0, 0xF3, 0xC7, 0x9E, 0x3C, 0xF3, 0xC3, 0xDE, 0x1E, 0xF0, 0xFF, 0x03, 0xF8,
    0x1F, 0xC0, 0x7C, 0x03, 0xE0, 0x1F, 0x00, 0xF0, 0x07, 0x80, 0x7C, 0x0F, 0xC0, 0x7C, 0x03, 0xC0,
    0x00, 0x00, 0x18, 0x00, 0x38, 0x00, 0x30, 0x00, 0x60, 0x01, 0xC0, 0x03, 0x07, 0xF0, 0x1F, 0xF0,
    0x3F, 0xF0, 0x21, 0xE0, 0x03, 0xC0, 0xFF, 0x87, 0xFF, 0x0F, 0x9E, 0x1E, 0x3C, 0x3C, 0xF8, 0x7F,
    0xF0, 0xFF, 0xE0, 0xF9, 0xC0, 0x0F, 0x07, 0x83, 0xC3, 0xF3, 0xF9, 0xFC, 0xF0, 0x70, 0x38, 0x1C,
    0x0E, 0x07, 0x03, 0x81, 0xC0, 0xE0, 0x70, 0x38, 0x1C, 0x0E, 0x07, 0x03, 0x80, 0x0F, 0xC7, 0xF1,
    0xFC, 0x78, 0x1C, 0x07, 0x01, 0xF8, 0x7E, 0x3F, 0x9F, 0x87, 0xC0, 0xF0, 0x1C, 0x07, 0x01, 0xC0,
    0x70, 0x1C, 0x07, 0x00, 0x1F, 0x9F, 0xCF, 0xE7, 0x8F, 0xF7, 0xFB, 0xFC, 0x70, 0x38, 0x1C, 0x0E,
    0x07, 0x03, 0x81, 0xC0, 0xE0, 0x70, 0x38, 0x1C, 0x00, 0x07, 0xF0, 0x0F, 0xFC, 0x07, 0xFF, 0x07,
    0x87, 0xC3, 0xC3, 0xE1, 0xE1, 0xE0, 0xF1, 0xE0, 0x79, 0xF8, 0x3C, 0xFE, 0x1E, 0x3F, 0x8F, 0x03,
    0xC7, 0x81, 0xE3, 0xC0, 0xF1, 0xF0, 0x78, 0xFF, 0xFC, 0x7F, 0xFC, 0x3D, 0xFC, 0x00, 0x0F, 0xE0,
    0x7F, 0xC3, 0xFF, 0x0F, 0x18, 0x3C, 0x00, 0x78, 0x01, 0xF8, 0x03, 0xF0, 0x3F, 0xE0, 0xF7, 0xC7,
    0x8F, 0x1E, 0x1E, 0x70, 0x79, 0xE1, 0xE7, 0x8F, 0x1F, 0xFC, 0x3F, 0xE0, 0x7F, 0x00, 0x07, 0xC0,
    0x07, 0xC0, 0x0F, 0xE0, 0x0F, 0xE0, 0x0E, 0xE0, 0x1E, 0xF0, 0x1E, 0xF0, 0x1E, 0x70, 0x3C, 0x78,
    0x3C, 0x78, 0x3F, 0xF8, 0x7F, 0xFC, 0x7F, 0xFC, 0x78, 0x3C, 0x78, 0x3E, 0xF0, 0x1E, 0xF0, 0x1E,
    0x00, 0x00, 0x00, 0x00, 0x03, 0x80, 0x07, 0xC0, 0x03, 0x80, 0x1F, 0xC1, 0xFF, 0x0F, 0xFC, 0x21,
    0xE0, 0x0F, 0x0F, 0xF9, 0xFF, 0xCF, 0x9E, 0x78, 0xF3, 0xCF, 0x9F, 0xFC, 0xFF, 0xE3, 0xE7, 0x00,
    0x00, 0x00, 0x00, 0xE0, 0x0F, 0x00, 0x38, 0x00, 0x07, 0xC0, 0x07, 0xC0, 0x01, 0xE0, 0x01, 0xC0,
    0x03, 0x80, 0x03, 0x00, 0x00, 0x00, 0x07, 0xC0, 0x07, 0xC0, 0x0F, 0xE0, 0x0F, 0xE0, 0x0E, 0xE0,
    0x1E, 0xF0, 0x1E, 0xF0, 0x1E, 0x70, 0x3C, 0x78, 0x3C, 0x78, 0x3F, 0xF8, 0x7F, 0xFC, 0x7F, 0xFC,
    0x78, 0x3C, 0x78, 0x3E, 0xF0, 0x1E, 0xF0, 0x1E, 0x0F, 0x80, 0x7C, 0x00, 0xF0, 0x07, 0x00, 0x78,
    0x01, 0x80, 0x00, 0x03, 0xF8, 0x3F, 0xE1, 0xFF, 0x84, 0x3C, 0x01, 0xE1, 0xFF, 0x3F, 0xF9, 0xF3,
    0xCF, 0x1E, 0x79, 0xF3, 0xFF, 0x9F, 0xFC, 0x7C, 0xE0, 0x00, 0x0E, 0x03, 0xDC, 0x07, 0xF8, 0x0F,
    0xE0, 0x1C, 0x70, 0x00, 0x00, 0x07, 0xC0, 0x07, 0xC0, 0x0F, 0xE0, 0x0F, 0xE0, 0x0E, 0xE0, 0x1E,
    0xF0, 0x1E, 0xF0, 0x1E, 0x70, 0x3C, 0x78, 0x3C, 0x78, 0x3F, 0xF8, 0x7F, 0xFC, 0x7F, 0xFC, 0x78,
    0x3C, 0x78, 0x3E, 0xF0, 0x1E, 0xF0, 0x1E, 0x00, 0x1C, 0x3E, 0xE0, 0xFF, 0x07, 0xF0, 0x38, 0xE0,
    0x00, 0x01, 0xFC, 0x0F, 0xF8, 0x3F, 0xF0, 0x43, 0xC0, 0x0F, 0x07, 0xFC, 0x7F, 0xF1, 0xF3, 0xC7,
    0x8F, 0x1E, 0x7C, 0x7F, 0xF1, 0xFF, 0xC3, 0xE7, 0x00, 0xF0, 0x00, 0x73, 0xC0, 0x3F, 0xC0, 0x0F,
    0xE0, 0x1C, 0x70, 0x00, 0x00, 0x07, 0xC0, 0x07, 0xC0, 0x0F, 0xE0, 0x0F, 0xE0, 0x0E, 0xE0, 0x1E,
    0xF0, 0x1E, 0xF0, 0x1E, 0x70, 0x3C, 0x78, 0x3C, 0x78, 0x3F, 0xF8, 0x7F, 0xFC, 0x7F, 0xFC, 0x78,
    0x3C, 0x78, 0x3E, 0xF0, 0x1E, 0xF0, 0x1E, 0xF0, 0x01, 0xDF, 0x03, 0xFC, 0x03, 0xF8, 0x0C, 0x70,
    0x00, 0x00, 0xFE, 0x07, 0xFC, 0x1F, 0xF8, 0x21, 0xE0, 0x07, 0x83, 0xFE, 0x3F, 0xF8, 0xF9, 0xE3,
    0xC7, 0x8F, 0x3E, 0x3F, 0xF8, 0xFF, 0xE1, 0xF3, 0x80, 0x00, 0x3C, 0x00, 0x1C, 0x00, 0x0C, 0x07,
    0xD8, 0x0F, 0xE0, 0x0C, 0x70, 0x00, 0x00, 0x07, 0xC0, 0x07, 0xC0, 0x0F, 0xE0, 0x0F, 0xE0, 0x0E,
    0xE0, 0x1E, 0xF0, 0x1E, 0xF0, 0x1E, 0x70, 0x3C, 0x78, 0x3C, 0x78, 0x3F, 0xF8, 0x7F, 0xFC, 0x7F,
    0xFC, 0x78, 0x3C, 0x78, 0x3E, 0xF0, 0x1E, 0xF0, 0x1E, 0x00, 0x78, 0x00, 0xE0, 0xFB, 0x83, 0xF0,
    0x1D, 0xC0, 0x63, 0x80, 0x00, 0x07, 0xF0, 0x3F, 0xE0, 0xFF, 0xC1, 0x0F, 0x00, 0x3C, 0x1F, 0xF1,
    0xFF, 0xC7, 0xCF, 0x1E, 0x3C, 0x79, 0xF1, 0xFF, 0xC7, 0xFF, 0x0F, 0x9C, 0x07, 0x30, 0x0F, 0xE0,
    0x1D, 0xE0, 0x03, 0x80, 0x07, 0xC0, 0x0F, 0xE0, 0x1C, 0x70, 0x00, 0x00, 0x07, 0xC0, 0x07, 0xC0,
    0x0F, 0xE0, 0x0F, 0xE0, 0x0E, 0xE0, 0x1E, 0xF0, 0x1E, 0xF0, 0x1E, 0x70, 0x3C, 0x78, 0x3C, 0x78,
    0x3F, 0xF8, 0x7F, 0xFC, 0x7F, 0xFC, 0x78, 0x3C, 0x78, 0x3E, 0xF0, 0x1E, 0xF0, 0x1E, 0x0E, 0x60,
    0xFF, 0x06, 0xF0, 0x0F, 0x00, 0xF8, 0x0E, 0xE0, 0x63, 0x80, 0x00, 0x1F, 0xC1, 0xFF, 0x0F, 0xFC,
    0x21, 0xE0, 0x0F, 0x0F, 0xF9, 0xFF, 0xCF, 0x9E, 0x78, 0xF3, 0xCF, 0x9F, 0xFC, 0xFF, 0xE3, 0xE7,
    0x00, 0x03, 0xC0, 0x07, 0xC0, 0x0F, 0xE0, 0x1C, 0x70, 0x00, 0x00, 0x07, 0xC0, 0x07, 0xC0, 0x0F,
    0xE0, 0x0F, 0xE0, 0x0E, 0xE0, 0x1E, 0xF0, 0x1E, 0xF0, 0x1E, 0x70, 0x3C, 0x78, 0x3C, 0x78, 0x3F,
    0xF8, 0x7F, 0xFC, 0x7F, 0xFC, 0x78, 0x3C, 0x78, 0x3E, 0xF0, 0x1E, 0xF0, 0x1E, 0x00, 0x00, 0x00,
    0x00, 0x03, 0x80, 0x07, 0xC0, 0x03, 0x80, 0x07, 0x80, 0x7E, 0x07, 0xF0, 0x71, 0xC0, 0x00, 0x0F,
    0xE0, 0xFF, 0x87, 0xFE, 0x10, 0xF0, 0x07, 0x87, 0xFC, 0xFF, 0xE7, 0xCF, 0x3C, 0x79, 0xE7, 0xCF,
    0xFE, 0x7F, 0xF1, 0xF3, 0x80, 0x00, 0x00, 0x00, 0x70, 0x07, 0x80, 0x1C, 0x00, 0x01, 0xC0, 0x01,
    0xC0, 0x0F, 0xB0, 0x0C, 0x70, 0x0F, 0xE0, 0x07, 0xC0, 0x00, 0x00, 0x07, 0xC0, 0x07, 0xC0, 0x0F,
    0xE0, 0x0F, 0xE0, 0x0E, 0xE0, 0x1E, 0xF0, 0x1E, 0xF0, 0x1E, 0x70, 0x3C, 0x78, 0x3C, 0x78, 0x3F,
    0xF8, 0x7F, 0xFC, 0x7F, 0xFC, 0x78, 0x3C, 0x78, 0x3E, 0xF0, 0x1E, 0xF0, 0x1E, 0x03, 0x80, 0x1C,
    0x0F, 0xF8, 0x39, 0x81, 0xFC, 0x07, 0xC0, 0x00, 0x03, 0xF8, 0x3F, 0xE1, 0xFF, 0x84, 0x3C, 0x01,
    0xE1, 0xFF, 0x3F, 0xF9, 0xF3, 0xCF, 0x1E, 0x78, 0xF3, 0xFF, 0x9F, 0xFC, 0x7C, 0xE0, 0x07, 0x00,
    0x07, 0x00, 0x0F, 0xB0, 0x0C, 0x70, 0x0F, 0xE0, 0x07, 0xC0, 0x00, 0x00, 0x07, 0xC0, 0x07, 0xC0,
    0x0F, 0xE0, 0x0F, 0xE0, 0x0E, 0xE0, 0x1E, 0xF0, 0x1E, 0xF0, 0x1E, 0x70, 0x3C, 0x78, 0x3C, 0x78,
    0x3F, 0xF8, 0x7F, 0xFC, 0x7F, 0xFC, 0x78, 0x3C, 0x78, 0x3E, 0xF0, 0x1E, 0xF0, 0x1E, 0x0E, 0x00,
    0x70, 0x0F, 0xF8, 0x39, 0x81, 0xFC, 0x07, 0xC0, 0x00, 0x03, 0xF8, 0x3F, 0xE1, 0xFF, 0x84, 0x3C,
    0x01, 0xE1, 0xFF, 0x3F, 0xF9, 0xF3, 0xCF, 0x1E, 0x78, 0xF3, 0xFF, 0x9F, 0xFC, 0x7C, 0xE0, 0x03,
    0x80, 0x01, 0xC0, 0x0B, 0xA0, 0x0D, 0x70, 0x0F, 0xE0, 0x07, 0xC0, 0x00, 0x00, 0x07, 0xC0, 0x07,
    0xC0, 0x0F, 0xE0, 0x0F, 0xE0, 0x0E, 0xE0, 0x1E, 0xF0, 0x1E, 0xF0, 0x1E, 0x70, 0x3C, 0x78, 0x3C,
    0x78, 0x3F, 0xF8, 0x7F, 0xFC, 0x7F, 0xFC, 0x78, 0x3C, 0x78, 0x3E, 0xF0, 0x1E, 0xF0, 0x1E, 0x07,
    0x00, 0x1C, 0x00, 0xC0, 0x7F, 0xC1, 0xCC, 0x0F, 0xE0, 0x3E, 0x00, 0x00, 0x1F, 0xC1, 0xFF, 0x0F,
    0xFC, 0x21, 0xE0, 0x0F, 0x0F, 0xF9, 0xFF, 0xCF, 0x9E, 0x78, 0xF3, 0xC7, 0x9F, 0xFC, 0xFF, 0xE3,
    0xE7, 0x00, 0x07, 0x30, 0x0F, 0xF0, 0x0D, 0xE0, 0x08, 0x20, 0x0C, 0x70, 0x0F, 0xE0, 0x07, 0xC0,
    0x00, 0x00, 0x07, 0xC0, 0x07, 0xC0, 0x0F, 0xE0, 0x0F, 0xE0, 0x0E, 0xE0, 0x1E, 0xF0, 0x1E, 0xF0,
    0x1E, 0x70, 0x3C, 0x78, 0x3C, 0x78, 0x3F, 0xF8, 0x7F, 0xFC, 0x7F, 0xFC, 0x78, 0x3C, 0x78, 0x3E,
    0xF0, 0x1E, 0xF0, 0x1E, 0x0E, 0x60, 0xFF, 0x06, 0xF0, 0x30, 0xC1, 0xCE, 0x0F, 0xE0, 0x3E, 0x00,
    0x00, 0x1F, 0xC1, 0xFF, 0x0F, 0xFC, 0x21, 0xE0, 0x0F, 0x0F, 0xF9, 0xFF, 0xCF, 0x9E, 0x78, 0xF3,
    0xC7, 0x9F, 0xFC, 0xFF, 0xE3, 0xE7, 0x00, 0x1C, 0x70, 0x1F, 0xF0, 0x0F, 0xE0, 0x07, 0xC0, 0x00,
    0x00, 0x07, 0xC0, 0x07, 0xC0, 0x0F, 0xE0, 0x0F, 0xE0, 0x0E, 0xE0, 0x1E, 0xF0, 0x1E, 0xF0, 0x1E,
    0x70, 0x3C, 0x78, 0x3C, 0x78, 0x3F, 0xF8, 0x7F, 0xFC, 0x7F, 0xFC, 0x78, 0x3C, 0x78, 0x3E, 0xF0,
    0x1E, 0xF0, 0x1E, 0x00, 0x00, 0x00, 0x00, 0x03, 0x80, 0x07, 0xC0, 0x03, 0x80, 0x38, 0xE0, 0xFF,
    0x07, 0xF0, 0x1F, 0x00, 0x00, 0x0F, 0xE0, 0xFF, 0x87, 0xFE, 0x10, 0xF0, 0x07, 0x87, 0xFC, 0xFF,
    0xE7, 0xCF, 0x3C, 0x79, 0xE7, 0xCF, 0xFE, 0x7F, 0xF1, 0xF3, 0x80, 0x00, 0x00, 0x00, 0xF0, 0x07,
    0x80, 0x3C, 0x00, 0x3F, 0xE3, 0xFE, 0x3F, 0xE3, 0xC0, 0x3C, 0x03, 0xC0, 0x3C, 0x03, 0xFE, 0x3F,
    0xE3, 0xFE, 0x3C, 0x03, 0xC0, 0x3C, 0x03, 0xC0, 0x3F, 0xE3, 0xFE, 0x3F, 0xE0, 0x00, 0x00, 0x00,
    0x70, 0x0F, 0x80, 0x70, 0x0F, 0xC1, 0xFF, 0x0F, 0xFC, 0xF1, 0xE7, 0x87, 0x3F, 0xF9, 0xFF, 0xCF,
    0xFE, 0x78, 0x03, 0xC0, 0x0F, 0xFC, 0x3F, 0xE0, 0xFE, 0x00, 0x00, 0x00, 0x00, 0xE0, 0x07, 0x80,
    0x38, 0x00, 0x0F, 0x00, 0xF8, 0x03, 0x80, 0x38, 0x07, 0x00, 0x60, 0x00, 0x03, 0xFE, 0x3F, 0xE3,
    0xFE, 0x3C, 0x03, 0xC0, 0x3C, 0x03, 0xC0, 0x3F, 0xE3, 0xFE, 0x3F, 0xE3, 0xC0, 0x3C, 0x03, 0xC0,
    0x3C, 0x03, 0xFE, 0x3F, 0xE3, 0xFE, 0x0F, 0x80, 0x7E, 0x00, 0xF0, 0x07, 0x80, 0x78, 0x03, 0x80,
    0x00, 0x01, 0xF8, 0x3F, 0xE1, 0xFF, 0x9E, 0x3C, 0xF0, 0xE7, 0xFF, 0x3F, 0xF9, 0xFF, 0xCF, 0x00,
    0x78, 0x01, 0xFF, 0x87, 0xFC, 0x1F, 0xC0, 0x1E, 0x63, 0xFE, 0x3F, 0xE3, 0x3C, 0x00, 0x03, 0xFE,
    0x3F, 0xE3, 0xFE, 0x3C, 0x03, 0xC0, 0x3C, 0x03, 0xC0, 0x3F, 0xE3, 0xFE, 0x3F, 0xE3, 0xC0, 0x3C,
    0x03, 0xC0, 0x3C, 0x03, 0xFE, 0x3F, 0xE3, 0xFE, 0x1E, 0x60, 0xFF, 0x0F, 0xF8, 0x67, 0x80, 0x00,
    0x07, 0xE0, 0xFF, 0x87, 0xFE, 0x78, 0xF3, 0xC3, 0x9F, 0xFC, 0xFF, 0xE7, 0xFF, 0x3C, 0x01, 0xE0,
    0x07, 0xFE, 0x1F, 0xF0, 0x7F, 0x00, 0x00, 0x3C, 0x3C, 0xE0, 0xFF, 0x07, 0x70, 0x38, 0xE0, 0x00,
    0x03, 0xFE, 0x0F, 0xF8, 0x3F, 0xE0, 0xF0, 0x03, 0xC0, 0x0F, 0x00, 0x3C, 0x00, 0xFF, 0x83, 0xFE,
    0x0F, 0xF8, 0x3C, 0x00, 0xF0, 0x03, 0xC0, 0x0F, 0x00, 0x3F, 0xE0, 0xFF, 0x83, 0xFE, 0x00, 0x00,
    0x1C, 0x3E, 0xE0, 0xFF, 0x07, 0xF0, 0x18, 0xE0, 0x00, 0x00, 0xFC, 0x0F, 0xF8, 0x3F, 0xF1, 0xE3,
    0xC7, 0x87, 0x1F, 0xFC, 0x7F, 0xF1, 0xFF, 0xC7, 0x80, 0x1E, 0x00, 0x3F, 0xF0, 0x7F, 0xC0, 0xFE,
    0x00, 0xE0, 0x03, 0x9E, 0x0F, 0xF0, 0x1D, 0xC1, 0xC7, 0x00, 0x00, 0x7F, 0xC3, 0xFE, 0x1F, 0xF0,
    0xF0, 0x07, 0x80, 0x3C, 0x01, 0xE0, 0x0F, 0xF8, 0x7F, 0xC3, 0xFE, 0x1E, 0x00, 0xF0, 0x07, 0x80,
    0x3C, 0x01, 0xFF, 0x0F, 0xF8, 0x7F, 0xC0, 0xF0, 0x01, 0xDF, 0x03, 0xFE, 0x03, 0xF8, 0x0C, 0x70,
    0x00, 0x00, 0x7E, 0x07, 0xFC, 0x1F, 0xF8, 0xF1, 0xE3, 0xC3, 0x8F, 0xFE, 0x3F, 0xF8, 0xFF, 0xE3,
    0xC0, 0x0F, 0x00, 0x1F, 0xF8, 0x3F, 0xE0, 0x7F, 0x00, 0x00, 0x70, 0x01, 0xC0, 0x06, 0x1F, 0x61,
    0xFC, 0x1C, 0x60, 0x00, 0x07, 0xFC, 0x3F, 0xE1, 0xFF, 0x0F, 0x00, 0x78, 0x03, 0xC0, 0x1E, 0x00,
    0xFF, 0x87, 0xFC, 0x3F, 0xE1, 0xE0, 0x0F, 0x00, 0x78, 0x03, 0xC0, 0x1F, 0xF0, 0xFF, 0x87, 0xFC,
    0x00, 0x78, 0x00, 0xE0, 0xFB, 0x83, 0xF0, 0x1D, 0xC0, 0x63, 0x80, 0x00, 0x03, 0xF0, 0x3F, 0xE0,
    0xFF, 0xC7, 0x8F, 0x1E, 0x1C, 0x7F, 0xF1, 0xFF, 0xC7, 0xFF, 0x1E, 0x00, 0x78, 0x00, 0xFF, 0xC1,
    0xFF, 0x03, 0xF8, 0x0E, 0x61, 0xFC, 0x3B, 0xC0, 0x70, 0x0F, 0x81, 0xFC, 0x38, 0xE0, 0x00, 0x3F,
    0xE3, 0xFE, 0x3F, 0xE3, 0xC0, 0x3C, 0x03, 0xC0, 0x3C, 0x03, 0xFE, 0x3F, 0xE3, 0xFE, 0x3C, 0x03,
    0xC0, 0x3C, 0x03, 0xC0, 0x3F, 0xE3, 0xFE, 0x3F, 0xE0, 0x1E, 0x60, 0xFF, 0x04, 0x70, 0x0F, 0x00,
    0xF8, 0x0E, 0xE0, 0x61, 0x80, 0x00, 0x0F, 0xC1, 0xFF, 0x0F, 0xFC, 0xF1, 0xE7, 0x87, 0x3F, 0xF9,
    0xFF, 0xCF, 0xFE, 0x78, 0x03, 0xC0, 0x0F, 0xFC, 0x3F, 0xE0, 0xFE, 0x00, 0x07, 0x80, 0xF8, 0x1F,
    0xC3, 0x8E, 0x00, 0x03, 0xFE, 0x3F, 0xE3, 0xFE, 0x3C, 0x03, 0xC0, 0x3C, 0x03, 0xC0, 0x3F, 0xE3,
    0xFE, 0x3F, 0xE3, 0xC0, 0x3C, 0x03, 0xC0, 0x3C, 0x03, 0xFE, 0x3F, 0xE3, 0xFE, 0x00, 0x00, 0x00,
    0x07, 0x00, 0xF8, 0x07, 0x00, 0x07, 0x80, 0x7C, 0x07, 0xF0, 0x71, 0xC0, 0x00, 0x07, 0xE0, 0xFF,
    0x87, 0xFE, 0x78, 0xF3, 0xC3, 0x9F, 0xFC, 0xFF, 0xE7, 0xFF, 0x3C, 0x01, 0xE0, 0x07, 0xFE, 0x1F,
    0xF0, 0x7F, 0x00, 0x00, 0x00, 0x00, 0x70, 0x07, 0xC0, 0x1C, 0x00, 0x3E, 0x1F, 0x03, 0x83, 0xC1,
    0xC0, 0x03, 0xFC, 0xFE, 0x7E, 0x1E, 0x0F, 0x07, 0x83, 0xC1, 0xE0, 0xF0, 0x78, 0x3C, 0x1E, 0x0F,
    0x07, 0x87, 0xE3, 0xFB, 0xFC, 0x7C, 0xF8, 0x71, 0xE3, 0x80, 0x1E, 0x3C, 0x78, 0xF1, 0xE3, 0xC7,
    0x8F, 0x1E, 0x3C, 0x78, 0xF1, 0xE0, 0xFF, 0x3F, 0x9F, 0x87, 0x83, 0xC1, 0xE0, 0xF0, 0x78, 0x3C,
    0x1E, 0x0F, 0x07, 0x83, 0xC1, 0xE1, 0xF8, 0xFE, 0xFF, 0x00, 0x00, 0x03, 0x83, 0xC0, 0xE0, 0x38,
    0xF0, 0xE0, 0x00, 0x0F, 0x1E, 0x3C, 0x78, 0xF1, 0xE3, 0xC7, 0x8F, 0x1E, 0x3C, 0x78, 0xF0, 0x00,
    0x03, 0x8F, 0x0E, 0x00, 0x07, 0xF0, 0x07, 0xFE, 0x07, 0xFF, 0x87, 0xC3, 0xC3, 0xC1, 0xF3, 0xE0,
    0x79, 0xE0, 0x3C, 0xF0, 0x1E, 0x78, 0x0F, 0x3C, 0x07, 0x9E, 0x03, 0xCF, 0x81, 0xE3, 0xC1, 0xF1,
    0xF0, 0xF0, 0x7F, 0xF8, 0x1F, 0xF8, 0x07, 0xF0, 0x00, 0x00, 0x00, 0x00, 0x00, 0x38, 0x00, 0x1E,
    0x00, 0x0E, 0x00, 0x0F, 0xC0, 0xFF, 0x83, 0xFF, 0x1E, 0x3C, 0x78, 0x79, 0xE1, 0xE7, 0x87, 0x9E,
    0x1E, 0x78, 0x79, 0xF3, 0xC3, 0xFF, 0x07, 0xF8, 0x0F, 0xC0, 0x00, 0x00, 0x00, 0x01, 0xE0, 0x07,
    0x80, 0x1E, 0x00, 0x03, 0xE0, 0x01, 0xF0, 0x00, 0x3C, 0x00, 0x1E, 0x00, 0x1E, 0x00, 0x0E, 0x00,
    0x00, 0x00, 0x0F, 0xE0, 0x0F, 0xFC, 0x0F, 0xFF, 0x0F, 0x87, 0x87, 0x83, 0xE7, 0xC0, 0xF3, 0xC0,
    0x79, 0xE0, 0x3C, 0xF0, 0x1E, 0x78, 0x0F, 0x3C, 0x07, 0x9F, 0x03, 0xC7, 0x83, 0xE3, 0xE1, 0xE0,
    0xFF, 0xF0, 0x3F, 0xF0, 0x0F, 0xE0, 0x07, 0x80, 0x3F, 0x00, 0x1C, 0x00, 0xF0, 0x07, 0x80, 0x0C,
    0x00, 0x00, 0x03, 0xF0, 0x3F, 0xE0, 0xFF, 0xC7, 0x8F, 0x1E, 0x1E, 0x78, 0x79, 0xE1, 0xE7, 0x87,
    0x9E, 0x1E, 0x7C, 0xF0, 0xFF, 0xC1, 0xFE, 0x03, 0xF0, 0x00, 0x07, 0x01, 0xF7, 0x00, 0xFF, 0x00,
    0xFE, 0x00, 0xE3, 0x80, 0x00, 0x00, 0x1F, 0xC0, 0x1F, 0xF8, 0x1F, 0xFE, 0x1F, 0x0F, 0x0F, 0x07,
    0xCF, 0x81, 0xE7, 0x80, 0xF3, 0xC0, 0x79, 0xE0, 0x3C, 0xF0, 0x1E, 0x78, 0x0F, 0x3E, 0x07, 0x8F,
    0x07, 0xC7, 0xC3, 0xC1, 0xFF, 0xE0, 0x7F, 0xE0, 0x1F, 0xC0, 0x00, 0x1C, 0x1F, 0x70, 0x3F, 0xC0,
    0xFE, 0x01, 0x8E, 0x00, 0x00, 0x03, 0xF0, 0x1F, 0xF0, 0x3F, 0xF0, 0xF1, 0xE1, 0xE1, 0xE3, 0xC3,
    0xC7, 0x87, 0x8F, 0x0F, 0x1E, 0x1E, 0x3E, 0x78, 0x3F, 0xF0, 0x3F, 0xC0, 0x3F, 0x00, 0x78, 0x00,
    0x1C, 0xF0, 0x07, 0xF8, 0x00, 0xFE, 0x00, 0xE3, 0x80, 0x00, 0x00, 0x1F, 0xC0, 0x1F, 0xF8, 0x1F,
    0xFE, 0x1F, 0x0F, 0x0F, 0x07, 0xCF, 0x81, 0xE7, 0x80, 0xF3, 0xC0, 0x79, 0xE0, 0x3C, 0xF0, 0x1E,
    0x78, 0x0F, 0x3E, 0x07, 0x8F, 0x07, 0xC7, 0xC3, 0xC1, 0xFF, 0xE0, 0x7F, 0xE0, 0x1F, 0xC0, 0x70,
    0x00, 0xEF, 0x80, 0xFF, 0x80, 0x7F, 0x00, 0xC7, 0x00, 0x00, 0x01, 0xF8, 0x0F, 0xF8, 0x1F, 0xF8,
    0x78, 0xF0, 0xF0, 0xF1, 0xE1, 0xE3, 0xC3, 0xC7, 0x87, 0x8F, 0x0F, 0x1F, 0x3C, 0x1F, 0xF8, 0x1F,
    0xE0, 0x1F, 0x80, 0x00, 0x1E, 0x00, 0x07, 0x00, 0xFB, 0x00, 0x7C, 0x00, 0x77, 0x00, 0x71, 0xC0,
    0x00, 0x00, 0x0F, 0xE0, 0x0F, 0xFC, 0x0F, 0xFF, 0x0F, 0x87, 0x87, 0x83, 0xE7, 0xC0, 0xF3, 0xC0,
    0x79, 0xE0, 0x3C, 0xF0, 0x1E, 0x78, 0x0F, 0x3C, 0x07, 0x9F, 0x03, 0xC7, 0x83, 0xE3, 0xE1, 0xE0,
    0xFF, 0xF0, 0x3F, 0xF0, 0x0F, 0xE0, 0x00, 0x78, 0x00, 0x60, 0xFB, 0x83, 0xF0, 0x1D, 0xC0, 0x63,
    0x80, 0x00, 0x03, 0xF0, 0x3F, 0xE0, 0xFF, 0xC7, 0x8F, 0x1E, 0x1E, 0x78, 0x79, 0xE1, 0xE7, 0x87,
    0x9E, 0x1E, 0x7C, 0xF0, 0xFF, 0xC1, 0xFE, 0x03, 0xF0, 0x03, 0x98, 0x03, 0xFC, 0x01, 0xBC, 0x00,
    0x38, 0x00, 0x3E, 0x00, 0x3F, 0x80, 0x18, 0xE0, 0x00, 0x00, 0x07, 0xF0, 0x07, 0xFE, 0x07, 0xFF,
    0x87, 0xC3, 0xC3, 0xC1, 0xF3, 0xE0, 0x79, 0xE0, 0x3C, 0xF0, 0x1E, 0x78, 0x0F, 0x3C, 0x07, 0x9E,
    0x03, 0xCF, 0x81, 0xE3, 0xC1, 0xF1, 0xF0, 0xF0, 0x7F, 0xF8, 0x1F, 0xF8, 0x07, 0xF0, 0x00, 0x0F,
    0x60, 0x7F, 0x81, 0x9C, 0x01, 0xE0, 0x0F, 0xC0, 0x77, 0x01, 0x86, 0x00, 0x00, 0x0F, 0xC0, 0xFF,
    0x83, 0xFF, 0x1E, 0x3C, 0x78, 0x79, 0xE1, 0xE7, 0x87, 0x9E, 0x1E, 0x78, 0x79, 0xF3, 0xC3, 0xFF,
    0x07, 0xF8, 0x0F, 0xC0, 0x01, 0xE0, 0x01, 0xF8, 0x01, 0xFC, 0x01, 0xC7, 0x00, 0x00, 0x00, 0x3F,
    0x80, 0x3F, 0xF0, 0x3F, 0xFC, 0x3E, 0x1E, 0x1E, 0x0F, 0x9F, 0x03, 0xCF, 0x01, 0xE7, 0x80, 0xF3,
    0xC0, 0x79, 0xE0, 0x3C, 0xF0, 0x1E, 0x7C, 0x0F, 0x1E, 0x0F, 0x8F, 0x87, 0x83, 0xFF, 0xC0, 0xFF,
    0xC0, 0x3F, 0x80, 0x00, 0x00, 0x00, 0x00, 0x01, 0xC0, 0x00, 0xF0, 0x00, 0x70, 0x00, 0x07, 0x80,
    0x3F, 0x01, 0xFE, 0x0F, 0x38, 0x00, 0x00, 0x3F, 0x03, 0xFE, 0x0F, 0xFC, 0x78, 0xF1, 0xE1, 0xE7,
    0x87, 0x9E, 0x1E, 0x78, 0x79, 0xE1, 0xE7, 0xCF, 0x0F, 0xFC, 0x1F, 0xE0, 0x3F, 0x00, 0x00, 0x00,
    0x00, 0x07, 0x80, 0x1E, 0x00, 0x78, 0x00, 0x00, 0x78, 0x00, 0x1F, 0x00, 0x03, 0x80, 0x00, 0xE0,
    0x00, 0x00, 0x1E, 0x0F, 0xE3, 0xC3, 0xFF, 0xF0, 0xFF, 0xFE, 0x3E, 0x1F, 0x87, 0x83, 0xE1, 0xF0,
    0x3C, 0x3C, 0x07, 0x87, 0x80, 0xF0, 0xF0, 0x1E, 0x1E, 0x03, 0xC3, 0xC0, 0x78, 0x7C, 0x0F, 0x07,
    0x83, 0xE0, 0xF8, 0x78, 0x0F, 0xFF, 0x00, 0xFF, 0xC0, 0x0F, 0xE0, 0x00, 0x01, 0xE0, 0x01, 0xF0,
    0x00, 0xF0, 0x00, 0xE1, 0xE0, 0x00, 0xF0, 0x7E, 0x78, 0xFF, 0xF8, 0x7F, 0xFC, 0x78, 0xF8, 0x3C,
    0x3C, 0x1E, 0x1E, 0x0F, 0x0F, 0x07, 0x87, 0x83, 0xC3, 0xC1, 0xF3, 0xC0, 0x7F, 0xE0, 0x1F, 0xE0,
    0x07, 0xE0, 0x00, 0x0F, 0x00, 0x00, 0xF0, 0x00, 0x0F, 0x00, 0x00, 0xE0, 0x00, 0x00, 0x1E, 0x0F,
    0xE3, 0xC3, 0xFF, 0xF0, 0xFF, 0xFE, 0x3E, 0x1F, 0x87, 0x83, 0xE1, 0xF0, 0x3C, 0x3C, 0x07, 0x87,
    0x80, 0xF0, 0xF0, 0x1E, 0x1E, 0x03, 0xC3, 0xC0, 0x78, 0x7C, 0x0F, 0x07, 0x83, 0xE0, 0xF8, 0x78,
    0x0F, 0xFF, 0x00, 0xFF, 0xC0, 0x0F, 0xE0, 0x00, 0x3C, 0x00, 0x0F, 0x00, 0x03, 0xC0, 0x00, 0xF1,
    0xE0, 0x00, 0xF0, 0x7E, 0x78, 0xFF, 0xF8, 0x7F, 0xFC, 0x78, 0xF8, 0x3C, 0x3C, 0x1E, 0x1E, 0x0F,
    0x0F, 0x07, 0x87, 0x83, 0xC3, 0xC1, 0xF3, 0xC0, 0x7F, 0xE0, 0x1F, 0xE0, 0x07, 0xE0, 0x00, 0x03,
    0xE0, 0x00, 0x7C, 0x00, 0x03, 0xC0, 0x00, 0x70, 0x00, 0x1E, 0x00, 0x01, 0x00, 0x00, 0x00, 0x78,
    0x3F, 0x8F, 0x0F, 0xFF, 0xC3, 0xFF, 0xF8, 0xF8, 0x7E, 0x1E, 0x0F, 0x87, 0xC0, 0xF0, 0xF0, 0x1E,
    0x1E, 0x03, 0xC3, 0xC0, 0x78, 0x78, 0x0F, 0x0F, 0x01, 0xE1, 0xF0, 0x3C, 0x1E, 0x0F, 0x83, 0xE1,
    0xE0, 0x3F, 0xFC, 0x03, 0xFF, 0x00, 0x3F, 0x80, 0x0F, 0x80, 0x07, 0xE0, 0x00, 0x70, 0x00, 0x78,
    0x00, 0x78, 0x00, 0x18, 0x78, 0x00, 0x3C, 0x1F, 0x9E, 0x3F, 0xFE, 0x1F, 0xFF, 0x1E, 0x3E, 0x0F,
    0x0F, 0x07, 0x87, 0x83, 0xC3, 0xC1, 0xE1, 0xE0, 0xF0, 0xF0, 0x7C, 0xF0, 0x1F, 0xF8, 0x07, 0xF8,
    0x01, 0xF8, 0x00, 0x03, 0x98, 0x00, 0xFF, 0x00, 0x3F, 0xE0, 0x06, 0x78, 0x00, 0x00, 0x1E, 0x0F,
    0xE3, 0xC3, 0xFF, 0xF0, 0xFF, 0xFE, 0x3E, 0x1F, 0x87, 0x83, 0xE1, 0xF0, 0x3C, 0x3C, 0x07, 0x87,
    0x80, 0xF0, 0xF0, 0x1E, 0x1E, 0x03, 0xC3, 0xC0, 0x78, 0x7C, 0x0F, 0x07, 0x83, 0xE0, 0xF8, 0x78,
    0x0F, 0xFF, 0x00, 0xFF, 0xC0, 0x0F, 0xE0, 0x00, 0x0E, 0x60, 0x0F, 0xF0, 0x0F, 0xF8, 0x07, 0x79,
    0xE0, 0x00, 0xF0, 0x7E, 0x78, 0xFF, 0xF8, 0x7F, 0xFC, 0x78, 0xF8, 0x3C, 0x3C, 0x1E, 0x1E, 0x0F,
    0x0F, 0x07, 0x87, 0x83, 0xC3, 0xC1, 0xF3, 0xC0, 0x7F, 0xE0, 0x1F, 0xE0, 0x07, 0xE0, 0x00, 0x00,
    0x01, 0xE0, 0xFE, 0x3C, 0x3F, 0xFF, 0x0F, 0xFF, 0xE3, 0xE1, 0xF8, 0x78, 0x3E, 0x1F, 0x03, 0xC3,
    0xC0, 0x78, 0x78, 0x0F, 0x0F, 0x01, 0xE1, 0xE0, 0x3C, 0x3C, 0x07, 0x87, 0xC0, 0xF0, 0x78, 0x3E,
    0x0F, 0x87, 0x80, 0xFF, 0xF0, 0x0F, 0xFC, 0x00, 0xFE, 0x00, 0x00, 0x00, 0x00, 0x00, 0x00, 0x1C,
    0x00, 0x03, 0xC0, 0x00, 0x70, 0x00, 0x00, 0x0F, 0x00, 0x07, 0x83, 0xF3, 0xC7, 0xFF, 0xC3, 0xFF,
    0xE3, 0xC7, 0xC1, 0xE1, 0xE0, 0xF0, 0xF0, 0x78, 0x78, 0x3C, 0x3C, 0x1E, 0x1E, 0x0F, 0x9E, 0x03,
    0xFF, 0x00, 0xFF, 0x00, 0x3F, 0x00, 0x00, 0x00, 0x00, 0x00, 0x03, 0xC0, 0x01, 0xE0, 0x00, 0xF0,
    0x00, 0x3C, 0x1E, 0x3C, 0x1E, 0x3C, 0x1E, 0x3C, 0x1E, 0x3C, 0x1E, 0x3C, 0x1E, 0x3C, 0x1E, 0x3C,
    0x1E, 0x3C, 0x1E, 0x3C, 0x1E, 0x3C, 0x1E, 0x3C, 0x1E, 0x3C, 0x1E, 0x3E, 0x3C, 0x3F, 0xFC, 0x1F,
    0xF8, 0x07, 0xF0, 0x00, 0x00, 0x00, 0x00, 0x03, 0xC0, 0x03, 0xC0, 0x03, 0xC0, 0x78, 0x79, 0xE1,
    0xE7, 0x87, 0x9E, 0x1E, 0x78, 0x79, 0xE1, 0xE7, 0x87, 0x9E, 0x1E, 0x78, 0x79, 0xF3, 0xE3, 0xFF,
    0x8F, 0xFE, 0x1F, 0xB8, 0x00, 0x00, 0x00, 0x01, 0xE0, 0x07, 0x80, 0x1E, 0x00, 0x03, 0xC0, 0x03,
    0xE0, 0x00, 0xE0, 0x00, 0xE0, 0x01, 0xC0, 0x01, 0x80, 0x00, 0x00, 0x3C, 0x1E, 0x3C, 0x1E, 0x3C,
    0x1E, 0x3C, 0x1E, 0x3C, 0x1E, 0x3C, 0x1E, 0x3C, 0x1E, 0x3C, 0x1E, 0x3C, 0x1E, 0x3C, 0x1E, 0x3C,
    0x1E, 0x3C, 0x1E, 0x3C, 0x1E, 0x3E, 0x3C, 0x3F, 0xFC, 0x1F, 0xF8, 0x07, 0xF0, 0x07, 0x80, 0x1F,
    0x00, 0x1C, 0x00, 0xF0, 0x03, 0x00, 0x00, 0x07, 0x87, 0x9E, 0x1E, 0x78, 0x79, 0xE1, 0xE7, 0x87,
    0x9E, 0x1E, 0x78, 0x79, 0xE1, 0xE7, 0x87, 0x9F, 0x3E, 0x3F, 0xF8, 0xFF, 0xE1, 0xFB, 0x80, 0x00,
    0x78, 0x00, 0x0F, 0x00, 0x01, 0xE0, 0x00, 0x3C, 0x00, 0x00, 0x00, 0xF3, 0xC1, 0xEF, 0x3C, 0x1F,
    0xE3, 0xC1, 0xFE, 0x3C, 0x1F, 0xC3, 0xC1, 0xE0, 0x3C, 0x1E, 0x03, 0xC1, 0xE0, 0x3C, 0x1E, 0x03,
    0xC1, 0xE0, 0x3C, 0x1E, 0x03, 0xC1, 0xE0, 0x3C, 0x1E, 0x03, 0xC1, 0xE0, 0x3E, 0x3C, 0x01, 0xFF,
    0xC0, 0x1F, 0xF8, 0x00, 0x7F, 0x00, 0x00, 0xF0, 0x00, 0x78, 0x00, 0x3C, 0x00, 0x1E, 0x0F, 0x00,
    0x03, 0xDE, 0x1E, 0xF7, 0x87, 0xF9, 0xE1, 0xFC, 0x78, 0x7C, 0x1E, 0x1E, 0x07, 0x87, 0x81, 0xE1,
    0xE0, 0x78, 0x78, 0x1E, 0x1E, 0x07, 0xCF, 0x80, 0xFF, 0xE0, 0x3F, 0xF8, 0x07, 0xCE, 0x00, 0x0F,
    0x00, 0x00, 0xF8, 0x00, 0x07, 0x80, 0x00, 0x1C, 0x00, 0x00, 0x00, 0xF3, 0xC1, 0xEF, 0x3C, 0x1F,
    0xE3, 0xC1, 0xFE, 0x3C, 0x1F, 0xC3, 0xC1, 0xE0, 0x3C, 0x1E, 0x03, 0xC1, 0xE0, 0x3C, 0x1E, 0x03,
    0xC1, 0xE0, 0x3C, 0x1E, 0x03, 0xC1, 0xE0, 0x3C, 0x1E, 0x03, 0xC1, 0xE0, 0x3E, 0x3C, 0x01, 0xFF,
    0xC0, 0x1F, 0xF8, 0x00, 0x7F, 0x00, 0x1E, 0x00, 0x07, 0x80, 0x00, 0xF0, 0x00, 0x0E, 0x0F, 0x00,
    0x03, 0xDE, 0x1E, 0xF7, 0x87, 0xF9, 0xE1, 0xFC, 0x78, 0x7C, 0x1E, 0x1E, 0x07, 0x87, 0x81, 0xE1,
    0xE0, 0x78, 0x78, 0x1E, 0x1E, 0x07, 0xCF, 0x80, 0xFF, 0xE0, 0x3F, 0xF8, 0x07, 0xCE, 0x00, 0x03,
    0xC0, 0x00, 0x3E, 0x00, 0x00, 0xE0, 0x00, 0x0E, 0x00, 0x01, 0xE0, 0x00, 0x18, 0x00, 0x00, 0x00,
    0xF3, 0xC1, 0xEF, 0x3C, 0x1F, 0xE3, 0xC1, 0xFE, 0x3C, 0x1F, 0xC3, 0xC1, 0xE0, 0x3C, 0x1E, 0x03,
    0xC1, 0xE0, 0x3C, 0x1E, 0x03, 0xC1, 0xE0, 0x3C, 0x1E, 0x03, 0xC1, 0xE0, 0x3C, 0x1E, 0x03, 0xC1,
    0xE0, 0x3E, 0x3C, 0x01, 0xFF, 0xC0, 0x1F, 0xF8, 0x00, 0x7F, 0x00, 0x07, 0x80, 0x01, 0xF0, 0x00,
    0x1C, 0x00, 0x0F, 0x00, 0x03, 0x03, 0xC0, 0x00, 0xF7, 0x87, 0xBD, 0xE1, 0xFE, 0x78, 0x7F, 0x1E,
    0x1F, 0x07, 0x87, 0x81, 0xE1, 0xE0, 0x78, 0x78, 0x1E, 0x1E, 0x07, 0x87, 0x81, 0xF3, 0xE0, 0x3F,
    0xF8, 0x0F, 0xFE, 0x01, 0xF3, 0x80, 0x07, 0x18, 0x00, 0xFF, 0x80, 0x0F, 0xF0, 0x00, 0xCF, 0x00,
    0x00, 0x00, 0xF3, 0xC1, 0xEF, 0x3C, 0x1F, 0xE3, 0xC1, 0xFE, 0x3C, 0x1F, 0xC3, 0xC1, 0xE0, 0x3C,
    0x1E, 0x03, 0xC1, 0xE0, 0x3C, 0x1E, 0x03, 0xC1, 0xE0, 0x3C, 0x1E, 0x03, 0xC1, 0xE0, 0x3C, 0x1E,
    0x03, 0xC1, 0xE0, 0x3E, 0x3C, 0x01, 0xFF, 0xC0, 0x1F, 0xF8, 0x00, 0x7F, 0x00, 0x0E, 0x30, 0x07,
    0xFC, 0x01, 0xFE, 0x00, 0x67, 0x8F, 0x00, 0x03, 0xDE, 0x1E, 0xF7, 0x87, 0xF9, 0xE1, 0xFC, 0x78,
    0x7C, 0x1E, 0x1E, 0x07, 0x87, 0x81, 0xE1, 0xE0, 0x78, 0x78, 0x1E, 0x1E, 0x07, 0xCF, 0x80, 0xFF,
    0xE0, 0x3F, 0xF8, 0x07, 0xCE, 0x00, 0x00, 0x00, 0xF3, 0xC1, 0xEF, 0x3C, 0x1F, 0xE3, 0xC1, 0xFE,
    0x3C, 0x1F, 0xC3, 0xC1, 0xE0, 0x3C, 0x1E, 0x03, 0xC1, 0xE0, 0x3C, 0x1E, 0x03, 0xC1, 0xE0, 0x3C,
    0x1E, 0x03, 0xC1, 0xE0, 0x3C, 0x1E, 0x03, 0xC1, 0xE0, 0x3E, 0x3C, 0x01, 0xFF, 0xC0, 0x1F, 0xF8,
    0x00, 0x7F, 0x00, 0x00, 0x00, 0x00, 0x00, 0x00, 0x03, 0xC0, 0x00, 0x3C, 0x00, 0x03, 0xC0, 0x00,
    0x00, 0x03, 0xC0, 0x00, 0xF7, 0x87, 0xBD, 0xE1, 0xFE, 0x78, 0x7F, 0x1E, 0x1F, 0x07, 0x87, 0x81,
    0xE1, 0xE0, 0x78, 0x78, 0x1E, 0x1E, 0x07, 0x87, 0x81, 0xF3, 0xE0, 0x3F, 0xF8, 0x0F, 0xFE, 0x01,
    0xF3, 0x80, 0x00, 0x00, 0x00, 0x00, 0x01, 0xE0, 0x00, 0x78, 0x00, 0x1E, 0x00, 0x1E, 0x00, 0x7C,
    0x00, 0x70, 0x00, 0xE0, 0x00, 0x03, 0xC1, 0xFF, 0x87, 0x9E, 0x1E, 0x7C, 0xF0, 0xF3, 0xC3, 0xDE,
    0x07, 0xF8, 0x1F, 0xC0, 0x3F, 0x00, 0xF8, 0x01, 0xE0, 0x07, 0x80, 0x1E, 0x00, 0x78, 0x01, 0xE0,
    0x07, 0x80, 0x1E, 0x00, 0x3C, 0x00, 0xF0, 0x03, 0xC0, 0x0F, 0x00, 0x00, 0x78, 0x3F, 0xC3, 0xCF,
    0x1E, 0x78, 0xF3, 0xCF, 0x0F, 0x78, 0x7B, 0xC3, 0xFC, 0x0F, 0xE0, 0x7F, 0x01, 0xF0, 0x0F, 0x80,
    0x7C, 0x03, 0xC0, 0x1E, 0x01, 0xF0, 0x3F, 0x01, 0xF0, 0x0F, 0x00, 0xF0, 0x7F, 0xE1, 0xE7, 0x87,
    0x9F, 0x3C, 0x3C, 0xF0, 0xF7, 0x81, 0xFE, 0x07, 0xF0, 0x0F, 0xC0, 0x3E, 0x00, 0x78, 0x01, 0xE0,
    0x07, 0x80, 0x1E, 0x00, 0x78, 0x01, 0xE0, 0x07, 0x80, 0x00, 0x00, 0x00, 0x01, 0xE0, 0x07, 0x80,
    0x1E, 0x00, 0xF0, 0x7F, 0x87, 0x9E, 0x3C, 0xF1, 0xE7, 0x9E, 0x1E, 0xF0, 0xF7, 0x87, 0xF8, 0x1F,
    0xC0, 0xFE, 0x03, 0xE0, 0x1F, 0x00, 0xF8, 0x07, 0x80, 0x3C, 0x03, 0xFE, 0x7E, 0xF3, 0xE7, 0x9E,
    0x00, 0x0F, 0x80, 0x3F, 0x00, 0x1C, 0x00, 0xE0, 0x07, 0x00, 0x00, 0x0F, 0x07, 0xFE, 0x1E, 0x78,
    0x79, 0xF3, 0xC3, 0xCF, 0x0F, 0x78, 0x1F, 0xE0, 0x7F, 0x00, 0xFC, 0x03, 0xE0, 0x07, 0x80, 0x1E,
    0x00, 0x78, 0x01, 0xE0, 0x07, 0x80, 0x1E, 0x00, 0x78, 0x00, 0x0F, 0x00, 0x7C, 0x00, 0xE0, 0x0F,
    0x00, 0x60, 0x00, 0x03, 0xC1, 0xFE, 0x1E, 0x78, 0xF3, 0xC7, 0x9E, 0x78, 0x7B, 0xC3, 0xDE, 0x1F,
    0xE0, 0x7F, 0x03, 0xF8, 0x0F, 0x80, 0x7C, 0x03, 0xE0, 0x1E, 0x00, 0xF0, 0x0F, 0x81, 0xF8, 0x0F,
    0x80, 0x78, 0x00, 0x0E, 0x60, 0x7F, 0x83, 0xFE, 0x0E, 0xF0, 0x00, 0x03, 0xC1, 0xFF, 0x87, 0x9E,
    0x1E, 0x7C, 0xF0, 0xF3, 0xC3, 0xDE, 0x07, 0xF8, 0x1F, 0xC0, 0x3F, 0x00, 0xF8, 0x01, 0xE0, 0x07,
    0x80, 0x1E, 0x00, 0x78, 0x01, 0xE0, 0x07, 0x80, 0x1E, 0x00, 0x1C, 0x61, 0xFF, 0x0F, 0xF0, 0x67,
    0x80, 0x00, 0x78, 0x3F, 0xC3, 0xCF, 0x1E, 0x78, 0xF3, 0xCF, 0x0F, 0x78, 0x7B, 0xC3, 0xFC, 0x0F,
    0xE0, 0x7F, 0x01, 0xF0, 0x0F, 0x80, 0x7C, 0x03, 0xC0, 0x1E, 0x01, 0xF0, 0x3F, 0x01, 0xF0, 0x0F,
    0x00, 0x3C, 0xF0, 0x07, 0x9E, 0x00, 0xF3, 0xC0, 0x1E, 0x78, 0x03, 0xCF, 0x00, 0x79, 0xE0, 0x0F,
    0x3C, 0x01, 0xE7, 0x80, 0x3C, 0xF0, 0x07, 0x9E, 0x00, 0xF3, 0xC0, 0x1E, 0x78, 0x03, 0xCF, 0x00,
    0x79, 0xE0, 0x0F, 0x3F, 0xF9, 0xE7, 0xFF, 0x3C, 0xFF, 0xE0, 0x78, 0xF1, 0xE3, 0xCF, 0xFF, 0xFF,
    0xFF, 0xFF, 0xFD, 0xE3, 0xC7, 0x8F, 0x1E, 0x3C, 0x78, 0xF1, 0xE3, 0xC7, 0x8F, 0x1E, 0x3C, 0x78,
    0xF1, 0xE3, 0xC7, 0x8F, 0x1E, 0x3C, 0x78, 0xF1, 0xE3, 0xC0, 0x00, 0x00, 0x03, 0xC0, 0x03, 0xE0,
    0x03, 0xE0, 0x03, 0xE0, 0x01, 0xE7, 0xC0, 0xF7, 0xF0, 0xF3, 0xFC, 0x78, 0x3E, 0x3C, 0x0F, 0x1E,
    0x07, 0xCF, 0x03, 0xE7, 0xC1, 0xE1, 0xE0, 0xF0, 0xF8, 0xF8, 0x3F, 0xF8, 0x0F, 0xF8, 0x03, 0xF8,
    0x00, 0x00, 0x00, 0x07, 0x00, 0x7C, 0x03, 0xE0, 0x1F, 0x00, 0x78, 0x03, 0xC0, 0x0F, 0xF0, 0x7B,
    0xF1, 0xEF, 0xC7, 0x8F, 0x9E, 0x1E, 0x78, 0x79, 0xE1, 0xE7, 0x87, 0x9F, 0x3E, 0x3F, 0xF0, 0x7F,
    0x80, 0xFC, 0x00, 0xF8, 0x3E, 0xF0, 0x79, 0xF0, 0xF1, 0xE3, 0xC3, 0xE7, 0x83, 0xCF, 0x07, 0xBC,
    0x07, 0xF8, 0x0F, 0xE0, 0x0F, 0xC0, 0x7F, 0x81, 0xFE, 0x07, 0xBC, 0x0E, 0xF0, 0x1F, 0xE0, 0x3F,
    0x80, 0x3E, 0x00, 0x78, 0x3D, 0xF1, 0xE3, 0xC7, 0x8F, 0x1E, 0x1C, 0x70, 0x7B, 0xC1, 0xEF, 0x03,
    0xB8, 0x0F, 0xE0, 0x3F, 0x80, 0x7C, 0x01, 0xF0, 0x1F, 0xC0, 0xFE, 0x07, 0xF8, 0x1D, 0xE0, 0x7F,
    0x01, 0xF8, 0x03, 0xC0, 0x00, 0x00, 0x20, 0x67, 0xEC, 0x9A, 0x30, 0x60, 0xC1, 0x83, 0x06, 0x0C,
    0x18, 0x30, 0x60, 0xC1, 0x83, 0x06, 0x00, 0x00, 0x00, 0x20, 0x83, 0xF2, 0x62, 0xC1, 0x83, 0x06,
    0x0C, 0x18, 0x30, 0x60, 0xC1, 0x83, 0x06, 0x0C, 0x18, 0x30, 0x00, 0x7E, 0xFE, 0xFE, 0x00, 0x00,
    0x00, 0x00, 0x00, 0x7E, 0xFE, 0xFE, 0x00, 0x00, 0x00, 0x00, 0x00, 0x7F, 0xF3, 0xFF, 0x9F, 0xFC,
    0x00, 0x00, 0x00, 0x00, 0x00, 0x00, 0x00, 0x00, 0x00, 0x00, 0x00, 0x00, 0x7F, 0xE7, 0xFE, 0x7F,
    0xE0, 0x00, 0x00, 0x00, 0x00, 0x00, 0x00, 0x00, 0x7F, 0xFF, 0xFE, 0x7F, 0xFF, 0xFE, 0x7F, 0xFF,
    0xFE, 0x00, 0x00, 0x00, 0x00, 0x00, 0x00, 0x00, 0x00, 0x00, 0x00, 0x00, 0x00, 0x00, 0x00, 0x00,
    0x7F, 0xFF, 0xFE, 0x7F, 0xFF, 0xFE, 0x7F, 0xFF, 0xFE, 0x00, 0x00, 0x00, 0x00, 0x00, 0x00, 0x00,
    0x00, 0x00, 0x00, 0x00, 0x00, 0x00, 0x00, 0x00, 0x38, 0xE1, 0xC7, 0x0E, 0x38, 0x71, 0xC3, 0x8E,
    0x1C, 0x70, 0xE3, 0x87, 0x1C, 0x38, 0xE1, 0xC7, 0x0E, 0x38, 0x71, 0xC3, 0x8E, 0x1C, 0x70, 0xE3,
    0x87, 0x1C, 0x38, 0xE1, 0xC7, 0x0E, 0x38, 0x71, 0xC3, 0x8E, 0x1C, 0x70, 0xE3, 0x87, 0x1C, 0x7F,
    0xF7, 0xFF, 0x00, 0x07, 0xFF, 0x7F, 0xF0, 0x39, 0xDE, 0xE7, 0x78, 0x00, 0x00, 0x00, 0x00, 0x00,
    0x00, 0x00, 0x7B, 0xDE, 0xE7, 0x70, 0x00, 0x00, 0x00, 0x00, 0x00, 0x00, 0x00, 0x38, 0xF1, 0xE3,
    0xC7, 0x0E, 0x00, 0xF3, 0x9C, 0xF3, 0x9C, 0x00, 0x00, 0x00, 0x00, 0x00, 0x00, 0x00, 0x39, 0xC7,
    0x39, 0xEF, 0x39, 0xE7, 0x3D, 0xE7, 0x00, 0x00, 0x00, 0x00, 0x00, 0x00, 0x00, 0x00, 0x00, 0x00,
    0x00, 0x00, 0x00, 0x00, 0x00, 0x00, 0x7B, 0xCF, 0x79, 0xEF, 0x39, 0xE7, 0x39, 0xC7, 0x00, 0x00,
    0x00, 0x00, 0x00, 0x00, 0x00, 0x00, 0x00, 0x00, 0x00, 0x00, 0x00, 0x00, 0x00, 0x00, 0x79, 0xE7,
    0x9C, 0x7B, 0xC7, 0x3C, 0x73, 0x87, 0x38, 0xF3, 0x8E, 0x79, 0xCF, 0x3D, 0xE3, 0x9C, 0x73, 0x80,
    0x00, 0x00, 0x00, 0x00, 0x00, 0x00, 0x00, 0x00, 0x00, 0x00, 0x00, 0x00, 0x00, 0x00, 0x00, 0x0F,
    0x00, 0xF0, 0x0F, 0x00, 0x60, 0x06, 0x07, 0xFE, 0x7F, 0xE2, 0x66, 0x06, 0x00, 0x60, 0x06, 0x00,
    0xE0, 0x0F, 0x00, 0xF0, 0x0F, 0x00, 0xF0, 0x0F, 0x00, 0xF0, 0x0F, 0x00, 0xF0, 0x07, 0x00, 0x60,
    0x7F, 0xE7, 0xFE, 0x7F, 0xE0, 0x70, 0x0F, 0x00, 0xF0, 0x07, 0x07, 0xFE, 0x7F, 0xE7, 0xFE, 0x06,
    0x00, 0x70, 0x0F, 0x00, 0xF0, 0x3E, 0x3F, 0x9F, 0xCF, 0xE7, 0xF3, 0xF8, 0xF8, 0x00, 0x00, 0x00,
    0x00, 0x00, 0x00, 0x40, 0x1C, 0x07, 0x81, 0xF8, 0x7F, 0x9F, 0xE7, 0xE1, 0xF0, 0x70, 0x10, 0x00,
    0x00, 0x00, 0x00, 0x00, 0x00, 0x0F, 0x00, 0xF0, 0x0F, 0x00, 0xF0, 0x38, 0xE3, 0xC7, 0x9E, 0x3C,
    0x71, 0xC0, 0x38, 0xF1, 0xC7, 0x8F, 0x3E, 0x78, 0xF3, 0xE3, 0x8F, 0x1C, 0x38, 0xF1, 0xE1, 0xC0,
    0x00, 0x00, 0x00, 0x00, 0xFD, 0x83, 0x06, 0x0C, 0x18, 0x30, 0x60, 0xC1, 0x83, 0x06, 0x0C, 0x18,
    0x30, 0x60, 0xC0, 0x00, 0x7E, 0x0C, 0x18, 0x30, 0x60, 0xC1, 0x83, 0x06, 0x0C, 0x18, 0x30, 0x60,
    0xC1, 0x83, 0x06, 0x00, 0xFF, 0xFF, 0xFF, 0xFC, 0xC3, 0x0C, 0x30, 0xC3, 0x0C, 0x30, 0xC3, 0x0C,
    0x30, 0xC3, 0x00, 0xFE, 0x08, 0x20, 0xFC, 0xC3, 0x0C, 0x30, 0xC3, 0x0C, 0x30, 0xC3, 0x0C, 0x30,
    0xC3, 0x00, 0xFC, 0x10, 0x41, 0xFC, 0xC3, 0x0C, 0x30, 0xC3, 0x0C, 0x30, 0xC3, 0x0C, 0x30, 0xC3,
    0x00, 0x3E, 0x07, 0x00, 0x03, 0xF8, 0x70, 0x00, 0x1F, 0xC3, 0x80, 0x00, 0xEE, 0x38, 0x00, 0x07,
    0x79, 0xC0, 0x00, 0x3B, 0xDC, 0x00, 0x01, 0xDE, 0xEF, 0x07, 0x0E, 0xEE, 0xFC, 0x7C, 0x7F, 0x7F,
    0xE7, 0xF1, 0xFF, 0x7F, 0xBB, 0x87, 0x3B, 0x9D, 0xDE, 0x03, 0x9C, 0xFE, 0xF0, 0x1C, 0xE7, 0x77,
    0x81, 0xC7, 0x3B, 0xB8, 0x0E, 0x3F, 0xDD, 0xC0, 0xE0, 0xFC, 0xFE, 0x07, 0x03, 0xC3, 0xE0, 0x3E,
    0x07, 0x00, 0x00, 0x01, 0xFC, 0x38, 0x00, 0x00, 0x07, 0xF0, 0xE0, 0x00, 0x00, 0x1D, 0xC7, 0x00,
    0x00, 0x00, 0x77, 0x9C, 0x00, 0x00, 0x01, 0xDE, 0xE0, 0x00, 0x00, 0x07, 0x7B, 0xBC, 0x1C, 0x1E,
    0x1D, 0xDD, 0xF8, 0xF8, 0xFC, 0x7F, 0x7F, 0xE7, 0xF3, 0xF8, 0xFF, 0xBF, 0xDD, 0xDE, 0xE1, 0xCE,
    0xE7, 0x77, 0xFB, 0x80, 0x73, 0x9F, 0xDF, 0xCE, 0x01, 0xCE, 0x77, 0x7F, 0x38, 0x0E, 0x39, 0xDD,
    0xDE, 0xE0, 0x38, 0xFF, 0x77, 0x3F, 0x81, 0xC1, 0xF9, 0xFC, 0xFC, 0x07, 0x03, 0xC3, 0xE1, 0xE0,
    0x1E, 0x1C, 0x3C, 0x38, 0x78, 0x70, 0x00, 0x00, 0x00, 0x00, 0x00, 0x00, 0x00, 0x00, 0x00, 0x00,
    0x00, 0x1E, 0xF0, 0xE7, 0x8F, 0x38, 0x73, 0x87, 0x9C, 0x39, 0xC0, 0x00, 0x00, 0x00, 0x00, 0x00,
    0x00, 0x00, 0x00, 0x00, 0x00, 0x00, 0x00, 0x00, 0x00, 0x00, 0x00, 0x00, 0x00, 0x1E, 0x73, 0x87,
    0x3D, 0xE3, 0xCE, 0x70, 0xE7, 0x3C, 0x79, 0xCE, 0x1C, 0xE7, 0x00, 0x00, 0x00, 0x00, 0x00, 0x00,
    0x00, 0x00, 0x00, 0x00, 0x00, 0x00, 0x00, 0x00, 0x00, 0x00, 0x00, 0x00, 0x00, 0x00, 0x00, 0x00,
    0x00, 0x00, 0x00, 0x00, 0x78, 0x1C, 0x0F, 0x03, 0x80, 0xE0, 0x70, 0x00, 0x00, 0x00, 0x00, 0x00,
    0x00, 0x00, 0x00, 0x00, 0x00, 0x00, 0x00, 0x00, 0x7B, 0xC0, 0x73, 0x80, 0xF3, 0x80, 0xE7, 0x00,
    0xE7, 0x01, 0xCE, 0x00, 0x00, 0x00, 0x00, 0x00, 0x00, 0x00, 0x00, 0x00, 0x00, 0x00, 0x00, 0x00,
    0x00, 0x00, 0x00, 0x00, 0x00, 0x00, 0x00, 0x00, 0x7B, 0xDE, 0x03, 0x9C, 0xF0, 0x3C, 0xE7, 0x01,
    0xCE, 0x70, 0x0E, 0x73, 0x80, 0xE7, 0x38, 0x00, 0x00, 0x00, 0x00, 0x00, 0x00, 0x00, 0x00, 0x00,
    0x00, 0x00, 0x00, 0x00, 0x00, 0x00, 0x00, 0x00, 0x00, 0x00, 0x00, 0x00, 0x00, 0x00, 0x00, 0x00,
    0x00, 0x00, 0x00, 0x08, 0x0E, 0x07, 0x07, 0xC3, 0x63, 0x99, 0x8D, 0xC7, 0x00, 0x0C, 0x1E, 0x1E,
    0x3C, 0x78, 0x78, 0x78, 0x3C, 0x1E, 0x0E, 0x0C, 0x00, 0x00, 0x30, 0x78, 0x7C, 0x3C, 0x1E, 0x1F,
    0x1E, 0x3C, 0x78, 0x78, 0x30, 0x00, 0x10, 0x70, 0x03, 0x8F, 0x0E, 0x3C, 0x71, 0xC1, 0xE0, 0x78,
    0x0F, 0x0F, 0x00, 0x79, 0xE0, 0x03, 0xFC, 0x07, 0x9F, 0x8E, 0x78, 0xF1, 0xF7, 0x9F, 0x8E, 0x03,
    0xFC, 0x00, 0x79, 0xE0, 0x0F, 0x0F, 0x01, 0xE0, 0x78, 0x3C, 0x73, 0xC3, 0x8F, 0x0E, 0x10, 0x70,
    0x00, 0x78, 0xF3, 0xC7, 0x9E, 0x3C, 0xF1, 0xE7, 0x8F, 0x3C, 0x79, 0xE3, 0xCF, 0x1E, 0x38, 0xE1,
    0xC7, 0x0E, 0x38, 0x00, 0x00, 0x00, 0x1C, 0x71, 0xE3, 0xCF, 0x1E, 0x38, 0xE0, 0x3F, 0x3F, 0xEF,
    0xFD, 0xF7, 0x3D, 0xCF, 0xF3, 0xF8, 0x7C, 0x1E, 0x07, 0x01, 0xC0, 0x00, 0x00, 0x07, 0x03, 0xE0,
    0xF8, 0x1C, 0x00, 0x7F, 0xFB, 0xFF, 0xDF, 0xFE, 0x00, 0x00, 0x00, 0x00, 0x00, 0x00, 0x00, 0x00,
    0x00, 0x00, 0x00, 0x00, 0x00, 0x00, 0x00, 0x00, 0x00, 0x00, 0x00, 0x00, 0x00, 0x00, 0x00, 0x00,
    0x00, 0x00, 0x00, 0x00, 0x00, 0x00, 0x00, 0x00, 0xC0, 0x19, 0x80, 0x71, 0xC3, 0xC1, 0xFF, 0x01,
    0xFC, 0x00, 0x0F, 0xC0, 0x3F, 0xE0, 0xF1, 0xE3, 0x80, 0xC6, 0x00, 0xC8, 0x00, 0x00, 0x00, 0x00,
    0x00, 0x00, 0x00, 0x00, 0x00, 0x00, 0x00, 0x00, 0x00, 0x00, 0x00, 0x00, 0x00, 0x00, 0x00, 0x00,
    0x00, 0x00, 0x00, 0x00, 0x00, 0x00, 0x01, 0xC0, 0x60, 0x38, 0x0C, 0x07, 0x01, 0x80, 0xE0, 0x30,
    0x1C, 0x07, 0x83, 0xE0, 0xDC, 0x73, 0x18, 0xEE, 0x18, 0x00, 0x1C, 0x00, 0x00, 0x0E, 0x00, 0x00,
    0x07, 0x00, 0x00, 0x3F, 0xF0, 0x00, 0x1F, 0xFC, 0x00, 0x0F, 0xFC, 0x00, 0x00, 0xF8, 0x00, 0x00,
    0xFE, 0x00, 0x00, 0xF7, 0x00, 0x00, 0x33, 0x00, 0x03, 0x80, 0x1E, 0x01, 0xC0, 0x0E, 0x00, 0xE0,
    0x03, 0x07, 0xFF, 0x1F, 0xFB, 0xFF, 0x8F, 0xFC, 0xFF, 0x87, 0xFE, 0x1F, 0x00, 0xFC, 0x1D, 0xC0,
    0xFF, 0x0E, 0xF0, 0x73, 0x82, 0x20, 0x19, 0x80, 0x7E, 0xFE, 0xFE, 0x00, 0x00, 0x00, 0x00, 0x00,
    0x00, 0x70, 0x03, 0x80, 0x38, 0x03, 0xC0, 0x1C, 0x01, 0xE0, 0x0E, 0x00, 0xF0, 0x07, 0x00, 0x70,
    0x03, 0x80, 0x38, 0x01, 0xC0, 0x1C, 0x00, 0xE0, 0x0E, 0x00, 0x70, 0x00, 0x7E, 0x7E, 0x7E, 0x78,
    0x78, 0x78, 0x78, 0x78, 0x78, 0x7E, 0x7E, 0x7E, 0x78, 0x78, 0x78, 0x78, 0x78, 0x78, 0x7E, 0x7E,
    0x7E, 0xFC, 0xFC, 0xFC, 0x1C, 0x1C, 0x1C, 0x1C, 0x1C, 0x1C, 0xFC, 0xFC, 0xFC, 0x1C, 0x1C, 0x1C,
    0x1C, 0x1C, 0x1C, 0xFC, 0xFC, 0xFC, 0x7F, 0x0F, 0xE7, 0xFC, 0xFF, 0xBF, 0xF7, 0xFC, 0xC7, 0xB0,
    0xF0, 0x3C, 0x07, 0x81, 0xE0, 0x78, 0x1E, 0x07, 0xC1, 0xF0, 0x7C, 0x1E, 0x03, 0xC0, 0xE0, 0x3C,
    0x07, 0x01, 0xE0, 0x00, 0x00, 0x00, 0x00, 0x00, 0x0E, 0x03, 0xC0, 0xF8, 0x1E, 0x07, 0xC0, 0xF0,
    0x1C, 0x07, 0x80, 0x7F, 0x0F, 0x7F, 0xC7, 0xBF, 0xF3, 0xCC, 0x79, 0xE0, 0x3C, 0xF0, 0x1E, 0x78,
    0x1E, 0x3C, 0x1F, 0x1E, 0x1E, 0x0F, 0x0E, 0x07, 0x87, 0x03, 0x80, 0x00, 0x00, 0x00, 0x00, 0xE0,
    0x70, 0xF8, 0x3C, 0x7C, 0x1E, 0x1C, 0x0E, 0x00, 0x78, 0xFE, 0x3C, 0xFF, 0x9E, 0x7F, 0xEF, 0x30,
    0xF7, 0x80, 0x7B, 0xC0, 0x3D, 0xE0, 0x3C, 0xF0, 0x7C, 0x38, 0x3C, 0x1C, 0x3C, 0x0E, 0x1E, 0x00,
    0x00, 0x00, 0x00, 0x01, 0xC3, 0xC1, 0xE1, 0xE0, 0xF0, 0xF0, 0x38, 0x78, 0x00, 0x7F, 0xF9, 0xFF,
    0xE7, 0xFF, 0x00, 0x3C, 0x00, 0xE0, 0x07, 0x80, 0x1C, 0x00, 0xF0, 0x03, 0x80, 0x1E, 0x00, 0xF0,
    0x03, 0xC0, 0x1E, 0x00, 0x3F, 0xE0, 0x7F, 0xE0, 0xDF, 0xE1, 0xBF, 0xC3, 0x7F, 0x86, 0xFF, 0x0D,
    0xFE, 0x1B, 0xFC, 0x37, 0xF8, 0x6F, 0xF0, 0xDF, 0xC1, 0xBE, 0x03, 0x70, 0x06, 0xE0, 0x0D, 0xC0,
    0x1B, 0x80, 0x37, 0x00, 0x6E, 0x00, 0xDC, 0x01, 0xB8, 0x03, 0x20, 0x00, 0x0F, 0xF8, 0x7F, 0xF0,
    0xFF, 0xE3, 0xFC, 0xC7, 0xF9, 0x8F, 0xF3, 0x1F, 0xE6, 0x3F, 0xCC, 0x7F, 0x98, 0xFF, 0x30, 0xFF,
    0xE0, 0xFF, 0xC0, 0xFF, 0x80, 0x3F, 0xE0, 0x7F, 0xE0, 0xFF, 0xE1, 0x9F, 0xC3, 0x3F, 0xC6, 0x7F,
    0x8C, 0xFF, 0x19, 0xFE, 0x33, 0xFC, 0x67, 0xF0, 0xFF, 0xE1, 0xFF, 0x83, 0xFE, 0x00, 0x0F, 0x00,
    0x70, 0x07, 0x07, 0xFE, 0x7F, 0xF7, 0xFF, 0x0F, 0x81, 0xF8, 0x3D, 0xC3, 0x9C, 0x00, 0x00, 0x38,
    0xF1, 0xE1, 0xC0, 0x00, 0x00, 0x00, 0x00, 0x01, 0xE3, 0xC3, 0x87, 0x8F, 0x0E, 0x0F, 0xC0, 0x7F,
    0xC3, 0xC7, 0x9C, 0x06, 0x60, 0x0D, 0x00, 0x00, 0x00, 0x00, 0x00, 0x00, 0x00, 0x00, 0x00, 0x00,
    0x00, 0x00, 0x00, 0x00, 0x00, 0x00, 0x00, 0x00, 0x00, 0x00, 0x00, 0x00, 0x00, 0x00, 0x00, 0x00,
    0x60, 0x0D, 0x80, 0x73, 0x87, 0x87, 0xFC, 0x0F, 0xE0, 0x0F, 0x00, 0x70, 0x07, 0x07, 0xFE, 0x7F,
    0xF7, 0xFF, 0x0F, 0x81, 0xF8, 0x3D, 0xC3, 0x9C, 0x00, 0x00, 0x00, 0x0F, 0x00, 0x70, 0x07, 0x07,
    0xFE, 0x7F, 0xF7, 0xFF, 0x0F, 0x81, 0xF8, 0x3D, 0xC3, 0x9C, 0x00, 0x00, 0xF1, 0xFC, 0xFF, 0x3B,
    0xDE, 0x07, 0x01, 0xC0, 0xE0, 0x38, 0x1E, 0x07, 0x03, 0xC0, 0xE0, 0x38, 0x1E, 0x07, 0x3F, 0xCF,
    0xE3, 0xC0, 0x1F, 0xF8, 0x0E, 0x3F, 0xFF, 0xFE, 0x7F, 0xFF, 0xFC, 0x70, 0x1F, 0xF8, 0x00, 0x00,
    0x00, 0x00, 0x00, 0x00, 0x00, 0x00, 0x00, 0x00, 0x00, 0x00, 0x00, 0x00, 0x00, 0x0F, 0xC0, 0x7F,
    0xC3, 0xC7, 0x9C, 0x06, 0x60, 0x0D, 0x00, 0x00, 0x07, 0x01, 0xB9, 0x0F, 0xDC, 0x7F, 0xC1, 0xFC,
    0x7F, 0xFF, 0xFF, 0xE3, 0xF8, 0x3F, 0xE1, 0xFF, 0x8D, 0xC8, 0x0E, 0x00, 0x00, 0x70, 0x03, 0xE0,
    0x0F, 0x80, 0x1C, 0x00, 0x00, 0x00, 0x03, 0x80, 0x1F, 0x00, 0x7C, 0x00, 0xE0, 0x00, 0x00, 0x00,
    0x00, 0x00, 0x00, 0x01, 0xC0, 0x0F, 0x80, 0x3E, 0x00, 0x70, 0x1E, 0xF7, 0xBC, 0x39, 0xCE, 0x70,
    0xF7, 0xBD, 0xE1, 0xCE, 0x73, 0x87, 0xB8, 0xEF, 0x0E, 0x73, 0x9C, 0x00, 0x00, 0x00, 0x00, 0x00,
    0x00, 0x00, 0x00, 0x00, 0x00, 0x00, 0x00, 0x00, 0x00, 0x00, 0x00, 0x00, 0x00, 0x00, 0x00, 0x00,
    0x00, 0x00, 0x00, 0x00, 0x00, 0x00, 0x00, 0x00, 0x00, 0x00, 0x00, 0x00, 0x70, 0x00, 0x07, 0xC0,
    0x00, 0x3E, 0x00, 0x00, 0xE0, 0x00, 0x00, 0x00, 0x00, 0x00, 0x00, 0xE0, 0x03, 0x8F, 0x80, 0x3E,
    0x7C, 0x01, 0xF1, 0xC0, 0x07, 0x00, 0x00, 0x00, 0x00, 0x00, 0x00, 0x00, 0x00, 0x00, 0x38, 0x00,
    0x03, 0xE0, 0x00, 0x1F, 0x00, 0x00, 0x70, 0x00, 0x38, 0x00, 0xE3, 0xE0, 0x0F, 0x9F, 0x00, 0x7C,
    0x70, 0x01, 0xC0, 0x00, 0x00, 0x00, 0x00, 0x00, 0x01, 0xC0, 0x00, 0x1F, 0x00, 0x00, 0xF8, 0x00,
    0x03, 0x80, 0x00, 0x00, 0x00, 0x00, 0x00, 0x00, 0x00, 0x00, 0x1C, 0x00, 0x71, 0xF0, 0x07, 0xCF,
    0x80, 0x3E, 0x38, 0x00, 0xE0, 0x38, 0xF9, 0xF1, 0xC0, 0x00, 0x00, 0x00, 0x00, 0x00, 0x00, 0x00,
    0x07, 0x1F, 0x3E, 0x38, 0x01, 0xC0, 0x01, 0xF0, 0x00, 0xF8, 0x00, 0x38, 0x00, 0x00, 0x00, 0x00,
    0x00, 0x00, 0x00, 0x00, 0x00, 0x38, 0x0E, 0x3E, 0x0F, 0x9F, 0x07, 0xC7, 0x01, 0xC0, 0x00, 0x00,
    0x00, 0x00, 0x00, 0x00, 0x03, 0x80, 0x03, 0xE0, 0x01, 0xF0, 0x00, 0x70, 0x00, 0x00, 0x70, 0x01,
    0xC7, 0x3C, 0x3E, 0x73, 0xC3, 0xE7, 0x3C, 0x1C, 0x73, 0xC0, 0x07, 0x00, 0x00, 0x70, 0x07, 0xFF,
    0xFF, 0x7F, 0xFF, 0xF7, 0xFF, 0xFF, 0x00, 0x70, 0x00, 0x07, 0x00, 0x00, 0x70, 0x01, 0xC7, 0x3C,
    0x3E, 0x73, 0xC3, 0xE7, 0x3C, 0x1C, 0x73, 0xC0, 0x07, 0x00, 0x38, 0xF9, 0xF1, 0xC0, 0x00, 0x00,
    0x1C, 0x7C, 0xF8, 0xE0, 0x00, 0x00, 0x0E, 0x3E, 0x7C, 0x70, 0x38, 0xF0, 0xE0, 0x03, 0x8F, 0x0E,
    0x00, 0x00, 0x71, 0xE1, 0xC0, 0x00, 0x0E, 0x3C, 0x38, 0xFC, 0xC3, 0x0C, 0xFC, 0xC3, 0x0C, 0x30,
    0xC3, 0x0C, 0x30, 0xC3, 0x0C, 0x30, 0xC3, 0x00, 0xFE, 0x18, 0x61, 0xFC, 0xC3, 0x0C, 0x30, 0xC3,
    0x0C, 0x30, 0xC3, 0x0C, 0x30, 0xC3, 0x00, 0xFD, 0xE7, 0x8C, 0x30, 0xC3, 0x0C, 0x30, 0xC3, 0x0C,
    0x30, 0xC3, 0x0C, 0x30, 0xC3, 0x00, 0x00, 0xC3, 0x1E, 0xFF, 0xF3, 0x0C, 0x30, 0xC3, 0x0C, 0x30,
    0xC3, 0x0C, 0x30, 0xC3, 0x0C, 0x00, 0xC7, 0xB3, 0x78, 0xC3, 0x0C, 0x30, 0xC3, 0x0C, 0x30, 0xC3,
    0x0C, 0x30, 0xC3, 0x0C, 0xF0, 0xC3, 0x0C, 0xFC, 0xC3, 0x0C, 0x30, 0xC3, 0x0C, 0x30, 0xC3, 0x0C,
    0x30, 0xC3, 0x00, 0x3E, 0x3F, 0x1F, 0xDE, 0xEF, 0x77, 0x3B, 0xDD, 0xEE, 0x7F, 0x3F, 0x8F, 0x80,
    0x00, 0x00, 0x00, 0x00, 0x00, 0x00, 0x00, 0x00, 0x00, 0x00, 0x00, 0x67, 0x07, 0x77, 0x77, 0x77,
    0x70, 0x00, 0x00, 0x00, 0x0E, 0x07, 0x07, 0x87, 0xC3, 0xE3, 0xF3, 0xB9, 0xFF, 0xFF, 0x87, 0x03,
    0x80, 0x00, 0x00, 0x00, 0x00, 0x00, 0x00, 0x00, 0x00, 0x00, 0x00, 0x00, 0x3E, 0x3F, 0x9F, 0xCE,
    0x07, 0xE3, 0xF8, 0xFC, 0x0E, 0x7F, 0x3F, 0x9F, 0x80, 0x00, 0x00, 0x00, 0x00, 0x00, 0x00, 0x00,
    0x00, 0x00, 0x00, 0x00, 0x1F, 0x1F, 0x9F, 0x8E, 0x0F, 0xE7, 0xFB, 0xFD, 0xCE, 0x7F, 0x3F, 0x8F,
    0x80, 0x00, 0x00, 0x00, 0x00, 0x00, 0x00, 0x00, 0x00, 0x00, 0x00, 0x00, 0x7F, 0x7F, 0xBF, 0xC0,
    0xE0, 0x70, 0x70, 0x38, 0x38, 0x1C, 0x1C, 0x0E, 0x00, 0x00, 0x00, 0x00, 0x00, 0x00, 0x00, 0x00,
    0x00, 0x00, 0x00, 0x00, 0x3E, 0x3F, 0x9F, 0xCE, 0xE7, 0xE1, 0xF1, 0xDD, 0xCE, 0xFF, 0x3F, 0x8F,
    0x80, 0x00, 0x00, 0x00, 0x00, 0x00, 0x00, 0x00, 0x00, 0x00, 0x00, 0x00, 0x3E, 0x3F, 0x3F, 0xDC,
    0xEF, 0x73, 0xF9, 0xFC, 0x0E, 0x7F, 0x3F, 0x1F, 0x00, 0x00, 0x00, 0x00, 0x00, 0x00, 0x00, 0x00,
    0x00, 0x00, 0x00, 0x00, 0x1C, 0x0E, 0x07, 0x0F, 0xE7, 0xF0, 0xE0, 0x70, 0x00, 0x00, 0x00, 0x00,
    0x00, 0x00, 0x00, 0x00, 0x00, 0x00, 0x00, 0x00, 0x00, 0x7F, 0x3F, 0x80, 0x00, 0x00, 0x00, 0x00,
    0x00, 0x00, 0x00, 0x00, 0x00, 0x00, 0x00, 0x00, 0x00, 0x00, 0x00, 0x7F, 0x3F, 0x9F, 0xCF, 0xE7,
    0xF0, 0x00, 0x00, 0x00, 0x00, 0x00, 0x00, 0x00, 0x00, 0x00, 0x00, 0x00, 0x00, 0x00, 0x00, 0x1C,
    0xE3, 0x8C, 0x71, 0xC7, 0x1C, 0x70, 0xC3, 0x8E, 0x1C, 0x00, 0x00, 0x00, 0x00, 0x00, 0x00, 0xE1,
    0x87, 0x1C, 0x30, 0xC3, 0x0C, 0x31, 0xC7, 0x18, 0xE0, 0x00, 0x00, 0x00, 0x00, 0x00, 0x00, 0x6F,
    0x3F, 0x9F, 0xCE, 0x77, 0x3B, 0x9D, 0xCE, 0xE7, 0x00, 0x00, 0x00, 0x00, 0x00, 0x00, 0x00, 0x00,
    0x3E, 0x3F, 0x1F, 0xDE, 0xEF, 0x77, 0x3B, 0xDD, 0xEE, 0x7F, 0x3F, 0x8F, 0x80, 0x1E, 0x1F, 0x1F,
    0x8F, 0xC0, 0xE0, 0x70, 0x38, 0x1C, 0x0E, 0x07, 0x00, 0x00, 0x3F, 0x1F, 0xCD, 0xE0, 0xF0, 0x70,
    0x70, 0x70, 0x7E, 0x7F, 0xBF, 0xC0, 0x3C, 0x3F, 0x1F, 0xC0, 0xE1, 0xE1, 0xE0, 0xF8, 0x0E, 0xFF,
    0x7F, 0x9F, 0x80, 0x0E, 0x07, 0x07, 0x87, 0xC3, 0xE3, 0xF3, 0xB9, 0xFF, 0xFF, 0x87, 0x03, 0x80,
    0x3E, 0x3F, 0x9F, 0xCE, 0x07, 0xE3, 0xF8, 0xFC, 0x0E, 0x7F, 0x3F, 0x9F, 0x80, 0x1F, 0x1F, 0x9F,
    0x8E, 0x0F, 0xE7, 0xFB, 0xFD, 0xCE, 0x7F, 0x3F, 0x8F, 0x80, 0x7F, 0x7F, 0xBF, 0xC0, 0xE0, 0x70,
    0x70, 0x38, 0x38, 0x1C, 0x1C, 0x0E, 0x00, 0x3E, 0x3F, 0x9F, 0xCE, 0xE7, 0xE1, 0xF1, 0xDD, 0xCE,
    0xFF, 0x3F, 0x8F, 0x80, 0x3E, 0x3F, 0x3F, 0xDC, 0xEF, 0x73, 0xF9, 0xFC, 0x0E, 0x7F, 0x3F, 0x1F,
    0x00, 0x1C, 0x0E, 0x07, 0x0F, 0xE7, 0xF0, 0xE0, 0x70, 0x7F, 0x3F, 0x80, 0x00, 0x00, 0x7F, 0x3F,
    0x9F, 0xCF, 0xE7, 0xF0, 0x1C, 0xE3, 0x8C, 0x71, 0xC7, 0x1C, 0x70, 0xC3, 0x8E, 0x1C, 0xE1, 0x87,
    0x1C, 0x30, 0xC3, 0x0C, 0x31, 0xC7, 0x18, 0xE0, 0x3E, 0x3F, 0x81, 0xCF, 0xE7, 0xF7, 0x39, 0xFC,
    0xF6, 0x3E, 0x7E, 0x67, 0xFF, 0xFF, 0x60, 0x7F, 0x3E, 0x3E, 0x3F, 0x99, 0xDC, 0x6E, 0x33, 0x39,
    0xFC, 0x7C, 0xE7, 0x3F, 0x0F, 0x87, 0x83, 0xC3, 0xF1, 0xF9, 0xCE, 0x7C, 0x7E, 0x07, 0xFF, 0xFF,
    0x67, 0x7E, 0x3C, 0x70, 0x38, 0x1C, 0x0F, 0xE7, 0xF3, 0xF9, 0xCE, 0xE7, 0x73, 0xB9, 0xDC, 0xE0,
    0x70, 0x38, 0x1C, 0x0E, 0x77, 0x73, 0xF1, 0xF0, 0xFC, 0x7E, 0x3B, 0x9C, 0xE0, 0x77, 0x77, 0x77,
    0x77, 0x77, 0x70, 0x6E, 0x71, 0xFF, 0xE7, 0xFF, 0x9C, 0xCE, 0x73, 0x39, 0xCC, 0xE7, 0x33, 0x9C,
    0xCE, 0x6F, 0x3F, 0x9F, 0xCE, 0x77, 0x3B, 0x9D, 0xCE, 0xE7, 0x6E, 0x3F, 0x9F, 0xEE, 0x77, 0x3B,
    0xFD, 0xFC, 0xFC, 0x70, 0x38, 0x1C, 0x0E, 0x00, 0x7D, 0xFB, 0x83, 0xC3, 0xC1, 0xFF, 0xBE, 0x31,
    0xCF, 0xFF, 0x71, 0xC7, 0x1C, 0x7C, 0xF0, 0x1F, 0x81, 0xFC, 0x1F, 0xE0, 0xF0, 0x0F, 0x00, 0x79,
    0xFB, 0xDF, 0xDE, 0xFE, 0xF7, 0x83, 0xFC, 0x1F, 0xFC, 0x7F, 0xE1, 0xFF, 0x03, 0xC0, 0x1F, 0xC0,
    0xFE, 0x07, 0xF0, 0x01, 0xB0, 0x0F, 0x83, 0xFE, 0x3F, 0xF3, 0xF7, 0x3F, 0xB1, 0xED, 0x8F, 0x6C,
    0x7B, 0x63, 0xB6, 0x1F, 0xB0, 0xFD, 0x87, 0xEC, 0x3F, 0x68, 0xFF, 0xC3, 0xFE, 0x0F, 0xF0, 0x6C,
    0x03, 0x60, 0x07, 0xE0, 0xFF, 0x8F, 0xFC, 0x78, 0x67, 0x80, 0x3C, 0x01, 0xE0, 0x0F, 0x76, 0x7B,
    0xF3, 0xDF, 0x9E, 0xF0, 0xF7, 0x87, 0xBC, 0x1F, 0xE8, 0xFF, 0xC3, 0xFE, 0x0F, 0xF0, 0x3F, 0xF1,
    0xFF, 0x8F, 0xFC, 0x78, 0x03, 0xC0, 0x1E, 0x00, 0xF0, 0x07, 0xFC, 0x3F, 0xE1, 0xFF, 0x0F, 0x00,
    0x78, 0x0F, 0xF8, 0x7F, 0xC3, 0xFE, 0x07, 0x80, 0x3C, 0x00, 0x07, 0xE0, 0x7F, 0x87, 0xF8, 0x3C,
    0x41, 0xE0, 0x0F, 0x01, 0xFF, 0x0F, 0xF8, 0x1E, 0x00, 0xF0, 0x1F, 0xF0, 0xFF, 0x81, 0xC0, 0x1E,
    0x01, 0xFF, 0xCF, 0xFE, 0x7F, 0xF0, 0x00, 0x07, 0x00, 0x00, 0x18, 0x00, 0x00, 0xE0, 0x1E, 0xFB,
    0xF0, 0x7F, 0xFF, 0xE1, 0xFF, 0xFF, 0xC7, 0xCF, 0x8F, 0x1F, 0x1E, 0x3C, 0x78, 0x78, 0xF1, 0xE1,
    0xE3, 0xC7, 0x87, 0x8F, 0x1E, 0x3E, 0x3C, 0x78, 0xF8, 0xF1, 0xE3, 0xE3, 0xC7, 0x9F, 0x8F, 0x1E,
    0x7E, 0x3C, 0x03, 0x80, 0x00, 0x0E, 0x00, 0x00, 0x30, 0x00, 0x00, 0x78, 0x73, 0xE3, 0x9F, 0x1C,
    0xF8, 0xE7, 0xE7, 0x3F, 0x3B, 0xFF, 0xFF, 0xFF, 0x77, 0x77, 0xFF, 0xFF, 0xFE, 0xE7, 0xE7, 0x3F,
    0x39, 0xF9, 0xC7, 0xCE, 0x3E, 0x71, 0xF0, 0x3F, 0xC0, 0x03, 0xFE, 0x00, 0x3F, 0xF0, 0x03, 0x8F,
    0x00, 0x38, 0xF3, 0x83, 0x8F, 0x38, 0x38, 0xF3, 0x83, 0x8F, 0x7E, 0x3F, 0xFF, 0xF3, 0xFE, 0xFF,
    0x3F, 0x87, 0x83, 0x80, 0x78, 0x38, 0x07, 0x83, 0x80, 0x78, 0x38, 0x07, 0xF3, 0x80, 0x3F, 0x38,
    0x03, 0xF0, 0x7F, 0x80, 0x03, 0xFE, 0x00, 0x1F, 0xF8, 0x00, 0xF3, 0xC0, 0x07, 0x8E, 0x3E, 0x3C,
    0x73, 0xF9, 0xE7, 0xBF, 0xCF, 0x3D, 0xE4, 0x7F, 0xCF, 0x03, 0xFE, 0x7E, 0x1F, 0xE1, 0xF8, 0xF7,
    0x83, 0xE7, 0xBC, 0x0F, 0x3C, 0xF4, 0x39, 0xE7, 0xBF, 0xCF, 0x1F, 0xFE, 0x78, 0xFF, 0xE0, 0xE1,
    0xC7, 0xF9, 0xE3, 0xFC, 0xF9, 0xCE, 0x7C, 0xE7, 0x3E, 0x73, 0x9F, 0x39, 0xCF, 0x9C, 0xE6, 0xCE,
    0xFF, 0xFF, 0xFF, 0xFF, 0xCF, 0xDF, 0x87, 0xEF, 0xC3, 0xE7, 0xE1, 0xF1, 0xF0, 0xF8, 0xF8, 0x7C,
    0x78, 0x1E, 0x3C, 0x00, 0x3F, 0xF0, 0xE1, 0xFF, 0xC7, 0x0F, 0xFF, 0x38, 0x70, 0x79, 0xC3, 0xBD,
    0xCE, 0x1D, 0xEF, 0x70, 0xEF, 0x7B, 0x87, 0x7B, 0xDC, 0x3B, 0xDE, 0xE1, 0xDE, 0xF7, 0x0E, 0xF7,
    0xB8, 0x77, 0xBD, 0xC3, 0xBD, 0xCE, 0x1D, 0xE0, 0xF0, 0xEF, 0xFF, 0x07, 0x7F, 0xF8, 0x3B, 0xFF,
    0x00, 0x00, 0x78, 0x07, 0xF8, 0x0F, 0xF0, 0x1F, 0xE0, 0x07, 0x83, 0xEF, 0x0F, 0xFE, 0x1F, 0xFC,
    0x78, 0xF8, 0xF0, 0xF1, 0xE1, 0xE3, 0xC3, 0xC7, 0x87, 0x8F, 0x0F, 0x1E, 0x3E, 0x1F, 0xFC, 0x3F,
    0xF8, 0x3E, 0xF0, 0x00, 0x00, 0x00, 0x03, 0xFF, 0x07, 0xFE, 0x00, 0x03, 0xF0, 0x7F, 0xC7, 0xFC,
    0x3C, 0x23, 0xC0, 0x1E, 0x03, 0xFF, 0x1F, 0xF8, 0x3C, 0x07, 0xFC, 0x3F, 0xE0, 0x78, 0x03, 0xC0,
    0x0F, 0x08, 0x7F, 0xC1, 0xFE, 0x07, 0xF0, 0x78, 0x7B, 0xC7, 0x9E, 0x3C, 0xF3, 0xC7, 0x9E, 0x3D,
    0xE1, 0xEE, 0x0F, 0xF0, 0xFF, 0xF7, 0xFF, 0x9F, 0xF0, 0xF7, 0x87, 0x9E, 0x3C, 0xF1, 0xE3, 0xCF,
    0x1E, 0x78, 0x78, 0xFF, 0xF7, 0xFF, 0xBF, 0xFC, 0x1E, 0x00, 0xF6, 0x07, 0xF0, 0x3F, 0x01, 0xF0,
    0x1F, 0x61, 0xFF, 0x0F, 0xF0, 0x1F, 0x01, 0xF0, 0x1F, 0x80, 0xFC, 0x01, 0xE0, 0x0F, 0x00, 0x7F,
    0x80, 0x03, 0xFF, 0x80, 0x07, 0xFF, 0x00, 0x00, 0x7E, 0x00, 0x1E, 0x78, 0x00, 0x71, 0xE0, 0x03,
    0xC7, 0x80, 0x0F, 0x1E, 0x00, 0x3C, 0x78, 0x00, 0xF1, 0xE7, 0xE3, 0x87, 0xBF, 0x9E, 0x1F, 0xEF,
    0x78, 0xF7, 0x1D, 0xE7, 0xDC, 0x77, 0xFE, 0x73, 0xDF, 0xF3, 0xFE, 0xFF, 0x0F, 0xF0, 0x00, 0x38,
    0x00, 0x00, 0xE0, 0x00, 0x03, 0x80, 0x00, 0x1E, 0x00, 0x00, 0x78, 0x00, 0x01, 0xE0, 0x00, 0x01,
    0xF0, 0x07, 0xF0, 0x1F, 0xE0, 0x3D, 0xC0, 0x7B, 0x80, 0xF7, 0x01, 0xEE, 0x03, 0xFC, 0x03, 0xF0,
    0x07, 0xE0, 0x27, 0x80, 0x4F, 0x01, 0xDF, 0x07, 0xFE, 0x0F, 0xDE, 0x3B, 0xBC, 0x76, 0x78, 0x04,
    0x70, 0x00, 0xF0, 0x01, 0xC0, 0x1F, 0x80, 0x3F, 0x00, 0x7C, 0x00, 0x7F, 0x83, 0xFE, 0x1F, 0xF8,
    0xF3, 0xCF, 0xFF, 0xFF, 0xFD, 0xE3, 0xDF, 0xFF, 0xFF, 0xFB, 0xCF, 0x1F, 0xF8, 0xFF, 0x87, 0xF0,
    0x3C, 0x01, 0xE0, 0x0F, 0x00, 0x78, 0x00, 0x01, 0xC0, 0x03, 0xFC, 0x0F, 0xFC, 0x1F, 0xFC, 0x3F,
    0xC8, 0x3D, 0xC0, 0x7D, 0xC0, 0x79, 0xC0, 0x79, 0xFE, 0x79, 0xFE, 0x79, 0xFE, 0x79, 0xDE, 0x7D,
    0xDE, 0x3D, 0xDE, 0x3F, 0xDE, 0x1F, 0xFE, 0x0F, 0xFE, 0x07, 0xFC, 0x01, 0xC0, 0x07, 0xC0, 0x0F,
    0x80, 0x3F, 0x00, 0x7E, 0x00, 0xFE, 0x03, 0xFC, 0x07, 0xB8, 0x7F, 0xFF, 0xFF, 0xFC, 0x79, 0xE3,
    0xFF, 0xFF, 0xFF, 0xE7, 0x87, 0x8F, 0x07, 0x9E, 0x0F, 0x78, 0x1E, 0xF0, 0x3C, 0x3F, 0x83, 0xFF,
    0x0F, 0xF8, 0x63, 0xE0, 0x0F, 0x00, 0x7B, 0xFF, 0xFF, 0xFF, 0x1F, 0xC7, 0xFF, 0xFF, 0xFE, 0xF0,
    0x07, 0x80, 0x3C, 0x19, 0xFF, 0xC7, 0xFE, 0x1F, 0xE0, 0x01, 0xC0, 0x0F, 0x80, 0xFF, 0x87, 0xFE,
    0x3F, 0xF8, 0xF7, 0x07, 0xDC, 0x1E, 0x70, 0x79, 0xC1, 0xE7, 0x07, 0x9C, 0x1E, 0x70, 0x79, 0xC1,
    0xF7, 0x03, 0xFD, 0x8F, 0xFE, 0x1F, 0xF8, 0x3F, 0xC0, 0x1C, 0x00, 0x1C, 0x70, 0x3C, 0x70, 0x3C,
    0xF0, 0x7F, 0xFE, 0xFF, 0xFE, 0xFF, 0xFE, 0x3C, 0xF0, 0x3C, 0xF0, 0x3C, 0xF0, 0x3C, 0xF0, 0x3C,
    0xF0, 0x3C, 0xF0, 0x3C, 0xF0, 0x3C, 0xFE, 0x3C, 0xFE, 0x3C, 0x7E, 0x00, 0x7F, 0x00, 0x7F, 0xE0,
    0x1F, 0xF0, 0x0F, 0x8C, 0x03, 0xC0, 0x00, 0xF8, 0x00, 0x1F, 0x00, 0x07, 0xF0, 0x00, 0xFE, 0x00,
    0x0F, 0xC0, 0x00, 0xF9, 0xFF, 0xDE, 0xFF, 0xFF, 0xBE, 0xEF, 0xE7, 0xBB, 0xF0, 0xFF, 0xFC, 0x1F,
    0xFC, 0x06, 0xEE, 0x01, 0x9B, 0x80, 0xFF, 0xF7, 0xFF, 0xBF, 0xFC, 0x00, 0x0F, 0xFF, 0x7F, 0xFB,
    0xFF, 0xC1, 0xE0, 0x0F, 0x00, 0x78, 0x03, 0xC0, 0x1E, 0x00, 0xF0, 0x07, 0x80, 0x3C, 0x01, 0xE0,
    0x0F, 0x00, 0x7F, 0xF3, 0xFF, 0x83, 0xE0, 0x0F, 0x07, 0xFF, 0x3F, 0xF8, 0x1E, 0x01, 0xF0, 0x7F,
    0x03, 0xF0, 0x1F, 0x00, 0x78, 0x03, 0xE0, 0x0F, 0x00, 0x3C, 0x01, 0xE0, 0x07, 0x80, 0x3C, 0x00,
    0x3C, 0x01, 0xE0, 0x0F, 0xF0, 0x7F, 0x0F, 0xE0, 0x7E, 0x43, 0xFF, 0x07, 0xF0, 0xFE, 0x77, 0xE3,
    0xAF, 0x1C, 0x79, 0xE3, 0xCF, 0x1E, 0xF0, 0xFF, 0x87, 0xF8, 0x3F, 0x00, 0x7C, 0x00, 0x3F, 0x00,
    0x0C, 0xE0, 0x03, 0xB8, 0x00, 0xFF, 0xFF, 0x1F, 0xFF, 0xE3, 0xFF, 0xF8, 0x38, 0x07, 0x0E, 0xC8,
    0xC3, 0xFF, 0x70, 0xFF, 0xF8, 0x3C, 0xDE, 0x1F, 0x00, 0x07, 0xE0, 0x01, 0x3F, 0xE0, 0x07, 0xF8,
    0x00, 0xFE, 0x00, 0x00, 0xF0, 0x00, 0x1E, 0x00, 0x03, 0xC0, 0x00, 0x78, 0x00, 0x0F, 0x00, 0x1F,
    0xFC, 0x07, 0xFF, 0xE1, 0xFF, 0xFC, 0x3C, 0xF7, 0xCF, 0x1E, 0x79, 0xE3, 0xCF, 0x3C, 0x78, 0xE7,
    0x8F, 0x1C, 0xF0, 0x03, 0xDE, 0x00, 0x7B, 0xC0, 0x0F, 0x78, 0x01, 0xE0, 0x3F, 0xE1, 0xFF, 0x8F,
    0xFE, 0x79, 0xF3, 0xC7, 0x9E, 0x3C, 0xF1, 0xE7, 0x9F, 0xFF, 0xF7, 0xFF, 0x3F, 0xF0, 0x78, 0x0F,
    0xF8, 0x7F, 0xC3, 0xFE, 0x07, 0x80, 0x3C, 0x00, 0x03, 0x60, 0x0D, 0x80, 0x7F, 0x07, 0xFE, 0x1F,
    0xF8, 0xFD, 0xE3, 0xF6, 0x1E, 0xD8, 0x7B, 0x61, 0xE0, 0x07, 0x80, 0x1E, 0x00, 0x78, 0x00, 0xF0,
    0x01, 0xE0, 0x07, 0xC0, 0x7F, 0xF9, 0xFF, 0xE7, 0xFF, 0x80, 0x0D, 0x80, 0x6C, 0x0F, 0xF0, 0x7F,
    0xC3, 0xFF, 0x1E, 0x78, 0xF3, 0xC7, 0x9E, 0x3D, 0xF1, 0xFF, 0x0F, 0xF8, 0x7F, 0xE3, 0xCF, 0x1E,
    0x78, 0xF3, 0xC7, 0x9E, 0x3F, 0xF1, 0xFF, 0x0F, 0xF0, 0x1B, 0x00, 0xD8, 0x06, 0xC0, 0x0F, 0x00,
    0xF0, 0x06, 0x07, 0xFE, 0xFF, 0xE7, 0xFE, 0x1F, 0x81, 0xF8, 0x3B, 0xC3, 0x9C, 0x00, 0x00, 0x00,
    0x00, 0x00, 0x00, 0x00, 0x00, 0x00, 0x00, 0x00, 0x00, 0x00, 0x00, 0x00, 0x00, 0x00, 0x3E, 0x07,
    0x1F, 0x83, 0x86, 0x70, 0xE0, 0x7C, 0x70, 0x7F, 0x1C, 0x3D, 0xCE, 0x0E, 0x73, 0x81, 0xFD, 0xC0,
    0x7B, 0xF0, 0x00, 0x39, 0xE0, 0x1E, 0xF8, 0x07, 0x72, 0x03, 0xDC, 0x00, 0xE7, 0x00, 0x79, 0xC0,
    0x1C, 0x70, 0x0E, 0x1F, 0x83, 0x83, 0xE0, 0x7E, 0x07, 0x1F, 0xC3, 0x80, 0x71, 0xE1, 0xFC, 0x70,
    0x7F, 0x3C, 0x39, 0xCE, 0x07, 0xF7, 0x01, 0xED, 0xC0, 0x00, 0xE7, 0x80, 0x3B, 0xF0, 0x1D, 0xC8,
    0x07, 0x3C, 0x03, 0x8F, 0x81, 0xE0, 0xF0, 0x70, 0x1C, 0x3C, 0x7F, 0x0E, 0x0F, 0x80, 0x00, 0x00,
    0x07, 0xF8, 0x3F, 0xF0, 0xE0, 0x03, 0xC0, 0x07, 0x80, 0x1B, 0x00, 0x36, 0x00, 0x6C, 0x00, 0xD8,
    0x01, 0xB0, 0x03, 0x60, 0x06, 0xC0, 0x07, 0x80, 0x0F, 0x00, 0x0E, 0x00, 0x0E, 0x0C, 0x0F, 0xF8,
    0x00, 0x00, 0x00, 0x03, 0xF8, 0x7C, 0x0F, 0xF9, 0xFC, 0x3F, 0xF3, 0x9C, 0xF8, 0xC6, 0x3B, 0xE0,
    0x0E, 0x77, 0x80, 0x1F, 0xCF, 0x00, 0x1F, 0x1E, 0x00, 0x00, 0x3C, 0x00, 0x00, 0x78, 0x00, 0x00,
    0xF0, 0x00, 0x01, 0xE0, 0x00, 0x03, 0xE0, 0x00, 0x03, 0xE1, 0x00, 0x07, 0xFF, 0x00, 0x07, 0xFE,
    0x00, 0x03, 0xF8, 0x0E, 0x00, 0x70, 0x03, 0xC0, 0x7F, 0x87, 0xF8, 0x3F, 0x01, 0xB8, 0x0D, 0xC0,
    0x6E, 0x03, 0x70, 0x1F, 0x80, 0x7F, 0x81, 0xF8, 0x07, 0x00, 0x38, 0x01, 0xFF, 0x0F, 0xF8, 0x3E,
    0x1C, 0x1F, 0x87, 0x07, 0x23, 0xC1, 0x80, 0xE0, 0xE0, 0x78, 0x18, 0x1C, 0x07, 0x2F, 0x01, 0xFB,
    0x80, 0x3F, 0xE0, 0x00, 0x73, 0xC0, 0x3D, 0xF8, 0x0E, 0xEE, 0x07, 0xB9, 0x81, 0xCE, 0x70, 0xF3,
    0x98, 0x38, 0xEE, 0x1E, 0x3F, 0x87, 0x07, 0xC0, 0x1E, 0x0E, 0x03, 0xE1, 0xE0, 0x72, 0x1C, 0x07,
    0x03, 0xC0, 0x70, 0x38, 0x07, 0x07, 0x80, 0x70, 0x70, 0x07, 0xEF, 0x00, 0x3E, 0xE0, 0x00, 0x1D,
    0xCE, 0x01, 0xDC, 0xE0, 0x39, 0xCE, 0x03, 0x9C, 0xE0, 0x71, 0xCE, 0x07, 0x1C, 0xE0, 0xE1, 0xCE,
    0x0E, 0x0F, 0xE1, 0xC0, 0xF6, 0x0F, 0xE0, 0x7F, 0xE3, 0xFF, 0x9F, 0x0C, 0x78, 0x01, 0xE0, 0x03,
    0xE0, 0x07, 0xF8, 0x0F, 0xE0, 0xFF, 0x87, 0xC0, 0x1E, 0x00, 0x78, 0x01, 0xF0, 0x27, 0xFF, 0x8F,
    0xFE, 0x0F, 0xF8, 0x3F, 0x81, 0xFF, 0x87, 0xFF, 0x18, 0x3C, 0x00, 0x78, 0x01, 0xE0, 0x07, 0x87,
    0xFE, 0x1F, 0xF8, 0x7F, 0xE0, 0x07, 0x80, 0x1E, 0x00, 0x79, 0x03, 0xC7, 0xFF, 0x1F, 0xF8, 0x7F,
    0x80, 0x00, 0x3F, 0xF1, 0xF1, 0xFF, 0x9F, 0xCF, 0xFC, 0xE7, 0x78, 0x06, 0x3B, 0xC0, 0x39, 0xDE,
    0x01, 0xFC, 0xF0, 0x07, 0xC7, 0xFC, 0x00, 0x3F, 0xE0, 0x01, 0xFF, 0x00, 0x0F, 0x00, 0x00, 0x78,
    0x00, 0x03, 0xC0, 0x00, 0x1E, 0x00, 0x00, 0xF0, 0x00, 0x07, 0x80, 0x00, 0x3C, 0x00, 0x00, 0x7B,
    0x80, 0x3B, 0xE0, 0x1C, 0xF0, 0x0E, 0x3C, 0x07, 0x8E, 0x03, 0xC7, 0x80, 0x73, 0xD0, 0x18, 0xE8,
    0x06, 0x7C, 0x00, 0xFE, 0x00, 0x0F, 0x00, 0x0F, 0x80, 0x0C, 0xE0, 0x06, 0x70, 0x03, 0x1C, 0x01,
    0x8E, 0x00, 0x47, 0x00, 0x11, 0x80, 0x03, 0x80, 0x00, 0x00, 0x00, 0x00, 0xC0, 0x00, 0x00, 0x64,
    0x00, 0x02, 0x18, 0x80, 0x30, 0xC6, 0x30, 0x1B, 0x31, 0x8C, 0x04, 0xDE, 0x33, 0x01, 0x37, 0x8C,
    0xC0, 0x03, 0x73, 0xF0, 0x00, 0x0C, 0x78, 0x00, 0x03, 0x9C, 0x00, 0x00, 0x7F, 0x00, 0x00, 0x1E,
    0xE0, 0x00, 0x0F, 0x9C, 0x00, 0xE2, 0xF7, 0x00, 0x1E, 0x9C, 0xE0, 0x03, 0x87, 0x1C, 0x40, 0x40,
    0xC3, 0x10, 0x0C, 0x30, 0x64, 0x00, 0x78, 0x07, 0x00, 0x00, 0x01, 0x84, 0x00, 0xFE, 0x00, 0x7F,
    0x00, 0x31, 0x80, 0x1C, 0x00, 0x07, 0x0F, 0x01, 0xC7, 0xF0, 0x73, 0x3C, 0x0F, 0x07, 0x03, 0xC0,
    0xE0, 0x70, 0x38, 0x1C, 0x0E, 0x03, 0x03, 0x80, 0xC0, 0xE1, 0x20, 0x31, 0xF8, 0x0C, 0xFC, 0x03,
    0x22, 0x01, 0xC0, 0x02, 0x40, 0x01, 0xE0, 0x00, 0x30, 0x00, 0x00, 0x00, 0x07, 0xC1, 0xF0, 0xD8,
    0x36, 0x1B, 0x06, 0xC3, 0x60, 0xD8, 0x6C, 0x1B, 0x0D, 0x83, 0x61, 0xB0, 0x6C, 0x36, 0x0D, 0x86,
    0xFF, 0xB0, 0xD8, 0x36, 0x1B, 0x06, 0xC3, 0x60, 0xD8, 0x6C, 0x1B, 0x0D, 0x83, 0x61, 0xB0, 0x6C,
    0x36, 0x0D, 0x87, 0xC1, 0xF0, 0x00, 0x00, 0x00, 0x0F, 0x00, 0x3C, 0x01, 0xE0, 0x07, 0x80, 0x1E,
    0x00, 0x7B, 0xC1, 0xFF, 0x87, 0xFE, 0x3F, 0x78, 0xF0, 0xE3, 0xC7, 0x8F, 0x1E, 0x38, 0x79, 0xE1,
    0xE7, 0x87, 0x9E, 0x3C, 0x78, 0xF1, 0xE3, 0xC0, 0x0F, 0x00, 0x3C, 0x01, 0xFC, 0x0F, 0xF0, 0x3F,
    0xC0, 0x78, 0x01, 0xEF, 0x07, 0xFE, 0x1F, 0xF8, 0xF9, 0xE3, 0xC7, 0x8F, 0x1E, 0x3C, 0x78, 0xE1,
    0xE7, 0x87, 0x9E, 0x1E, 0x78, 0xF1, 0xE3, 0xC7, 0x8F, 0x00, 0x00, 0x00, 0xE0, 0x00, 0x7C, 0x00,
    0x19, 0x80, 0x07, 0x10, 0x00, 0xE3, 0x00, 0x1C, 0x70, 0x01, 0x8E, 0x00, 0x38, 0xE8, 0x03, 0x1E,
    0x80, 0x31, 0xC8, 0x01, 0x3D, 0x00, 0x1B, 0xE0, 0x70, 0x78, 0x07, 0x87, 0x00, 0x70, 0xF0, 0x04,
    0x1E, 0x00, 0x63, 0x80, 0x01, 0xE0, 0x00, 0x00, 0x00, 0xF8, 0x4F, 0xFC, 0x67, 0xC6, 0x03, 0x20,
    0x30, 0x03, 0x80, 0x1C, 0x00, 0xE0, 0x03, 0x00, 0x18, 0x00, 0xE0, 0x06, 0x00, 0x30, 0x41, 0x87,
    0x18, 0x7F, 0x82, 0xF0, 0x00, 0x00, 0x78, 0xE0, 0x18, 0x32, 0x06, 0x06, 0x30, 0xC0, 0xE2, 0x0C,
    0x0C, 0x60, 0x81, 0xC4, 0x18, 0x1C, 0xC1, 0x83, 0x88, 0x08, 0x3B, 0x00, 0xC7, 0xC0, 0x07, 0xF8,
    0x00, 0x0F, 0x00, 0x00, 0xE0, 0x00, 0x1E, 0x00, 0x79, 0xC1, 0x08, 0x78, 0x20, 0x87, 0x84, 0x07,
    0xC7, 0x80, 0x00, 0x00, 0xFC, 0x1F, 0xE1, 0xDE, 0x3C, 0xE3, 0xCE, 0x3D, 0xE3, 0xDC, 0x3F, 0xC3,
    0xF8, 0xFE, 0x0F, 0xC0, 0x3C, 0x03, 0xC6, 0x3C, 0xE1, 0xFE, 0x1F, 0xE0, 0xFC, 0x38, 0xF0, 0x03,
    0xC7, 0x80, 0x3F, 0xFF, 0x81, 0xFF, 0xFE, 0x0F, 0xFF, 0xF0, 0x3C, 0x78, 0x01, 0xE3, 0xDF, 0x0F,
    0x1F, 0xFC, 0x78, 0xFF, 0xE3, 0xC7, 0xCF, 0x9E, 0x3C, 0x3C, 0xF1, 0xE1, 0xE7, 0x8F, 0x0F, 0x3C,
    0x78, 0x79, 0xE3, 0xC3, 0xCF, 0x1F, 0x3E, 0x78, 0xFF, 0xE3, 0xC7, 0xFF, 0x0E, 0x39, 0xF0, 0x38,
    0x01, 0x87, 0x80, 0x30, 0xF8, 0x06, 0x1B, 0x80, 0xC3, 0xB8, 0x18, 0x7B, 0x83, 0x0F, 0xB8, 0x61,
    0xB3, 0x0C, 0x33, 0x31, 0x86, 0x33, 0x30, 0xC3, 0x36, 0x18, 0x33, 0xC3, 0x03, 0x38, 0x60, 0x33,
    0x0C, 0x03, 0x61, 0x80, 0x3C, 0x30, 0x03, 0x80, 0x7C, 0x3C, 0x00, 0xF8, 0x78, 0x01, 0xF8, 0xF0,
    0x03, 0xF1, 0xE0, 0x07, 0xE3, 0xC0, 0x0F, 0xE7, 0x9F, 0x1F, 0xCF, 0x7F, 0x3F, 0xDE, 0xEE, 0x7B,
    0xBD, 0x8E, 0xF7, 0xFB, 0x1D, 0xE7, 0xF6, 0x3B, 0xCF, 0xEE, 0xE7, 0x9F, 0xDF, 0xCF, 0x1F, 0x9F,
    0x1E, 0x3F, 0x00, 0x3C, 0x3E, 0xFE, 0x78, 0x7D, 0xFC, 0x00, 0xF0, 0x00, 0x7F, 0xE0, 0x0F, 0x0F,
    0x01, 0xC0, 0x38, 0x39, 0xF9, 0xC3, 0x1F, 0xCC, 0x71, 0x8C, 0xE6, 0x18, 0xC6, 0x61, 0x9C, 0x66,
    0x1F, 0xC6, 0x61, 0xF0, 0x66, 0x18, 0x0E, 0x71, 0x80, 0xC3, 0x18, 0x1C, 0x39, 0x81, 0x81, 0xE0,
    0x78, 0x0F, 0xFE, 0x00, 0x3F, 0xC0, 0x00, 0x00, 0x00, 0xC0, 0x00, 0x18, 0x00, 0x03, 0x01, 0xF8,
    0x30, 0x3F, 0xC7, 0x0E, 0x1C, 0x71, 0x80, 0xE7, 0x30, 0x0E, 0x76, 0x00, 0xE7, 0xC0, 0x0E, 0x78,
    0xE0, 0xE3, 0x8E, 0x1C, 0x3C, 0xC1, 0xC3, 0xCC, 0x38, 0x6E, 0xE7, 0x06, 0xE7, 0xE0, 0x47, 0x00,
    0x04, 0x70, 0x00, 0x43, 0x00, 0x06, 0x30, 0x00, 0x37, 0x00, 0x01, 0xE0, 0x00, 0x00, 0x00, 0x3F,
    0xF0, 0x36, 0x78, 0x36, 0x2C, 0x36, 0x26, 0x36, 0x26, 0x36, 0x26, 0x36, 0x24, 0x36, 0x2C, 0x36,
    0x38, 0x37, 0xF0, 0x36, 0x00, 0x36, 0x00, 0x36, 0x00, 0x36, 0x00, 0x36, 0x00, 0x36, 0x00, 0x3E,
    0x00, 0x00, 0x00, 0x03, 0xF8, 0x01, 0xF7, 0xC0, 0x70, 0x3C, 0x0E, 0x07, 0x83, 0x40, 0xD8, 0x48,
    0x1B, 0x19, 0x03, 0x23, 0x20, 0x64, 0x64, 0x0C, 0xCC, 0x81, 0x91, 0x90, 0x32, 0x12, 0x06, 0xC3,
    0x40, 0xD8, 0x68, 0x1E, 0x07, 0x03, 0xC0, 0x70, 0x70, 0x07, 0xFC, 0x00, 0x0D, 0xC0, 0x00, 0xDC,
    0x00, 0x18, 0xC0, 0x01, 0xFC, 0x00, 0x00, 0x00, 0x00, 0x1F, 0xF0, 0x01, 0x81, 0xC0, 0x18, 0x19,
    0x80, 0x88, 0x47, 0x04, 0x23, 0x1C, 0x20, 0x98, 0x71, 0x06, 0xE3, 0x84, 0x1B, 0x1C, 0x10, 0xDF,
    0xC0, 0x46, 0x72, 0x00, 0xF3, 0xCC, 0x00, 0x0E, 0x70, 0x70, 0x79, 0xC1, 0xE1, 0xCE, 0x07, 0x0E,
    0x39, 0x10, 0x38, 0xEC, 0x63, 0x83, 0xE0, 0x78, 0x06, 0x00, 0x00, 0x00, 0x00, 0xFC, 0x3C, 0x0F,
    0xF3, 0xE0, 0xC3, 0xA3, 0x86, 0x1E, 0x1C, 0x70, 0x70, 0xF1, 0xC3, 0x83, 0x0F, 0x1C, 0x60, 0x38,
    0xFF, 0x80, 0x87, 0xFC, 0x0C, 0x38, 0x60, 0x01, 0x83, 0x00, 0x0C, 0x18, 0x00, 0x60, 0xE0, 0x06,
    0x07, 0x07, 0x20, 0x3E, 0x7E, 0x00, 0xE2, 0x60, 0x06, 0x00, 0x00, 0x00, 0x00, 0x00, 0x1F, 0xF8,
    0x0D, 0x9F, 0x06, 0xC5, 0x83, 0x62, 0x61, 0xB1, 0x30, 0xD8, 0x98, 0x6C, 0x58, 0x36, 0x38, 0x1B,
    0xF8, 0x0D, 0xEC, 0x06, 0xDB, 0x03, 0x64, 0x81, 0xB3, 0x60, 0xD8, 0xD8, 0x6C, 0x6C, 0x36, 0x1B,
    0x1F, 0x0F, 0xC0, 0x00, 0x00, 0x3F, 0xE0, 0x7F, 0xE0, 0xFF, 0xE1, 0xE7, 0xC3, 0xC7, 0x87, 0x8F,
    0x0F, 0x1E, 0x1F, 0xF8, 0x3F, 0xE0, 0x7F, 0xBC, 0xF7, 0xF1, 0xE7, 0xE3, 0xC7, 0x87, 0x9F, 0x0F,
    0x3F, 0x1E, 0xFE, 0x3D, 0xDE, 0x0C, 0x00, 0x1F, 0x80, 0x1F, 0x80, 0x06, 0x03, 0xFC, 0x07, 0xFE,
    0x0F, 0xFC, 0x1E, 0xFC, 0x3D, 0xF8, 0x7B, 0xF0, 0xF7, 0xE1, 0xFF, 0xC3, 0xFF, 0x07, 0xFC, 0x0F,
    0xF8, 0x1F, 0xF0, 0x3F, 0xF0, 0x7D, 0xE0, 0xF9, 0xE1, 0xF3, 0xE3, 0xC3, 0xC7, 0x87, 0x83, 0x00,
    0x06, 0x00, 0x1C, 0x00, 0x00, 0x00, 0x1F, 0x70, 0xE7, 0xDE, 0x79, 0x87, 0x9E, 0x79, 0xE7, 0x8F,
    0x6F, 0xE0, 0xFB, 0xF9, 0x36, 0xEE, 0xFD, 0x9B, 0x80, 0x20, 0x40, 0x00, 0x00, 0x00, 0x00, 0x00,
    0x00, 0x00, 0x00, 0x00, 0x00, 0x00, 0x00, 0x00, 0x00, 0x00, 0x00, 0x00, 0x00, 0x00, 0x00, 0x1F,
    0xFE, 0xC1, 0xF7, 0xD8, 0x1C, 0xC3, 0x03, 0x9F, 0x60, 0x73, 0xEC, 0x0E, 0x61, 0x81, 0xCC, 0x30,
    0x39, 0xF7, 0xC2, 0x1E, 0x78, 0x00, 0x00, 0x00, 0x00, 0x00, 0x00, 0x00, 0x00, 0x00, 0x00, 0x00,
    0x00, 0x00, 0x00, 0x00, 0x00, 0x00, 0x00, 0x00, 0xFD, 0xC3, 0x3F, 0xF1, 0xC3, 0x9E, 0x70, 0xE7,
    0x9C, 0x39, 0xEF, 0x0E, 0x6F, 0xC3, 0x9B, 0xB0, 0xE6, 0xEC, 0x31, 0x9B, 0x00, 0x00, 0x00, 0x00,
    0x00, 0x00, 0x00, 0x00, 0x00, 0x00, 0x00, 0x00, 0x00, 0x00, 0x00, 0x00, 0x00, 0x00, 0x00, 0x00,
    0x00, 0x00, 0x00, 0x3C, 0x00, 0x7F, 0x00, 0x0E, 0x0F, 0x0D, 0xDE, 0x37, 0xBC, 0x6F, 0x3C, 0xDE,
    0x7B, 0x78, 0xF6, 0xF0, 0xFD, 0xE1, 0xFB, 0x83, 0xEF, 0x03, 0xDE, 0x07, 0xBC, 0x0F, 0xF0, 0x1F,
    0xE0, 0x1F, 0xC0, 0x7F, 0x00, 0xFE, 0x01, 0xFC, 0x03, 0xF0, 0x0C, 0x00, 0x18, 0x00, 0x30, 0x00,
    0x00, 0x00, 0xFF, 0xF8, 0x01, 0xB0, 0x03, 0x60, 0x0D, 0x80, 0x33, 0x00, 0x6C, 0x01, 0xB0, 0x03,
    0x60, 0x0D, 0x80, 0x13, 0x00, 0x6C, 0x01, 0xB0, 0x03, 0x60, 0x0D, 0x80, 0x13, 0x00, 0x6C, 0x00,
    0xFF, 0xF8, 0x00, 0x00, 0x7F, 0xF3, 0xFF, 0x9F, 0xFC, 0x07, 0xC0, 0x7C, 0x07, 0xC1, 0xFF, 0xCF,
    0xFE, 0x7F, 0xF0, 0x1F, 0x01, 0xF0, 0x1F, 0x01, 0xF0, 0x0F, 0xE0, 0x7F, 0x83, 0xFE, 0x00, 0xF0,
    0x03, 0xC0, 0x3D, 0x81, 0xEF, 0xFF, 0x7F, 0xF1, 0xFE, 0x00, 0x07, 0xF0, 0x1F, 0xF8, 0x3F, 0xFC,
    0x3C, 0x3E, 0x78, 0x1E, 0x78, 0x1F, 0x78, 0x0F, 0x78, 0x0F, 0x78, 0x0F, 0x78, 0x0F, 0x78, 0x1E,
    0x78, 0x1E, 0x3C, 0x1C, 0x1E, 0x3C, 0xFE, 0x7F, 0xFE, 0x7F, 0xFE, 0x7F, 0x7F, 0x3F, 0xBF, 0x9F,
    0xDF, 0xCF, 0xE1, 0xE7, 0x81, 0xE1, 0xE1, 0xE0, 0x78, 0xF0, 0x3C, 0xF0, 0x1E, 0x78, 0x0F, 0x3C,
    0x07, 0x9E, 0x03, 0xCF, 0x81, 0xE3, 0xC0, 0xF1, 0xF1, 0xF8, 0x7F, 0xF8, 0x1F, 0xF8, 0x07, 0xF0,
    0x00, 0x00, 0x00, 0x40, 0x03, 0xFE, 0x0F, 0xF8, 0x00, 0xF0, 0x01, 0x80, 0x06, 0x00, 0x30, 0x01,
    0x80, 0x1F, 0x80, 0xFF, 0x00, 0x1E, 0x00, 0x38, 0x00, 0xE0, 0x03, 0x80, 0x0E, 0x00, 0x38, 0x40,
    0xC7, 0x83, 0x0E, 0x18, 0x38, 0xC0, 0x7C, 0x00, 0x78, 0x7E, 0x3F, 0x83, 0xC1, 0xE0, 0xF0, 0x78,
    0x3C, 0x1E, 0x0F, 0x07, 0x83, 0xC1, 0xE0, 0x70, 0x3C, 0x3C, 0x78, 0xF8, 0xF1, 0xE1, 0xE7, 0x83,
    0xDF, 0x07, 0xBC, 0x0F, 0xF0, 0x1F, 0xE0, 0x3F, 0xC0, 0x7F, 0xC0, 0xF7, 0x81, 0xEF, 0x83, 0xCF,
    0x07, 0x8F, 0x0F, 0x1E, 0x1E, 0x1E, 0x3C, 0x3E, 0x03, 0x80, 0x07, 0xC0, 0x06, 0xE0, 0x0E, 0xE0,
    0x07, 0xC0, 0x07, 0xC0, 0x0F, 0xE0, 0x0F, 0xE0, 0x0E, 0xE0, 0x1E, 0xF0, 0x1E, 0xF0, 0x1E, 0x70,
    0x3C, 0x78, 0x3C, 0x78, 0x3F, 0xF8, 0x7F, 0xFC, 0x7F, 0xFC, 0x78, 0x3C, 0x78, 0x3E, 0xF0, 0x1E,
    0xF0, 0x1E, 0x00, 0x3F, 0xE0, 0x06, 0x07, 0x00, 0x80, 0xCC, 0x08, 0xC4, 0x60, 0x86, 0x63, 0x08,
    0x36, 0x38, 0x83, 0x71, 0x84, 0x3B, 0x98, 0x13, 0xBF, 0x80, 0x71, 0xC6, 0x00, 0x1E, 0x30, 0x00,
    0xE1, 0xC6, 0x0F, 0x4E, 0x78, 0x74, 0xE3, 0x87, 0x47, 0x10, 0x7A, 0x70, 0xC7, 0x17, 0x01, 0xE0,
    0x70, 0x00, 0x00, 0x00, 0x00, 0x38, 0x00, 0xFC, 0x07, 0xDE, 0x19, 0xCC, 0x39, 0xC0, 0x31, 0xC0,
    0x31, 0xC0, 0x71, 0xC0, 0x71, 0xC0, 0x73, 0x80, 0x76, 0x00, 0x78, 0x00, 0x38, 0x00, 0x3C, 0x00,
    0x1F, 0x06, 0x0F, 0xF8, 0x03, 0xF0, 0x0F, 0xE0, 0x38, 0xE0, 0xC0, 0x61, 0x80, 0xC7, 0x01, 0xCF,
    0xFF, 0x9C, 0x00, 0x38, 0x00, 0x70, 0x00, 0x60, 0x30, 0xC0, 0x40, 0xE3, 0x80, 0xFC, 0x00, 0x03,
    0xC0, 0xEC, 0x79, 0x9E, 0x67, 0xD8, 0xF6, 0x1E, 0x13, 0x84, 0x33, 0x03, 0x80, 0x00, 0x78, 0x03,
    0x88, 0x0E, 0x08, 0x1C, 0x90, 0x72, 0x20, 0xE4, 0x80, 0xC6, 0x03, 0xE0, 0x1C, 0xE0, 0x70, 0x01,
    0xC3, 0x83, 0x89, 0x0F, 0x20, 0x1C, 0x44, 0x18, 0x88, 0x30, 0x20, 0x30, 0x80, 0x3E, 0x00, 0x00,
    0x7F, 0x88, 0x07, 0x1F, 0xE0, 0x20, 0x0F, 0x01, 0x08, 0x40, 0x08, 0x23, 0x00, 0x21, 0x98, 0x00,
    0x86, 0xE0, 0x00, 0x33, 0x20, 0x09, 0x9D, 0x80, 0x1C, 0xFC, 0x00, 0x0F, 0xF0, 0x00, 0x4E, 0xC0,
    0x72, 0x7E, 0x01, 0xE1, 0xD0, 0x07, 0x0E, 0x00, 0x10, 0x78, 0x00, 0x63, 0x80, 0x00, 0x78, 0x00,
    0x00, 0x03, 0xC0, 0x3C, 0x03, 0xC0, 0x3C, 0x03, 0xC0, 0x3C, 0x03, 0xC7, 0xFC, 0x7F, 0xC7, 0xFC,
    0x03, 0xC0, 0x3C, 0x03, 0xC0, 0x3C, 0x7F, 0xC7, 0xFC, 0x7F, 0xC0, 0x00, 0x00, 0x08, 0x08, 0x00,
    0x00, 0xC1, 0x80, 0x00, 0x0E, 0x1C, 0x00, 0x00, 0xE1, 0xC0, 0x00, 0x0B, 0x1E, 0x00, 0x00, 0xF1,
    0xE0, 0x00, 0x07, 0x8F, 0x00, 0x00, 0x58, 0xF0, 0x00, 0x05, 0xCB, 0x80, 0x00, 0x4E, 0xB8, 0x00,
    0x02, 0xE5, 0xC0, 0x00, 0x27, 0x5C, 0x03, 0x02, 0x74, 0xE0, 0x3C, 0x23, 0xAE, 0x01, 0xC1, 0x1E,
    0x72, 0x08, 0x10, 0xF3, 0xA0, 0x63, 0x07, 0x1A, 0x01, 0xE0, 0x30, 0x60, 0x00, 0x03, 0xC0, 0xF6,
    0x1E, 0x63, 0xC6, 0x7C, 0x47, 0x8C, 0x79, 0xA7, 0x3C, 0x33, 0x01, 0xC0, 0x00, 0x01, 0xC0, 0xF7,
    0x83, 0x8F, 0x0E, 0x1E, 0x38, 0x38, 0xE1, 0xF7, 0x07, 0xFC, 0x3B, 0xE0, 0xE7, 0x87, 0x0E, 0x1C,
    0x1C, 0x70, 0x79, 0xC0, 0xE7, 0x01, 0xC0, 0x04, 0x7F, 0x07, 0xF8, 0x0F, 0x80, 0x1C, 0x01, 0xC0,
    0x1C, 0x01, 0xC0, 0x1C, 0x01, 0xC0, 0x1C, 0x01, 0xC0, 0x1C, 0xFF, 0xFF, 0xFF, 0x00, 0x3C, 0x1F,
    0x07, 0xC0, 0xE0, 0x70, 0x38, 0x1C, 0x0E, 0x07, 0x07, 0x87, 0xEF, 0xF7, 0xBB, 0x1D, 0x00, 0x00,
    0x1F, 0xFF, 0xFF, 0x81, 0xC0, 0x38, 0x07, 0x00, 0xE0, 0x1C, 0x03, 0x80, 0x70, 0x0E, 0x01, 0xC0,
    0x38, 0x07, 0x00, 0xE0, 0x38, 0xF0, 0xE0, 0x00, 0x0F, 0x1E, 0x3C, 0x78, 0xF1, 0xE3, 0xC7, 0x8F,
    0x1E, 0x3C, 0x78, 0xF0, 0x03, 0xF8, 0x00, 0x1F, 0xFE, 0x0C, 0x7F, 0xFE, 0x39, 0xFF, 0xFF, 0xF7,
    0xE0, 0xFF, 0xEF, 0x00, 0x3F, 0x9C, 0x00, 0x7E, 0x38, 0x00, 0xF0, 0x70, 0x01, 0xE0, 0xF0, 0x03,
    0xC1, 0xF0, 0x1F, 0x01, 0xFF, 0xFE, 0x03, 0xFF, 0xF8, 0x03, 0xFF, 0xE0, 0x01, 0xFF, 0x00, 0x00,
    0x00, 0x00, 0x3F, 0xC7, 0xC3, 0xCF, 0x1F, 0xE3, 0xE1, 0xE7, 0x8F, 0xF3, 0xF0, 0xF7, 0x87, 0x01,
    0xF8, 0x3F, 0xC3, 0x80, 0xFE, 0x1F, 0xC1, 0xC0, 0x7F, 0x0F, 0xE0, 0xE0, 0x7F, 0x83, 0xF0, 0x7F,
    0x3D, 0xC1, 0xF0, 0x3F, 0x9C, 0xF0, 0xF8, 0x1F, 0xCE, 0x78, 0x7E, 0x0E, 0x0F, 0xFC, 0x7F, 0x07,
    0x07, 0xFE, 0x3F, 0x83, 0x83, 0xFF, 0x1D, 0xE1, 0xC1, 0xE3, 0xDE, 0xF0, 0xE0, 0xE1, 0xEF, 0x78,
    0x70, 0xF0, 0xF7, 0x9E, 0x38, 0x78, 0x7F, 0x8F, 0x00, 0x00, 0x00, 0x0F, 0xFF, 0xF8, 0x7C, 0x6C,
    0x0D, 0x8D, 0x01, 0xB1, 0x60, 0x36, 0x6C, 0x06, 0x8D, 0x80, 0xB1, 0xB0, 0x36, 0x34, 0x06, 0xC5,
    0x80, 0xD9, 0xB0, 0x1A, 0x33, 0x82, 0xC3, 0x30, 0xF8, 0x3E, 0x00, 0x00, 0x00, 0xF8, 0x13, 0xC1,
    0x9B, 0x0C, 0x48, 0xC3, 0x66, 0x09, 0x30, 0x6F, 0x03, 0x78, 0x0D, 0x80, 0x6C, 0x01, 0xE0, 0x0E,
    0x00, 0x30, 0x01, 0x80, 0x08, 0x00, 0xC0, 0x06, 0x00, 0x30, 0x01, 0x80, 0x00, 0x01, 0xFF, 0xCD,
    0x80, 0x6C, 0x03, 0x60, 0x1B, 0x00, 0xD8, 0x06, 0xC0, 0x36, 0x01, 0xB0, 0x0D, 0x80, 0x6C, 0x03,
    0x60, 0x1B, 0x00, 0xD8, 0x06, 0xC0, 0x36, 0x01, 0xF0, 0x00, 0x00, 0x00, 0x00, 0x07, 0xFF, 0xF0,
    0xD8, 0x36, 0x1B, 0x06, 0xC3, 0x60, 0xD8, 0x6C, 0x1B, 0x0D, 0x83, 0x61, 0xB0, 0x6C, 0x36, 0x0D,
    0x86, 0xC1, 0xB0, 0xD8, 0x36, 0x1B, 0x06, 0xC3, 0x60, 0xD8, 0x6C, 0x1B, 0x0D, 0x83, 0x61, 0xB0,
    0x6C, 0x36, 0x0D, 0x87, 0xC1, 0xF0, 0x00, 0x00, 0x00, 0x00, 0x00, 0xFF, 0xFD, 0xFF, 0xF3, 0x30,
    0x03, 0x60, 0x03, 0x60, 0x06, 0x60, 0x06, 0xC0, 0x06, 0xC0, 0x0D, 0x80, 0x0D, 0x80, 0x19, 0x80,
    0x1F, 0x00, 0x1C, 0x00, 0x70, 0x00, 0xC0, 0x03, 0x00, 0x0C, 0x00, 0x30, 0x00, 0xC0, 0x03, 0xFF,
    0xEE, 0x00, 0xD8, 0x01, 0xFF, 0xFF, 0x00, 0x00, 0x1F, 0xE0, 0x7F, 0xF0, 0x7F, 0xF8, 0x7C, 0xFC,
    0x78, 0x3C, 0x78, 0x3E, 0x78, 0x1E, 0x7F, 0x1E, 0x7F, 0x1E, 0x7F, 0x1E, 0x00, 0x1E, 0x00, 0x1E,
    0x00, 0x3E, 0x00, 0x3C, 0x38, 0xFC, 0x3F, 0xF8, 0x3F, 0xF0, 0x1F, 0xC0, 0xFF, 0xCF, 0xFC, 0xFF,
    0xC0, 0x3C, 0x03, 0xC0, 0x3C, 0x03, 0xC0, 0x3C, 0x03, 0xC0, 0x3C, 0x03, 0xC0, 0x3C, 0x03, 0xC0,
    0x3C, 0x03, 0xC0, 0x3C, 0x03, 0xC0, 0x03, 0xC0, 0x3C, 0x03, 0xC0, 0x3C, 0x03, 0xC0, 0x3C, 0x03,
    0xC0, 0x3C, 0x03, 0xC0, 0x3C, 0x03, 0xC0, 0x3C, 0x03, 0xC0, 0x3C, 0xFF, 0xCF, 0xFC, 0xFF, 0xC0,
    0x07, 0x80, 0x1E, 0x00, 0x78, 0x01, 0xE0, 0x07, 0x80, 0x1E, 0x00, 0x78, 0x03, 0xE0, 0x0F, 0xC0,
    0x7F, 0x01, 0xFE, 0x0F, 0x78, 0x3C, 0xF1, 0xF3, 0xC7, 0x87, 0xBE, 0x1E, 0xF0, 0x7C, 0x00, 0x00,
    0x03, 0xFF, 0x00, 0xD9, 0xF0, 0x24, 0x0C, 0x1B, 0x07, 0x86, 0xC1, 0xE1, 0xB0, 0x78, 0x6C, 0x16,
    0x12, 0x05, 0x8D, 0x83, 0x63, 0x60, 0xD8, 0xD8, 0x36, 0x34, 0x0B, 0x8B, 0x06, 0xC6, 0xC1, 0xE1,
    0xB0, 0x78, 0x6C, 0x78, 0x1F, 0xFC, 0x00, 0x00, 0x00, 0x00, 0x00, 0x00, 0x1F, 0x00, 0x1E, 0x00,
    0x36, 0x00, 0x36, 0x00, 0x36, 0x0F, 0xB4, 0x1D, 0xEC, 0x3C, 0xEC, 0x6C, 0x6C, 0x6C, 0x6C, 0xC8,
    0x68, 0xD8, 0xD8, 0xD8, 0xD8, 0xD8, 0xD8, 0xD9, 0xD8, 0xD3, 0x90, 0x77, 0xB0, 0x7D, 0xF0, 0x00,
    0x00, 0x00, 0x00, 0x7E, 0x1F, 0xF3, 0xCF, 0x7C, 0xB6, 0xCB, 0xC9, 0xED, 0xF8, 0xD8, 0x0D, 0x80,
    0xD8, 0x0F, 0x00, 0x71, 0xC3, 0xFC, 0x00, 0x00, 0x07, 0x07, 0x83, 0x41, 0xE0, 0x00, 0xF8, 0x6C,
    0x24, 0x16, 0x1B, 0x0D, 0x86, 0xC2, 0x43, 0x61, 0xB0, 0xD8, 0x6C, 0x3C, 0x00, 0x00, 0x00, 0x00,
    0x03, 0x80, 0x3C, 0x01, 0xA0, 0x0F, 0x00, 0x00, 0x00, 0x00, 0x3E, 0x01, 0xB0, 0x09, 0x00, 0xD8,
    0x06, 0xC0, 0x36, 0x01, 0xA0, 0x09, 0x00, 0xD8, 0x06, 0xC0, 0x36, 0x01, 0xA0, 0x0B, 0x00, 0xD8,
    0x06, 0xC0, 0x3C, 0x03, 0xC0, 0xFC, 0x00, 0x00, 0x00, 0x03, 0x80, 0x03, 0x80, 0x3F, 0xF8, 0x3F,
    0xFC, 0x3B, 0xBE, 0x3B, 0x8E, 0x3B, 0x8E, 0x3B, 0x8E, 0x3B, 0x8E, 0x3B, 0x9E, 0x3B, 0xFC, 0x3B,
    0xF8, 0x3B, 0x80, 0x3B, 0x80, 0x3B, 0x80, 0x03, 0x80, 0x03, 0x80, 0x03, 0xFE, 0x03, 0xFE, 0x7C,
    0xFC, 0x1F, 0xFF, 0x87, 0xFF, 0xC1, 0xF9, 0xF1, 0xF8, 0x78, 0xFE, 0x3C, 0xFF, 0x9E, 0x7B, 0xFE,
    0x3C, 0xFF, 0x1C, 0x3F, 0x00, 0x3F, 0x00, 0x3F, 0xC0, 0x3D, 0xE0, 0x1E, 0x70, 0x0F, 0x38, 0x07,
    0xFC, 0x01, 0xFE, 0x00, 0x7C, 0x00, 0x30, 0x70, 0x7E, 0x8C, 0x6C, 0x8C, 0x24, 0x86, 0x05, 0x86,
    0x04, 0x86, 0x1F, 0xE6, 0x6C, 0x8E, 0x4C, 0x8E, 0x2C, 0x9A, 0x1F, 0x82, 0x0C, 0xC4, 0x0C, 0xC0,
    0x0C, 0xC0, 0x0C, 0xC0, 0x0C, 0xC0, 0x0D, 0x80, 0x07, 0x80, 0x1C, 0x07, 0x07, 0x81, 0xE0, 0xF8,
    0x38, 0x1F, 0x0F, 0x07, 0xE1, 0xC0, 0xEC, 0x78, 0x1F, 0xCE, 0x07, 0xFB, 0xC0, 0xE7, 0x70, 0x1C,
    0x7E, 0xF8, 0x03, 0xBF, 0x00, 0x77, 0x00, 0x1C, 0xF0, 0x03, 0x8F, 0x80, 0xE0, 0xF0, 0x1C, 0x46,
    0x07, 0x0F, 0xC0, 0xE1, 0xF0, 0x03, 0x80, 0x70, 0x0E, 0x01, 0xC7, 0xF8, 0xFF, 0x1F, 0xE0, 0x1C,
    0x03, 0x80, 0x71, 0xFE, 0x7F, 0xCF, 0xF8, 0x1E, 0x1E, 0x0F, 0x07, 0xE3, 0xE3, 0xF0, 0xCC, 0xEE,
    0xE6, 0x19, 0xD8, 0xD8, 0xC3, 0x1B, 0x1B, 0x18, 0x63, 0x63, 0x63, 0x0C, 0xEC, 0x6C, 0x61, 0x99,
    0x8D, 0xCC, 0x33, 0x3B, 0x19, 0x87, 0xE3, 0x63, 0x60, 0x78, 0x78, 0x3C, 0x3F, 0xFF, 0xFF, 0xEF,
    0xFF, 0xBF, 0xBC, 0x1E, 0x07, 0x01, 0xF0, 0x70, 0x1F, 0x83, 0x80, 0xFC, 0x38, 0x00, 0xE1, 0xC0,
    0x07, 0x1C, 0x00, 0x39, 0xEF, 0xC1, 0xCE, 0xFF, 0x0E, 0xF7, 0xF8, 0x77, 0x01, 0xC0, 0x78, 0x1C,
    0x03, 0x80, 0xE0, 0x38, 0x0E, 0x01, 0xC0, 0x70, 0x1C, 0x07, 0x80, 0xE0, 0x38, 0x0E, 0x03, 0xC0,
    0x1E, 0x07, 0x01, 0xF0, 0x70, 0x1F, 0x83, 0x80, 0xFC, 0x38, 0x00, 0xE1, 0xC0, 0x07, 0x1C, 0x00,
    0x39, 0xEF, 0x81, 0xCE, 0xFE, 0x0E, 0xF7, 0xF0, 0x77, 0x39, 0xC0, 0x79, 0xDE, 0x03, 0x8F, 0xF0,
    0x38, 0x7F, 0x01, 0xC0, 0x38, 0x1C, 0x0F, 0xC0, 0xE0, 0xFC, 0x0E, 0x07, 0xC0, 0x1E, 0x07, 0x00,
    0x07, 0xC1, 0xC0, 0x01, 0xF8, 0x38, 0x00, 0x3F, 0x0E, 0x00, 0x00, 0xE1, 0xC0, 0x00, 0x1C, 0x70,
    0x00, 0x03, 0x9E, 0x03, 0xE0, 0x73, 0x9E, 0xFE, 0x0E, 0xF7, 0xDF, 0xC1, 0xDD, 0xFB, 0xBC, 0x07,
    0xBF, 0x77, 0x80, 0xE1, 0xEE, 0x70, 0x38, 0x3D, 0xDE, 0x07, 0x07, 0xBB, 0xC1, 0xC0, 0xF7, 0xF0,
    0x38, 0x1E, 0xFE, 0x0E, 0x03, 0xCF, 0x80, 0x1C, 0x0F, 0x01, 0xE0, 0x70, 0x1F, 0x07, 0x80, 0xF8,
    0x38, 0x01, 0xC3, 0x80, 0x0E, 0x1C, 0x00, 0x71, 0xC0, 0x03, 0x8E, 0xF8, 0x1C, 0xEF, 0xE0, 0xE7,
    0x27, 0x00, 0x70, 0x38, 0x03, 0x87, 0x80, 0x38, 0x3E, 0x03, 0xC0, 0x78, 0x1C, 0x21, 0xC1, 0xE1,
    0xFC, 0x0E, 0x0F, 0xC0, 0x3C, 0x07, 0x01, 0xF8, 0x1C, 0x07, 0xF0, 0xE0, 0x13, 0xC3, 0x80, 0x0E,
    0x1C, 0x00, 0x70, 0x70, 0x03, 0x83, 0x80, 0x1C, 0x1F, 0xF8, 0xFF, 0x77, 0xF3, 0xFF, 0xC9, 0xCF,
    0xFE, 0x07, 0x00, 0x78, 0xF8, 0x01, 0xC3, 0xE0, 0x0E, 0x01, 0xC0, 0x38, 0x47, 0x01, 0xC1, 0xFC,
    0x07, 0x07, 0xE0, 0x1E, 0x07, 0x01, 0xF0, 0x70, 0x1F, 0x83, 0x80, 0xFC, 0x38, 0x00, 0xE1, 0xC0,
    0x07, 0x1C, 0x00, 0x39, 0xEF, 0x81, 0xCE, 0x7E, 0x0E, 0xF3, 0xF0, 0x77, 0x18, 0x00, 0x79, 0xF8,
    0x03, 0x8F, 0xE0, 0x38, 0x3F, 0x81, 0xC0, 0x1C, 0x1C, 0x1F, 0xE0, 0xE0, 0xFE, 0x0E, 0x03, 0xE0,
    0x00, 0x00, 0x01, 0xF8, 0x0E, 0x07, 0xF0, 0x78, 0x1B, 0xC1, 0xC0, 0x0F, 0x0F, 0x00, 0x38, 0x38,
    0x01, 0xC1, 0xC0, 0x0E, 0x07, 0x3E, 0x7E, 0x39, 0xFB, 0xFC, 0xE7, 0xEF, 0xF7, 0x18, 0x00, 0x1C,
    0x7C, 0x00, 0xE1, 0xF8, 0x03, 0x83, 0xF0, 0x1C, 0x01, 0xC0, 0xF0, 0xFF, 0x03, 0x83, 0xF8, 0x1E,
    0x07, 0xC0, 0x3C, 0x00, 0x03, 0xF0, 0x38, 0x1F, 0xC3, 0xC0, 0x0E, 0x1C, 0x01, 0xE1, 0xE0, 0x1E,
    0x0E, 0x00, 0xF8, 0xE0, 0x00, 0xE7, 0x7C, 0xFF, 0x77, 0xF7, 0xFB, 0xBF, 0x9F, 0xB9, 0xC0, 0x01,
    0xCF, 0xC0, 0x1C, 0x7F, 0x01, 0xE1, 0xF8, 0x0E, 0x01, 0xC0, 0xF0, 0xFE, 0x07, 0x07, 0xF0, 0x78,
    0x3F, 0x00, 0x0E, 0x00, 0x00, 0x38, 0x0E, 0x01, 0xE0, 0x70, 0x0F, 0x81, 0xC0, 0x3E, 0x0E, 0x01,
    0xF8, 0x38, 0x0E, 0xE1, 0xC0, 0x3F, 0xE7, 0x7C, 0xFF, 0xB9, 0xF8, 0x38, 0xE7, 0xE0, 0xE7, 0x18,
    0x00, 0x3C, 0x7C, 0x00, 0xE3, 0xF8, 0x07, 0x87, 0xF0, 0x1C, 0x01, 0xC0, 0xE0, 0xFF, 0x03, 0x83,
    0xF8, 0x1C, 0x07, 0xC0, 0x1E, 0x07, 0x01, 0xF0, 0x70, 0x1F, 0x83, 0x80, 0xFC, 0x38, 0x00, 0xE1,
    0xC0, 0x07, 0x1C, 0x00, 0x39, 0xE7, 0x81, 0xCE, 0x7C, 0x0E, 0xF7, 0xE0, 0x77, 0x38, 0x00, 0x7B,
    0xF8, 0x03, 0x9F, 0xE0, 0x38, 0xFF, 0x01, 0xC7, 0x38, 0x1C, 0x1F, 0xC0, 0xE0, 0xFE, 0x0E, 0x03,
    0xE0, 0x3E, 0x00, 0x03, 0xF8, 0x38, 0x1F, 0xC1, 0xC0, 0xE0, 0x1C, 0x07, 0xE1, 0xE0, 0x3F, 0x8E,
    0x00, 0xFC, 0xF0, 0x00, 0xE7, 0x3E, 0x7F, 0x7B, 0xF3, 0xFB, 0xBF, 0x9F, 0xB9, 0xC0, 0x01, 0xCF,
    0xC0, 0x1C, 0x7F, 0x00, 0xE3, 0xFC, 0x0E, 0x1C, 0xE0, 0x70, 0xFE, 0x07, 0x07, 0xF0, 0x38, 0x1F,
    0x00, 0x1C, 0x0E, 0x01, 0xE0, 0x70, 0x1F, 0x07, 0x00, 0xF8, 0x38, 0x01, 0xC3, 0x80, 0x0E, 0x1C,
    0x00, 0x71, 0xC0, 0x03, 0x9E, 0xF8, 0x1C, 0xEF, 0xE0, 0xEF, 0x77, 0x00, 0x73, 0xB8, 0x07, 0x8F,
    0x80, 0x38, 0xFE, 0x03, 0x87, 0x38, 0x1C, 0x39, 0xC1, 0xC1, 0xFC, 0x0E, 0x07, 0xC0, 0x3E, 0x07,
    0x03, 0xF0, 0x78, 0x19, 0xC3, 0x80, 0x1C, 0x38, 0x03, 0xE1, 0xC0, 0x1F, 0x1C, 0x00, 0x1C, 0xE0,
    0x00, 0xEE, 0x7C, 0xC7, 0x77, 0xE7, 0xF7, 0x73, 0x9F, 0x7B, 0xDC, 0x03, 0x8F, 0xC0, 0x3C, 0x7E,
    0x01, 0xC7, 0x38, 0x1E, 0x39, 0xC0, 0xE1, 0xFE, 0x0E, 0x07, 0xE0, 0x7F, 0x07, 0x03, 0xF8, 0x78,
    0x1C, 0x03, 0x80, 0xE0, 0x3C, 0x07, 0xE1, 0xC0, 0x3F, 0x9C, 0x00, 0x1C, 0xEF, 0x08, 0xEE, 0xFC,
    0x7F, 0x77, 0x73, 0xF7, 0x3B, 0x80, 0x39, 0xF8, 0x03, 0x87, 0xC0, 0x3C, 0x7F, 0x01, 0xC7, 0x38,
    0x1E, 0x39, 0xC0, 0xE0, 0xFE, 0x0F, 0x03, 0xE0, 0xFF, 0x0E, 0x07, 0xF8, 0x70, 0x01, 0xC7, 0x00,
    0x0E, 0x38, 0x00, 0xE3, 0x80, 0x07, 0x3C, 0x00, 0x71, 0xC0, 0x03, 0x9E, 0xF8, 0x3C, 0xEF, 0xE1,
    0xCF, 0x73, 0x0C, 0x73, 0xB8, 0x07, 0x0F, 0x80, 0x38, 0xFE, 0x03, 0x87, 0x38, 0x1C, 0x39, 0xC1,
    0xC1, 0xFC, 0x0E, 0x07, 0xC0, 0x1E, 0x07, 0x3E, 0x0E, 0x7E, 0x0E, 0x7E, 0x1C, 0x0E, 0x1C, 0x0E,
    0x38, 0x0E, 0x78, 0x0E, 0x70, 0x0E, 0xF0, 0x0E, 0xE0, 0x01, 0xE0, 0x01, 0xC0, 0x03, 0x80, 0x03,
    0x80, 0x07, 0x00, 0x07, 0x00, 0x0E, 0x00, 0x7F, 0x0F, 0xF1, 0xFF, 0x01, 0xE0, 0x3C, 0x07, 0xC0,
    0x78, 0x1E, 0x03, 0xC8, 0x79, 0xFF, 0x3F, 0xC7, 0xF0, 0x3E, 0x00, 0x01, 0xF8, 0x1C, 0x07, 0xF0,
    0x70, 0x3D, 0xC3, 0x80, 0xF7, 0x0E, 0x03, 0x9C, 0x70, 0x0F, 0x71, 0xC0, 0x3D, 0xCE, 0x78, 0x7F,
    0x3B, 0xF1, 0xFD, 0xCF, 0xC3, 0xEF, 0x03, 0x00, 0x38, 0x7C, 0x01, 0xE1, 0xE0, 0x07, 0x07, 0xC0,
    0x38, 0x03, 0x80, 0xE1, 0xFE, 0x07, 0x07, 0xF0, 0x1C, 0x0F, 0x80, 0x3C, 0x03, 0xC0, 0x3C, 0x03,
    0xC0, 0x3C, 0x03, 0xC0, 0xFF, 0x8F, 0xF8, 0x3C, 0x03, 0xC0, 0xFF, 0x8F, 0xF8, 0x3C, 0x03, 0xC0,
    0x3F, 0xF3, 0xFF, 0x3F, 0xF0, 0x3C, 0x3C, 0x3C, 0x3C, 0x3C, 0x3C, 0x3C, 0xFE, 0xFE, 0x3C, 0xFE,
    0xFE, 0x3C, 0x3C, 0x3C, 0x3C, 0x3C, 0x3C, 0x0F, 0x00, 0x3C, 0x00, 0xF0, 0x03, 0xC0, 0x0F, 0x00,
    0x3C, 0x00, 0xF0, 0x1F, 0xF8, 0x7F, 0xC3, 0xFF, 0x00, 0xF0, 0x03, 0xC0, 0x0F, 0x00, 0x3C, 0x00,
    0xFF, 0x83, 0xFE, 0x0F, 0xF8, 0x3F, 0xE0, 0xFF, 0xC3, 0xFF, 0x8F, 0x3E, 0xFF, 0x7B, 0xFD, 0xEF,
    0xF7, 0x8F, 0x3E, 0x3F, 0xF0, 0xFF, 0xC3, 0xFC, 0x0F, 0x00, 0x3C, 0x00, 0xF0, 0x03, 0xC0, 0x0F,
    0x00, 0x3C, 0x00, 0x3F, 0xC0, 0x7F, 0xE0, 0xFF, 0xE1, 0xE7, 0xC3, 0xC7, 0x87, 0x8F, 0x0F, 0x1E,
    0x1E, 0x7C, 0x3F, 0xF0, 0x7F, 0xC0, 0xFF, 0x81, 0xEF, 0x03, 0xCF, 0x07, 0x9E, 0x0F, 0x1E, 0x1E,
    0x3E, 0x3C, 0x3C, 0x78, 0x00, 0xF0, 0x01, 0xE0, 0x03, 0xF0, 0x07, 0xE0, 0x07, 0xC0, 0x00, 0x00,
    0x20, 0xFF, 0x8F, 0xFC, 0x7F, 0xC1, 0x0F, 0x00, 0xF8, 0x7F, 0xC7, 0xFE, 0x7F, 0xF3, 0xF7, 0x9F,
    0xBC, 0xFF, 0xE7, 0xFF, 0x1F, 0x38, 0xC0, 0x06, 0x00, 0x01, 0xC0, 0x61, 0xD8, 0xF6, 0x3F, 0x9F,
    0xEF, 0xFB, 0xFE, 0x3F, 0x0F, 0x83, 0xE0, 0xF8, 0x3E, 0x0F, 0x83, 0xC0, 0xFE, 0x3F, 0x87, 0xE1,
    0x80, 0x60, 0x18, 0x0C, 0x00, 0x3C, 0x1E, 0x0F, 0x07, 0x83, 0xC1, 0xE0, 0xF0, 0x78, 0x3C, 0x1E,
    0x0F, 0x07, 0x83, 0xC1, 0xE0, 0xFF, 0xF8, 0x3F, 0xFE, 0x0F, 0xFF, 0x83, 0xC1, 0xE0, 0xF0, 0x78,
    0x3C, 0x1E, 0x0F, 0x07, 0x83, 0xC1, 0xFC, 0xF0, 0x7F, 0x3C, 0x1F, 0xC0, 0x00, 0xF0, 0x00, 0x3C,
    0x00, 0x0F, 0x00, 0x03, 0xC0, 0x00, 0xF0, 0x78, 0x00, 0xF0, 0x01, 0xE0, 0x03, 0xC0, 0x07, 0x80,
    0x0F, 0x7C, 0x1F, 0xFC, 0x3F, 0xFC, 0x7C, 0x78, 0xF8, 0xF1, 0xE1, 0xE3, 0xC3, 0xC7, 0x87, 0x8F,
    0x0F, 0x1E, 0x1E, 0x3C, 0x3C, 0x78, 0x7E, 0xF0, 0xFC, 0x00, 0x78, 0x00, 0xF0, 0x01, 0xE0, 0x03,
    0xC0, 0x07, 0x80, 0x3C, 0x3C, 0x78, 0xF8, 0xF1, 0xE1, 0xE7, 0x83, 0xDF, 0x07, 0xBC, 0x0F, 0xF0,
    0x1F, 0xE0, 0x3F, 0xC0, 0x7F, 0xC0, 0xF7, 0x81, 0xEF, 0x83, 0xCF, 0x07, 0x8F, 0x0F, 0x1F, 0x9E,
    0x1F, 0x3C, 0x3E, 0x00, 0x3C, 0x00, 0x78, 0x00, 0xF0, 0x01, 0xE0, 0x03, 0xC0, 0x78, 0x01, 0xE0,
    0x07, 0x80, 0x1E, 0x00, 0x78, 0x01, 0xE1, 0xE7, 0x8F, 0x1E, 0x7C, 0x79, 0xE1, 0xEF, 0x07, 0xF8,
    0x1F, 0xE0, 0x7F, 0xC1, 0xFF, 0x87, 0x9E, 0x1E, 0x3C, 0x78, 0xFD, 0xE1, 0xF0, 0x03, 0xC0, 0x0F,
    0x00, 0x3C, 0x00, 0xF0, 0x03, 0xC0, 0xFF, 0xF7, 0xFF, 0x9F, 0xFC, 0x03, 0xC0, 0x3E, 0x01, 0xE0,
    0x1F, 0x00, 0xF0, 0x0F, 0x00, 0xF8, 0x07, 0x80, 0x7C, 0x03, 0xC0, 0x3C, 0x01, 0xFF, 0xDF, 0xFE,
    0xFF, 0xF0, 0x07, 0x80, 0x3C, 0x01, 0xE0, 0x0F, 0x00, 0x78, 0x7F, 0xCF, 0xF9, 0xFF, 0x03, 0xC0,
    0x78, 0x1E, 0x07, 0x80, 0xF0, 0x3C, 0x0F, 0x01, 0xFF, 0x7F, 0xEF, 0xFC, 0x03, 0x80, 0x70, 0x0E,
    0x01, 0xC0, 0x38, 0x07, 0xCE, 0x0F, 0xFF, 0x07, 0xFF, 0x87, 0xC7, 0xC3, 0xC1, 0xE3, 0xE0, 0xF1,
    0xE0, 0x78, 0xF0, 0x3C, 0x78, 0x1E, 0x3C, 0x0F, 0x1E, 0x07, 0x8F, 0x83, 0xC3, 0xC1, 0xE1, 0xF1,
    0xF0, 0x7F, 0xF8, 0x3F, 0xFC, 0x07, 0xCE, 0x00, 0x3E, 0x03, 0xE1, 0xF0, 0x1F, 0x0F, 0xC1, 0xF8,
    0x7E, 0x0F, 0xC3, 0xF0, 0x7E, 0x1F, 0xC7, 0xF0, 0xFE, 0x3B, 0x87, 0x71, 0xDC, 0x3B, 0xCE, 0xE1,
    0xDE, 0xE7, 0x0E, 0x77, 0x38, 0x73, 0xF9, 0xC3, 0x9F, 0xCE, 0x1C, 0x7C, 0x70, 0xE3, 0xE3, 0x87,
    0x1F, 0x1C, 0x38, 0xF0, 0xE0, 0x00, 0x07, 0x00, 0x00, 0x78, 0x00, 0x1F, 0xC0, 0x00, 0xFC, 0x00,
    0x07, 0xC0, 0xF0, 0x1E, 0xF0, 0x1E, 0x78, 0x3E, 0x78, 0x3C, 0x7F, 0xFC, 0x7F, 0xFC, 0x3F, 0xF8,
    0x3C, 0x78, 0x3C, 0x78, 0x1E, 0xF0, 0x1E, 0xF0, 0x1E, 0xF0, 0x0E, 0xE0, 0x0F, 0xE0, 0x0F, 0xE0,
    0x07, 0xC0, 0x07, 0xC0, 0x39, 0xF0, 0x1F, 0xFE, 0x0F, 0xFF, 0x07, 0xC7, 0xC3, 0xC1, 0xE1, 0xE0,
    0xF8, 0xF0, 0x3C, 0x78, 0x1E, 0x3C, 0x0F, 0x1E, 0x07, 0x8F, 0x03, 0xC7, 0x83, 0xE3, 0xC1, 0xE1,
    0xF1, 0xF0, 0xFF, 0xF0, 0x7F, 0xF8, 0x39, 0xF0, 0x00, 0xF0, 0x7B, 0xC1, 0xF7, 0x8F, 0xDE, 0x3C,
    0x78, 0xE0, 0xE7, 0x83, 0xDE, 0x0F, 0x70, 0x1F, 0xC0, 0x7F, 0x01, 0xF8, 0x03, 0xE0, 0x0F, 0x00,
    0xF0, 0x78, 0x1F, 0xE0, 0xF0, 0x7F, 0xC3, 0xE1, 0xFB, 0x87, 0xC3, 0xC7, 0x8F, 0xC7, 0x8F, 0x1F,
    0x8E, 0x1E, 0x7F, 0x3C, 0x1C, 0xFE, 0x78, 0x3D, 0xDE, 0xF0, 0x7B, 0xBD, 0xC0, 0xFF, 0x3F, 0x81,
    0xFE, 0x7F, 0x01, 0xF8, 0xFE, 0x03, 0xF1, 0xFC, 0x07, 0xE1, 0xF0, 0x0F, 0xC3, 0xE0, 0x0F, 0x07,
    0xC0, 0xF1, 0xF0, 0xFF, 0x1F, 0x1F, 0x71, 0xF1, 0xF7, 0x9F, 0x3C, 0x7B, 0xFB, 0xC7, 0xBB, 0xBC,
    0x3B, 0xBB, 0x83, 0xFB, 0xF8, 0x3F, 0xBF, 0x83, 0xF1, 0xF8, 0x1F, 0x1F, 0x01, 0xF1, 0xF0, 0x1F,
    0x1F, 0x00, 0x3C, 0x7B, 0xF7, 0x9D, 0xBC, 0xED, 0xE7, 0xFE, 0x3F, 0xF3, 0xF7, 0x9F, 0xB8, 0x3F,
    0xC0, 0xFE, 0x07, 0xE0, 0x1F, 0x00, 0xF0, 0x00, 0x3C, 0x03, 0xC0, 0x3C, 0x03, 0xC0, 0x3C, 0x03,
    0xC0, 0x3C, 0x03, 0xFE, 0x3F, 0xE3, 0xFE, 0x3C, 0x03, 0xC0, 0x3C, 0x03, 0xC0, 0x3C, 0x03, 0xC0,
    0x3C, 0x00, 0x78, 0x1E, 0x07, 0x81, 0xE0, 0x78, 0x1F, 0xE7, 0xF9, 0xFE, 0x78, 0x1E, 0x07, 0x81,
    0xE0, 0x78, 0x00, 0x00, 0x00, 0x06, 0x1F, 0x03, 0xCF, 0xE0, 0xF7, 0xFC, 0x79, 0xE7, 0x9E, 0x79,
    0xE7, 0x9E, 0x79, 0xE7, 0x9E, 0x79, 0xE7, 0x9E, 0x79, 0xE7, 0xDE, 0xF0, 0xFF, 0xFC, 0x1F, 0xFE,
    0x03, 0xFE, 0x00, 0x0F, 0xC0, 0x1F, 0xF0, 0x0F, 0xFC, 0x0F, 0x1E, 0x07, 0x87, 0x03, 0xFF, 0x81,
    0xFF, 0xC0, 0xFF, 0xE0, 0x78, 0x03, 0x3C, 0x01, 0xCF, 0xFF, 0xE3, 0xFF, 0xE0, 0xFF, 0xE0, 0x7E,
    0x1F, 0xC3, 0xF0, 0x3C, 0x07, 0x01, 0xE0, 0x78, 0x1E, 0x07, 0x81, 0xE0, 0x78, 0x1E, 0x07, 0x83,
    0xE1, 0xFB, 0xFE, 0xFF, 0xBD, 0xE0, 0x00, 0x0F, 0xC0, 0x7F, 0xC3, 0xFF, 0x1F, 0x1E, 0x78, 0x79,
    0xE1, 0xE7, 0xBF, 0x9F, 0xFE, 0x7C, 0xF9, 0xF3, 0xE3, 0xFF, 0x07, 0xFC, 0x0F, 0xC0, 0x7F, 0x9F,
    0xE7, 0xF8, 0x0E, 0x03, 0x9F, 0xE7, 0xF9, 0xFE, 0x03, 0x80, 0xE7, 0xF9, 0xFE, 0x7F, 0x80, 0x31,
    0x80, 0x73, 0x9C, 0xE7, 0x39, 0xCE, 0x73, 0xFB, 0xC0, 0xE1, 0xB8, 0xE6, 0x39, 0xCC, 0x77, 0x0D,
    0xC3, 0xE0, 0xF8, 0x1E, 0x07, 0x00, 0x00, 0x00, 0x00, 0x00, 0x00, 0x00, 0x00, 0x00, 0x00, 0x1F,
    0xC3, 0xFE, 0x7F, 0xE7, 0x84, 0x78, 0x07, 0x80, 0x7E, 0x03, 0xF8, 0x1F, 0xC0, 0xFE, 0x03, 0xE0,
    0x1F, 0x00, 0xF6, 0x1E, 0x7F, 0xE7, 0xFC, 0x7F, 0x81, 0xE0, 0x1E, 0x00, 0xF0, 0x0F, 0xE0, 0x7E,
    0x03, 0xE0, 0xFF, 0xF7, 0xFF, 0x9F, 0xFC, 0x03, 0xC0, 0x3E, 0x01, 0xE0, 0x1E, 0x00, 0xF0, 0x0F,
    0x00, 0xF8, 0x07, 0x80, 0x78, 0x03, 0xC0, 0x3C, 0x03, 0xF0, 0x1F, 0xC0, 0xFF, 0x00, 0xF8, 0x03,
    0xE0, 0x0F, 0x00, 0x7F, 0x01, 0xF8, 0x07, 0xC0, 0x00, 0x0C, 0x01, 0xF0, 0x27, 0x84, 0xFC, 0x98,
    0x01, 0x00, 0x00, 0x00, 0x00, 0x00, 0x00, 0x00, 0x00, 0x00, 0x00, 0x00, 0x00, 0x00, 0x00, 0x00,
    0x00, 0x40, 0x08, 0x01, 0x30, 0x36, 0x07, 0xC0, 0x7C, 0x01, 0xF0, 0x06, 0x00, 0x00, 0x7E, 0x3F,
    0x8F, 0xC0, 0xE0, 0x70, 0x70, 0xF0, 0x00, 0x00, 0x00, 0x0F, 0x07, 0xC3, 0xE0, 0x70, 0x18, 0x1C,
    0x3C, 0x00, 0x7C, 0x7E, 0x3E, 0x06, 0x0E, 0x3C, 0x00, 0x00, 0x78, 0x7C, 0x3C, 0x0E, 0x1C, 0x38,
    0x0F, 0xC7, 0xF8, 0xFF, 0x3C, 0x07, 0x80, 0xF0, 0x1E, 0x01, 0xE0, 0x1F, 0x81, 0xF0, 0x00, 0x00,
    0x00, 0x00, 0x00, 0x00, 0x00, 0x00, 0x00, 0x00, 0x1F, 0x8F, 0xE7, 0xF9, 0xE0, 0x70, 0x1C, 0x07,
    0x81, 0xF0, 0x3F, 0x03, 0xC0, 0x00, 0x00, 0x00, 0x00, 0x3C, 0x1E, 0x1E, 0x0F, 0x0F, 0x07, 0x87,
    0x83, 0xC3, 0xC1, 0xE1, 0xE0, 0xF0, 0xF0, 0x78, 0x7F, 0xFC, 0x3F, 0xFE, 0x1F, 0xFF, 0x0F, 0x07,
    0x87, 0x83, 0xC3, 0xC1, 0xE1, 0xE0, 0xF0, 0xF0, 0x78, 0x78, 0x3C, 0x3C, 0x1E, 0x00, 0x0F, 0x00,
    0x0F, 0x80, 0x1F, 0x80, 0x0F, 0xC0, 0x07, 0x80, 0x78, 0x01, 0xE0, 0x07, 0x80, 0x1E, 0x00, 0x78,
    0x01, 0xEF, 0x87, 0xFF, 0x1F, 0xFE, 0x7C, 0x79, 0xF1, 0xE7, 0x87, 0x9E, 0x1E, 0x78, 0x79, 0xE1,
    0xE7, 0x87, 0x9E, 0x1E, 0x78, 0x79, 0xE1, 0xE0, 0x07, 0x80, 0x1E, 0x00, 0x78, 0x07, 0xE0, 0x1F,
    0x00, 0x78, 0xFF, 0xF0, 0x0F, 0xFF, 0x00, 0xFF, 0xF0, 0x00, 0xF0, 0x00, 0x0F, 0x00, 0x00, 0xF0,
    0x00, 0x0F, 0xFF, 0xC0, 0xFF, 0xFC, 0x0F, 0xFF, 0xC0, 0xF0, 0xF8, 0x0F, 0x1F, 0x00, 0xF1, 0xE0,
    0x0F, 0x3C, 0x00, 0xF7, 0xF0, 0x0F, 0x7F, 0xC0, 0xF3, 0xFC, 0x0F, 0x03, 0xE0, 0x00, 0x1E, 0x00,
    0x01, 0xE0, 0x10, 0x3E, 0x01, 0xFF, 0xC0, 0x1F, 0xF8, 0x01, 0xFF, 0x00, 0x1C, 0x00, 0x03, 0xC0,
    0x00, 0x7F, 0xFF, 0xEF, 0xFF, 0xFE, 0xFF, 0xFF, 0xE3, 0xC0, 0x7C, 0x3C, 0x0F, 0x83, 0xC1, 0xF0,
    0x3C, 0x3E, 0x03, 0xC3, 0xF0, 0x3C, 0x3F, 0xC3, 0xC3, 0xFC, 0x3F, 0x81, 0xE3, 0xF8, 0x1E, 0x1F,
    0x81, 0xE0, 0x00, 0x1E, 0x00, 0x01, 0xE0, 0x18, 0x3E, 0x01, 0xFF, 0xC0, 0x1F, 0xF8, 0x00, 0xFF,
    0x00, 0x03, 0xF0, 0x3F, 0xE3, 0xFF, 0x1F, 0x84, 0x7C, 0x00, 0xFC, 0x00, 0xFC, 0x03, 0xF0, 0x3F,
    0xC1, 0xFF, 0x07, 0xC0, 0x1E, 0x00, 0x78, 0x01, 0xF0, 0x67, 0xFF, 0x8F, 0xFE, 0x0F, 0xF0, 0x07,
    0xF0, 0xFF, 0x8F, 0xFC, 0xF8, 0x47, 0xC0, 0x1F, 0x00, 0x7C, 0x00, 0xF8, 0x1F, 0xC1, 0xFE, 0x1F,
    0x80, 0xF0, 0x07, 0x80, 0x3C, 0x01, 0xE0, 0x0F, 0x86, 0x7F, 0xF1, 0xFF, 0x83, 0xFC, 0x01, 0xE0,
    0x1F, 0x01, 0xF8, 0x0F, 0xC0, 0xFE, 0x0F, 0xF0, 0xF7, 0x87, 0x3C, 0x79, 0xE7, 0xFF, 0x3F, 0xF9,
    0xFF, 0xC0, 0x1E, 0x00, 0xF0, 0x3F, 0x81, 0xF8, 0x0F, 0x80, 0x01, 0xE0, 0x3E, 0x07, 0xE0, 0x7E,
    0x0F, 0xE1, 0xFE, 0x1D, 0xE3, 0x9E, 0x79, 0xE7, 0x1E, 0xFF, 0xEF, 0xFE, 0xFF, 0xE0, 0x1E, 0x01,
    0xE0, 0x1E, 0x0F, 0xC0, 0xFC, 0x0F, 0x80, 0x01, 0xE0, 0x07, 0xC0, 0x1F, 0x80, 0x3F, 0x00, 0xFE,
    0x03, 0xFC, 0x0F, 0x78, 0x1C, 0xF0, 0x79, 0xE1, 0xFF, 0xFF, 0xFF, 0xFF, 0xFF, 0xF0, 0x1E, 0x00,
    0x3F, 0xC3, 0xFF, 0x87, 0xEE, 0x0F, 0x9C, 0x01, 0xE0, 0x07, 0xC0, 0x1F, 0x80, 0x3F, 0x00, 0xFE,
    0x03, 0xFC, 0x07, 0x78, 0x1C, 0xF0, 0x79, 0xE0, 0xE3, 0xC3, 0xFF, 0xF7, 0xFF, 0xFF, 0xFF, 0xE0,
    0x3C, 0x00, 0x78, 0x00, 0xFF, 0x0F, 0xDE, 0x1F, 0xB8, 0x3E, 0x70, 0x7F, 0x9F, 0xE7, 0xF9, 0xE0,
    0x78, 0x1F, 0xE7, 0xF9, 0xFE, 0x78, 0x1E, 0x07, 0x81, 0xE0, 0x78, 0x00, 0x1F, 0x9F, 0xE7, 0xF9,
    0xC0, 0x78, 0x1F, 0x83, 0xF0, 0x3E, 0x03, 0xD0, 0xF7, 0xFD, 0xFE, 0x7F, 0x00, 0x07, 0xC0, 0xFC,
    0x00, 0xF8, 0x1F, 0x80, 0x3F, 0x83, 0xF0, 0x07, 0xF0, 0xFE, 0x00, 0xEE, 0x1F, 0xE0, 0x3D, 0xE3,
    0xFC, 0x07, 0xBC, 0xF3, 0x80, 0xF3, 0x9E, 0x78, 0x3C, 0x7B, 0xCF, 0x07, 0x8F, 0xF1, 0xE0, 0xFF,
    0xFF, 0xFE, 0x3F, 0xFF, 0xFF, 0xC7, 0xFF, 0xFF, 0xF8, 0xF0, 0x7E, 0x07, 0x9E, 0x0F, 0xC0, 0xF7,
    0x80, 0xF8, 0x1E, 0xF0, 0x1F, 0x03, 0xE0, 0x1F, 0xFF, 0x81, 0xFF, 0xFE, 0x0F, 0xFF, 0xF8, 0x21,
    0xE3, 0xC0, 0x0F, 0x1E, 0x0F, 0xFF, 0xF1, 0xFF, 0xFF, 0x8F, 0x9F, 0x3C, 0x78, 0xF1, 0xE3, 0xCF,
    0x8F, 0x1F, 0xFF, 0xF8, 0xFF, 0xFF, 0xC3, 0xE3, 0xEE, 0x00, 0x07, 0xC7, 0xF8, 0x01, 0xF3, 0xFF,
    0x00, 0xFF, 0xFF, 0xE0, 0x3F, 0xF8, 0x78, 0x0E, 0xFC, 0x0F, 0x07, 0xBF, 0x03, 0xC1, 0xEF, 0xC0,
    0xF0, 0x79, 0xE0, 0x3C, 0x3C, 0x78, 0x0F, 0x8F, 0x1E, 0x03, 0xC3, 0xFF, 0xC0, 0xF1, 0xFF, 0xF0,
    0x3C, 0x7F, 0xFC, 0x0F, 0x1E, 0x0F, 0x87, 0x87, 0x81, 0xFF, 0xE3, 0xC0, 0x3F, 0xF0, 0xF0, 0x07,
    0xF8, 0x00, 0x1F, 0xDF, 0x81, 0xFF, 0xFE, 0x0F, 0xFF, 0xF8, 0x21, 0xF3, 0xE0, 0x0F, 0x0F, 0x0F,
    0xF8, 0x79, 0xFF, 0xC3, 0xCF, 0x9E, 0x1E, 0x78, 0xF0, 0xF3, 0xCF, 0xCF, 0x9F, 0xFF, 0xF8, 0xFF,
    0x7F, 0x83, 0xF1, 0xF8, 0x00, 0x07, 0xC0, 0x1E, 0x03, 0xE0, 0x0F, 0x03, 0xF8, 0x07, 0x81, 0xFC,
    0x03, 0xC0, 0xEE, 0x01, 0xE0, 0xF7, 0x80, 0xF0, 0x7B, 0xC0, 0x78, 0x3C, 0xE0, 0x3C, 0x3C, 0x78,
    0x1E, 0x1E, 0x3C, 0x0F, 0x0F, 0xFE, 0x07, 0x8F, 0xFF, 0x83, 0xC7, 0xFF, 0xC1, 0xE3, 0xC1, 0xF1,
    0xF1, 0xE0, 0x7F, 0xF1, 0xE0, 0x1F, 0xF0, 0xF0, 0x07, 0xF0, 0x00, 0x1F, 0xC0, 0xF1, 0xFF, 0x07,
    0x8F, 0xFC, 0x3C, 0x21, 0xE1, 0xE0, 0x0F, 0x0F, 0x0F, 0xF8, 0x79, 0xFF, 0xC3, 0xCF, 0x9E, 0x1E,
    0x78, 0xF1, 0xF3, 0xCF, 0x8F, 0x9F, 0xFF, 0xFC, 0xFF, 0xFF, 0xE3, 0xE3, 0xEF, 0x00, 0x07, 0xC0,
    0x78, 0x3E, 0x03, 0xC3, 0xF8, 0x3C, 0x1F, 0xC1, 0xE0, 0xEE, 0x0F, 0x0F, 0x78, 0x70, 0x7B, 0xC7,
    0x83, 0xCE, 0x3C, 0x3C, 0x79, 0xE1, 0xE3, 0xDE, 0x0F, 0xFE, 0xF0, 0xFF, 0xFF, 0x87, 0xFF, 0xF8,
    0x3C, 0x1F, 0xC1, 0xE0, 0xFE, 0x1E, 0x03, 0xE0, 0xF0, 0x1F, 0x00, 0x1F, 0xC1, 0xE3, 0xFE, 0x1E,
    0x3F, 0xF3, 0xC1, 0x0F, 0x3C, 0x00, 0xF7, 0x81, 0xFF, 0x78, 0x7F, 0xFF, 0x07, 0xCF, 0xF0, 0x78,
    0xFE, 0x07, 0x9F, 0xE0, 0x7F, 0xFC, 0x07, 0xFF, 0xC0, 0x3E, 0x78, 0x00, 0x07, 0xC0, 0x78, 0x1F,
    0x01, 0xE0, 0xFE, 0x07, 0x83, 0xF8, 0x3C, 0x0E, 0xE0, 0xF0, 0x7B, 0x83, 0xC1, 0xEF, 0x1E, 0x07,
    0xFF, 0xF8, 0x3F, 0xFF, 0xE0, 0xFF, 0xFF, 0x03, 0xC7, 0xBC, 0x1E, 0x1E, 0xF0, 0x78, 0x3B, 0x81,
    0xE0, 0xFE, 0x07, 0x83, 0xF8, 0x3C, 0x07, 0xC0, 0xF0, 0x1F, 0x00, 0x1F, 0xC1, 0xE3, 0xFE, 0x1E,
    0x3F, 0xF3, 0xC0, 0x0F, 0x3C, 0x0F, 0xFF, 0x83, 0xFF, 0xF8, 0x7E, 0xFF, 0x07, 0x8F, 0xF0, 0x78,
    0xFE, 0x07, 0x9F, 0xE0, 0x7F, 0xFC, 0x07, 0xFF, 0xC0, 0x3E, 0x78, 0x00, 0x07, 0xC0, 0x78, 0x3E,
    0x03, 0xC3, 0xF8, 0x3C, 0x1F, 0xC1, 0xE0, 0xEE, 0x0F, 0x0F, 0x78, 0x70, 0x7B, 0xC7, 0x83, 0xCE,
    0x3C, 0x3C, 0x79, 0xE1, 0xE3, 0xDE, 0x0F, 0xFE, 0xF0, 0xFF, 0xFF, 0x87, 0xFF, 0xF8, 0x3C, 0x1F,
    0xC1, 0xE0, 0xFE, 0x1E, 0x03, 0xE0, 0xF0, 0x1F, 0x00, 0x00, 0xF8, 0x00, 0x07, 0x80, 0x00, 0x7C,
    0x00, 0x3F, 0xC0, 0x01, 0xFE, 0x00, 0x07, 0xC0, 0x00, 0x1F, 0xC1, 0xE3, 0xFE, 0x1E, 0x3F, 0xF3,
    0xC1, 0x0F, 0x3C, 0x00, 0xF7, 0x81, 0xFF, 0x78, 0x7F, 0xFF, 0x07, 0xCF, 0xF0, 0x78, 0xFE, 0x07,
    0x9F, 0xE0, 0x7F, 0xFC, 0x07, 0xFF, 0xC0, 0x3E, 0x78, 0x00, 0x07, 0x80, 0x00, 0xF0, 0x00, 0x0F,
    0x00, 0x07, 0xE0, 0x00, 0x7C, 0x00, 0x07, 0x80, 0x00, 0x3F, 0x81, 0xFF, 0x07, 0xFE, 0x18, 0x7C,
    0x00, 0xF0, 0x03, 0xE1, 0xC7, 0x8F, 0x1E, 0x3C, 0x78, 0x71, 0xE0, 0x07, 0x80, 0x3E, 0x00, 0xF1,
    0x07, 0xC7, 0xFE, 0x1F, 0xF0, 0x7F, 0x80, 0x7F, 0x0F, 0xF1, 0xFF, 0x01, 0xE0, 0x3C, 0x07, 0xCE,
    0x7B, 0xDE, 0x3B, 0xC8, 0x79, 0xFF, 0x3F, 0xC7, 0xF0, 0x3C, 0x3E, 0x78, 0xFB, 0xF9, 0xE7, 0xF7,
    0xCF, 0xFF, 0x07, 0xBC, 0x0F, 0xF8, 0x1F, 0xE0, 0x3F, 0xC0, 0x7F, 0x80, 0xFF, 0x81, 0xEF, 0x83,
    0xCF, 0x07, 0x9F, 0x0F, 0x1E, 0x1E, 0x1E, 0x3C, 0x3E, 0x78, 0x01, 0xE0, 0x0F, 0xF8, 0x3F, 0xE0,
    0xFF, 0x81, 0xE1, 0xE7, 0x8F, 0x1E, 0x7C, 0x7B, 0xE1, 0xEF, 0x07, 0xF8, 0x1F, 0xF0, 0x7F, 0xC1,
    0xF7, 0x87, 0x9F, 0x1E, 0x3C, 0x78, 0x79, 0xE1, 0xF0, 0x3C, 0x3C, 0x78, 0xF8, 0xF1, 0xE1, 0xE7,
    0x83, 0xDF, 0x07, 0xBC, 0x0F, 0xF0, 0x1F, 0xE0, 0x3F, 0xC0, 0x7F, 0xC0, 0xF7, 0xF1, 0xEF, 0xE3,
    0xCF, 0x87, 0xFF, 0x0F, 0xFE, 0x1E, 0x9E, 0x3C, 0x3E, 0x78, 0x01, 0xE0, 0x07, 0x80, 0x1E, 0x00,
    0x78, 0x01, 0xE1, 0xE7, 0x8F, 0x1E, 0x7C, 0x7B, 0xE1, 0xEF, 0x07, 0xF8, 0x1F, 0xF0, 0x7F, 0xF9,
    0xF7, 0xE7, 0x9F, 0x1E, 0xFC, 0x7B, 0xF9, 0xE1, 0xF0, 0x3C, 0x3E, 0x78, 0xFB, 0xF9, 0xE7, 0xF7,
    0xCF, 0xFF, 0x07, 0xBC, 0x0F, 0xF8, 0x1F, 0xE0, 0x3F, 0xC0, 0x7F, 0x80, 0xFF, 0xF1, 0xEF, 0xE3,
    0xCF, 0x87, 0xFF, 0x0F, 0xFE, 0x1E, 0x9E, 0x3C, 0x3E, 0x78, 0x01, 0xE0, 0x0F, 0xF8, 0x3F, 0xE0,
    0xFF, 0x81, 0xE1, 0xE7, 0x8F, 0x1E, 0x7C, 0x7B, 0xE1, 0xEF, 0x07, 0xF8, 0x1F, 0xF0, 0x7F, 0xF9,
    0xF7, 0xE7, 0x9F, 0x1E, 0xFC, 0x7B, 0xF9, 0xE1, 0xF0, 0x3C, 0x00, 0x78, 0x00, 0xF0, 0x01, 0xE0,
    0x03, 0xC0, 0x07, 0xF0, 0x0F, 0xE0, 0x1F, 0xC0, 0x27, 0x80, 0x0F, 0x00, 0x1E, 0x00, 0x3C, 0x00,
    0x78, 0x00, 0xF0, 0x01, 0xFF, 0x83, 0xFF, 0x07, 0xFE, 0x78, 0x1E, 0x07, 0x81, 0xE0, 0x78, 0x1E,
    0x07, 0x91, 0xFC, 0x7F, 0x0F, 0xC0, 0xF0, 0x3C, 0x0F, 0x03, 0xC0, 0xF0, 0x3C, 0x0F, 0x03, 0xC0,
    0x3C, 0x03, 0xC0, 0xFF, 0x0F, 0xF0, 0xFF, 0x03, 0xC0, 0x3C, 0x03, 0xC0, 0x3C, 0x03, 0xC0, 0x3C,
    0x03, 0xC0, 0x3C, 0x03, 0xC0, 0x3F, 0xF3, 0xFF, 0x3F, 0xF0, 0x78, 0xF3, 0xFF, 0xFF, 0xEF, 0x1E,
    0x3C, 0x78, 0xF1, 0xE3, 0xC7, 0x8F, 0x1E, 0x3C, 0x78, 0xF0, 0x07, 0xF0, 0x03, 0xFF, 0x01, 0xFF,
    0xE0, 0xF8, 0x78, 0x3C, 0x1F, 0x1F, 0x03, 0xC7, 0x80, 0xF3, 0xFF, 0xFF, 0xFF, 0xFF, 0xFF, 0xFF,
    0xE7, 0x80, 0xF1, 0xF0, 0x3C, 0x3C, 0x1F, 0x0F, 0x87, 0x81, 0xFF, 0xE0, 0x3F, 0xF0, 0x07, 0xF0,
    0x00, 0x0F, 0xE0, 0x3F, 0xE0, 0xFF, 0xE1, 0xE3, 0xC3, 0xC7, 0x9F, 0xFF, 0xFF, 0xFF, 0xFF, 0xFF,
    0x3C, 0x78, 0x78, 0xF0, 0xFF, 0xE0, 0xFF, 0x80, 0xFE, 0x00, 0x07, 0xF0, 0x00, 0x3F, 0xF7, 0xC1,
    0xFF, 0xFF, 0x8F, 0x87, 0xCE, 0x3C, 0x1F, 0x19, 0xF0, 0x3C, 0xE7, 0x80, 0xFF, 0x9E, 0x03, 0xFC,
    0x78, 0x0F, 0x01, 0xE0, 0x3C, 0x07, 0x80, 0xF0, 0x1F, 0x03, 0xC0, 0x3C, 0x1F, 0x00, 0xF8, 0x78,
    0x01, 0xFF, 0xE0, 0x03, 0xFF, 0x00, 0x07, 0xF0, 0x00, 0x0F, 0xCF, 0x0F, 0xFF, 0xE3, 0xFF, 0xF9,
    0xE3, 0xE6, 0x78, 0x7B, 0x9E, 0x1F, 0xE7, 0x87, 0xF1, 0xE1, 0xE0, 0x78, 0x78, 0x1F, 0x3C, 0x03,
    0xFF, 0x00, 0x7F, 0x80, 0x0F, 0xC0, 0x00, 0x07, 0xF0, 0xFE, 0x00, 0xFF, 0xDF, 0xF8, 0x1F, 0xFF,
    0xFF, 0xC3, 0xE1, 0xFC, 0x3C, 0x3C, 0x1F, 0x81, 0xE7, 0xC0, 0xF8, 0x1E, 0x78, 0x0F, 0x01, 0xE7,
    0x80, 0xF0, 0x1E, 0x78, 0x0F, 0x01, 0xE7, 0x80, 0xF0, 0x1E, 0x78, 0x0F, 0x01, 0xE7, 0xC0, 0xF8,
    0x1E, 0x3C, 0x1F, 0x81, 0xE3, 0xE1, 0xFC, 0x3C, 0x1F, 0xFF, 0xFF, 0xC0, 0xFF, 0xDF, 0xF8, 0x07,
    0xF0, 0xFE, 0x00, 0x0F, 0xCF, 0xC0, 0xFF, 0xFF, 0x83, 0xFF, 0xFF, 0x1E, 0x3F, 0x3E, 0x78, 0x78,
    0x79, 0xE1, 0xE1, 0xE7, 0x87, 0x87, 0x9E, 0x1E, 0x1E, 0x78, 0x78, 0x79, 0xF3, 0xF3, 0xE3, 0xFF,
    0xFF, 0x07, 0xFF, 0xF8, 0x0F, 0xCF, 0xC0, 0x3F, 0xE0, 0xFF, 0xC3, 0xFF, 0x8F, 0x3E, 0x3C, 0x78,
    0xF1, 0xE3, 0xC7, 0x8F, 0x3E, 0x3F, 0xF0, 0xFF, 0xC3, 0xFC, 0x0F, 0x00, 0xFF, 0x03, 0xFC, 0x0F,
    0xF0, 0x0F, 0x00, 0x3C, 0x00, 0x7B, 0xE1, 0xFF, 0xC7, 0xFF, 0x9F, 0x1E, 0x7C, 0x79, 0xE1, 0xE7,
    0x87, 0x9E, 0x1E, 0x7C, 0x79, 0xF1, 0xE7, 0xFF, 0x1F, 0xFC, 0x7B, 0xE1, 0xE0, 0x07, 0x80, 0x3F,
    0xE0, 0xFF, 0x83, 0xFE, 0x07, 0x80, 0x00, 0x07, 0xF8, 0x03, 0xFF, 0x01, 0xFF, 0x80, 0xF3, 0xE0,
    0x78, 0xF0, 0x3C, 0x78, 0x1E, 0x3C, 0x0F, 0x3E, 0x3F, 0xFE, 0x3F, 0xFE, 0x3F, 0xFE, 0x1E, 0xF0,
    0x0E, 0x78, 0x07, 0x3C, 0x00, 0x1E, 0x00, 0x0F, 0x00, 0x07, 0x80, 0x00, 0x07, 0x7C, 0x03, 0xFF,
    0x01, 0xFF, 0xC0, 0xF1, 0xE0, 0x78, 0xF0, 0x3C, 0x78, 0x1E, 0x1E, 0x0F, 0x1E, 0x07, 0x8F, 0x03,
    0xC7, 0x9F, 0xFF, 0xDF, 0xFF, 0xCF, 0xFF, 0xC7, 0x3C, 0x01, 0x9E, 0x00, 0x0F, 0x00, 0x07, 0x80,
    0x03, 0xC0, 0x01, 0xE0, 0x00, 0xF8, 0xFF, 0x8F, 0xCF, 0xFC, 0xFC, 0xFF, 0xE3, 0xCF, 0x1E, 0x3C,
    0xF1, 0xF3, 0xCF, 0x0F, 0x3C, 0xF1, 0xF3, 0xEF, 0x1E, 0x1F, 0xFF, 0xE1, 0xFF, 0xFC, 0x07, 0xFF,
    0x80, 0x0F, 0x00, 0x00, 0xF0, 0x00, 0x0F, 0x00, 0x00, 0xF0, 0x00, 0x0F, 0x00, 0x00, 0xF0, 0x00,
    0x78, 0x73, 0xC3, 0xE3, 0xFF, 0x1F, 0x9F, 0xFC, 0x3C, 0xF1, 0xE1, 0xE7, 0x87, 0x8F, 0x3C, 0x3C,
    0x79, 0xE1, 0xE3, 0xCF, 0x0F, 0x1E, 0x78, 0xF0, 0xFB, 0xCF, 0x83, 0xFF, 0xF8, 0x0F, 0xFF, 0x80,
    0x1F, 0xF8, 0x00, 0x3C, 0x00, 0x01, 0xE0, 0x00, 0x0F, 0x00, 0x00, 0x78, 0x00, 0x03, 0xC0, 0x00,
    0x1E, 0x00, 0x07, 0xF0, 0x07, 0xFE, 0x07, 0xFF, 0x87, 0xC3, 0xC3, 0xC1, 0xF3, 0xE0, 0x79, 0xE0,
    0x3C, 0xF0, 0x1E, 0x78, 0x0F, 0x3C, 0x07, 0x9E, 0x03, 0xCF, 0x81, 0xE3, 0xC1, 0xF1, 0xF0, 0xF0,
    0x7F, 0xF8, 0x1F, 0xF8, 0x07, 0xFF, 0x00, 0x3F, 0xC0, 0x3F, 0x80, 0x1F, 0xC0, 0x0D, 0xF0, 0x1F,
    0x78, 0xFF, 0xE3, 0xFF, 0x9E, 0x3E, 0x78, 0x79, 0xE1, 0xE7, 0x87, 0x9E, 0x1E, 0x78, 0x79, 0xE3,
    0xE3, 0xFF, 0x8F, 0xFE, 0x1F, 0x78, 0x01, 0xE0, 0x07, 0x81, 0xFF, 0x07, 0xFC, 0x1F, 0xF0, 0x07,
    0x80, 0x07, 0xF0, 0x00, 0x3F, 0xF0, 0x01, 0xFF, 0xE0, 0x0F, 0x87, 0x80, 0x3C, 0x1F, 0x01, 0xF0,
    0x3C, 0x07, 0x80, 0xF0, 0x1E, 0x03, 0xC0, 0x78, 0x0F, 0x31, 0xE0, 0x3C, 0xE7, 0x80, 0xF1, 0x9F,
    0x03, 0xC6, 0x3C, 0x1F, 0x18, 0xF8, 0x78, 0xE1, 0xFF, 0xE7, 0x03, 0xFF, 0x78, 0x07, 0xFF, 0x80,
    0x01, 0xF8, 0x00, 0x03, 0xC0, 0x00, 0x3F, 0x80, 0x00, 0xDF, 0x00, 0x00, 0x00, 0x00, 0x1F, 0x78,
    0x0F, 0xFE, 0x03, 0xFF, 0xB1, 0xE3, 0xEE, 0x78, 0x79, 0xDE, 0x1E, 0x37, 0x87, 0x8D, 0xE1, 0xE6,
    0x78, 0x7B, 0x1E, 0x3F, 0x83, 0xFF, 0xC0, 0xFF, 0xE0, 0x1F, 0x78, 0x00, 0x3E, 0x00, 0x1F, 0x80,
    0x0F, 0xE0, 0x07, 0x78, 0x03, 0x9E, 0x00, 0xC7, 0x80, 0x00, 0x00, 0x7F, 0x81, 0xFE, 0x07, 0xF8,
    0x03, 0xC0, 0x1E, 0x00, 0xF8, 0x07, 0x80, 0x7C, 0x1F, 0xC0, 0xFC, 0x07, 0xE0, 0x07, 0x80, 0x3C,
    0x00, 0xF0, 0x07, 0xC0, 0x1E, 0x00, 0xF8, 0x7F, 0x83, 0xFC, 0x1F, 0xE0, 0x1E, 0x01, 0xE0, 0x3E,
    0x1F, 0xC1, 0xFC, 0x0F, 0x80, 0x3C, 0x03, 0xC0, 0x1E, 0x01, 0xF0, 0x1F, 0xC0, 0x3F, 0xE0, 0x7F,
    0xE0, 0x38, 0xF0, 0x00, 0xF0, 0x00, 0xF0, 0x00, 0xF0, 0x01, 0xE0, 0x03, 0xE0, 0x03, 0xC0, 0x07,
    0x80, 0x0F, 0x3C, 0x1E, 0x3C, 0x3C, 0x3C, 0x7F, 0xFF, 0x7F, 0xFF, 0x7F, 0xFF, 0x00, 0x3C, 0x00,
    0x3C, 0x00, 0x3C, 0x1F, 0x80, 0xFF, 0x81, 0xFF, 0x01, 0x9E, 0x00, 0x3C, 0x00, 0x78, 0x01, 0xE0,
    0x07, 0xDC, 0x1F, 0x38, 0x7C, 0x71, 0xFF, 0xFB, 0xFF, 0xF7, 0xFF, 0xE0, 0x07, 0x00, 0x0E, 0x00,
    0x1C, 0xF1, 0xBD, 0xE6, 0x79, 0xEC, 0xF3, 0xD9, 0xE7, 0xF7, 0x8F, 0xCF, 0x0F, 0x9E, 0x1F, 0x78,
    0x3C, 0xF0, 0x39, 0xE0, 0x7B, 0x80, 0xFF, 0x01, 0xFE, 0x03, 0xF8, 0x07, 0xF0, 0x1F, 0xE0, 0x37,
    0xC0, 0x03, 0x00, 0x18, 0x3C, 0xDF, 0xED, 0xE7, 0xEF, 0x3F, 0x79, 0xF7, 0x87, 0xBC, 0x3D, 0xE1,
    0xFE, 0x07, 0xF0, 0x3F, 0x81, 0xF8, 0x1F, 0xC0, 0xFC, 0x06, 0x00, 0x60, 0x00, 0xF0, 0x78, 0x3F,
    0xC1, 0xE1, 0xEF, 0x0F, 0x87, 0x9C, 0x3E, 0x1E, 0x78, 0xFC, 0x79, 0xE3, 0xF1, 0xC7, 0x9F, 0xCF,
    0x0E, 0x77, 0x3C, 0x3D, 0xDE, 0xF0, 0xF7, 0x7B, 0xC3, 0xFC, 0xEE, 0x0F, 0xF3, 0xF8, 0x1F, 0x8F,
    0xE0, 0x7E, 0x3F, 0x81, 0xF8, 0x7C, 0x07, 0xE1, 0xF0, 0x0F, 0x07, 0xC0, 0x00, 0x1F, 0x00, 0x00,
    0x78, 0x00, 0x03, 0xE0, 0x00, 0x7F, 0x00, 0x01, 0xFC, 0x00, 0x07, 0xC0, 0x00, 0xF1, 0xF1, 0xFE,
    0x3E, 0x3D, 0xC7, 0xC7, 0x3C, 0xF9, 0xE7, 0xBB, 0xBC, 0xF7, 0x77, 0x8E, 0xEE, 0xE1, 0xFD, 0xFC,
    0x3F, 0x9F, 0x87, 0xE3, 0xF0, 0x7C, 0x7C, 0x0F, 0x8F, 0x81, 0xF1, 0xF0, 0x00, 0x1E, 0x00, 0x07,
    0x80, 0x00, 0xF0, 0x00, 0xFC, 0x00, 0x1F, 0x80, 0x03, 0xC0, 0x00, 0x3F, 0x03, 0xF8, 0x1F, 0x81,
    0xE0, 0x0F, 0x00, 0x78, 0x03, 0xE0, 0x0F, 0xFC, 0x3F, 0xE0, 0xFF, 0x00, 0xF0, 0x0F, 0x00, 0xF0,
    0x0F, 0xC0, 0x7F, 0x83, 0xFE, 0x01, 0xF0, 0x07, 0x80, 0x3C, 0x01, 0xE4, 0x0F, 0x7F, 0xFB, 0xFF,
    0x8F, 0xF0, 0x1E, 0x01, 0xF8, 0x1F, 0xC0, 0xF0, 0x0F, 0x00, 0x38, 0x01, 0xFF, 0x8F, 0xFC, 0x3F,
    0xE0, 0x1E, 0x01, 0xE0, 0x1E, 0x01, 0xFC, 0x0F, 0xF0, 0x7F, 0xC0, 0x3E, 0x00, 0xF8, 0x07, 0xD0,
    0x3C, 0xFF, 0xE7, 0xFE, 0x3F, 0xE0, 0x3C, 0x80, 0xFE, 0x03, 0xF8, 0x0F, 0xE0, 0x7E, 0x03, 0xFF,
    0x8F, 0xFF, 0x0F, 0xFE, 0x3C, 0x78, 0xF1, 0xE3, 0xC7, 0x8F, 0x3E, 0x3F, 0xF0, 0xFF, 0x83, 0xFC,
    0x0F, 0x00, 0x3C, 0x00, 0x78, 0x01, 0xE6, 0x07, 0xF8, 0x1F, 0xC0, 0x7E, 0x03, 0xEF, 0x8F, 0xFF,
    0x3F, 0xFE, 0x7C, 0x79, 0xF1, 0xE7, 0x87, 0x9E, 0x1E, 0x78, 0x79, 0xF1, 0xE7, 0xC7, 0x9F, 0xFC,
    0x7F, 0xF1, 0xEF, 0x87, 0x80, 0x1E, 0x00, 0x78, 0x01, 0xE0, 0x07, 0x80, 0x1E, 0x00, 0x3C, 0x00,
    0xF0, 0x03, 0xFE, 0x0F, 0xFC, 0x3F, 0xF8, 0xF1, 0xE3, 0xC7, 0x8F, 0x1E, 0x3C, 0xF8, 0xFF, 0xC3,
    0xFF, 0x0F, 0xF0, 0x3C, 0x03, 0xFC, 0x0F, 0xF0, 0x3F, 0xC0, 0x3C, 0x00, 0x78, 0x01, 0xE0, 0x07,
    0x80, 0x1E, 0x00, 0x78, 0x01, 0xEF, 0x87, 0xFF, 0x1F, 0xFE, 0x7C, 0x79, 0xF1, 0xE7, 0x87, 0x9E,
    0x1E, 0x78, 0x79, 0xF1, 0xE7, 0xC7, 0x9F, 0xFC, 0x7F, 0xF1, 0xEF, 0x87, 0x80, 0x1E, 0x00, 0xFF,
    0x83, 0xFE, 0x0F, 0xF8, 0x1E, 0x00, 0x3C, 0x1E, 0x3C, 0x3E, 0x3C, 0x3C, 0x3C, 0x78, 0x3C, 0x78,
    0x3C, 0xF0, 0x3C, 0xF0, 0x3D, 0xE0, 0x3D, 0xE0, 0x3F, 0xC0, 0x3F, 0xC0, 0x3F, 0x80, 0x3F, 0x00,
    0x3F, 0x00, 0x3E, 0x00, 0x3E, 0x00, 0x3C, 0x00, 0x3C, 0x00, 0x3C, 0x00, 0x3C, 0x00, 0x3C, 0x00,
    0x3C, 0x00, 0x3C, 0x00, 0x78, 0xFB, 0xC7, 0x9E, 0x7C, 0xF3, 0xC7, 0xBE, 0x3D, 0xE1, 0xFE, 0x0F,
    0xF0, 0x7F, 0x03, 0xF8, 0x1F, 0x80, 0xF8, 0x07, 0xC0, 0x3C, 0x01, 0xE0, 0x0F, 0x00, 0x78, 0x03,
    0xC0, 0x1E, 0x00, 0x1F, 0x83, 0xFE, 0x1F, 0xF8, 0x43, 0xC0, 0x1E, 0x00, 0xF0, 0x0F, 0x83, 0xF8,
    0x1F, 0x80, 0xFF, 0x00, 0x78, 0x01, 0xE0, 0x0F, 0x20, 0xF9, 0xFF, 0x8F, 0xF8, 0x7F, 0x80, 0x3F,
    0x0F, 0xF8, 0x7F, 0xC6, 0x3C, 0x01, 0xC0, 0x1C, 0x03, 0xC0, 0x7C, 0x3F, 0x83, 0xF8, 0x3F, 0xC0,
    0x3E, 0x01, 0xE0, 0x1E, 0x01, 0xE8, 0x3E, 0xFF, 0xCF, 0xF8, 0x7F, 0x00, 0x03, 0xF0, 0x1F, 0xE0,
    0xFF, 0xC3, 0xCF, 0x1E, 0x3C, 0x78, 0xFF, 0xFF, 0xFF, 0xFE, 0xFF, 0xF0, 0x78, 0x01, 0xE0, 0x07,
    0x80, 0x1E, 0x00, 0x78, 0x0F, 0xE0, 0x3F, 0x00, 0xF8, 0x00, 0x03, 0xF0, 0x1F, 0xE0, 0xFF, 0xC3,
    0xCF, 0x0E, 0x3C, 0x78, 0xF1, 0xE7, 0xFF, 0xFE, 0xFF, 0xFB, 0xFF, 0x81, 0xE0, 0x07, 0x80, 0x1E,
    0x00, 0x78, 0x01, 0xE0, 0x07, 0x80, 0x1E, 0x00, 0x78, 0x01, 0xE0, 0x07, 0x80, 0x1E, 0x03, 0xF8,
    0x0F, 0xC0, 0x3E, 0x00, 0x0F, 0xC0, 0xFF, 0x83, 0xFF, 0x1E, 0x3C, 0x78, 0x79, 0xE1, 0xE7, 0x87,
    0x9E, 0x1E, 0x7F, 0x78, 0xFD, 0xE1, 0xF7, 0x80, 0x3E, 0x00, 0xF0, 0x07, 0xC0, 0xFE, 0x03, 0xF0,
    0x0F, 0x00, 0x0F, 0xC0, 0xFF, 0x83, 0xFF, 0x1E, 0x3C, 0x78, 0xF1, 0xE1, 0xE7, 0x87, 0x9E, 0x1E,
    0x78, 0x79, 0xFD, 0xE3, 0xF7, 0x87, 0xDE, 0x00, 0xF0, 0x03, 0xC0, 0x0F, 0x00, 0xF8, 0x0F, 0xE0,
    0x3F, 0x00, 0xF0, 0x00, 0x3E, 0x3F, 0x99, 0xDC, 0xEE, 0x33, 0x19, 0xEC, 0x7E, 0x07, 0x03, 0x8F,
    0x87, 0x80, 0x00, 0x00, 0x00, 0x00, 0x78, 0x00, 0x0F, 0x00, 0x01, 0xE0, 0x00, 0x3C, 0x00, 0x07,
    0x80, 0x3E, 0xF0, 0x0F, 0xFE, 0x01, 0xFF, 0xC0, 0x78, 0xF8, 0x0F, 0x0F, 0x01, 0xE1, 0xE0, 0x3C,
    0x3C, 0xC7, 0x87, 0xB8, 0xF0, 0xF7, 0x1F, 0x3E, 0xC1, 0xFF, 0xFF, 0x3F, 0xFF, 0xE3, 0xEF, 0xFC,
    0x00, 0x38, 0x00, 0x07, 0x00, 0x00, 0xC0, 0x00, 0x18, 0x00, 0x78, 0x07, 0x80, 0x78, 0x07, 0x80,
    0x78, 0x07, 0x80, 0x78, 0x07, 0x80, 0x78, 0x07, 0x80, 0x78, 0x07, 0x8C, 0x79, 0xC7, 0x9C, 0x7B,
    0x87, 0xFE, 0x7F, 0xE7, 0xFE, 0x07, 0x00, 0x60, 0x0E, 0x00, 0xE0, 0x7B, 0xE7, 0xC0, 0x1F, 0xFF,
    0xF8, 0x07, 0xFF, 0xFF, 0x01, 0xF3, 0xE3, 0xC0, 0x7C, 0x78, 0xF0, 0x1E, 0x1E, 0x3C, 0x07, 0x87,
    0x8F, 0x11, 0xE1, 0xE3, 0xCE, 0x78, 0x78, 0xF3, 0x1E, 0x1E, 0x3D, 0xC7, 0x87, 0x8F, 0xFD, 0xE1,
    0xE3, 0xFF, 0x78, 0x78, 0xFF, 0xC0, 0x00, 0x03, 0x80, 0x00, 0x00, 0xC0, 0x00, 0x00, 0x70, 0x00,
    0x00, 0x18, 0x00, 0x7B, 0xE0, 0x0F, 0xFE, 0x01, 0xFF, 0xE0, 0x3E, 0x3C, 0x07, 0xC7, 0x80, 0xF0,
    0xF0, 0x1E, 0x1E, 0x23, 0xC3, 0xCE, 0x78, 0x7B, 0x8F, 0x0F, 0x71, 0xE1, 0xFF, 0xBC, 0x3F, 0xF7,
    0x87, 0xFE, 0x00, 0x0E, 0x00, 0x03, 0x80, 0x00, 0x70, 0x00, 0x0C, 0x00, 0x00, 0x70, 0x03, 0x80,
    0x1C, 0x01, 0xC7, 0xBF, 0xBF, 0xFD, 0xFF, 0xEF, 0xF8, 0x7D, 0xC3, 0xCC, 0x1E, 0x60, 0xF0, 0x07,
    0x80, 0x3C, 0x01, 0xE0, 0x0F, 0x00, 0x78, 0x00, 0x7F, 0x80, 0x1F, 0xF0, 0x07, 0xFE, 0x01, 0xE7,
    0x80, 0x79, 0xE0, 0x1E, 0x78, 0x07, 0xFC, 0x01, 0xFF, 0x0C, 0x7F, 0x87, 0x1E, 0xF1, 0xC7, 0x9F,
    0xFD, 0xE7, 0xFF, 0x78, 0xFF, 0xC0, 0x07, 0x00, 0x01, 0xC0, 0x00, 0x60, 0x00, 0x18, 0x00, 0x00,
    0x0F, 0xC0, 0x01, 0xFE, 0x18, 0x3F, 0xE1, 0xC3, 0xCE, 0x3C, 0x3D, 0xE7, 0xFF, 0xFE, 0xFF, 0xFF,
    0xCF, 0xFF, 0xF8, 0x3C, 0x3C, 0x03, 0xC3, 0xC0, 0x3C, 0x3C, 0x03, 0xC3, 0xC0, 0x3C, 0x3C, 0x03,
    0xC3, 0xC0, 0x3C, 0x3C, 0x03, 0xFB, 0xC0, 0x3F, 0xBC, 0x01, 0xFB, 0xC0, 0x1F, 0x83, 0xFC, 0x3F,
    0xC3, 0x9C, 0x39, 0xC3, 0xFC, 0x3F, 0xC1, 0xF8, 0x1F, 0x83, 0xFC, 0x3F, 0xE3, 0xDE, 0x19, 0xE0,
    0x1E, 0x7F, 0xE7, 0xFC, 0x7F, 0x80, 0xFF, 0xF0, 0x7F, 0xFE, 0x3F, 0xFF, 0x87, 0xC3, 0xC3, 0xC1,
    0xF3, 0xE0, 0x79, 0xE0, 0x3C, 0xF0, 0x1E, 0x78, 0x0F, 0x3C, 0x07, 0x9E, 0x03, 0xCF, 0x81, 0xE3,
    0xC1, 0xF1, 0xF0, 0xF0, 0x7F, 0xF8, 0x1F, 0xF8, 0x07, 0xF0, 0x00, 0x00, 0x00, 0xE0, 0x03, 0xC0,
    0x07, 0x80, 0x0F, 0x00, 0x1F, 0x00, 0xFE, 0x0F, 0xFC, 0x3F, 0xF1, 0xE3, 0xE7, 0x87, 0x9E, 0x1E,
    0x78, 0x79, 0xE1, 0xE7, 0x8F, 0x0F, 0xFC, 0x3F, 0xE0, 0x3F, 0x00, 0x39, 0xE3, 0xFE, 0x3F, 0xE3,
    0xE0, 0x3C, 0x03, 0xC0, 0x3C, 0x03, 0xC0, 0x3C, 0x03, 0xFE, 0x3F, 0xE3, 0xFE, 0x3C, 0x03, 0xC0,
    0x3C, 0x03, 0xC0, 0x3C, 0x03, 0xC0, 0x3C, 0x03, 0xC0, 0x3C, 0x03, 0xC0, 0x7B, 0xDF, 0xF7, 0xFD,
    0xF0, 0x7C, 0x1E, 0x07, 0x81, 0xE0, 0x78, 0x1E, 0x07, 0xF9, 0xFE, 0x7F, 0x9E, 0x07, 0x81, 0xE0,
    0x78, 0x1E, 0x07, 0x80, 0x7F, 0xF1, 0xFF, 0xC7, 0xFF, 0x07, 0x80, 0x1E, 0x00, 0x7C, 0x00, 0xFC,
    0x03, 0xF8, 0x1F, 0xF0, 0xF3, 0xC7, 0x87, 0x9E, 0x1E, 0x78, 0x79, 0xF3, 0xC7, 0xFF, 0x0F, 0xF8,
    0x0F, 0xC0, 0x0F, 0xC0, 0xFF, 0x83, 0xFF, 0x1E, 0x3E, 0x78, 0x79, 0xE1, 0xE7, 0x8F, 0x9F, 0x3C,
    0x3F, 0xE0, 0x7F, 0x00, 0xFC, 0x01, 0xF0, 0x01, 0xE0, 0x07, 0x03, 0xFF, 0x0F, 0xFC, 0x3F, 0xF0,
    0x0F, 0x81, 0xFF, 0x1F, 0xF8, 0xF3, 0xE7, 0x8F, 0x78, 0x7B, 0xC3, 0xDF, 0x1E, 0x7D, 0xF3, 0xFF,
    0x0F, 0xF0, 0x3E, 0x00, 0xF8, 0x03, 0xE0, 0x3E, 0x03, 0xC0, 0x7F, 0xF3, 0xFF, 0x9F, 0xFC, 0xFF,
    0xCF, 0xFC, 0xFF, 0xC0, 0x3C, 0x03, 0xC0, 0x3C, 0x03, 0xC0, 0x3C, 0x03, 0xC0, 0x3C, 0x03, 0xC0,
    0x3C, 0x03, 0xC0, 0x3C, 0x03, 0xC0, 0x3C, 0x03, 0xC0, 0x78, 0xF1, 0xE3, 0xC7, 0x8F, 0x1E, 0x3C,
    0x78, 0xF1, 0xE3, 0xC7, 0x8F, 0x1E, 0x3C, 0x78, 0xF1, 0xE0, 0x39, 0xF8, 0x0F, 0xFF, 0x03, 0xFF,
    0xC0, 0xF8, 0xF8, 0x3C, 0x1E, 0x0F, 0x07, 0x83, 0xC1, 0xE0, 0xF0, 0x78, 0x3C, 0x1E, 0x0F, 0x07,
    0x83, 0xC1, 0xE0, 0xF0, 0x78, 0x3C, 0x1E, 0x0F, 0x07, 0x83, 0xC1, 0xFC, 0xF0, 0x3F, 0x3C, 0x07,
    0xCF, 0x00, 0x03, 0xC0, 0x00, 0xF0, 0x00, 0x3C, 0x00, 0x00, 0x7B, 0xE0, 0x7F, 0xF0, 0x7F, 0xF8,
    0x7C, 0x78, 0x7C, 0x78, 0x78, 0x78, 0x78, 0x78, 0x78, 0x78, 0x78, 0x78, 0x78, 0x78, 0x78, 0x7E,
    0x78, 0x3E, 0x78, 0x1E, 0x78, 0x00, 0x78, 0x00, 0x78, 0x00, 0x78, 0x00, 0x78, 0x00, 0x78, 0x00,
    0x39, 0xE3, 0xFE, 0x3F, 0xE3, 0xE0, 0x3C, 0x03, 0xC0, 0x3C, 0x03, 0xC0, 0x3C, 0x03, 0xC0, 0x3C,
    0x03, 0xC0, 0x3C, 0x03, 0xC0, 0x3C, 0x03, 0xC0, 0x3C, 0x03, 0xC0, 0x3C, 0x03, 0xC0, 0x3C, 0x03,
    0xC0, 0x7B, 0xDF, 0xF7, 0xFD, 0xF8, 0x7C, 0x1E, 0x07, 0x81, 0xE0, 0x78, 0x1E, 0x07, 0x81, 0xE0,
    0x78, 0x1E, 0x07, 0x81, 0xE0, 0x78, 0x1E, 0x07, 0x80, 0x7F, 0xF9, 0xFF, 0xE7, 0xFF, 0x87, 0xC0,
    0x1E, 0x00, 0xF0, 0x07, 0xC0, 0x1E, 0x00, 0x78, 0x01, 0xE0, 0x07, 0x80, 0x1E, 0x00, 0x3C, 0x00,
    0xF8, 0x61, 0xFF, 0x83, 0xFE, 0x07, 0xF0, 0xFF, 0xFF, 0xFF, 0xFF, 0x9E, 0x07, 0x80, 0xF0, 0x1E,
    0x03, 0xC0, 0x78, 0x0F, 0x81, 0xFF, 0x9F, 0xF0, 0xFC, 0x00, 0x00, 0x00, 0x3C, 0x0F, 0x83, 0xF8,
    0xE3, 0x80, 0x38, 0xF1, 0xE1, 0xC0, 0x00, 0x00, 0x00, 0x38, 0xF1, 0xE1, 0xC0, 0x00, 0x7F, 0xCF,
    0xF9, 0xFF, 0x00, 0x07, 0xFC, 0xFF, 0x9F, 0xF0, 0x00, 0x00, 0x00, 0x00, 0x00, 0x00, 0x78, 0xF1,
    0xE3, 0xC7, 0x8F, 0x1E, 0x3C, 0x38, 0x70, 0xE0, 0x00, 0x00, 0x00, 0x00, 0x00, 0x79, 0xE7, 0x9E,
    0x78, 0xE3, 0x8E, 0x00, 0x00, 0x00, 0x00, 0x00, 0x00, 0x00, 0x3C, 0x1E, 0x1E, 0x0F, 0x0F, 0x07,
    0x87, 0x83, 0xC3, 0xC1, 0xE1, 0xE0, 0xF0, 0xF0, 0x78, 0x7F, 0xFC, 0x3F, 0xFE, 0x1F, 0xFF, 0x00,
    0x07, 0x80, 0x03, 0xC0, 0x01, 0xE0, 0x00, 0xF0, 0x00, 0x78, 0x00, 0x3C, 0x00, 0x1E, 0x00, 0x0F,
    0x01, 0xE0, 0x3C, 0x07, 0x80, 0xF0, 0x1E, 0x1F, 0xC3, 0xF8, 0x6F, 0x0F, 0xF8, 0xFF, 0x07, 0x80,
    0xF0, 0x1E, 0x03, 0xC0, 0x78, 0x0F, 0x01, 0xE0, 0x3C, 0x03, 0xF0, 0x7E, 0x07, 0x80, 0x3C, 0x7E,
    0x7E, 0x7E, 0x7E, 0x3C, 0x00, 0x00, 0x00, 0x00, 0x00, 0x00, 0x3E, 0x0F, 0x07, 0xC1, 0xE0, 0xFC,
    0x3C, 0x1F, 0x87, 0x83, 0xF8, 0xF0, 0x7F, 0x1E, 0x0E, 0xF3, 0xC1, 0xDF, 0x78, 0x39, 0xEF, 0x07,
    0x3E, 0xE0, 0xE3, 0xDC, 0x1C, 0x7F, 0x83, 0x87, 0xF0, 0x70, 0xFE, 0x0E, 0x0F, 0xF1, 0xC0, 0xFE,
    0x38, 0x1F, 0xC0, 0x00, 0x38, 0x00, 0x07, 0x00, 0x00, 0xE0, 0x00, 0x1C, 0x00, 0x03, 0x80, 0x7B,
    0xE0, 0xFF, 0xE1, 0xFF, 0xE3, 0xE3, 0xC7, 0xC7, 0x8F, 0x0F, 0x1E, 0x1E, 0x3C, 0x3C, 0x78, 0x78,
    0xF0, 0xF1, 0xE1, 0xFB, 0xC3, 0xF7, 0x87, 0xE0, 0x03, 0xC0, 0x07, 0x80, 0x0F, 0x00, 0x1E, 0x03,
    0xF8, 0x0F, 0xF8, 0x3F, 0xF0, 0xF8, 0x41, 0xE0, 0x07, 0xC0, 0x0F, 0x00, 0x3F, 0xE0, 0x7F, 0xC0,
    0xFF, 0x80, 0xF0, 0x01, 0xF0, 0x01, 0xE0, 0x03, 0xE1, 0x83, 0xFF, 0x07, 0xFE, 0x03, 0xF8, 0x0F,
    0xE1, 0xFE, 0x3F, 0xE3, 0xC0, 0x3C, 0x0F, 0xF8, 0xFF, 0x8F, 0xF8, 0x3C, 0x03, 0xC2, 0x3F, 0xE1,
    0xFE, 0x0F, 0xE0, 0x0F, 0xC7, 0xFC, 0xFF, 0x3E, 0x27, 0x80, 0xF0, 0x1E, 0x03, 0xC0, 0x78, 0x0F,
    0x88, 0xFF, 0x9F, 0xF0, 0xFE, 0x03, 0xC0, 0x78, 0x0E, 0x0F, 0xC1, 0xF8, 0x3E, 0x00, 0x78, 0x00,
    0xF0, 0x01, 0xE0, 0x03, 0xC0, 0x07, 0x80, 0x0F, 0x7C, 0x1F, 0xFC, 0x3F, 0xFC, 0x7C, 0x78, 0xF8,
    0xF1, 0xE1, 0xE3, 0xC3, 0xC7, 0x87, 0x8F, 0x0F, 0x1E, 0x1E, 0x3C, 0x3E, 0x78, 0x7C, 0xF0, 0xF8,
    0x00, 0x70, 0x00, 0xE0, 0x01, 0xC0, 0x0F, 0x80, 0x1F, 0x00, 0x3C, 0x0F, 0xFC, 0x03, 0xFF, 0x80,
    0xFF, 0xF0, 0x3E, 0x3C, 0x0F, 0x8F, 0x03, 0xE3, 0xC0, 0xF9, 0xF0, 0xFF, 0xF8, 0x7F, 0xFE, 0x3F,
    0xFF, 0xCE, 0xF8, 0xF3, 0xBE, 0x1E, 0x0F, 0x87, 0x83, 0xE3, 0xE0, 0xFF, 0xF0, 0x3F, 0xF8, 0x0F,
    0xFC, 0x00, 0x01, 0xE0, 0x00, 0x3C, 0x00, 0x07, 0x80, 0x00, 0xF0, 0x00, 0x1E, 0x00, 0x03, 0xFC,
    0x01, 0xFF, 0xE0, 0xFF, 0xFE, 0x1F, 0xE7, 0xC7, 0xBC, 0x79, 0xF7, 0x87, 0xBC, 0xF0, 0xF7, 0x9E,
    0x1E, 0xF3, 0xC7, 0xDE, 0x7C, 0xF3, 0xCF, 0xFE, 0x79, 0xFF, 0x8F, 0x39, 0xE1, 0xF0, 0x00, 0x1F,
    0xC0, 0x01, 0xF8, 0x00, 0x0F, 0x00, 0x00, 0x1F, 0xF0, 0xFF, 0x87, 0xFC, 0x3C, 0x01, 0xE0, 0x0F,
    0x00, 0x78, 0x03, 0xC0, 0xFF, 0xC7, 0xFE, 0x3F, 0xF0, 0x3C, 0x01, 0xE0, 0x0F, 0x00, 0x78, 0x03,
    0xC0, 0x1E, 0x00, 0xF0, 0x07, 0x80, 0x3C, 0x0F, 0xC0, 0x7E, 0x03, 0xE0, 0x00, 0x0F, 0x87, 0xE3,
    0xF8, 0xF0, 0x3C, 0x1F, 0xEF, 0xFB, 0xFC, 0x3C, 0x0F, 0x0F, 0xFB, 0xFE, 0xFF, 0x0F, 0x03, 0xC0,
    0xF0, 0x3C, 0x0F, 0x00, 0x0F, 0xCE, 0x1F, 0xFF, 0x0F, 0xFF, 0x8F, 0x87, 0xC7, 0x81, 0xE3, 0xC0,
    0xF0, 0xF8, 0x78, 0x3F, 0x1C, 0x1F, 0x8E, 0x1F, 0xC7, 0x1F, 0x07, 0x8F, 0x03, 0xC7, 0x81, 0xE3,
    0xC1, 0xF1, 0xFF, 0xF8, 0x7F, 0xDC, 0x0F, 0xCE, 0x00, 0x1F, 0x78, 0xFF, 0xE7, 0xFF, 0x9E, 0x3E,
    0x78, 0x78, 0xF9, 0xE1, 0xE7, 0x9F, 0x9E, 0x78, 0x79, 0xE3, 0xE7, 0xFF, 0x9F, 0xFE, 0x3F, 0x78,
    0x0F, 0xF0, 0x0F, 0xFC, 0x0F, 0xFF, 0x0F, 0x87, 0xC7, 0x81, 0xE3, 0xC0, 0xF8, 0xF8, 0x3C, 0x3F,
    0x1E, 0x1F, 0x8F, 0x1F, 0xC7, 0x9F, 0x03, 0xCF, 0x03, 0xC7, 0x81, 0xE3, 0xC1, 0xF1, 0xFF, 0xF0,
    0x7F, 0xF0, 0x0F, 0xF0, 0x00, 0x1F, 0xC0, 0xFF, 0x87, 0xFF, 0x1E, 0x3E, 0x78, 0x78, 0xFD, 0xE3,
    0xF7, 0x9F, 0xDE, 0x78, 0x79, 0xE3, 0xE7, 0xFF, 0x0F, 0xF8, 0x1F, 0xC0, 0x78, 0x0F, 0x3C, 0x07,
    0x9E, 0x03, 0xCF, 0x01, 0xE7, 0x80, 0xF1, 0xE0, 0x78, 0xF8, 0x3C, 0x3F, 0x9E, 0x0F, 0xCF, 0x1F,
    0xE7, 0x8F, 0x07, 0xC7, 0x03, 0xE7, 0x81, 0xF1, 0xE1, 0xF8, 0xFF, 0xFC, 0x3F, 0xDE, 0x0F, 0xCF,
    0x00, 0x78, 0x79, 0xE1, 0xE7, 0x87, 0x9E, 0x1E, 0x7C, 0x78, 0xF9, 0xE1, 0xE7, 0x8F, 0x9E, 0x78,
    0x79, 0xE3, 0xE7, 0xFF, 0x8F, 0xFE, 0x1F, 0x78, 0x03, 0xFC, 0x0F, 0xFC, 0x1F, 0xFC, 0x3E, 0x08,
    0x3C, 0x1F, 0x7F, 0xFF, 0xFF, 0xFE, 0xFF, 0x80, 0xF8, 0xFE, 0x78, 0xFE, 0x78, 0xFE, 0x7C, 0x1E,
    0x3C, 0x1E, 0x3E, 0x1E, 0x1F, 0xFE, 0x0F, 0xFE, 0x07, 0xFC, 0x1F, 0x78, 0xFF, 0xE3, 0xFF, 0x9E,
    0x3E, 0x78, 0x7D, 0xFF, 0xFF, 0xFF, 0xFF, 0x9E, 0xF8, 0x79, 0xE3, 0xE3, 0xFF, 0x8F, 0xFE, 0x1F,
    0x78, 0x01, 0xE0, 0x0F, 0x08, 0x3C, 0x7F, 0xF1, 0xFF, 0x83, 0xFC, 0x00, 0x3C, 0x3C, 0x78, 0xF8,
    0xF1, 0xE1, 0xE7, 0x83, 0xDF, 0x07, 0xBC, 0x0F, 0xF7, 0x9F, 0xFF, 0xFF, 0xFD, 0xFF, 0xC3, 0xF7,
    0x81, 0xEF, 0x83, 0xCF, 0x07, 0x8F, 0x0F, 0x1E, 0x1E, 0x1E, 0x3C, 0x3E, 0x78, 0x01, 0xE0, 0x07,
    0x80, 0x1E, 0x00, 0x78, 0x01, 0xE1, 0xE7, 0x8F, 0x1E, 0x7C, 0x7B, 0xE1, 0xEF, 0x77, 0xFF, 0xFF,
    0xFE, 0xFF, 0xC3, 0xF7, 0x87, 0x9F, 0x1E, 0x3C, 0x78, 0x79, 0xE1, 0xF0, 0x3E, 0x0F, 0x0F, 0x83,
    0xC3, 0xF0, 0xF0, 0xFC, 0x3C, 0x3F, 0x8F, 0x0F, 0xE3, 0xC3, 0xBC, 0xFC, 0xEF, 0xFF, 0x7F, 0xFF,
    0x3F, 0xFF, 0xCF, 0x8F, 0x70, 0xE3, 0xFC, 0x38, 0x7F, 0x0E, 0x1F, 0xC3, 0x83, 0xF0, 0xE0, 0x7C,
    0x38, 0x1F, 0x00, 0x7B, 0xE0, 0xFF, 0xE1, 0xFF, 0xE3, 0xE3, 0xC7, 0xC7, 0xCF, 0x3F, 0xDF, 0xFF,
    0x7F, 0xFC, 0xF8, 0x78, 0xF0, 0xF1, 0xE1, 0xE3, 0xC3, 0xC7, 0x87, 0x80, 0x3F, 0xC0, 0x7F, 0xE0,
    0xFF, 0xE1, 0xE7, 0xF3, 0xFF, 0xFF, 0xFF, 0xBF, 0xFE, 0x7E, 0x7C, 0x3F, 0xF0, 0x7F, 0xC0, 0xFF,
    0x81, 0xEF, 0x03, 0xCF, 0x07, 0x9F, 0x0F, 0x1E, 0x1E, 0x1E, 0x3C, 0x3C, 0x00, 0x07, 0xBC, 0xFF,
    0x9F, 0xF3, 0xE0, 0x7C, 0x0F, 0xFB, 0xFF, 0x7F, 0xCF, 0x80, 0xF0, 0x1E, 0x03, 0xC0, 0x78, 0x00,
    0x1F, 0xC1, 0xFF, 0x1F, 0xF8, 0xF0, 0xC7, 0x80, 0x3C, 0x01, 0xFB, 0xC7, 0xFE, 0xFF, 0xE7, 0xFF,
    0x00, 0xF8, 0x03, 0xE0, 0x0F, 0x30, 0xF1, 0xFF, 0x8F, 0xF8, 0x7F, 0x80, 0x1F, 0x8F, 0xF9, 0xFF,
    0x3C, 0x47, 0x80, 0xFF, 0xFF, 0xFF, 0xFE, 0x03, 0xC8, 0x79, 0xFF, 0x3F, 0xC7, 0xF0, 0x3F, 0x83,
    0xC7, 0xF8, 0x3C, 0xFF, 0x83, 0xCE, 0xF8, 0x3C, 0xEF, 0x83, 0xCE, 0xF8, 0x3C, 0x0F, 0x83, 0xC0,
    0xFF, 0xFC, 0x0F, 0xFF, 0xC0, 0xFF, 0xFC, 0x0F, 0x83, 0xC0, 0xF8, 0x3C, 0x0F, 0x83, 0xC0, 0xF8,
    0x3C, 0x0F, 0x83, 0xC0, 0xF8, 0x3C, 0x0F, 0x83, 0xC0, 0x1F, 0xC1, 0xFF, 0xC7, 0xFF, 0x0C, 0x3E,
    0x00, 0x78, 0x01, 0xE0, 0x1F, 0x07, 0xF8, 0x1F, 0xC0, 0x7F, 0xC0, 0x0F, 0x80, 0x1E, 0x00, 0x79,
    0x03, 0xE7, 0xFF, 0x9F, 0xFC, 0x7F, 0xC0, 0x07, 0xCE, 0x0F, 0xFF, 0x07, 0xFF, 0x87, 0xC7, 0xC3,
    0xC1, 0xE3, 0xE0, 0xF1, 0xE0, 0x78, 0xF0, 0x3C, 0x78, 0x1E, 0x3C, 0x0F, 0x1E, 0x07, 0x8F, 0x83,
    0xC3, 0xC1, 0xE1, 0xF3, 0xF0, 0x7F, 0xF8, 0x1F, 0xFC, 0x07, 0xDE, 0x00, 0x0F, 0x00, 0x07, 0x86,
    0x07, 0xC3, 0xFF, 0xC1, 0xFF, 0xC0, 0xFF, 0xC0, 0x0F, 0x00, 0x1E, 0x00, 0x3C, 0x00, 0x78, 0x03,
    0xF0, 0x0F, 0xE0, 0x1B, 0xC0, 0x37, 0x80, 0x7F, 0xE0, 0x7F, 0x80, 0x3C, 0x00, 0x78, 0x00, 0xF0,
    0x01, 0xE0, 0x03, 0xFF, 0x87, 0xFF, 0x0F, 0xFE, 0xFF, 0xFF, 0xDF, 0xC7, 0x83, 0xC1, 0xE0, 0xF0,
    0x78, 0x3C, 0x1E, 0x0F, 0x07, 0x83, 0xC1, 0xE1, 0xFD, 0xFF, 0xFF, 0x80, 0x0F, 0xE0, 0x3F, 0xE0,
    0xFF, 0xE3, 0xE3, 0xC7, 0x87, 0xCF, 0x07, 0x9E, 0x0F, 0x3C, 0x1E, 0x78, 0x3C, 0xF0, 0xF9, 0xF1,
    0xE1, 0xFF, 0xC1, 0xFF, 0x01, 0xFC, 0x00, 0x3C, 0x00, 0x7C, 0x00, 0x78, 0x78, 0x3C, 0x3C, 0x3C,
    0x3E, 0x3C, 0x1E, 0x3C, 0x1F, 0x3C, 0x0F, 0x3C, 0x0F, 0xFC, 0x07, 0xFC, 0x07, 0xFC, 0x03, 0xFC,
    0x07, 0xFC, 0x07, 0xBC, 0x0F, 0x3C, 0x1F, 0x3C, 0x3E, 0x3C, 0x3C, 0x3C, 0x78, 0x3C, 0x0F, 0x00,
    0x78, 0x03, 0xC0, 0x1E, 0x00, 0xF0, 0x07, 0x80, 0x3C, 0x01, 0xE0, 0x0F, 0x00, 0x78, 0x03, 0xC0,
    0x1E, 0x00, 0xF0, 0x07, 0x83, 0xFF, 0xDF, 0xFE, 0xFF, 0xF0, 0x0F, 0x03, 0xC0, 0xF0, 0x3C, 0x0F,
    0x03, 0xC0, 0xF0, 0x3C, 0x0F, 0x03, 0xC0, 0xF0, 0x3C, 0x0F, 0x03, 0xC0, 0xF0, 0x3C, 0x7F, 0x1F,
    0xCE, 0xF3, 0xBE, 0x7F, 0x8F, 0x60, 0x00, 0x3C, 0x0F, 0x1F, 0x0F, 0x0F, 0xC7, 0x81, 0xE7, 0x80,
    0x73, 0xC0, 0x3D, 0xC0, 0x1F, 0xE0, 0x07, 0xE0, 0x03, 0xF0, 0x01, 0xF0, 0x00, 0x78, 0x00, 0x7C,
    0x00, 0x3E, 0x00, 0x3F, 0x80, 0x1F, 0xC0, 0x1E, 0xE0, 0x0F, 0x78, 0x0F, 0x3C, 0x07, 0x8E, 0x07,
    0x87, 0x83, 0xC3, 0xF3, 0xC0, 0xF9, 0xE0, 0x3C, 0x3F, 0xE0, 0x7F, 0xE0, 0xFF, 0xE1, 0xE3, 0xC3,
    0xC7, 0xC7, 0x8F, 0x0F, 0x1E, 0x1F, 0xFC, 0x3F, 0xF0, 0x7F, 0xF0, 0xF1, 0xF1, 0xE1, 0xE3, 0xC3,
    0xC7, 0x8F, 0x8F, 0xFE, 0x1F, 0xFC, 0x3F, 0xE0, 0x78, 0x00, 0xF0, 0x01, 0xE0, 0x03, 0xC0, 0x07,
    0x80, 0x0F, 0x00, 0x00, 0x0F, 0xC0, 0x3F, 0xC0, 0xFF, 0xC1, 0xE7, 0x83, 0x8F, 0x0F, 0x1E, 0x1E,
    0x3C, 0x3C, 0x78, 0x7B, 0xE0, 0xF7, 0xC1, 0xEF, 0xC3, 0xC3, 0xC7, 0x87, 0x8F, 0x0F, 0x1E, 0x1E,
    0x3F, 0xFC, 0x7F, 0xF0, 0xFF, 0xC1, 0xE0, 0x03, 0xC0, 0x07, 0x80, 0x0F, 0x00, 0x1E, 0x00, 0x3C,
    0x00, 0x0F, 0xC3, 0xE0, 0x1F, 0xE7, 0xF8, 0x3F, 0xC7, 0xF8, 0x3C, 0x42, 0x7C, 0x3C, 0x00, 0x3C,
    0x78, 0x00, 0x3C, 0x78, 0x00, 0x1E, 0x78, 0x00, 0x1E, 0x78, 0x18, 0x1E, 0x78, 0x3C, 0x1E, 0x78,
    0x3C, 0x1E, 0x78, 0x3C, 0x3C, 0x3C, 0x3C, 0x3C, 0x3E, 0x7C, 0x7C, 0x1F, 0xFF, 0xF8, 0x0F, 0xFF,
    0xF0, 0x07, 0xE7, 0xE0, 0x0F, 0x9F, 0x83, 0xF9, 0xFC, 0x3F, 0x8F, 0xE7, 0xC0, 0x1E, 0x78, 0x01,
    0xE7, 0x80, 0x1E, 0x78, 0xF0, 0xF7, 0x8F, 0x1E, 0x78, 0xF1, 0xE7, 0xCF, 0x1E, 0x3F, 0xFF, 0xE3,
    0xFF, 0xFC, 0x0F, 0x9F, 0x80, 0x00, 0x02, 0x3C, 0x1F, 0x3C, 0x1E, 0x3C, 0x1E, 0x3C, 0x1E, 0x3C,
    0x3E, 0x3C, 0x7E, 0x3C, 0x7E, 0x3C, 0xFE, 0x3D, 0xDE, 0x3F, 0x9E, 0x3F, 0x9E, 0x3F, 0x1E, 0x3E,
    0x1E, 0x3E, 0x3C, 0x3F, 0xFC, 0x3F, 0xF8, 0x7F, 0xF0, 0x30, 0x00, 0x00, 0x00, 0x00, 0x11, 0xE1,
    0xE7, 0x87, 0x9E, 0x1E, 0x78, 0xF9, 0xE7, 0xE7, 0x9F, 0x9E, 0xFE, 0x7F, 0x79, 0xF9, 0xE7, 0xEF,
    0x8F, 0xFE, 0x3F, 0xF9, 0xFE, 0xE7, 0x00, 0x00, 0x00, 0x78, 0xF9, 0xF7, 0xE7, 0xDF, 0x87, 0xFE,
    0x1F, 0xF9, 0xFE, 0xE0, 0x7B, 0x83, 0xCE, 0x0F, 0x38, 0x78, 0xE1, 0xFF, 0xCF, 0xFF, 0x3F, 0xFD,
    0xF0, 0xF7, 0x83, 0xDE, 0x0F, 0xF0, 0x3C, 0x01, 0xC0, 0x0F, 0x00, 0xFC, 0x00, 0xE0, 0x07, 0x00,
    0x70, 0x0F, 0x00, 0x00, 0x0F, 0xB8, 0xFF, 0xCF, 0xFE, 0x79, 0xE7, 0x8F, 0x3C, 0x79, 0xE3, 0xCF,
    0x1C, 0x71, 0xE3, 0xCF, 0x1F, 0xF8, 0xFF, 0xC3, 0xDC, 0x00, 0x7B, 0xFD, 0xFF, 0xF7, 0xFF, 0x07,
    0x38, 0x1D, 0xE1, 0xE7, 0x80, 0x1E, 0x00, 0x70, 0x03, 0xC0, 0x0F, 0x00, 0x3C, 0x00, 0xF0, 0x03,
    0x80, 0x1E, 0x00, 0xFC, 0x07, 0xF8, 0x1F, 0xE0, 0x1E, 0x0F, 0x87, 0xC0, 0xE0, 0x30, 0x38, 0x78,
    0x00, 0x1C, 0x1E, 0x0F, 0x07, 0x83, 0xC1, 0xC1, 0xE0, 0xF0, 0x78, 0x38, 0x1C, 0x1E, 0x0F, 0x00,
    0x79, 0xE1, 0xEF, 0xBC, 0x3D, 0xF7, 0x07, 0x8F, 0xE0, 0xE1, 0xFC, 0x3C, 0xF7, 0x87, 0x80, 0xF0,
    0xF0, 0x1C, 0x1E, 0x07, 0x87, 0x80, 0xF0, 0xF0, 0x1E, 0x1E, 0x03, 0xC3, 0xC0, 0x78, 0xF0, 0x0F,
    0x1E, 0x01, 0xFF, 0x80, 0x1F, 0xF0, 0x01, 0xF8, 0x00, 0x01, 0xE0, 0x0F, 0x80, 0x7C, 0x00, 0xE0,
    0x07, 0x00, 0x30, 0x07, 0x00, 0x00, 0x1C, 0x79, 0xE3, 0xCF, 0x1E, 0x78, 0xE3, 0x8F, 0x3C, 0x79,
    0xE3, 0xCF, 0x1E, 0x79, 0xE3, 0xCF, 0x1F, 0xF8, 0xFF, 0xC3, 0xDE, 0x00, 0x00, 0x07, 0x00, 0x00,
    0x07, 0x80, 0x00, 0x03, 0x80, 0x1E, 0x03, 0xFF, 0x0F, 0x01, 0xFF, 0xC3, 0xC0, 0xFF, 0xF1, 0xE0,
    0xF8, 0x78, 0xF0, 0x78, 0x1E, 0x78, 0x3C, 0x1E, 0x1E, 0x3C, 0x1F, 0x0F, 0x1E, 0x7F, 0x07, 0x9F,
    0x3F, 0x01, 0xEF, 0xDF, 0xE0, 0xF7, 0xE0, 0xF8, 0x7F, 0xF0, 0x3C, 0x1F, 0xF8, 0x1E, 0x0F, 0xDE,
    0x1F, 0x07, 0xEF, 0xFF, 0x01, 0xF3, 0xFF, 0x80, 0xF0, 0xFF, 0x00, 0x00, 0x1C, 0x00, 0x01, 0xC0,
    0x3C, 0x0F, 0xF1, 0xE0, 0x7F, 0xE7, 0x87, 0xFF, 0x3C, 0x3C, 0x39, 0xE3, 0xC3, 0xC7, 0x1E, 0x7C,
    0x3D, 0xF3, 0xE1, 0xEF, 0xDF, 0x87, 0xFE, 0x1E, 0x3F, 0x70, 0xF1, 0xF9, 0xFF, 0x87, 0xCF, 0xF8,
    0x3C, 0x3F, 0x80, 0x07, 0xF0, 0x3F, 0xE1, 0xFF, 0x8F, 0x84, 0x3C, 0x01, 0xF0, 0x07, 0x80, 0x1E,
    0x00, 0x78, 0x01, 0xE0, 0x07, 0x80, 0x1F, 0x00, 0x3C, 0x00, 0xF8, 0x61, 0xFF, 0x83, 0xFE, 0x07,
    0xF8, 0x01, 0xE0, 0x07, 0x80, 0x1E, 0x03, 0xF8, 0x0F, 0xC0, 0x3E, 0x00, 0x1F, 0xC3, 0xFE, 0x7F,
    0xE7, 0x86, 0x78, 0x07, 0x80, 0x7E, 0x03, 0xF8, 0x1F, 0xC0, 0xFE, 0x03, 0xE0, 0x1F, 0x00, 0xF6,
    0x1E, 0x7F, 0xE7, 0xFC, 0x7F, 0x87, 0x00, 0x70, 0x07, 0x00, 0x7C, 0x07, 0xC0, 0x3C, 0x00, 0xFF,
    0xF7, 0xFF, 0x9F, 0xFC, 0x03, 0xC0, 0x3E, 0x01, 0xE0, 0x1F, 0x00, 0xF0, 0x0F, 0x00, 0x78, 0x07,
    0x80, 0x7C, 0x03, 0xC0, 0x3C, 0x01, 0xFF, 0xDF, 0xFE, 0xFF, 0xF0, 0x03, 0x80, 0x1C, 0x00, 0xE0,
    0x1F, 0x00, 0xF8, 0x07, 0x80, 0x3F, 0xE0, 0x3F, 0xF0, 0x3F, 0xF8, 0x3C, 0x7C, 0x3C, 0x3E, 0x3C,
    0x1E, 0x3C, 0x1E, 0x3C, 0x1E, 0x3F, 0xFE, 0x3F, 0xFE, 0x3C, 0x1E, 0x3C, 0x1E, 0x3C, 0x3C, 0x3C,
    0x7C, 0x3F, 0xF8, 0x3F, 0xF0, 0x3F, 0xC0, 0x00, 0x78, 0x01, 0xE0, 0x07, 0x80, 0x1E, 0x00, 0x78,
    0x7D, 0xE3, 0xFF, 0x8F, 0xFE, 0x78, 0xF9, 0xE1, 0xE7, 0xFF, 0x9F, 0xFE, 0x78, 0x79, 0xE1, 0xE7,
    0xCF, 0x8F, 0xFE, 0x3F, 0xF8, 0x7D, 0xE0, 0x1F, 0xC1, 0xFF, 0x1F, 0xF8, 0xF0, 0x87, 0x80, 0x3C,
    0x01, 0xF8, 0x1F, 0xFE, 0xFF, 0xF0, 0x3F, 0x00, 0xF8, 0x03, 0xE0, 0x0F, 0x30, 0xF1, 0xFF, 0x8F,
    0xF8, 0x7F, 0x80, 0x1F, 0x8F, 0xF9, 0xFF, 0x3C, 0x47, 0x80, 0xFC, 0x3F, 0xFF, 0xFF, 0x07, 0xC8,
    0x79, 0xFF, 0x3F, 0xE7, 0xF0, 0x03, 0xC0, 0x3C, 0x03, 0xC0, 0x3C, 0x03, 0xC0, 0x3C, 0x03, 0xC7,
    0xFC, 0x7F, 0xC7, 0xFC, 0x03, 0xC0, 0x3C, 0x03, 0xC0, 0x3C, 0x03, 0xC0, 0x3C, 0x03, 0xC0, 0x07,
    0x01, 0xC0, 0x70, 0x1C, 0x07, 0x3F, 0xCF, 0xF1, 0xFC, 0x07, 0x01, 0xC0, 0x70, 0x1C, 0x07, 0x00,
    0x70, 0x00, 0xE7, 0x00, 0x1E, 0x7F, 0xFF, 0xE7, 0xFF, 0xFE, 0x7F, 0xFF, 0xE7, 0x00, 0x1E, 0x70,
    0x00, 0xE0, 0x00, 0x00, 0x00, 0x00, 0x00, 0x00, 0x00, 0x00, 0x00, 0x00, 0x00, 0x00, 0x38, 0xE7,
    0xFF, 0x7F, 0xF3, 0x8E, 0x3F, 0xE3, 0xFE, 0x38, 0xE3, 0x8E, 0x38, 0xE3, 0x8E, 0x00, 0x00, 0x00,
    0x00, 0x00, 0x00, 0x00, 0x00, 0x00, 0x00, 0x00, 0x3E, 0xF1, 0xFF, 0xE6, 0x79, 0xB8, 0xFE, 0xE3,
    0xFD, 0x9E, 0x07, 0xFF, 0x8F, 0xBE, 0x00, 0x00, 0x00, 0x00, 0x00, 0x00, 0x00, 0x00, 0x00, 0x00,
    0x00, 0x00, 0x00, 0x38, 0xE1, 0xC3, 0x8E, 0x1C, 0x38, 0xE1, 0xC3, 0x8E, 0x1C, 0x38, 0xE1, 0xC3,
    0x8E, 0x1C, 0x38, 0xE1, 0xC3, 0x8E, 0x1C, 0x38, 0xE1, 0xC3, 0x8E, 0x1C, 0x3F, 0xFF, 0xC3, 0xFF,
    0xFC, 0x3F, 0xFF, 0xC0, 0x7F, 0xC7, 0xFC, 0x7F, 0xC0, 0x3C, 0x03, 0xC0, 0x3C, 0x03, 0xC7, 0xFC,
    0x7F, 0xC7, 0xFC, 0x03, 0xC0, 0x3C, 0x03, 0xC0, 0x3C, 0x03, 0xC0, 0x3C, 0x03, 0xC0, 0x1F, 0xF0,
    0xFF, 0xC7, 0xFF, 0x1E, 0x3C, 0x78, 0xF1, 0xE3, 0xC7, 0x8F, 0x1F, 0x3C, 0x3F, 0xF0, 0xFF, 0xC0,
    0xFF, 0x00, 0x3C, 0x00, 0xF0, 0x03, 0xC0, 0x0F, 0x00, 0x3C, 0x00, 0xF0, 0x38, 0x78, 0xE1, 0xC7,
    0xC7, 0x0E, 0x3E, 0x38, 0x71, 0xF9, 0xC3, 0x8F, 0xCE, 0x1C, 0xFE, 0x70, 0xE7, 0x73, 0x87, 0x3B,
    0xDC, 0x3B, 0xCE, 0xE1, 0xDC, 0x77, 0x0F, 0xE3, 0xF8, 0x7F, 0x0F, 0xC3, 0xF0, 0x7E, 0x1F, 0x83,
    0xF0, 0xFC, 0x1F, 0x87, 0xC0, 0x7C, 0x3E, 0x03, 0xE0, 0xFF, 0x7F, 0x9F, 0xC7, 0x83, 0xC1, 0xE0,
    0xF0, 0x78, 0x3C, 0x1E, 0x0F, 0x07, 0x83, 0xC1, 0xE0, 0xF0, 0x78, 0x3C, 0x1E, 0x0F, 0x0F, 0xC7,
    0xF7, 0xF8, 0x0F, 0x03, 0x83, 0xC3, 0xF0, 0xF8, 0x78, 0x7E, 0x1F, 0x0F, 0x0F, 0xC3, 0xE1, 0xE1,
    0xF8, 0x7C, 0x38, 0x7F, 0x9F, 0xCF, 0x0F, 0xF3, 0xF9, 0xE1, 0xEE, 0x77, 0x3C, 0x3D, 0xCE, 0xE7,
    0x07, 0x3B, 0xDF, 0xE1, 0xE7, 0xFB, 0xFC, 0x3C, 0xFE, 0x3F, 0x87, 0x8F, 0xC7, 0xF0, 0xE1, 0xF8,
    0xFC, 0x3C, 0x3F, 0x1F, 0x87, 0x87, 0xC1, 0xF0, 0xF0, 0x78, 0x3E, 0x00, 0x1F, 0x78, 0xFF, 0xE7,
    0xFF, 0x9E, 0x3E, 0x78, 0x7B, 0xFF, 0xFF, 0xFF, 0xDE, 0x1E, 0x78, 0x79, 0xE3, 0xE3, 0xFF, 0xCF,
    0xFF, 0x1F, 0x3C, 0x1F, 0x9F, 0xC3, 0xFF, 0xFE, 0x3F, 0xFF, 0xE1, 0x0F, 0x82, 0x00, 0xF0, 0x01,
    0xFF, 0xFE, 0x7F, 0xFF, 0xE7, 0x8F, 0xFE, 0x78, 0xF0, 0xE7, 0x9F, 0x1E, 0x7F, 0xFF, 0xE7, 0xFB,
    0xFC, 0x3F, 0x1F, 0x80, 0x02, 0x03, 0xC1, 0xF0, 0xDE, 0x73, 0x9C, 0xC7, 0xE1, 0xE0, 0x78, 0x1F,
    0x23, 0xF0, 0x78, 0x04, 0x00, 0x0F, 0xC1, 0xFF, 0x0F, 0xFC, 0xF1, 0xE7, 0xFF, 0x3F, 0xF9, 0xE0,
    0x1F, 0xFF, 0xFF, 0xFB, 0xE0, 0x0F, 0xFC, 0x7F, 0xE0, 0xFE, 0x00, 0x00, 0x7E, 0x00, 0x7F, 0xC0,
    0x1F, 0xF8, 0x0F, 0x1E, 0x03, 0xC3, 0x9F, 0xFF, 0xEF, 0xFF, 0xFB, 0xFF, 0xFE, 0xE3, 0xC0, 0x3E,
    0xF8, 0x67, 0x9F, 0xF8, 0xE7, 0xFE, 0x00, 0x7F, 0x00, 0x0F, 0x87, 0xE3, 0xF8, 0xF0, 0x3C, 0x3F,
    0xEF, 0xFB, 0xFC, 0x3C, 0x0F, 0x03, 0xC0, 0xF0, 0x3C, 0x0F, 0x03, 0xC0, 0xF0, 0x3C, 0x00, 0x00,
    0x1F, 0x78, 0xFF, 0xE3, 0xFF, 0x9F, 0x3E, 0x78, 0x79, 0xE1, 0xE7, 0x87, 0x9E, 0x1E, 0x78, 0x79,
    0xF3, 0xE3, 0xFF, 0x8F, 0xFE, 0x0F, 0x78, 0x7D, 0xE3, 0xFF, 0x0E, 0x7C, 0x39, 0xF0, 0xFF, 0xC1,
    0xFB, 0x00, 0x00, 0x0F, 0x00, 0xF0, 0x0F, 0x00, 0xF6, 0x0F, 0x70, 0xF3, 0x3F, 0x77, 0xFF, 0x6F,
    0xE6, 0xF0, 0x6F, 0x07, 0xF0, 0x0F, 0x00, 0xF0, 0x0F, 0x00, 0xF0, 0x0F, 0x00, 0xF0, 0x0F, 0x00,
    0xF0, 0x0F, 0x00, 0xF0, 0x0F, 0x03, 0xF6, 0x7F, 0xE7, 0xFE, 0x6F, 0xC1, 0xF6, 0x3F, 0x67, 0xFE,
    0x6F, 0xE6, 0xFC, 0x0F, 0x00, 0xF0, 0x0F, 0x00, 0xF0, 0x1E, 0x07, 0x81, 0xE0, 0x78, 0x1E, 0x0F,
    0xE7, 0xFF, 0xFB, 0xDE, 0xF7, 0xBF, 0xFD, 0xFE, 0x3F, 0x07, 0x81, 0xE0, 0x78, 0x1E, 0x07, 0x80,
    0x7B, 0xE3, 0xE0, 0xFF, 0xEF, 0xE1, 0xFF, 0xFF, 0xC3, 0xE3, 0xE7, 0xC7, 0xC7, 0x87, 0x8F, 0x0F,
    0x0F, 0x1E, 0x1E, 0x1E, 0x3C, 0x3C, 0xFE, 0x78, 0x7B, 0xFC, 0xF0, 0xFE, 0xF1, 0xE1, 0xFD, 0xC3,
    0xC3, 0xDF, 0x87, 0x87, 0xBE, 0x00, 0x7B, 0xE0, 0xFF, 0xF1, 0xFF, 0xE3, 0xE3, 0xC7, 0xC7, 0x8F,
    0x0F, 0x1E, 0x1E, 0x3C, 0x7F, 0x79, 0xFE, 0xF7, 0xF1, 0xEF, 0xE3, 0xDF, 0xC7, 0x9F, 0x00, 0x7B,
    0xE0, 0xFF, 0xE1, 0xFF, 0xE3, 0xE3, 0xC7, 0xC7, 0x8F, 0x0F, 0x1E, 0x1E, 0x3C, 0x3C, 0x78, 0x78,
    0xF0, 0xF1, 0xE1, 0xE3, 0xC3, 0xC7, 0x87, 0x80, 0x7F, 0x01, 0xFE, 0x03, 0xBC, 0x07, 0x78, 0x0F,
    0xF8, 0x0F, 0xB0, 0x00, 0x00, 0x00, 0x00, 0xE0, 0x7E, 0x3D, 0xC7, 0xBC, 0xF3, 0x9E, 0x7B, 0xCF,
    0x79, 0xCF, 0x31, 0xF6, 0x3F, 0x80, 0xE0, 0x00, 0x60, 0xEC, 0x7F, 0x3D, 0xC7, 0xBC, 0xF7, 0x9F,
    0xFB, 0xFF, 0x7D, 0xCF, 0x31, 0xF6, 0x3F, 0x86, 0xE0, 0x00, 0x00, 0x00, 0x20, 0x3F, 0xC1, 0xFF,
    0x07, 0xFC, 0x11, 0xF0, 0x07, 0xE0, 0x3F, 0x81, 0xDE, 0x1F, 0x79, 0xF9, 0xE7, 0xCF, 0x0F, 0xFC,
    0x3F, 0xE0, 0xFF, 0x03, 0x00, 0x00, 0x0F, 0xCF, 0xE0, 0xFF, 0xFF, 0x8F, 0xFF, 0xFC, 0xF9, 0xF8,
    0x27, 0x87, 0x80, 0x3C, 0x3F, 0xFD, 0xE1, 0xFF, 0xEF, 0x0F, 0xFF, 0x78, 0x78, 0x7B, 0xC7, 0xE7,
    0x8F, 0xFF, 0xFC, 0x7F, 0xFF, 0xC0, 0xFC, 0xFC, 0x00, 0x00, 0x00, 0x41, 0xFC, 0x7F, 0x1F, 0xFF,
    0xF8, 0xFF, 0xFF, 0xC2, 0x0F, 0x9F, 0x00, 0x7D, 0xF9, 0xFF, 0xEF, 0xEF, 0xFE, 0xEF, 0x7F, 0xFE,
    0x7B, 0x87, 0xF7, 0x9E, 0x3F, 0x3C, 0x7F, 0xFF, 0xE3, 0xFF, 0xFE, 0x0F, 0xDF, 0xE0, 0x00, 0x40,
    0x00, 0x3F, 0x8F, 0x83, 0xFF, 0xFF, 0x1F, 0xFF, 0xFC, 0x41, 0xF1, 0xE0, 0x0F, 0x8F, 0x00, 0x7C,
    0x3D, 0xFF, 0xFF, 0xEF, 0xFF, 0xFF, 0x70, 0xF8, 0xF3, 0xC7, 0xC7, 0x9F, 0xFF, 0xFC, 0x7F, 0xFF,
    0xC1, 0xF8, 0xFC, 0x00, 0x0F, 0x8F, 0xE0, 0x7E, 0x7F, 0xC3, 0xF3, 0xFF, 0x9F, 0x0F, 0x1E, 0x78,
    0x3C, 0x79, 0xE0, 0xE0, 0xF7, 0x87, 0x83, 0xDE, 0x0E, 0x0F, 0x78, 0x3C, 0x79, 0xF1, 0xF1, 0xE3,
    0xFF, 0xFF, 0x87, 0xFF, 0xFC, 0x0F, 0xC7, 0xE0, 0x00, 0x00, 0x20, 0x1F, 0x1F, 0xE0, 0x7E, 0x7F,
    0xC1, 0xF9, 0xFF, 0xC7, 0xC3, 0xCF, 0x8F, 0x07, 0xBF, 0x1E, 0x0E, 0x7F, 0x3C, 0x3D, 0xDE, 0x78,
    0x3F, 0x3C, 0xF0, 0x7E, 0xF1, 0xF1, 0xF9, 0xE1, 0xFF, 0xFF, 0xC1, 0xFF, 0xFF, 0x01, 0xFB, 0xFC,
    0x00, 0x02, 0x00, 0x00, 0x07, 0x80, 0x0F, 0x00, 0x1E, 0x00, 0x3C, 0x00, 0x78, 0x01, 0xF8, 0x07,
    0xFC, 0x1F, 0xFC, 0x3C, 0xF8, 0xF0, 0xF1, 0xE1, 0xE3, 0xC3, 0xC7, 0x87, 0x80, 0x3F, 0xC0, 0x7F,
    0xE0, 0xFF, 0xC1, 0xC7, 0x83, 0x8F, 0x07, 0x1E, 0x0F, 0xFC, 0x1F, 0xF0, 0x3F, 0xE0, 0x71, 0xE0,
    0xE3, 0xC1, 0xC7, 0x83, 0x8F, 0x00, 0x1E, 0x00, 0x3C, 0x00, 0x78, 0x00, 0x7C, 0x00, 0xFC, 0x00,
    0xF0, 0x00, 0x7B, 0x7F, 0x7F, 0x7E, 0x7C, 0x78, 0x78, 0x78, 0x78, 0x78, 0x78, 0x78, 0x78, 0x7B,
    0xDC, 0xFF, 0xF9, 0xFF, 0xF3, 0xE2, 0x07, 0xC0, 0x0F, 0x00, 0x1E, 0x00, 0x3C, 0x00, 0x78, 0x00,
    0xF0, 0x01, 0xE0, 0x03, 0xC0, 0x07, 0x80, 0x00, 0x1C, 0xF1, 0xFE, 0x1F, 0xE1, 0xF0, 0x1E, 0x01,
    0xE0, 0x1E, 0x07, 0xF8, 0xFF, 0x8D, 0xE0, 0xDE, 0x0F, 0xE0, 0x7C, 0x00, 0x1C, 0xFF, 0x1F, 0xFF,
    0x1F, 0xFF, 0x1F, 0x00, 0x1E, 0x00, 0x1E, 0x00, 0x1E, 0x00, 0x7F, 0x80, 0xFF, 0x80, 0xDE, 0x00,
    0xDE, 0x00, 0xFE, 0x00, 0x7C, 0x00, 0xC1, 0xBF, 0xEF, 0xF9, 0xFE, 0x07, 0x81, 0xE0, 0x78, 0x1E,
    0x07, 0x81, 0xE0, 0x78, 0x1E, 0x07, 0x81, 0xE0, 0xC1, 0x81, 0xFF, 0x03, 0xFE, 0x03, 0xFC, 0x00,
    0x78, 0x00, 0xF0, 0x01, 0xFE, 0x03, 0xFE, 0x07, 0xFE, 0x0F, 0x1C, 0x1E, 0x38, 0x1F, 0xF0, 0x3F,
    0xC0, 0x3F, 0x00, 0x0F, 0x8F, 0xC7, 0xE3, 0xC1, 0xE0, 0xF0, 0x78, 0x3C, 0x1E, 0x0F, 0x07, 0x83,
    0xC1, 0xE0, 0xF0, 0xF1, 0xF8, 0xFC, 0x7C, 0x00, 0x78, 0x01, 0xE0, 0x07, 0x80, 0x1E, 0x00, 0x78,
    0x79, 0xE1, 0xE7, 0x87, 0x9E, 0x1E, 0x78, 0x79, 0xF3, 0xE3, 0xFF, 0x8F, 0xFE, 0x1F, 0xB8, 0x78,
    0x00, 0xF0, 0x01, 0xE0, 0x03, 0xC0, 0x07, 0x87, 0x9F, 0xFF, 0xBF, 0xFF, 0xFF, 0xFF, 0x78, 0x78,
    0xF9, 0xF0, 0xFF, 0xE1, 0xFF, 0xC1, 0xFB, 0x80, 0x78, 0x70, 0xF1, 0xE1, 0xE3, 0xC7, 0x87, 0x0F,
    0x1E, 0x00, 0x3C, 0x78, 0x00, 0xF1, 0xE1, 0xE3, 0xC7, 0x87, 0x8F, 0x1E, 0x1E, 0x3C, 0x78, 0x78,
    0xF1, 0xF3, 0xE7, 0xC3, 0xFF, 0xFF, 0x0F, 0xEF, 0xFC, 0x1F, 0x1E, 0x70, 0x7B, 0xE7, 0xC1, 0xFF,
    0xFF, 0x87, 0xFF, 0xFF, 0x1F, 0x3E, 0x3C, 0x7C, 0x78, 0xF1, 0xE1, 0xE3, 0xC7, 0x87, 0x8F, 0x1E,
    0x1E, 0x3C, 0x78, 0x00, 0xF1, 0xE0, 0x03, 0xC7, 0x87, 0x8F, 0x1E, 0x1E, 0x3C, 0x78, 0x78, 0xF0,
    0xF8, 0x3D, 0xF8, 0x7B, 0xF0, 0xF1, 0xE1, 0xE3, 0xC3, 0xC7, 0x87, 0x8F, 0x0F, 0x1E, 0x1E, 0x3C,
    0x3C, 0x7C, 0xF8, 0x7F, 0xF0, 0xFF, 0xE0, 0xF9, 0xC0, 0xF0, 0x3D, 0xF0, 0x7B, 0xF1, 0xE1, 0xE3,
    0xC1, 0xEF, 0x03, 0xDE, 0x03, 0xF8, 0x07, 0xF0, 0x07, 0xC0, 0x0F, 0x80, 0x1F, 0x00, 0x7E, 0x00,
    0xFE, 0x03, 0xFC, 0x07, 0x3C, 0x1E, 0x78, 0x78, 0xFC, 0xF0, 0xFB, 0xC0, 0xF0, 0x7C, 0x3C, 0x3F,
    0x1E, 0x1F, 0x9E, 0x01, 0xCE, 0x00, 0xFF, 0x00, 0x7F, 0x00, 0x1F, 0x80, 0x0F, 0x80, 0x07, 0xC0,
    0x03, 0xE0, 0x01, 0xF0, 0x01, 0xF8, 0x00, 0xFF, 0xE0, 0xF7, 0xF8, 0x73, 0xFE, 0x79, 0xE7, 0x3C,
    0x7F, 0xBC, 0x3F, 0x9E, 0x0F, 0x80, 0x7C, 0x3C, 0xFC, 0x79, 0xF9, 0xE0, 0x7B, 0xC0, 0xFF, 0x00,
    0xFE, 0x01, 0xF8, 0x03, 0xF0, 0x03, 0xC0, 0x07, 0x80, 0x1F, 0x00, 0x3F, 0x00, 0xFE, 0x01, 0xFC,
    0x37, 0xBC, 0x6F, 0x78, 0xFC, 0xFD, 0xF8, 0xFB, 0xE0, 0xF0, 0xF8, 0xF0, 0xF3, 0xE0, 0xF7, 0x81,
    0xFF, 0x01, 0xFC, 0x03, 0xF0, 0x03, 0xE0, 0x0F, 0xFE, 0x1F, 0xFE, 0x7F, 0xDD, 0xF7, 0xBB, 0xC7,
    0xFF, 0x07, 0xC0, 0x1F, 0x1E, 0x0F, 0x3E, 0x07, 0xBC, 0x07, 0xF8, 0x03, 0xF8, 0x03, 0xF0, 0x01,
    0xF0, 0x01, 0xF0, 0x03, 0xF8, 0x07, 0xFC, 0x07, 0xBC, 0x0F, 0x1E, 0x0F, 0x1E, 0x1E, 0x00, 0x1E,
    0x00, 0x3C, 0x00, 0x3C, 0x00, 0x78, 0x00, 0x78, 0x00, 0x1F, 0x1E, 0x03, 0xCF, 0x80, 0x7B, 0xC0,
    0x1F, 0xF0, 0x03, 0xF8, 0x00, 0xFC, 0x00, 0x1F, 0x00, 0x07, 0xFE, 0x03, 0xFF, 0xC1, 0xFF, 0x70,
    0x7B, 0xDC, 0x3C, 0x7F, 0x0F, 0x0F, 0x87, 0x80, 0x01, 0xE0, 0x00, 0xF0, 0x00, 0x3C, 0x00, 0x1E,
    0x00, 0x07, 0x80, 0x00, 0x07, 0x8F, 0x83, 0xC7, 0x80, 0xF7, 0x80, 0x7F, 0xC0, 0x1F, 0xC0, 0x07,
    0xE0, 0x03, 0xE0, 0x01, 0xF8, 0x01, 0xFC, 0x00, 0xFF, 0x00, 0xF7, 0xC0, 0x79, 0xE0, 0x78, 0xF8,
    0x3C, 0x01, 0xBC, 0x00, 0xDE, 0x00, 0x7E, 0x00, 0x3E, 0x00, 0x1F, 0x00, 0x00, 0x78, 0x01, 0xE0,
    0x07, 0x80, 0x1E, 0x00, 0x78, 0x79, 0xE1, 0xE7, 0x87, 0x9E, 0x1E, 0x78, 0x79, 0xF3, 0xE3, 0xFF,
    0x8F, 0xFE, 0x1F, 0x78, 0x01, 0xE0, 0x07, 0x88, 0x3E, 0x3F, 0xF0, 0xFF, 0x83, 0xFC, 0x00, 0x3C,
    0xE0, 0xFF, 0x07, 0xF0, 0x1F, 0x00, 0x00, 0x07, 0xC0, 0x7F, 0x03, 0xFC, 0x38, 0x60, 0x00, 0x00,
    0x00, 0x00, 0x00, 0x00, 0x00, 0x00, 0x00, 0x00, 0x00, 0x00, 0x00, 0x00, 0x00, 0x70, 0x38, 0x1C,
    0x0F, 0xE7, 0xF3, 0x99, 0xCE, 0xE7, 0x73, 0xB9, 0xDC, 0xE0, 0x70, 0x38, 0x78, 0x3C, 0x00, 0x00,
    0x00, 0x00, 0x1C, 0x1C, 0x1F, 0x1F, 0x7F, 0x7C, 0x7C, 0x7C, 0x1C, 0x1C, 0x1C, 0x00, 0x00, 0x00,
    0x00, 0x00, 0x00, 0x00, 0x38, 0x70, 0xE1, 0xC3, 0x9F, 0xFE, 0x1C, 0x38, 0x70, 0xE0, 0x00, 0x00,
    0x00, 0x00, 0x00, 0x00, 0xE3, 0xBC, 0xE7, 0x39, 0xCE, 0x73, 0x9C, 0xE3, 0xF8, 0xFE, 0x00, 0x00,
    0x00, 0x00, 0x00, 0x00, 0x00, 0x00, 0x00, 0x7F, 0xF8, 0x07, 0xFF, 0x80, 0x7F, 0xF8, 0x07, 0x87,
    0x80, 0x78, 0x78, 0x07, 0x87, 0xFC, 0x78, 0x7F, 0xE7, 0x87, 0xFF, 0x78, 0x78, 0xF7, 0x87, 0x8F,
    0x78, 0x7F, 0xE7, 0x87, 0xFE, 0x78, 0x7F, 0xC0, 0x78, 0x3F, 0x0F, 0x0F, 0xF1, 0xE3, 0xFF, 0x3C,
    0xF1, 0xE7, 0x9E, 0x1C, 0xFF, 0xFF, 0x9F, 0xFF, 0xFB, 0xFF, 0xFE, 0x79, 0xE0, 0x0F, 0x3E, 0x01,
    0xE3, 0xFF, 0x3C, 0x3F, 0xE7, 0x83, 0xF8, 0x7F, 0x3E, 0x0F, 0xFF, 0xF1, 0xFF, 0xFE, 0x21, 0xF1,
    0xE0, 0x3E, 0x3C, 0x07, 0xFF, 0x80, 0xFF, 0xF0, 0x1F, 0xFE, 0x03, 0xE0, 0x00, 0x7C, 0x01, 0xFF,
    0xFE, 0x3F, 0xFF, 0xC7, 0xE3, 0xF8, 0x78, 0x7F, 0xC1, 0xE1, 0xFF, 0xC7, 0x87, 0xFF, 0x1E, 0x1F,
    0x1E, 0x78, 0x78, 0x79, 0xE1, 0xE1, 0xE7, 0x87, 0x87, 0x9E, 0x1E, 0x1E, 0x78, 0x78, 0x79, 0xF3,
    0xF1, 0xE3, 0xFF, 0xFF, 0x0F, 0xF7, 0xFC, 0x1F, 0x8F, 0xC0, 0x1F, 0x3C, 0xFF, 0xF3, 0xFF, 0xDE,
    0x3E, 0x78, 0x79, 0xE1, 0xE7, 0x87, 0x9E, 0x1E, 0x78, 0x79, 0xE3, 0xE3, 0xFF, 0x8F, 0xFE, 0x1F,
    0x78, 0x0F, 0xC0, 0x7F, 0xC3, 0xFF, 0x1F, 0x1E, 0x78, 0x79, 0xE0, 0xE7, 0x83, 0x9E, 0x0E, 0x38,
    0x70, 0x71, 0xC7, 0xEF, 0xDF, 0xBF, 0x7E, 0xFC, 0x00, 0x78, 0x00, 0x00, 0x78, 0x00, 0x00, 0x78,
    0x00, 0x00, 0x78, 0x00, 0x00, 0x78, 0x00, 0x1F, 0x7F, 0xFC, 0x3F, 0xFF, 0xFC, 0x3F, 0xFF, 0xF8,
    0x78, 0xF8, 0x78, 0x78, 0x78, 0xF0, 0x78, 0x79, 0xF0, 0x78, 0x79, 0xE0, 0x78, 0x7B, 0xC0, 0x78,
    0x7F, 0xC0, 0x7C, 0xFF, 0x80, 0x3F, 0xFF, 0xFC, 0x3F, 0xFF, 0xFC, 0x1F, 0x7F, 0xFC, 0x00, 0x00,
    0x3C, 0x00, 0x00, 0x3C, 0x00, 0x00, 0x3C, 0x00, 0x00, 0x1F, 0x00, 0x00, 0x1F, 0x00, 0x00, 0x0F,
    0x1C, 0x00, 0x0F, 0x00, 0x07, 0xFF, 0xFB, 0xFF, 0xFF, 0xFF, 0xFF, 0x8F, 0x3C, 0x03, 0xCF, 0x80,
    0xF1, 0xF8, 0x3C, 0x3F, 0x8F, 0x03, 0xE3, 0xC0, 0x3C, 0xF0, 0x0F, 0x3F, 0xFF, 0xCF, 0xFF, 0xE1,
    0xFF, 0xF0, 0x03, 0x80, 0x00, 0xE0, 0x00, 0x3C, 0x00, 0x0F, 0x80, 0x01, 0xF0, 0x00, 0x78, 0x00,
    0x07, 0x80, 0x78, 0x07, 0x80, 0x78, 0x1F, 0xF3, 0xFE, 0x7F, 0xE0, 0x78, 0x0F, 0x81, 0xF8, 0xFF,
    0x8F, 0xF8, 0xF7, 0x80, 0x00, 0x39, 0xC1, 0xCF, 0x1E, 0x78, 0xFB, 0xC6, 0xFE, 0x37, 0xBB, 0xBD,
    0xDD, 0xE6, 0x00, 0x00, 0x00, 0x00, 0x00, 0x00, 0x00, 0x00, 0x00, 0x00, 0x00, 0x00, 0x0C, 0x19,
    0xF0, 0x60, 0xC0, 0x00, 0x00, 0x00, 0x30, 0x60, 0xF1, 0x83, 0x00, 0x00, 0x00, 0x00, 0x0F, 0x8F,
    0xC7, 0xE7, 0xF3, 0xF9, 0xF8, 0xF0, 0xF8, 0x3C, 0x3C, 0x1F, 0xFF, 0xEF, 0xFF, 0xFB, 0xFF, 0xFE,
    0x3C, 0x3C, 0x0F, 0x0F, 0x03, 0xC3, 0xC0, 0xF0, 0xF0, 0x3C, 0x3C, 0x0F, 0x0F, 0x03, 0xC3, 0xC0,
    0xF0, 0xF0, 0x3C, 0x3C, 0x0F, 0x0F, 0x00, 0x0F, 0xBC, 0x3F, 0x78, 0xFE, 0xF1, 0xE0, 0x03, 0xC0,
    0x0F, 0xF7, 0xBF, 0xEF, 0x7F, 0x9E, 0x3C, 0x3C, 0x78, 0x78, 0xF0, 0xF1, 0xE1, 0xE3, 0xC3, 0xC7,
    0x87, 0x8F, 0x0F, 0x1E, 0x1E, 0x3C, 0x3C, 0x78, 0x78, 0x0F, 0xBC, 0x3F, 0x78, 0xFE, 0xF1, 0xE1,
    0xE3, 0xC3, 0xCF, 0xF7, 0xBF, 0xEF, 0x7F, 0x9E, 0x3C, 0x3C, 0x78, 0x78, 0xF0, 0xF1, 0xE1, 0xE3,
    0xC3, 0xC7, 0x87, 0x8F, 0x0F, 0x1E, 0x1E, 0x3C, 0x3C, 0x78, 0x78, 0x0F, 0x8F, 0xDC, 0x1F, 0x9F,
    0xFC, 0x3F, 0x9F, 0x9C, 0x3C, 0x3E, 0x00, 0x3C, 0x3C, 0x00, 0x7F, 0xFF, 0xBC, 0xFF, 0xFF, 0xBC,
    0xFF, 0xFF, 0xBC, 0x3C, 0x3C, 0x3C, 0x3C, 0x3C, 0x3C, 0x3C, 0x3C, 0x3C, 0x3C, 0x3C, 0x3C, 0x3C,
    0x3C, 0x3C, 0x3C, 0x3C, 0x3C, 0x3C, 0x3C, 0x3C, 0x3C, 0x3C, 0x3C, 0x3C, 0x3C, 0x3C, 0x3C, 0x3C,
    0x3C, 0x0F, 0x8F, 0xFC, 0x1F, 0x9F, 0xFC, 0x3F, 0x9F, 0xBC, 0x3C, 0x3E, 0x3C, 0x3C, 0x3C, 0x3C,
    0x7F, 0xFF, 0xBC, 0xFF, 0xFF, 0xBC, 0xFF, 0xFF, 0xBC, 0x3C, 0x3C, 0x3C, 0x3C, 0x3C, 0x3C, 0x3C,
    0x3C, 0x3C, 0x3C, 0x3C, 0x3C, 0x3C, 0x3C, 0x3C, 0x3C, 0x3C, 0x3C, 0x3C, 0x3C, 0x3C, 0x3C, 0x3C,
    0x3C, 0x3C, 0x3C, 0x3C, 0x3C, 0x3C, 0x3C, 0x0F, 0xE0, 0x0F, 0xFC, 0x0F, 0xFE, 0x07, 0x8F, 0x03,
    0xC3, 0x81, 0xC3, 0xFC, 0xE3, 0xFE, 0x71, 0xFF, 0x38, 0x38, 0x1C, 0x1C, 0x0E, 0x0E, 0x07, 0x07,
    0x03, 0x83, 0x81, 0xC1, 0xC0, 0xE0, 0xF0, 0x70, 0x7F, 0x38, 0x3F, 0x9C, 0x0F, 0xC0, 0x00, 0xFC,
    0x00, 0x3F, 0xF0, 0x03, 0xFF, 0x80, 0x38, 0xF8, 0x03, 0x87, 0x81, 0xF8, 0xFF, 0x7F, 0xDF, 0xF7,
    0xFD, 0xFF, 0x78, 0x87, 0x87, 0x80, 0x78, 0x7E, 0x07, 0x83, 0xF8, 0x78, 0x0F, 0xC7, 0x80, 0x3C,
    0x78, 0x43, 0xC7, 0x87, 0xFC, 0x7F, 0x7F, 0xC7, 0xF7, 0xF0, 0x3F, 0x01, 0x83, 0xE3, 0xF9, 0xF8,
    0x70, 0x18, 0x00, 0x00, 0x00, 0x00, 0x00, 0x00, 0x00, 0x00, 0x00, 0x00, 0x00, 0x00, 0x00, 0x00,
    0x00, 0x00, 0x00, 0x60, 0x1F, 0x87, 0xF0, 0x3E, 0x03, 0xC0, 0x70, 0x00, 0x00, 0x00, 0x00, 0x00,
    0x00, 0x00, 0x00, 0x00, 0x00, 0x00, 0x00, 0x00, 0x00, 0x00, 0x00, 0x0C, 0x3F, 0xDF, 0xFC, 0x3C,
    0x00, 0x00, 0x00, 0x00, 0x00, 0x00, 0x00, 0x00, 0x00, 0x00, 0x00, 0x00, 0x00, 0x00, 0x00, 0x00,
    0x00, 0x01, 0xFF, 0xFF, 0xDF, 0xC0, 0x00, 0x00, 0x00, 0x00, 0x00, 0x00, 0x00, 0x00, 0x00, 0x00,
    0x00, 0x00, 0x00, 0x00, 0x00, 0x00, 0x00, 0x7F, 0x3F, 0xDF, 0xE0, 0x00, 0x00, 0x00, 0x00, 0x00,
    0x00, 0x00, 0x00, 0x00, 0x00, 0x00, 0x00, 0x00, 0x00, 0x00, 0x00, 0x00, 0x00, 0x7F, 0x7F, 0xBF,
    0xC0, 0x00, 0x00, 0x00, 0x00, 0x00, 0x00, 0x00, 0x00, 0x00, 0x00, 0x00, 0x00, 0x00, 0x00, 0x00,
    0x00, 0x00, 0x00, 0xFF, 0xFF, 0xFF, 0xFF, 0xFF, 0xFF, 0xFC, 0x00, 0x00, 0x00, 0x00, 0x00, 0x00,
    0x00, 0x00, 0x00, 0x00, 0x00, 0x00, 0x00, 0x00, 0x00, 0x00, 0x00, 0x00, 0x00, 0x00, 0x00, 0x00,
    0x00, 0x00, 0x00, 0x00, 0x00, 0x00, 0x00, 0x00, 0x00, 0x00, 0x00, 0x00, 0x00, 0x00, 0x00, 0x70,
    0x1C, 0x0F, 0xF3, 0xF8, 0x7C, 0x00, 0x00, 0x60, 0x39, 0xFE, 0x7E, 0x1E, 0x00, 0x00, 0x06, 0x1F,
    0xEF, 0xFE, 0x1E, 0x00, 0x00, 0x00, 0xFF, 0xFF, 0xEF, 0xE0, 0x00, 0x00, 0x00, 0x0F, 0xE7, 0xFB,
    0xFC, 0x00, 0x00, 0x00, 0x0F, 0xEF, 0xF7, 0xF8, 0x00, 0x00, 0x00, 0x00, 0x00, 0x00, 0x03, 0xFF,
    0xFF, 0xFF, 0xFF, 0xFF, 0xFF, 0xF0, 0x7F, 0xDF, 0xFB, 0xFF, 0x70, 0x00, 0x00, 0x00, 0x00, 0x00,
    0x00, 0x00, 0x00, 0x00, 0x00, 0x00, 0x00, 0x00, 0x00, 0x00, 0x00, 0x00, 0x00, 0x00, 0x00, 0x00,
    0x00, 0x00, 0x4F, 0xFD, 0xFF, 0xBF, 0xF0, 0x00, 0x00, 0x00, 0x00, 0x00, 0x00, 0x00, 0x00, 0x00,
    0x00, 0x00, 0x00, 0x00, 0x00, 0x00, 0x00, 0x00, 0x00, 0x00, 0x00, 0x00, 0x00,
};

static const uint16_t kAgendaBitmapOffsets[] PROGMEM = {
    0x0000, 0x0000, 0x000F, 0x0027, 0x0045, 0x0064, 0x008F, 0x00B4, 0x00C1, 0x00D6, 0x00EB, 0x0106,
    0x011D, 0x0123, 0x012B, 0x012F, 0x0145, 0x0161, 0x017D, 0x0199, 0x01B5, 0x01D1, 0x01ED, 0x0209,
    0x0225, 0x0241, 0x025D, 0x0269, 0x0277, 0x0290, 0x02A4, 0x02BD, 0x02D3, 0x0303, 0x0325, 0x0345,
    0x0363, 0x0385, 0x039F, 0x03B9, 0x03DB, 0x0400, 0x0414, 0x042D, 0x044D, 0x0467, 0x0494, 0x04BB,
    0x04E0, 0x04FE, 0x052B, 0x054B, 0x0565, 0x0581, 0x05A3, 0x05C3, 0x05F2, 0x0612, 0x0630, 0x064C,
    0x0661, 0x0677, 0x068C, 0x06A8, 0x06AE, 0x06C0, 0x06D6, 0x06F6, 0x0708, 0x0728, 0x073E, 0x0755,
    0x0777, 0x0797, 0x07A7, 0x07C2, 0x07E2, 0x07F2, 0x0816, 0x082D, 0x0844, 0x0866, 0x0888, 0x0899,
    0x08AB, 0x08BD, 0x08D4, 0x08EA, 0x0909, 0x091F, 0x093E, 0x0950, 0x0968, 0x098C, 0x09A4, 0x09B6,
    0x09B6, 0x09C5, 0x09E1, 0x09FD, 0x0A14, 0x0A30, 0x0A54, 0x0A6D, 0x0A89, 0x0AB4, 0x0AC8, 0x0ADF,
    0x0AF0, 0x0AF8, 0x0B23, 0x0B46, 0x0B5C, 0x0B75, 0x0B8D, 0x0BA5, 0x0BB7, 0x0BD9, 0x0BFE, 0x0C08,
    0x0C0D, 0x0C24, 0x0C38, 0x0C4F, 0x0C7A, 0x0CA5, 0x0CD0, 0x0CE8, 0x0D14, 0x0D40, 0x0D6C, 0x0D98,
    0x0DC2, 0x0DEC, 0x0E1B, 0x0E44, 0x0E65, 0x0E86, 0x0EA7, 0x0EC7, 0x0EE0, 0x0EFC, 0x0F18, 0x0F30,
    0x0F52, 0x0F84, 0x0FB3, 0x0FE2, 0x1011, 0x1040, 0x106D, 0x1084, 0x10AD, 0x10D9, 0x1105, 0x1131,
    0x115B, 0x1182, 0x11A0, 0x11C4, 0x11E2, 0x1200, 0x121E, 0x123C, 0x1258, 0x1279, 0x129A, 0x12B5,
    0x12D3, 0x12F1, 0x130F, 0x132B, 0x133D, 0x1352, 0x1369, 0x137D, 0x139F, 0x13BF, 0x13DF, 0x13FF,
    0x141F, 0x143F, 0x145D, 0x1474, 0x148F, 0x14AF, 0x14CF, 0x14EF, 0x150D, 0x1534, 0x155E, 0x1584,
    0x15AE, 0x15CA, 0x15F6, 0x1614, 0x1642, 0x1661, 0x1688, 0x16A3, 0x16CA, 0x16E3, 0x1708, 0x1720,
    0x1747, 0x1760, 0x178C, 0x17B5, 0x17D7, 0x17F9, 0x1819, 0x1835, 0x1856, 0x1874, 0x1894, 0x18B0,
    0x18D3, 0x18F2, 0x1913, 0x1931, 0x195D, 0x1987, 0x19B3, 0x19DD, 0x1A07, 0x1A30, 0x1A5C, 0x1A86,
    0x1AB5, 0x1AE3, 0x1B0A, 0x1B2A, 0x1B46, 0x1B5D, 0x1B75, 0x1B89, 0x1BA2, 0x1BB7, 0x1BD1, 0x1BE6,
    0x1BFE, 0x1C0A, 0x1C36, 0x1C60, 0x1C86, 0x1CA4, 0x1CCE, 0x1CF7, 0x1D0E, 0x1D2F, 0x1D49, 0x1D6A,
    0x1D7F, 0x1D9B, 0x1DB2, 0x1DCC, 0x1DE3, 0x1DFF, 0x1E14, 0x1E46, 0x1E66, 0x1E98, 0x1EB8, 0x1EEA,
    0x1F0A, 0x1F2F, 0x1F61, 0x1F83, 0x1FB0, 0x1FCE, 0x1FFD, 0x201D, 0x204C, 0x206C, 0x2099, 0x20BC,
    0x20E6, 0x20FF, 0x2129, 0x2140, 0x216A, 0x2183, 0x21A4, 0x21BD, 0x21DE, 0x21F7, 0x221A, 0x2235,
    0x2256, 0x226F, 0x2295, 0x22AE, 0x22D2, 0x22F0, 0x230C, 0x231E, 0x234A, 0x236A, 0x2394, 0x23B2,
    0x23DE, 0x23FE, 0x242E, 0x2451, 0x247D, 0x249D, 0x24CB, 0x24ED, 0x252A, 0x2555, 0x257C, 0x25A3,
    0x25C8, 0x25EC, 0x2605, 0x2628, 0x2640, 0x2664, 0x267D, 0x2692, 0x26B2, 0x26D9, 0x26F7, 0x2717,
    0x2737, 0x2757, 0x2775, 0x279F, 0x27BD, 0x27DF, 0x2808, 0x2826, 0x2846, 0x2866, 0x2880, 0x28A7,
    0x28C5, 0x28F3, 0x291D, 0x294A, 0x2976, 0x29A8, 0x29BC, 0x29D0, 0x29F0, 0x2A10, 0x2A22, 0x2A42,
    0x2A73, 0x2AAA, 0x2ACC, 0x2AF1, 0x2B1C, 0x2B3C, 0x2B72, 0x2BA4, 0x2BC9, 0x2BF3, 0x2C19, 0x2C33,
    0x2C45, 0x2C61, 0x2C85, 0x2C9D, 0x2CBB, 0x2CD0, 0x2CF6, 0x2D23, 0x2D45, 0x2D6A, 0x2D8C, 0x2DAA,
    0x2DCC, 0x2DE8, 0x2DFA, 0x2E16, 0x2E32, 0x2E51, 0x2E70, 0x2E8E, 0x2EAA, 0x2EBE, 0x2ED4, 0x2EF6,
    0x2F06, 0x2F24, 0x2F3F, 0x2F4E, 0x2F9E, 0x2FDB, 0x3014, 0x304B, 0x3084, 0x30AE, 0x30F3, 0x313E,
    0x317D, 0x31A9, 0x31C7, 0x31E3, 0x31FA, 0x3229, 0x3249, 0x3275, 0x3295, 0x32C7, 0x32EA, 0x331C,
    0x333F, 0x3371, 0x3396, 0x33C8, 0x33EB, 0x3401, 0x3431, 0x3452, 0x3482, 0x34A3, 0x34DD, 0x3508,
    0x352A, 0x354C, 0x3578, 0x35A2, 0x35CC, 0x35FA, 0x362B, 0x364D, 0x3687, 0x36B0, 0x36D4, 0x36FB,
    0x371C, 0x375A, 0x3794, 0x37CD, 0x37F9, 0x3823, 0x3854, 0x3880, 0x38B2, 0x38D2, 0x3900, 0x3926,
    0x3963, 0x3990, 0x39C1, 0x39E3, 0x3A0F, 0x3A2D, 0x3A5B, 0x3A7A, 0x3A9B, 0x3AB9, 0x3ADC, 0x3AFB,
    0x3B1A, 0x3B31, 0x3B4B, 0x3B61, 0x3B90, 0x3BB0, 0x3BE1, 0x3C03, 0x3C2D, 0x3C46, 0x3C72, 0x3C8A,
    0x3CB6, 0x3CD6, 0x3D04, 0x3D26, 0x3D47, 0x3D60, 0x3D84, 0x3D9C, 0x3DC3, 0x3DDE, 0x3E0D, 0x3E3B,
    0x3E6C, 0x3E9E, 0x3EC3, 0x3EE3, 0x3F09, 0x3F24, 0x3F4E, 0x3F6A, 0x3F8D, 0x3FAC, 0x3FE2, 0x4007,
    0x403A, 0x405D, 0x408A, 0x40A8, 0x40DB, 0x4100, 0x4125, 0x414B, 0x4163, 0x4183, 0x419B, 0x41B1,
    0x41E1, 0x4213, 0x423B, 0x425E, 0x4281, 0x429B, 0x42BC, 0x42D7, 0x42F2, 0x430A, 0x431C, 0x433C,
    0x4361, 0x4381, 0x439F, 0x43B9, 0x43D5, 0x43F0, 0x4424, 0x4448, 0x4468, 0x447A, 0x4498, 0x44B7,
    0x44CD, 0x44E4, 0x44FB, 0x451B, 0x452D, 0x4542, 0x456F, 0x4591, 0x45A7, 0x45BD, 0x45DC, 0x45F0,
    0x4604, 0x4620, 0x4637, 0x464D, 0x467A, 0x469C, 0x46B2, 0x46D1, 0x46E7, 0x4707, 0x4727, 0x4751,
    0x4761, 0x4770, 0x477D, 0x4796, 0x47AF, 0x47C7, 0x47FA, 0x481E, 0x4853, 0x4888, 0x48AC, 0x48D2,
    0x48EB, 0x4902, 0x4921, 0x4940, 0x4976, 0x4987, 0x499E, 0x49B9, 0x49D1, 0x49E9, 0x49F8, 0x4A0E,
    0x4A24, 0x4A3A, 0x4A55, 0x4A70, 0x4A8B, 0x4AA1, 0x4AC2, 0x4AD4, 0x4AEC, 0x4B05, 0x4B1C, 0x4B35,
    0x4B4B, 0x4B6A, 0x4B88, 0x4B9C, 0x4BB9, 0x4BD2, 0x4BF1, 0x4C10, 0x4C29, 0x4C42, 0x4C5B, 0x4C76,
    0x4C9B, 0x4CB1, 0x4CC8, 0x4CEA, 0x4D01, 0x4D1F, 0x4D41, 0x4D52, 0x4D7F, 0x4D98, 0x4DB1, 0x4DE3,
    0x4E2B, 0x4E6A, 0x4E8E, 0x4EBE, 0x4EE6, 0x4F25, 0x4F49, 0x4F6B, 0x4F87, 0x4FA5, 0x4FCB, 0x4FF4,
    0x5009, 0x501E, 0x502A, 0x5038, 0x5044, 0x5052, 0x5063, 0x507C, 0x508D, 0x5098, 0x50B0, 0x50BB,
    0x50C6, 0x50D1, 0x50DB, 0x50E5, 0x50F5, 0x5105, 0x5114, 0x5123, 0x5134, 0x5145, 0x515E, 0x5177,
    0x5180, 0x5194, 0x51A6, 0x51B8, 0x51BB, 0x51C1, 0x51C6, 0x51CB, 0x51D7, 0x51E3, 0x51EA, 0x51F1,
    0x51F9, 0x5201, 0x5208, 0x520E, 0x5225, 0x5232, 0x5246, 0x524C, 0x5265, 0x5280, 0x528D, 0x529E,
    0x52AF, 0x52B8, 0x52C6, 0x52D7, 0x52E7, 0x52FD, 0x5311, 0x5325, 0x5339, 0x534D, 0x535E, 0x536D,
    0x5374, 0x5392, 0x53AA, 0x53B1, 0x53B8, 0x53BF, 0x53C6, 0x53CE, 0x53D8, 0x53E9, 0x53F8, 0x5401,
    0x5411, 0x541F, 0x542D, 0x5434, 0x543B, 0x5442, 0x5449, 0x5455, 0x5470, 0x5482, 0x5499, 0x54B4,
    0x54C5, 0x54DE, 0x54F5, 0x54FE, 0x550F, 0x5528, 0x5537, 0x5550, 0x5567, 0x5570, 0x557E, 0x559E,
    0x55B7, 0x55CF, 0x55DC, 0x55E9, 0x55F6, 0x5603, 0x5608, 0x560D, 0x5610, 0x5613, 0x5624, 0x5634,
    0x5637, 0x563C, 0x5640, 0x5644, 0x5647, 0x564C, 0x5651, 0x5658, 0x565E, 0x5663, 0x5666, 0x566B,
    0x5670, 0x5673, 0x5678, 0x567D, 0x5684, 0x568B, 0x5693, 0x569B, 0x56A2, 0x56A7, 0x56AD, 0x56B5,
    0x56BF, 0x56C9, 0x56DB, 0x56E8, 0x5700, 0x5703, 0x5709, 0x5711, 0x5716, 0x5725, 0x5730, 0x5754,
    0x5766, 0x5776, 0x578D, 0x5799, 0x57B4, 0x57B9, 0x57D0, 0x57D8, 0x57DC, 0x57E2, 0x57F9, 0x5815,
    0x5829, 0x582E, 0x5832, 0x5859, 0x5863, 0x586D, 0x5886, 0x588B, 0x588E, 0x5891, 0x5899, 0x58A3,
    0x58B0, 0x58B5, 0x58BD, 0x58CC, 0x58DA, 0x5905, 0x5921, 0x5928, 0x5951, 0x5981, 0x5990, 0x599F,
    0x59AE, 0x59B7, 0x59C6, 0x59D5, 0x59E1, 0x59F1, 0x5A02, 0x5A19, 0x5A26, 0x5A34, 0x5A46, 0x5A55,
    0x5A7E, 0x5AA6, 0x5AC4, 0x5AD3, 0x5AE9, 0x5AF4, 0x5B08, 0x5B0B, 0x5B13, 0x5B21, 0x5B2D, 0x5B4A,
    0x5B75, 0x5B7E, 0x5B94, 0x5B9D, 0x5BA6, 0x5BBC, 0x5BD8, 0x5BF9, 0x5C10, 0x5C24, 0x5C3B, 0x5C52,
    0x5C63, 0x5C77, 0x5C87, 0x5C94, 0x5CAA, 0x5CBB, 0x5CD9, 0x5CF2, 0x5D09, 0x5D1B, 0x5D32, 0x5D47,
    0x5D5F, 0x5D82, 0x5D98, 0x5DAF, 0x5DBC, 0x5DD0, 0x5DE4, 0x5DF8, 0x5E0A, 0x5E21, 0x5E38, 0x5E56,
    0x5E78, 0x5E8E, 0x5EAD, 0x5EBF, 0x5ED1, 0x5EEA, 0x5EFE, 0x5F0F, 0x5F23, 0x5F3A, 0x5F4E, 0x5F6A,
    0x5F81, 0x5F97, 0x5FB5, 0x5FCB, 0x5FE1, 0x5FF9, 0x600A, 0x601B, 0x6031, 0x6049, 0x6056, 0x6065,
    0x607B, 0x608C, 0x60AA, 0x60C4, 0x60DE, 0x60F6, 0x610E, 0x6122, 0x6138, 0x6149, 0x6161, 0x617F,
    0x6190, 0x61A1, 0x61B4, 0x61CD, 0x61E2, 0x61F7, 0x6206, 0x6215, 0x6224, 0x6233, 0x6244, 0x624C,
    0x6261, 0x627C, 0x628D, 0x629E, 0x62AC, 0x62BD, 0x62CA, 0x62DB, 0x62E8, 0x62F9, 0x630C, 0x6327,
    0x6338, 0x6347, 0x635C, 0x636B, 0x6380, 0x639B, 0x63AE, 0x63B4, 0x63BB, 0x63C4, 0x63CD, 0x63DE,
    0x63EA, 0x63F8, 0x640F, 0x641E, 0x6441, 0x6465, 0x6489, 0x64A2, 0x64CB, 0x64E7, 0x650D, 0x6522,
    0x6533, 0x6549, 0x655F, 0x6573, 0x6595, 0x65A6, 0x65C3, 0x65FF, 0x660C, 0x661B, 0x663D, 0x6656,
    0x666F, 0x6699, 0x66C3, 0x66E1, 0x670C, 0x6736, 0x674B, 0x6780, 0x67A2, 0x67C4, 0x67DC, 0x67F7,
    0x681B, 0x683A, 0x6859, 0x6874, 0x689A, 0x68C3, 0x68F0, 0x6912, 0x6934, 0x6951, 0x697C, 0x6997,
    0x69B2, 0x69CD, 0x69F6, 0x6A13, 0x6A24, 0x6A32, 0x6A41, 0x6A57, 0x6A66, 0x6A76, 0x6A82, 0x6A93,
    0x6AA4, 0x6AB0, 0x6ABC, 0x6AC6, 0x6AD0, 0x6AE0, 0x6AEC, 0x6AF8, 0x6B06, 0x6B21, 0x6B3C, 0x6B4F,
    0x6B62, 0x6B75, 0x6B86, 0x6BA1, 0x6BAF, 0x6BBD, 0x6BC9, 0x6BDC, 0x6BED, 0x6BFE, 0x6C11, 0x6C22,
    0x6C30, 0x6C3F, 0x6C50, 0x6C5F, 0x6C74, 0x6C8D, 0x6CA9, 0x6CAC, 0x6CC3, 0x6CD5, 0x6CE7, 0x6CF9,
    0x6D0B, 0x6D22, 0x6D39, 0x6D3D, 0x6D5F, 0x6D7D, 0x6DAA, 0x6DC0, 0x6DC7, 0x6DD2, 0x6DEA, 0x6DFC,
    0x6E20, 0x6E36, 0x6E4E, 0x6E65, 0x6E73, 0x6E84, 0x6E95, 0x6EA6, 0x6EB5, 0x6EC9, 0x6ED2, 0x6EDF,
    0x6EF1, 0x6F00, 0x6F0F, 0x6F1B, 0x6F2A, 0x6F36, 0x6F41, 0x6F4E, 0x6F5F, 0x6F6F, 0x6F81, 0x6F90,
    0x6F9E, 0x6FAF, 0x6FC0, 0x6FD1, 0x6FE0, 0x6FF2, 0x7009, 0x701A, 0x702A, 0x703B, 0x7047, 0x705E,
    0x7075, 0x707E, 0x7089, 0x70B0, 0x70BA, 0x70C1, 0x70CB, 0x70D3, 0x7103, 0x7124, 0x714C, 0x7173,
    0x719D, 0x71C6, 0x71F0, 0x7219, 0x724A, 0x726B, 0x7295, 0x72BC, 0x72E8, 0x7311, 0x733D, 0x7366,
    0x7394, 0x73BE, 0x73EA, 0x7413, 0x7439, 0x745C, 0x7482, 0x74A5, 0x74C6, 0x74E4, 0x7505, 0x7523,
    0x754D, 0x7574, 0x7594, 0x75B0, 0x75DA, 0x7603, 0x7630, 0x7657, 0x7686, 0x76AF, 0x76DC, 0x7706,
    0x7737, 0x7761, 0x7792, 0x77BC, 0x77D8, 0x77F5, 0x7810, 0x7827, 0x7851, 0x787A, 0x78A4, 0x78CD,
    0x78F7, 0x7920, 0x7941, 0x7956, 0x7981, 0x79A0, 0x79C1, 0x79DB, 0x79FC, 0x7A19, 0x7A53, 0x7A85,
    0x7ABD, 0x7AEC, 0x7B26, 0x7B58, 0x7B88, 0x7BA6, 0x7BD8, 0x7BF8, 0x7C2A, 0x7C4A, 0x7C7C, 0x7C9C,
    0x7CD2, 0x7CF7, 0x7D2A, 0x7D4D, 0x7D83, 0x7DA8, 0x7DDE, 0x7E03, 0x7E2A, 0x7E54, 0x7E79, 0x7EA2,
    0x7ECA, 0x7EE0, 0x7F0A, 0x7F21, 0x7F52, 0x7F6E, 0x7F98, 0x7FB1, 0x7FD1, 0x7FE9, 0x800A, 0x8023,
    0x8044, 0x805D, 0x8083, 0x80A0, 0x80C7, 0x80E6, 0x8109, 0x8120, 0x8144, 0x815C, 0x8180, 0x819B,
    0x81BF, 0x81DA, 0x8208, 0x822A, 0x8256, 0x8276, 0x82A2, 0x82C2, 0x82F4, 0x8319, 0x834B, 0x836E,
    0x8398, 0x83B6, 0x83E0, 0x83FE, 0x843B, 0x8466, 0x84A3, 0x84CE, 0x8508, 0x8531, 0x856B, 0x8594,
    0x85D1, 0x85FC, 0x8624, 0x8640, 0x8668, 0x8684, 0x86A9, 0x86CF, 0x86F3, 0x870C, 0x8730, 0x8749,
    0x876D, 0x8786, 0x87AF, 0x87C6, 0x87F6, 0x8821, 0x8845, 0x885D, 0x8874, 0x8889, 0x88AE, 0x88CE,
    0x88FA, 0x8918, 0x8948, 0x8969, 0x8997, 0x89B9, 0x89E7, 0x8A09, 0x8A39, 0x8A5C, 0x8A8E, 0x8AB1,
    0x8AE7, 0x8B0D, 0x8B3D, 0x8B5E, 0x8B8E, 0x8BAF, 0x8BDF, 0x8C02, 0x8C34, 0x8C57, 0x8C8D, 0x8CB3,
    0x8CD4, 0x8CF2, 0x8D16, 0x8D37, 0x8D58, 0x8D76, 0x8D9F, 0x8DC1, 0x8DE7, 0x8E09, 0x8E30, 0x8E53,
    0x8E79, 0x8E9C, 0x8EC5, 0x8EEB, 0x8F05, 0x8F16, 0x8F2F, 0x8F44, 0x8F73, 0x8F93, 0x8FC6, 0x8FE9,
    0x901A, 0x903E, 0x906F, 0x9093, 0x90C6, 0x90E9, 0x911F, 0x9144, 0x917E, 0x91A7, 0x91DC, 0x9203,
    0x9238, 0x925F, 0x9298, 0x92C3, 0x92F8, 0x931F, 0x9356, 0x9381, 0x93AD, 0x93CD, 0x93FD, 0x941F,
    0x9456, 0x947F, 0x94B6, 0x94DF, 0x951B, 0x9546, 0x957D, 0x95A6, 0x95E0, 0x960D, 0x9634, 0x965B,
    0x9682, 0x96A1, 0x96CA, 0x96F3, 0x971A, 0x9741, 0x976A, 0x978A, 0x97B1, 0x97D3, 0x97F3, 0x9815,
    0x9815, 0x9815, 0x9815, 0x9815, 0x9815, 0x9815, 0x9815, 0x9815, 0x9815, 0x9815, 0x9815, 0x9815,
    0x9815, 0x9815, 0x9828, 0x983B, 0x9843, 0x984B, 0x985C, 0x9868, 0x9880, 0x9898, 0x98BF, 0x98C7,
    0x98D2, 0x98DD, 0x98E3, 0x98EE, 0x9906, 0x991E, 0x9927, 0x993F, 0x995A, 0x9975, 0x9983, 0x9995,
    0x999B, 0x99A2, 0x99AC, 0x99B4, 0x99B4, 0x99B4, 0x99C4, 0x99D4, 0x99E3, 0x99F2, 0x9A01, 0x9A01,
    0x9A3F, 0x9A90, 0x9AA1, 0x9ABD, 0x9AE4, 0x9AF8, 0x9B18, 0x9B43, 0x9B4C, 0x9B59, 0x9B66, 0x9B91,
    0x9BAD, 0x9BC3, 0x9BE6, 0x9BF2, 0x9C16, 0x9C29, 0x9C68, 0x9C70, 0x9C8C, 0x9CA1, 0x9CB6, 0x9CE3,
    0x9D08, 0x9D2D, 0x9D44, 0x9D6C, 0x9D85, 0x9D9E, 0x9DAF, 0x9DBD, 0x9DE9, 0x9E0C, 0x9E22, 0x9E3D,
    0x9E48, 0x9E5C, 0x9E7A, 0x9EAB, 0x9ED8, 0x9F05, 0x9F14, 0x9F3D, 0x9F6A, 0x9F7A, 0x9F89, 0x9F89,
    0x9F89, 0x9F89, 0x9F89, 0x9F89, 0x9F89, 0x9F89, 0x9F89, 0x9F89, 0x9F89, 0x9F98, 0x9FA7, 0x9FB6,
    0x9FC5, 0x9FD4, 0x9FE3, 0x9FFB, 0xA004, 0xA01C, 0xA034, 0xA04C, 0xA064, 0xA07C, 0xA094, 0xA0A9,
    0xA0BB, 0xA0CF, 0xA0DF, 0xA0EF, 0xA100, 0xA10D, 0xA119, 0xA126, 0xA133, 0xA140, 0xA14D, 0xA15A,
    0xA167, 0xA174, 0xA181, 0xA189, 0xA18E, 0xA194, 0xA19E, 0xA1A8, 0xA1B1, 0xA1B9, 0xA1C2, 0xA1CB,
    0xA1D3, 0xA1E0, 0xA1ED, 0xA1F3, 0xA201, 0xA20A, 0xA218, 0xA21F, 0xA227, 0xA243, 0xA262, 0xA27E,
    0xA29A, 0xA2B6, 0xA2EB, 0xA307, 0xA332, 0xA35F, 0xA384, 0xA3B1, 0xA3DB, 0xA3F7, 0xA413, 0xA42F,
    0xA46F, 0xA49B, 0xA4B7, 0xA4DD, 0xA4FD, 0xA519, 0xA53B, 0xA55B, 0xA586, 0xA5A2, 0xA5C0, 0xA5DC,
    0xA603, 0xA62C, 0xA648, 0xA66A, 0xA68E, 0xA6AE, 0xA6D7, 0xA6FE, 0xA722, 0xA753, 0xA76F, 0xA798,
    0xA7C5, 0xA7E3, 0xA801, 0xA82E, 0xA859, 0xA89A, 0xA8CA, 0xA8F8, 0xA918, 0xA93A, 0xA967, 0xA985,
    0xA9B2, 0xA9CD, 0xA9FF, 0xAA28, 0xAA59, 0xAA86, 0xAABD, 0xAAE3, 0xAB18, 0xAB4A, 0xAB7C, 0xABA5,
    0xABC5, 0xABF4, 0xAC1D, 0xAC48, 0xAC71, 0xACA0, 0xACC4, 0xACEA, 0xAD0C, 0xAD31, 0xAD58, 0xAD68,
    0xAD88, 0xADB2, 0xADE2, 0xAE06, 0xAE1F, 0xAE2D, 0xAE4F, 0xAE81, 0xAE9B, 0xAEDD, 0xAEEC, 0xAF08,
    0xAF1D, 0xAF2F, 0xAF44, 0xAF54, 0xAF82, 0xAFC9, 0xAFED, 0xB00C, 0xB02B, 0xB059, 0xB088, 0xB0AC,
    0xB0C6, 0xB0E0, 0xB0FE, 0xB129, 0xB151, 0xB168, 0xB17E, 0xB1A9, 0xB1CF, 0xB1F6, 0xB21A, 0xB245,
    0xB257, 0xB283, 0xB2B0, 0xB2DD, 0xB317, 0xB344, 0xB373, 0xB3A0, 0xB3D2, 0xB402, 0xB434, 0xB461,
    0xB491, 0xB4BE, 0xB4EB, 0xB518, 0xB545, 0xB567, 0xB579, 0xB5AB, 0xB5C5, 0xB5D7, 0xB5F5, 0xB613,
    0xB63F, 0xB659, 0xB675, 0xB6A7, 0xB6D3, 0xB6FD, 0xB726, 0xB74A, 0xB763, 0xB788, 0xB7C2, 0xB7E4,
    0xB809, 0xB820, 0xB851, 0xB872, 0xB888, 0xB8A2, 0xB8B3, 0xB8D3, 0xB8EF, 0xB907, 0xB91E, 0xB92F,
    0xB939, 0xB94F, 0xB972, 0xB998, 0xB9B1, 0xB9BE, 0xB9D2, 0xB9E0, 0xB9F8, 0xBA09, 0xBA38, 0xBA62,
    0xBA9C, 0xBAD1, 0xBAEF, 0xBB0E, 0xBB2A, 0xBB47, 0xBB67, 0xBB8B, 0xBB9C, 0xBBAD, 0xBBE7, 0xBC0A,
    0xBC42, 0xBC65, 0xBC9B, 0xBCBE, 0xBCEB, 0xBD0C, 0xBD3B, 0xBD5C, 0xBD99, 0xBDC9, 0xBDE7, 0xBDF9,
    0xBE19, 0xBE39, 0xBE59, 0xBE79, 0xBE99, 0xBEB9, 0xBED9, 0xBEF0, 0xBF0A, 0xBF1A, 0xBF41, 0xBF5A,
    0xBF89, 0xBFA7, 0xBFE3, 0xC007, 0xC025, 0xC047, 0xC06C, 0xC095, 0xC0C0, 0xC0F2, 0xC11F, 0xC141,
    0xC17E, 0xC1AB, 0xC1C7, 0xC1DB, 0xC203, 0xC221, 0xC241, 0xC25D, 0xC29D, 0xC2CB, 0xC2F2, 0xC316,
    0xC334, 0xC35E, 0xC37C, 0xC3A6, 0xC3D4, 0xC3F3, 0xC40F, 0xC42C, 0xC44A, 0xC474, 0xC492, 0xC4B4,
    0xC4C5, 0xC4FA, 0xC51B, 0xC553, 0xC57C, 0xC598, 0xC5BF, 0xC5EC, 0xC606, 0xC62B, 0xC64B, 0xC66C,
    0xC684, 0xC6A2, 0xC6C0, 0xC6DF, 0xC6F9, 0xC70A, 0xC73A, 0xC760, 0xC781, 0xC799, 0xC7B7, 0xC7C9,
    0xC7D2, 0xC7DE, 0xC7EE, 0xC7FD, 0xC80A, 0xC82F, 0xC84E, 0xC85A, 0xC88F, 0xC8AF, 0xC8CF, 0xC8E3,
    0xC8FE, 0xC92B, 0xC952, 0xC987, 0xC9AD, 0xC9C4, 0xC9E9, 0xCA00, 0xCA25, 0xCA3C, 0xCA61, 0xCA78,
    0xCA9A, 0xCABC, 0xCADC, 0xCAFC, 0xCB23, 0xCB3C, 0xCB5C, 0xCB70, 0xCB8C, 0xCB9E, 0xCBC9, 0xCBE7,
    0xCC18, 0xCC38, 0xCC4C, 0xCC6C, 0xCC8E, 0xCCAA, 0xCCC7, 0xCCF8, 0xCD24, 0xCD51, 0xCD84, 0xCDA5,
    0xCDCD, 0xCDE9, 0xCE07, 0xCE2A, 0xCE48, 0xCE60, 0xCE89, 0xCEAC, 0xCEEB, 0xCF13, 0xCF3C, 0xCF5F,
    0xCF85, 0xCFA7, 0xCFC7, 0xCFE3, 0xCFF5, 0xD00F, 0xD020, 0xD03E, 0xD058, 0xD073, 0xD094, 0xD0AE,
    0xD0CC, 0xD0F9, 0xD112, 0xD14C, 0xD163, 0xD184, 0xD195, 0xD1AB, 0xD1C9, 0xD1E0, 0xD203, 0xD21E,
    0xD239, 0xD250, 0xD276, 0xD28F, 0xD2B5, 0xD2C7, 0xD2DB, 0xD2F6, 0xD319, 0xD341, 0xD364, 0xD388,
    0xD3B4, 0xD3CD, 0xD3F1, 0xD3FF, 0xD418, 0xD42C, 0xD446, 0xD458, 0xD473, 0xD488, 0xD49F, 0xD4B8,
    0xD4DC, 0xD500, 0xD519, 0xD53D, 0xD566, 0xD58A, 0xD5A3, 0xD5C9, 0xD5F4, 0xD61D, 0xD63F, 0xD65D,
    0xD672, 0xD684, 0xD694, 0xD6A7, 0xD6C8, 0xD6E7, 0xD706, 0xD72A, 0xD741, 0xD758, 0xD7A0, 0xD7D0,
    0xD7E5, 0xD7FE, 0xD806, 0xD80E, 0xD837, 0xD859, 0xD87B, 0xD8B1, 0xD8E7, 0xD90E, 0xD93B, 0xD953,
    0xD96B, 0xD981, 0xD997, 0xD9AD, 0xD9C3, 0xD9EE, 0xD9F5, 0xD9FD, 0xDA04, 0xDA0A, 0xDA11, 0xDA18,
    0xDA26, 0xDA41,
};

static const uint8_t kAgendaWidths[] PROGMEM = {
    0x06, 0x07, 0x0B, 0x0E, 0x0D, 0x14, 0x11, 0x06, 0x08, 0x08, 0x0C, 0x0D, 0x07, 0x08, 0x07, 0x0A,
    0x0D, 0x0D, 0x0D, 0x0D, 0x0D, 0x0D, 0x0D, 0x0D, 0x0D, 0x0D, 0x07, 0x07, 0x0D, 0x0D, 0x0D, 0x0A,
    0x14, 0x10, 0x0F, 0x0E, 0x10, 0x0C, 0x0C, 0x10, 0x11, 0x09, 0x09, 0x0F, 0x0C, 0x15, 0x12, 0x11,
    0x0E, 0x11, 0x0F, 0x0C, 0x0D, 0x10, 0x0F, 0x16, 0x0F, 0x0E, 0x0D, 0x08, 0x0A, 0x08, 0x0D, 0x0C,
    0x08, 0x0D, 0x0E, 0x0B, 0x0E, 0x0D, 0x0A, 0x0E, 0x0E, 0x07, 0x09, 0x0E, 0x07, 0x16, 0x0E, 0x0E,
    0x0E, 0x0E, 0x0A, 0x0B, 0x09, 0x0E, 0x0D, 0x13, 0x0D, 0x0D, 0x0B, 0x09, 0x0C, 0x09, 0x0D, 0x06,
    0x07, 0x0D, 0x0D, 0x0D, 0x0D, 0x0C, 0x0B, 0x0D, 0x14, 0x09, 0x0E, 0x0D, 0x08, 0x14, 0x0D, 0x0A,
    0x0D, 0x09, 0x09, 0x08, 0x0E, 0x0E, 0x07, 0x06, 0x09, 0x09, 0x0E, 0x14, 0x14, 0x14, 0x0B, 0x10,
    0x10, 0x10, 0x10, 0x10, 0x10, 0x16, 0x0E, 0x0C, 0x0C, 0x0C, 0x0C, 0x09, 0x0A, 0x0A, 0x09, 0x10,
    0x12, 0x11, 0x11, 0x11, 0x11, 0x11, 0x0D, 0x11, 0x10, 0x10, 0x10, 0x10, 0x0E, 0x0E, 0x10, 0x0D,
    0x0D, 0x0D, 0x0D, 0x0D, 0x0D, 0x14, 0x0B, 0x0D, 0x0D, 0x0D, 0x0D, 0x08, 0x09, 0x0A, 0x09, 0x0E,
    0x0E, 0x0E, 0x0E, 0x0E, 0x0E, 0x0E, 0x0D, 0x0E, 0x0E, 0x0E, 0x0E, 0x0E, 0x0D, 0x0E, 0x0D, 0x10,
    0x0D, 0x10, 0x0D, 0x10, 0x0D, 0x0E, 0x0C, 0x0E, 0x0B, 0x0E, 0x0B, 0x0E, 0x0B, 0x10, 0x12, 0x10,
    0x0F, 0x0C, 0x0D, 0x0C, 0x0D, 0x0C, 0x0D, 0x0C, 0x0D, 0x0C, 0x0D, 0x10, 0x0E, 0x10, 0x0E, 0x10,
    0x0E, 0x10, 0x0E, 0x11, 0x10, 0x12, 0x0E, 0x0A, 0x0A, 0x09, 0x09, 0x09, 0x09, 0x09, 0x07, 0x09,
    0x07, 0x10, 0x0E, 0x0B, 0x0A, 0x0F, 0x0E, 0x0E, 0x0C, 0x09, 0x0C, 0x07, 0x0D, 0x0A, 0x0C, 0x0A,
    0x0D, 0x09, 0x12, 0x0E, 0x12, 0x0E, 0x12, 0x0E, 0x11, 0x12, 0x0E, 0x11, 0x0E, 0x11, 0x0E, 0x11,
    0x0E, 0x15, 0x15, 0x0F, 0x0B, 0x0F, 0x0A, 0x0F, 0x0B, 0x0C, 0x0B, 0x0C, 0x0B, 0x0C, 0x0B, 0x0C,
    0x0B, 0x0D, 0x09, 0x0D, 0x0D, 0x0D, 0x09, 0x10, 0x0E, 0x10, 0x0E, 0x10, 0x0E, 0x10, 0x0E, 0x10,
    0x0E, 0x10, 0x0E, 0x16, 0x13, 0x0E, 0x0D, 0x0E, 0x0D, 0x0B, 0x0D, 0x0B, 0x0D, 0x0B, 0x09, 0x0E,
    0x12, 0x0E, 0x0E, 0x0F, 0x0E, 0x0E, 0x10, 0x0D, 0x10, 0x13, 0x0E, 0x0E, 0x0E, 0x0C, 0x12, 0x0E,
    0x10, 0x0E, 0x11, 0x0F, 0x16, 0x09, 0x09, 0x0F, 0x0E, 0x08, 0x0E, 0x17, 0x13, 0x0E, 0x11, 0x13,
    0x11, 0x19, 0x15, 0x11, 0x0E, 0x0F, 0x0C, 0x0B, 0x0D, 0x0C, 0x09, 0x0E, 0x09, 0x0D, 0x14, 0x12,
    0x11, 0x10, 0x0E, 0x0E, 0x0D, 0x0B, 0x0D, 0x0D, 0x0D, 0x0D, 0x0D, 0x0D, 0x0C, 0x0B, 0x0E, 0x07,
    0x0D, 0x0C, 0x07, 0x1D, 0x1B, 0x19, 0x14, 0x13, 0x0E, 0x19, 0x19, 0x15, 0x10, 0x0D, 0x0A, 0x0A,
    0x11, 0x0E, 0x10, 0x0E, 0x10, 0x0E, 0x10, 0x0E, 0x10, 0x0E, 0x10, 0x0E, 0x0D, 0x10, 0x0D, 0x10,
    0x0D, 0x16, 0x14, 0x10, 0x0E, 0x10, 0x0E, 0x0F, 0x10, 0x11, 0x0E, 0x11, 0x0E, 0x0D, 0x0D, 0x0B,
    0x1D, 0x1B, 0x19, 0x10, 0x0E, 0x17, 0x0F, 0x12, 0x0E, 0x10, 0x0D, 0x16, 0x14, 0x11, 0x0E, 0x10,
    0x0D, 0x10, 0x0D, 0x0C, 0x0D, 0x0C, 0x0D, 0x0B, 0x0A, 0x09, 0x09, 0x11, 0x0E, 0x11, 0x0E, 0x0F,
    0x0B, 0x0F, 0x0A, 0x10, 0x0E, 0x10, 0x0E, 0x0C, 0x0B, 0x0D, 0x09, 0x0E, 0x0B, 0x11, 0x10, 0x11,
    0x14, 0x11, 0x0E, 0x0D, 0x0B, 0x10, 0x0D, 0x0C, 0x0D, 0x11, 0x0E, 0x11, 0x0E, 0x11, 0x0E, 0x11,
    0x0E, 0x0E, 0x0D, 0x0A, 0x12, 0x0B, 0x09, 0x15, 0x15, 0x10, 0x0E, 0x0C, 0x0C, 0x0D, 0x0B, 0x0B,
    0x0B, 0x0B, 0x0F, 0x11, 0x0F, 0x0C, 0x0D, 0x0A, 0x09, 0x12, 0x0F, 0x0F, 0x0A, 0x0E, 0x0D, 0x0D,
    0x0E, 0x0E, 0x0E, 0x0B, 0x0C, 0x0F, 0x0F, 0x0D, 0x0D, 0x13, 0x0C, 0x0C, 0x11, 0x0E, 0x09, 0x0F,
    0x0E, 0x0D, 0x0D, 0x0D, 0x0E, 0x0E, 0x0E, 0x07, 0x09, 0x08, 0x0B, 0x0B, 0x08, 0x11, 0x16, 0x16,
    0x16, 0x0F, 0x10, 0x0F, 0x0E, 0x13, 0x13, 0x12, 0x0A, 0x0A, 0x0B, 0x0A, 0x0A, 0x09, 0x09, 0x0D,
    0x0D, 0x0B, 0x09, 0x09, 0x09, 0x0B, 0x09, 0x09, 0x0F, 0x0E, 0x0F, 0x0D, 0x13, 0x0D, 0x0C, 0x0C,
    0x0D, 0x0D, 0x0D, 0x0B, 0x0B, 0x0B, 0x0B, 0x11, 0x0D, 0x0E, 0x0F, 0x0E, 0x0A, 0x0F, 0x0A, 0x0F,
    0x0B, 0x0B, 0x16, 0x18, 0x19, 0x12, 0x10, 0x14, 0x15, 0x10, 0x0F, 0x0D, 0x0E, 0x10, 0x11, 0x09,
    0x09, 0x05, 0x07, 0x06, 0x07, 0x09, 0x0D, 0x09, 0x05, 0x0B, 0x05, 0x05, 0x05, 0x04, 0x04, 0x07,
    0x07, 0x06, 0x06, 0x07, 0x07, 0x0B, 0x0B, 0x04, 0x09, 0x08, 0x08, 0x04, 0x09, 0x08, 0x08, 0x07,
    0x07, 0x05, 0x05, 0x06, 0x06, 0x06, 0x06, 0x0A, 0x06, 0x08, 0x07, 0x0B, 0x0C, 0x0A, 0x07, 0x09,
    0x04, 0x07, 0x09, 0x07, 0x0A, 0x0A, 0x0A, 0x0A, 0x0A, 0x0A, 0x0A, 0x0B, 0x0C, 0x0B, 0x09, 0x09,
    0x07, 0x07, 0x09, 0x08, 0x0C, 0x0C, 0x0B, 0x07, 0x07, 0x07, 0x07, 0x07, 0x0B, 0x0B, 0x0C, 0x0C,
    0x08, 0x0A, 0x0C, 0x08, 0x0A, 0x0A, 0x04, 0x08, 0x0A, 0x06, 0x0B, 0x0A, 0x04, 0x06, 0x0E, 0x0A,
    0x0A, 0x06, 0x06, 0x06, 0x06, 0x07, 0x07, 0x04, 0x04, 0x06, 0x07, 0x04, 0x06, 0x06, 0x06, 0x06,
    0x05, 0x05, 0x0A, 0x08, 0x06, 0x04, 0x06, 0x06, 0x04, 0x08, 0x0A, 0x0A, 0x0A, 0x0A, 0x0A, 0x0A,
    0x08, 0x0C, 0x0C, 0x0A, 0x0A, 0x12, 0x0A, 0x0A, 0x04, 0x08, 0x0A, 0x0A, 0x06, 0x04, 0x0C, 0x08,
    0x07, 0x0A, 0x05, 0x0C, 0x06, 0x0A, 0x0C, 0x06, 0x06, 0x0A, 0x0A, 0x08, 0x08, 0x05, 0x12, 0x04,
    0x04, 0x0A, 0x06, 0x04, 0x04, 0x0A, 0x04, 0x06, 0x06, 0x0A, 0x06, 0x12, 0x12, 0x0E, 0x0E, 0x12,
    0x12, 0x13, 0x06, 0x06, 0x03, 0x06, 0x06, 0x05, 0x06, 0x06, 0x09, 0x05, 0x05, 0x07, 0x06, 0x12,
    0x10, 0x0C, 0x06, 0x08, 0x0C, 0x1A, 0x04, 0x0A, 0x0F, 0x0D, 0x0C, 0x12, 0x0C, 0x16, 0x0A, 0x0A,
    0x0D, 0x11, 0x14, 0x0E, 0x0C, 0x0E, 0x0E, 0x0A, 0x0C, 0x07, 0x08, 0x0D, 0x0A, 0x12, 0x0F, 0x0E,
    0x0B, 0x0F, 0x0F, 0x10, 0x15, 0x0D, 0x0E, 0x0E, 0x0C, 0x0C, 0x0C, 0x0B, 0x0E, 0x0F, 0x14, 0x0F,
    0x0D, 0x13, 0x0B, 0x0B, 0x0B, 0x0C, 0x0A, 0x0C, 0x0E, 0x0C, 0x11, 0x0E, 0x0A, 0x0E, 0x0A, 0x0A,
    0x0B, 0x08, 0x08, 0x0A, 0x0B, 0x06, 0x07, 0x0A, 0x08, 0x0E, 0x0C, 0x0C, 0x0B, 0x0B, 0x09, 0x0A,
    0x08, 0x0B, 0x0E, 0x09, 0x09, 0x0A, 0x0D, 0x09, 0x09, 0x08, 0x08, 0x08, 0x08, 0x09, 0x04, 0x09,
    0x0E, 0x09, 0x09, 0x07, 0x09, 0x09, 0x09, 0x06, 0x09, 0x0A, 0x0E, 0x09, 0x08, 0x09, 0x08, 0x09,
    0x0C, 0x0A, 0x04, 0x07, 0x09, 0x09, 0x09, 0x08, 0x09, 0x0C, 0x0A, 0x15, 0x10, 0x10, 0x0B, 0x19,
    0x11, 0x10, 0x0C, 0x0A, 0x0D, 0x0B, 0x0C, 0x0E, 0x09, 0x0C, 0x18, 0x08, 0x09, 0x0E, 0x0F, 0x0F,
    0x0E, 0x0E, 0x0A, 0x12, 0x0E, 0x07, 0x16, 0x0E, 0x0E, 0x0A, 0x0B, 0x0C, 0x0D, 0x0D, 0x0B, 0x10,
    0x11, 0x0F, 0x0E, 0x0E, 0x0C, 0x12, 0x09, 0x0B, 0x09, 0x11, 0x0C, 0x09, 0x07, 0x08, 0x09, 0x08,
    0x07, 0x06, 0x09, 0x09, 0x05, 0x06, 0x05, 0x05, 0x07, 0x05, 0x05, 0x07, 0x0E, 0x0E, 0x0A, 0x0A,
    0x0A, 0x09, 0x0C, 0x07, 0x06, 0x06, 0x0A, 0x09, 0x09, 0x0A, 0x09, 0x07, 0x08, 0x09, 0x08, 0x09,
    0x0A, 0x0B, 0x04, 0x0A, 0x08, 0x08, 0x08, 0x08, 0x0A, 0x0A, 0x05, 0x0E, 0x0E, 0x14, 0x09, 0x09,
    0x0C, 0x0A, 0x07, 0x10, 0x09, 0x0A, 0x09, 0x05, 0x06, 0x06, 0x06, 0x06, 0x07, 0x03, 0x05, 0x07,
    0x06, 0x06, 0x05, 0x06, 0x05, 0x04, 0x05, 0x07, 0x06, 0x06, 0x06, 0x05, 0x06, 0x07, 0x06, 0x05,
    0x07, 0x09, 0x06, 0x06, 0x06, 0x06, 0x0A, 0x0A, 0x04, 0x0E, 0x12, 0x10, 0x08, 0x04, 0x0A, 0x10,
    0x0D, 0x0F, 0x0E, 0x0F, 0x0E, 0x0F, 0x0E, 0x0E, 0x0B, 0x10, 0x0E, 0x10, 0x0E, 0x10, 0x0E, 0x10,
    0x0E, 0x10, 0x0E, 0x0C, 0x0D, 0x0C, 0x0D, 0x0C, 0x0D, 0x0C, 0x0D, 0x0C, 0x0D, 0x0C, 0x0A, 0x10,
    0x0E, 0x11, 0x0E, 0x11, 0x0E, 0x11, 0x0F, 0x11, 0x0E, 0x11, 0x0E, 0x0A, 0x0A, 0x09, 0x09, 0x0F,
    0x0E, 0x0F, 0x0E, 0x0F, 0x0E, 0x0C, 0x07, 0x0D, 0x09, 0x0C, 0x09, 0x0C, 0x0A, 0x15, 0x16, 0x15,
    0x16, 0x15, 0x16, 0x12, 0x0E, 0x12, 0x0E, 0x12, 0x0E, 0x12, 0x0E, 0x11, 0x0E, 0x11, 0x0E, 0x11,
    0x0E, 0x11, 0x0E, 0x0E, 0x0E, 0x0E, 0x0E, 0x0F, 0x0A, 0x0F, 0x0A, 0x0F, 0x0A, 0x0F, 0x0B, 0x0C,
    0x0B, 0x0C, 0x0B, 0x0C, 0x0B, 0x0C, 0x0B, 0x0C, 0x0B, 0x0D, 0x09, 0x0D, 0x09, 0x0D, 0x0A, 0x0D,
    0x0A, 0x10, 0x0E, 0x10, 0x0E, 0x10, 0x0E, 0x10, 0x0E, 0x10, 0x0E, 0x0F, 0x0D, 0x0F, 0x0D, 0x16,
    0x13, 0x16, 0x13, 0x16, 0x13, 0x16, 0x13, 0x16, 0x13, 0x0F, 0x0D, 0x0F, 0x0D, 0x0E, 0x0D, 0x0D,
    0x0B, 0x0D, 0x0B, 0x0D, 0x0B, 0x0E, 0x09, 0x13, 0x0D, 0x0F, 0x09, 0x0A, 0x09, 0x11, 0x0E, 0x10,
    0x0D, 0x10, 0x0D, 0x10, 0x0E, 0x10, 0x0E, 0x10, 0x0E, 0x10, 0x0D, 0x10, 0x0D, 0x10, 0x0D, 0x10,
    0x0D, 0x10, 0x0D, 0x10, 0x0D, 0x10, 0x0D, 0x0C, 0x0D, 0x0C, 0x0D, 0x0C, 0x0D, 0x0E, 0x0E, 0x0D,
    0x0E, 0x0D, 0x0E, 0x0C, 0x0D, 0x0C, 0x0D, 0x09, 0x07, 0x09, 0x07, 0x11, 0x0E, 0x11, 0x0E, 0x11,
    0x0F, 0x11, 0x0F, 0x11, 0x0E, 0x11, 0x0E, 0x11, 0x0E, 0x13, 0x11, 0x13, 0x11, 0x13, 0x11, 0x13,
    0x11, 0x13, 0x11, 0x10, 0x0E, 0x10, 0x0E, 0x14, 0x12, 0x14, 0x12, 0x14, 0x12, 0x14, 0x12, 0x14,
    0x12, 0x0E, 0x0D, 0x0E, 0x0D, 0x0E, 0x0D, 0x0E, 0x0D, 0x13, 0x0E, 0x11, 0x0E, 0x0F, 0x0E, 0x0C,
    0x18, 0x0C, 0x18, 0x08, 0x06, 0x04, 0x0D, 0x07, 0x04, 0x02, 0x00, 0x00, 0x00, 0x07, 0x07, 0x08,
    0x08, 0x0D, 0x0C, 0x18, 0x18, 0x0D, 0x0C, 0x05, 0x05, 0x07, 0x05, 0x0B, 0x0B, 0x0C, 0x0B, 0x0C,
    0x0C, 0x09, 0x0A, 0x0C, 0x0D, 0x14, 0x07, 0x0B, 0x0B, 0x07, 0x07, 0x06, 0x06, 0x06, 0x04, 0x1D,
    0x26, 0x08, 0x0D, 0x12, 0x09, 0x0F, 0x14, 0x09, 0x08, 0x08, 0x14, 0x0D, 0x0A, 0x0D, 0x0F, 0x0F,
    0x0A, 0x19, 0x08, 0x0D, 0x08, 0x08, 0x15, 0x11, 0x11, 0x0E, 0x0F, 0x0F, 0x0F, 0x0C, 0x07, 0x0E,
    0x0C, 0x0A, 0x18, 0x0E, 0x0D, 0x0E, 0x17, 0x15, 0x15, 0x07, 0x11, 0x14, 0x07, 0x07, 0x05, 0x09,
    0x0B, 0x0D, 0x0B, 0x0D, 0x00, 0x00, 0x00, 0x00, 0x06, 0x06, 0x06, 0x06, 0x06, 0x06, 0x09, 0x04,
    0x09, 0x09, 0x09, 0x09, 0x09, 0x09, 0x09, 0x09, 0x09, 0x06, 0x06, 0x09, 0x09, 0x09, 0x09, 0x09,
    0x09, 0x09, 0x09, 0x09, 0x09, 0x09, 0x09, 0x09, 0x09, 0x06, 0x06, 0x09, 0x08, 0x09, 0x09, 0x08,
    0x09, 0x09, 0x04, 0x0E, 0x09, 0x09, 0x07, 0x06, 0x0D, 0x0D, 0x0D, 0x0D, 0x0D, 0x16, 0x0D, 0x14,
    0x15, 0x11, 0x15, 0x0F, 0x0D, 0x0D, 0x0D, 0x16, 0x0F, 0x0D, 0x10, 0x0F, 0x0D, 0x0E, 0x10, 0x12,
    0x0D, 0x0D, 0x0D, 0x12, 0x13, 0x0D, 0x0E, 0x0D, 0x0C, 0x12, 0x12, 0x0F, 0x17, 0x0D, 0x12, 0x14,
    0x0E, 0x0E, 0x15, 0x12, 0x1B, 0x12, 0x13, 0x0E, 0x0E, 0x14, 0x0D, 0x14, 0x0C, 0x15, 0x13, 0x17,
    0x14, 0x14, 0x10, 0x13, 0x16, 0x15, 0x11, 0x0F, 0x0F, 0x12, 0x13, 0x12, 0x0F, 0x0F, 0x0D, 0x10,
    0x11, 0x0E, 0x09, 0x0F, 0x10, 0x15, 0x10, 0x0F, 0x0B, 0x0F, 0x16, 0x0C, 0x1D, 0x0C, 0x0E, 0x0C,
    0x09, 0x0B, 0x07, 0x17, 0x21, 0x13, 0x0D, 0x0D, 0x13, 0x0F, 0x10, 0x0C, 0x0C, 0x0E, 0x12, 0x10,
    0x0C, 0x09, 0x0D, 0x10, 0x11, 0x10, 0x13, 0x0B, 0x1B, 0x15, 0x15, 0x1B, 0x15, 0x16, 0x15, 0x16,
    0x15, 0x16, 0x15, 0x15, 0x15, 0x15, 0x15, 0x15, 0x10, 0x0B, 0x16, 0x0C, 0x08, 0x0E, 0x0E, 0x0F,
    0x0D, 0x0A, 0x12, 0x0F, 0x0F, 0x0E, 0x0D, 0x0B, 0x11, 0x15, 0x10, 0x11, 0x0E, 0x17, 0x14, 0x0D,
    0x0C, 0x0A, 0x12, 0x11, 0x0A, 0x0E, 0x0A, 0x05, 0x0A, 0x0C, 0x0D, 0x0B, 0x0B, 0x09, 0x08, 0x0B,
    0x0A, 0x11, 0x0E, 0x14, 0x14, 0x0E, 0x0D, 0x0D, 0x0C, 0x0F, 0x0F, 0x0A, 0x0A, 0x1B, 0x15, 0x1A,
    0x15, 0x19, 0x15, 0x15, 0x14, 0x16, 0x14, 0x15, 0x14, 0x0E, 0x0B, 0x0F, 0x0E, 0x0F, 0x0E, 0x0F,
    0x0E, 0x0F, 0x0A, 0x0C, 0x07, 0x12, 0x0F, 0x16, 0x12, 0x1C, 0x16, 0x0E, 0x0E, 0x11, 0x11, 0x14,
    0x15, 0x11, 0x0E, 0x16, 0x12, 0x0D, 0x0C, 0x10, 0x0F, 0x0F, 0x0D, 0x16, 0x13, 0x0D, 0x0D, 0x0E,
    0x0E, 0x0E, 0x0E, 0x10, 0x0D, 0x0D, 0x0C, 0x0E, 0x0E, 0x0E, 0x0E, 0x09, 0x13, 0x0C, 0x1A, 0x13,
    0x0D, 0x12, 0x14, 0x0C, 0x11, 0x0E, 0x0C, 0x0A, 0x0E, 0x0E, 0x0D, 0x0C, 0x07, 0x12, 0x10, 0x0C,
    0x0A, 0x0E, 0x0B, 0x0B, 0x07, 0x0B, 0x07, 0x06, 0x11, 0x0B, 0x08, 0x13, 0x0F, 0x0F, 0x0C, 0x0B,
    0x0F, 0x12, 0x13, 0x0D, 0x0A, 0x11, 0x0E, 0x11, 0x0E, 0x11, 0x0E, 0x10, 0x0E, 0x0F, 0x0E, 0x12,
    0x0F, 0x0F, 0x0B, 0x0D, 0x0B, 0x14, 0x0E, 0x11, 0x0F, 0x09, 0x0F, 0x10, 0x0D, 0x0A, 0x11, 0x0F,
    0x0F, 0x18, 0x14, 0x10, 0x0E, 0x0E, 0x0D, 0x0E, 0x09, 0x13, 0x0D, 0x19, 0x15, 0x0E, 0x0C, 0x0D,
    0x10, 0x0E, 0x0D, 0x0B, 0x0C, 0x0A, 0x14, 0x0C, 0x0E, 0x14, 0x0C, 0x0E, 0x15, 0x09, 0x1B, 0x0E,
    0x14, 0x0A, 0x0D, 0x12, 0x0A, 0x0E, 0x0C, 0x0C, 0x0A, 0x17, 0x0F, 0x0F, 0x0B, 0x0B, 0x0E, 0x15,
    0x15, 0x15, 0x16, 0x17, 0x0F, 0x0F, 0x08, 0x0F, 0x0C, 0x10, 0x0A, 0x0F, 0x09, 0x0E, 0x0F, 0x16,
    0x16, 0x0F, 0x0F, 0x11, 0x0F, 0x0F, 0x10, 0x12, 0x11, 0x0E, 0x0D, 0x09, 0x08, 0x07, 0x0A, 0x14,
    0x13, 0x13, 0x16, 0x0E, 0x0E, 0x18, 0x12, 0x0C, 0x0D, 0x07, 0x07, 0x12, 0x0F, 0x0F, 0x18, 0x18,
    0x11, 0x14, 0x0A, 0x0A, 0x09, 0x09, 0x09, 0x09, 0x12, 0x09, 0x0A, 0x09, 0x09, 0x09, 0x09, 0x12,
    0x0B, 0x0B,
};

static const uint8_t kAgendaHeights[] PROGMEM = {
    0x00, 0x11, 0x11, 0x11, 0x13, 0x11, 0x11, 0x11, 0x15, 0x15, 0x12, 0x0E, 0x06, 0x08, 0x04, 0x11,
    0x11, 0x11, 0x11, 0x11, 0x11, 0x11, 0x11, 0x11, 0x11, 0x11, 0x0D, 0x10, 0x0F, 0x0C, 0x0F, 0x11,
    0x13, 0x11, 0x11, 0x11, 0x11, 0x11, 0x11, 0x11, 0x11, 0x11, 0x16, 0x11, 0x11, 0x11, 0x11, 0x11,
    0x11, 0x15, 0x11, 0x11, 0x11, 0x11, 0x11, 0x11, 0x11, 0x11, 0x11, 0x15, 0x11, 0x15, 0x11, 0x04,
    0x12, 0x0D, 0x12, 0x0D, 0x12, 0x0D, 0x12, 0x13, 0x12, 0x12, 0x18, 0x12, 0x12, 0x0D, 0x0D, 0x0D,
    0x13, 0x13, 0x0D, 0x0D, 0x10, 0x0D, 0x0D, 0x0D, 0x0D, 0x13, 0x0D, 0x15, 0x18, 0x15, 0x0B, 0x00,
    0x11, 0x11, 0x11, 0x0E, 0x11, 0x18, 0x12, 0x11, 0x11, 0x11, 0x0D, 0x0A, 0x08, 0x11, 0x15, 0x11,
    0x0F, 0x15, 0x15, 0x12, 0x13, 0x15, 0x0B, 0x06, 0x14, 0x11, 0x0D, 0x11, 0x11, 0x11, 0x11, 0x16,
    0x16, 0x16, 0x16, 0x15, 0x15, 0x11, 0x17, 0x16, 0x16, 0x16, 0x15, 0x16, 0x16, 0x16, 0x15, 0x11,
    0x16, 0x16, 0x16, 0x16, 0x16, 0x15, 0x0E, 0x13, 0x16, 0x16, 0x16, 0x15, 0x16, 0x11, 0x12, 0x12,
    0x12, 0x12, 0x12, 0x11, 0x14, 0x0D, 0x13, 0x12, 0x12, 0x12, 0x11, 0x12, 0x12, 0x12, 0x11, 0x13,
    0x12, 0x12, 0x12, 0x12, 0x12, 0x11, 0x0E, 0x0F, 0x12, 0x12, 0x12, 0x11, 0x18, 0x18, 0x17, 0x15,
    0x11, 0x16, 0x12, 0x17, 0x13, 0x16, 0x12, 0x16, 0x12, 0x15, 0x11, 0x16, 0x12, 0x16, 0x12, 0x11,
    0x12, 0x15, 0x11, 0x16, 0x12, 0x15, 0x11, 0x17, 0x13, 0x16, 0x12, 0x16, 0x18, 0x16, 0x18, 0x15,
    0x17, 0x16, 0x18, 0x16, 0x17, 0x11, 0x12, 0x16, 0x12, 0x15, 0x11, 0x16, 0x12, 0x17, 0x18, 0x15,
    0x0D, 0x16, 0x18, 0x1B, 0x18, 0x16, 0x17, 0x0D, 0x16, 0x17, 0x16, 0x17, 0x11, 0x12, 0x11, 0x12,
    0x11, 0x12, 0x16, 0x12, 0x16, 0x12, 0x16, 0x12, 0x11, 0x16, 0x13, 0x15, 0x11, 0x16, 0x12, 0x16,
    0x12, 0x11, 0x0D, 0x16, 0x12, 0x16, 0x12, 0x16, 0x12, 0x16, 0x12, 0x16, 0x12, 0x17, 0x13, 0x16,
    0x12, 0x17, 0x16, 0x16, 0x12, 0x11, 0x10, 0x16, 0x12, 0x15, 0x11, 0x16, 0x12, 0x18, 0x14, 0x16,
    0x12, 0x17, 0x13, 0x16, 0x12, 0x16, 0x18, 0x15, 0x16, 0x12, 0x15, 0x11, 0x16, 0x12, 0x12, 0x12,
    0x11, 0x11, 0x12, 0x11, 0x12, 0x11, 0x15, 0x12, 0x11, 0x11, 0x11, 0x12, 0x12, 0x11, 0x11, 0x11,
    0x17, 0x18, 0x15, 0x17, 0x12, 0x11, 0x11, 0x11, 0x12, 0x12, 0x12, 0x11, 0x17, 0x13, 0x11, 0x12,
    0x0F, 0x11, 0x13, 0x11, 0x18, 0x14, 0x11, 0x0D, 0x11, 0x18, 0x15, 0x11, 0x12, 0x17, 0x12, 0x0F,
    0x11, 0x11, 0x11, 0x13, 0x11, 0x0D, 0x11, 0x11, 0x13, 0x13, 0x12, 0x11, 0x0D, 0x10, 0x13, 0x12,
    0x12, 0x12, 0x11, 0x16, 0x12, 0x12, 0x16, 0x18, 0x18, 0x16, 0x18, 0x18, 0x16, 0x12, 0x16, 0x12,
    0x16, 0x12, 0x16, 0x12, 0x19, 0x14, 0x19, 0x14, 0x19, 0x15, 0x19, 0x14, 0x0D, 0x18, 0x14, 0x18,
    0x14, 0x15, 0x11, 0x11, 0x13, 0x16, 0x18, 0x16, 0x17, 0x17, 0x13, 0x1B, 0x17, 0x16, 0x18, 0x18,
    0x11, 0x11, 0x12, 0x16, 0x18, 0x11, 0x17, 0x16, 0x12, 0x17, 0x17, 0x16, 0x12, 0x17, 0x13, 0x16,
    0x12, 0x17, 0x13, 0x16, 0x12, 0x17, 0x13, 0x16, 0x12, 0x17, 0x13, 0x16, 0x12, 0x17, 0x13, 0x16,
    0x12, 0x17, 0x13, 0x16, 0x12, 0x17, 0x13, 0x16, 0x12, 0x16, 0x15, 0x16, 0x13, 0x16, 0x17, 0x17,
    0x14, 0x11, 0x12, 0x17, 0x13, 0x15, 0x11, 0x17, 0x13, 0x19, 0x15, 0x18, 0x14, 0x15, 0x11, 0x18,
    0x15, 0x15, 0x17, 0x13, 0x0E, 0x11, 0x13, 0x12, 0x13, 0x14, 0x14, 0x17, 0x11, 0x14, 0x13, 0x13,
    0x11, 0x0D, 0x11, 0x11, 0x11, 0x14, 0x10, 0x16, 0x18, 0x17, 0x13, 0x11, 0x0E, 0x11, 0x13, 0x0D,
    0x0D, 0x0D, 0x12, 0x0D, 0x0E, 0x18, 0x12, 0x0D, 0x0D, 0x0D, 0x0D, 0x0D, 0x0D, 0x0D, 0x13, 0x18,
    0x13, 0x0D, 0x13, 0x0D, 0x12, 0x12, 0x18, 0x12, 0x0D, 0x0D, 0x12, 0x12, 0x18, 0x18, 0x0D, 0x13,
    0x13, 0x13, 0x13, 0x0D, 0x0D, 0x0D, 0x0D, 0x18, 0x0D, 0x12, 0x13, 0x13, 0x13, 0x0D, 0x13, 0x0D,
    0x0D, 0x13, 0x18, 0x18, 0x13, 0x18, 0x10, 0x15, 0x0D, 0x0D, 0x0D, 0x0D, 0x0D, 0x12, 0x0D, 0x13,
    0x0F, 0x13, 0x13, 0x12, 0x12, 0x12, 0x13, 0x11, 0x0D, 0x0D, 0x12, 0x0D, 0x18, 0x12, 0x0D, 0x18,
    0x12, 0x12, 0x12, 0x18, 0x14, 0x10, 0x18, 0x10, 0x18, 0x12, 0x12, 0x11, 0x11, 0x13, 0x13, 0x12,
    0x12, 0x12, 0x0F, 0x0F, 0x0F, 0x0F, 0x0F, 0x0F, 0x11, 0x11, 0x11, 0x11, 0x11, 0x13, 0x13, 0x12,
    0x12, 0x13, 0x13, 0x13, 0x13, 0x12, 0x12, 0x12, 0x11, 0x12, 0x12, 0x06, 0x05, 0x05, 0x05, 0x0D,
    0x0D, 0x0A, 0x0A, 0x0A, 0x0A, 0x09, 0x08, 0x12, 0x11, 0x14, 0x06, 0x12, 0x12, 0x0A, 0x13, 0x0F,
    0x12, 0x0F, 0x0F, 0x12, 0x11, 0x10, 0x10, 0x10, 0x10, 0x0D, 0x0C, 0x05, 0x14, 0x11, 0x06, 0x06,
    0x07, 0x07, 0x07, 0x0A, 0x0B, 0x0A, 0x06, 0x12, 0x10, 0x10, 0x07, 0x07, 0x05, 0x05, 0x08, 0x12,
    0x12, 0x12, 0x12, 0x11, 0x14, 0x12, 0x11, 0x11, 0x14, 0x14, 0x12, 0x12, 0x12, 0x12, 0x12, 0x14,
    0x13, 0x11, 0x11, 0x11, 0x11, 0x05, 0x05, 0x05, 0x05, 0x16, 0x12, 0x06, 0x06, 0x05, 0x05, 0x04,
    0x07, 0x07, 0x05, 0x06, 0x06, 0x05, 0x06, 0x06, 0x05, 0x05, 0x04, 0x05, 0x05, 0x06, 0x06, 0x05,
    0x05, 0x04, 0x05, 0x08, 0x08, 0x08, 0x0A, 0x13, 0x06, 0x06, 0x06, 0x04, 0x13, 0x15, 0x18, 0x12,
    0x12, 0x12, 0x12, 0x12, 0x06, 0x12, 0x05, 0x05, 0x07, 0x12, 0x16, 0x14, 0x05, 0x06, 0x11, 0x13,
    0x13, 0x14, 0x06, 0x06, 0x06, 0x06, 0x13, 0x11, 0x06, 0x06, 0x13, 0x06, 0x13, 0x10, 0x04, 0x12,
    0x15, 0x06, 0x14, 0x14, 0x16, 0x13, 0x14, 0x13, 0x15, 0x16, 0x14, 0x14, 0x16, 0x14, 0x14, 0x12,
    0x14, 0x14, 0x14, 0x16, 0x07, 0x06, 0x06, 0x06, 0x07, 0x07, 0x13, 0x13, 0x06, 0x08, 0x07, 0x07,
    0x0D, 0x0D, 0x0D, 0x0D, 0x0D, 0x0D, 0x0D, 0x0D, 0x0D, 0x12, 0x0D, 0x0D, 0x0D, 0x0D, 0x0D, 0x0D,
    0x0D, 0x0C, 0x0B, 0x0C, 0x0D, 0x0D, 0x0D, 0x07, 0x0D, 0x0D, 0x0D, 0x0D, 0x0D, 0x0C, 0x0C, 0x12,
    0x0D, 0x0D, 0x0D, 0x0D, 0x12, 0x0D, 0x0D, 0x0D, 0x0D, 0x0D, 0x0D, 0x0D, 0x11, 0x11, 0x11, 0x11,
    0x11, 0x11, 0x11, 0x11, 0x11, 0x11, 0x11, 0x11, 0x11, 0x11, 0x11, 0x11, 0x11, 0x11, 0x11, 0x11,
    0x11, 0x11, 0x11, 0x0F, 0x0F, 0x0F, 0x0F, 0x12, 0x12, 0x0F, 0x0F, 0x0F, 0x0F, 0x0F, 0x0F, 0x12,
    0x0F, 0x0F, 0x0F, 0x0F, 0x0F, 0x0B, 0x0F, 0x11, 0x0F, 0x0F, 0x0F, 0x0F, 0x0F, 0x12, 0x0F, 0x12,
    0x12, 0x0F, 0x0B, 0x08, 0x08, 0x08, 0x0F, 0x0C, 0x0C, 0x0F, 0x0C, 0x0D, 0x12, 0x12, 0x12, 0x0D,
    0x0D, 0x13, 0x0E, 0x0D, 0x0D, 0x10, 0x0D, 0x13, 0x0F, 0x13, 0x14, 0x0D, 0x0D, 0x13, 0x0D, 0x0D,
    0x18, 0x18, 0x18, 0x13, 0x18, 0x18, 0x13, 0x13, 0x13, 0x13, 0x13, 0x18, 0x13, 0x13, 0x13, 0x13,
    0x13, 0x18, 0x13, 0x13, 0x13, 0x13, 0x18, 0x13, 0x18, 0x13, 0x13, 0x0F, 0x0F, 0x0F, 0x13, 0x0F,
    0x12, 0x0F, 0x0F, 0x0F, 0x12, 0x0F, 0x0F, 0x0F, 0x12, 0x12, 0x12, 0x0F, 0x0F, 0x0F, 0x0F, 0x0F,
    0x0F, 0x0F, 0x12, 0x0F, 0x12, 0x10, 0x0F, 0x0F, 0x0F, 0x0F, 0x0F, 0x0F, 0x0F, 0x0F, 0x0F, 0x12,
    0x14, 0x14, 0x05, 0x12, 0x12, 0x12, 0x12, 0x12, 0x12, 0x12, 0x06, 0x13, 0x11, 0x12, 0x13, 0x06,
    0x07, 0x13, 0x14, 0x12, 0x13, 0x13, 0x14, 0x16, 0x16, 0x16, 0x16, 0x13, 0x16, 0x16, 0x14, 0x14,
    0x14, 0x14, 0x13, 0x13, 0x13, 0x16, 0x14, 0x13, 0x15, 0x18, 0x14, 0x16, 0x16, 0x13, 0x16, 0x18,
    0x14, 0x14, 0x16, 0x15, 0x16, 0x0F, 0x12, 0x12, 0x11, 0x06, 0x11, 0x05, 0x07, 0x13, 0x06, 0x18,
    0x14, 0x15, 0x16, 0x16, 0x17, 0x16, 0x17, 0x1C, 0x18, 0x15, 0x16, 0x16, 0x17, 0x16, 0x17, 0x17,
    0x18, 0x16, 0x17, 0x19, 0x15, 0x19, 0x15, 0x16, 0x12, 0x16, 0x12, 0x1C, 0x18, 0x15, 0x16, 0x15,
    0x17, 0x15, 0x16, 0x16, 0x17, 0x15, 0x16, 0x17, 0x18, 0x17, 0x18, 0x16, 0x17, 0x18, 0x14, 0x16,
    0x17, 0x16, 0x17, 0x16, 0x17, 0x16, 0x17, 0x1A, 0x1B, 0x16, 0x17, 0x16, 0x17, 0x16, 0x12, 0x15,
    0x11, 0x16, 0x12, 0x15, 0x11, 0x16, 0x12, 0x16, 0x12, 0x16, 0x12, 0x19, 0x15, 0x18, 0x14, 0x19,
    0x15, 0x19, 0x15, 0x16, 0x18, 0x15, 0x17, 0x15, 0x11, 0x16, 0x12, 0x1A, 0x16, 0x16, 0x12, 0x15,
    0x11, 0x16, 0x12, 0x16, 0x12, 0x19, 0x15, 0x1A, 0x16, 0x15, 0x14, 0x16, 0x15, 0x16, 0x15, 0x16,
    0x15, 0x17, 0x13, 0x16, 0x12, 0x16, 0x12, 0x19, 0x15, 0x19, 0x14, 0x16, 0x12, 0x16, 0x12, 0x16,
    0x12, 0x16, 0x12, 0x15, 0x11, 0x15, 0x11, 0x16, 0x12, 0x15, 0x11, 0x15, 0x11, 0x15, 0x17, 0x16,
    0x12, 0x16, 0x12, 0x16, 0x12, 0x17, 0x14, 0x14, 0x1A, 0x13, 0x15, 0x12, 0x12, 0x11, 0x12, 0x16,
    0x12, 0x18, 0x14, 0x17, 0x13, 0x17, 0x13, 0x18, 0x14, 0x19, 0x15, 0x1B, 0x17, 0x18, 0x14, 0x18,
    0x14, 0x18, 0x15, 0x19, 0x15, 0x1B, 0x17, 0x16, 0x12, 0x18, 0x14, 0x16, 0x12, 0x17, 0x13, 0x17,
    0x13, 0x18, 0x14, 0x19, 0x15, 0x1B, 0x17, 0x17, 0x13, 0x16, 0x17, 0x16, 0x12, 0x18, 0x14, 0x17,
    0x13, 0x17, 0x13, 0x18, 0x14, 0x19, 0x15, 0x1B, 0x17, 0x16, 0x12, 0x16, 0x12, 0x18, 0x14, 0x16,
    0x12, 0x17, 0x14, 0x16, 0x12, 0x18, 0x13, 0x16, 0x12, 0x16, 0x12, 0x18, 0x13, 0x16, 0x12, 0x17,
    0x14, 0x16, 0x18, 0x16, 0x13, 0x17, 0x19, 0x16, 0x18, 0x11, 0x12, 0x12, 0x13, 0x11, 0x13, 0x00,
    0x00, 0x00, 0x00, 0x00, 0x00, 0x00, 0x00, 0x00, 0x00, 0x00, 0x00, 0x00, 0x00, 0x15, 0x15, 0x08,
    0x08, 0x0A, 0x08, 0x08, 0x08, 0x18, 0x05, 0x11, 0x11, 0x06, 0x11, 0x11, 0x11, 0x06, 0x11, 0x12,
    0x12, 0x0C, 0x0E, 0x04, 0x04, 0x04, 0x09, 0x00, 0x00, 0x12, 0x12, 0x14, 0x14, 0x14, 0x00, 0x11,
    0x11, 0x11, 0x11, 0x11, 0x11, 0x11, 0x11, 0x08, 0x0D, 0x0D, 0x11, 0x11, 0x11, 0x15, 0x06, 0x13,
    0x0F, 0x14, 0x08, 0x11, 0x15, 0x15, 0x11, 0x11, 0x11, 0x0D, 0x15, 0x0D, 0x0D, 0x0B, 0x10, 0x19,
    0x17, 0x11, 0x09, 0x06, 0x0C, 0x11, 0x11, 0x11, 0x11, 0x11, 0x13, 0x12, 0x12, 0x11, 0x00, 0x00,
    0x00, 0x00, 0x00, 0x00, 0x00, 0x00, 0x00, 0x00, 0x14, 0x14, 0x13, 0x14, 0x14, 0x14, 0x15, 0x12,
    0x15, 0x15, 0x15, 0x15, 0x15, 0x15, 0x12, 0x10, 0x11, 0x15, 0x15, 0x0F, 0x0B, 0x0A, 0x0B, 0x0B,
    0x0B, 0x0B, 0x0B, 0x0B, 0x0B, 0x0B, 0x07, 0x04, 0x05, 0x0D, 0x0D, 0x08, 0x08, 0x08, 0x08, 0x08,
    0x0B, 0x0B, 0x0B, 0x08, 0x08, 0x0C, 0x08, 0x0A, 0x11, 0x13, 0x11, 0x11, 0x11, 0x13, 0x11, 0x11,
    0x11, 0x11, 0x11, 0x16, 0x11, 0x11, 0x11, 0x17, 0x17, 0x11, 0x13, 0x11, 0x11, 0x13, 0x10, 0x13,
    0x11, 0x12, 0x11, 0x11, 0x11, 0x11, 0x13, 0x16, 0x15, 0x12, 0x11, 0x13, 0x11, 0x11, 0x12, 0x12,
    0x11, 0x11, 0x11, 0x13, 0x13, 0x15, 0x13, 0x12, 0x13, 0x12, 0x12, 0x12, 0x12, 0x13, 0x11, 0x11,
    0x12, 0x16, 0x13, 0x16, 0x12, 0x13, 0x13, 0x11, 0x19, 0x12, 0x12, 0x12, 0x19, 0x13, 0x17, 0x11,
    0x11, 0x16, 0x0E, 0x11, 0x15, 0x12, 0x12, 0x0D, 0x0A, 0x12, 0x12, 0x11, 0x12, 0x0A, 0x10, 0x0E,
    0x10, 0x0F, 0x12, 0x10, 0x11, 0x0F, 0x13, 0x13, 0x13, 0x19, 0x12, 0x11, 0x11, 0x11, 0x13, 0x14,
    0x0F, 0x13, 0x1A, 0x13, 0x12, 0x12, 0x12, 0x0D, 0x0D, 0x11, 0x11, 0x11, 0x11, 0x11, 0x11, 0x12,
    0x12, 0x12, 0x11, 0x12, 0x11, 0x11, 0x11, 0x11, 0x11, 0x0D, 0x12, 0x11, 0x12, 0x11, 0x11, 0x17,
    0x10, 0x16, 0x16, 0x17, 0x16, 0x17, 0x16, 0x12, 0x11, 0x16, 0x11, 0x11, 0x0D, 0x11, 0x0D, 0x0D,
    0x11, 0x0D, 0x0E, 0x0D, 0x13, 0x0D, 0x0D, 0x0F, 0x11, 0x17, 0x17, 0x12, 0x09, 0x11, 0x0E, 0x11,
    0x0D, 0x16, 0x18, 0x17, 0x15, 0x11, 0x13, 0x11, 0x13, 0x11, 0x13, 0x0D, 0x0D, 0x11, 0x0D, 0x11,
    0x0D, 0x11, 0x0D, 0x11, 0x0D, 0x11, 0x0D, 0x17, 0x13, 0x11, 0x0D, 0x11, 0x12, 0x11, 0x12, 0x11,
    0x12, 0x11, 0x12, 0x11, 0x12, 0x11, 0x0D, 0x11, 0x0D, 0x11, 0x0D, 0x11, 0x13, 0x11, 0x13, 0x11,
    0x13, 0x15, 0x13, 0x16, 0x14, 0x11, 0x0D, 0x14, 0x10, 0x11, 0x11, 0x17, 0x13, 0x18, 0x16, 0x11,
    0x18, 0x11, 0x18, 0x17, 0x13, 0x11, 0x13, 0x11, 0x18, 0x11, 0x13, 0x0F, 0x16, 0x16, 0x11, 0x11,
    0x11, 0x11, 0x12, 0x11, 0x11, 0x12, 0x16, 0x13, 0x11, 0x11, 0x13, 0x11, 0x13, 0x15, 0x13, 0x16,
    0x13, 0x11, 0x0D, 0x06, 0x0D, 0x0B, 0x11, 0x11, 0x11, 0x16, 0x0C, 0x16, 0x11, 0x11, 0x0D, 0x13,
    0x18, 0x11, 0x16, 0x17, 0x12, 0x11, 0x0D, 0x11, 0x0D, 0x11, 0x0D, 0x11, 0x13, 0x11, 0x12, 0x11,
    0x0D, 0x11, 0x0E, 0x11, 0x0D, 0x11, 0x11, 0x17, 0x11, 0x11, 0x11, 0x11, 0x11, 0x17, 0x17, 0x17,
    0x18, 0x11, 0x0D, 0x14, 0x10, 0x11, 0x15, 0x11, 0x15, 0x11, 0x15, 0x14, 0x0F, 0x17, 0x17, 0x17,
    0x11, 0x12, 0x11, 0x0D, 0x11, 0x0D, 0x0C, 0x11, 0x0F, 0x0D, 0x11, 0x11, 0x11, 0x16, 0x11, 0x0D,
    0x0D, 0x0D, 0x0D, 0x0D, 0x12, 0x14, 0x12, 0x12, 0x12, 0x0D, 0x0D, 0x14, 0x0D, 0x0E, 0x0F, 0x0D,
    0x0F, 0x0D, 0x0D, 0x0F, 0x0D, 0x13, 0x0E, 0x0D, 0x0D, 0x0D, 0x0E, 0x0E, 0x12, 0x0D, 0x0D, 0x0D,
    0x0D, 0x0D, 0x13, 0x13, 0x13, 0x0D, 0x13, 0x13, 0x13, 0x13, 0x12, 0x12, 0x12, 0x12, 0x0F, 0x0D,
    0x0D, 0x0D, 0x0D, 0x0D, 0x0D, 0x18, 0x15, 0x0E, 0x0F, 0x09, 0x09, 0x12, 0x12, 0x12, 0x12, 0x12,
    0x12, 0x12, 0x13, 0x13, 0x13, 0x13, 0x13, 0x13, 0x13, 0x06, 0x06, 0x06, 0x05, 0x06, 0x06, 0x06,
    0x13, 0x14,
};

static const uint8_t kAgendaAdvances[] PROGMEM = {
    0x06, 0x07, 0x0B, 0x0E, 0x0D, 0x14, 0x10, 0x06, 0x08, 0x08, 0x0C, 0x0D, 0x07, 0x08, 0x07, 0x0A,
    0x0D, 0x0D, 0x0D, 0x0D, 0x0D, 0x0D, 0x0D, 0x0D, 0x0D, 0x0D, 0x07, 0x07, 0x0D, 0x0D, 0x0D, 0x0A,
    0x14, 0x0F, 0x0F, 0x0E, 0x10, 0x0C, 0x0C, 0x10, 0x11, 0x09, 0x07, 0x0F, 0x0C, 0x15, 0x12, 0x11,
    0x0E, 0x11, 0x0F, 0x0C, 0x0D, 0x10, 0x0E, 0x16, 0x0E, 0x0E, 0x0D, 0x08, 0x0A, 0x08, 0x0D, 0x0A,
    0x08, 0x0D, 0x0E, 0x0B, 0x0E, 0x0D, 0x09, 0x0E, 0x0E, 0x07, 0x07, 0x0E, 0x07, 0x16, 0x0E, 0x0E,
    0x0E, 0x0E, 0x0A, 0x0B, 0x09, 0x0E, 0x0D, 0x13, 0x0D, 0x0D, 0x0B, 0x09, 0x0C, 0x09, 0x0D, 0x06,
    0x07, 0x0D, 0x0D, 0x0D, 0x0D, 0x0C, 0x0B, 0x0D, 0x14, 0x09, 0x0E, 0x0D, 0x08, 0x14, 0x0C, 0x0A,
    0x0D, 0x09, 0x09, 0x08, 0x0E, 0x0E, 0x07, 0x05, 0x09, 0x09, 0x0E, 0x14, 0x14, 0x14, 0x0A, 0x0F,
    0x0F, 0x0F, 0x0F, 0x0F, 0x0F, 0x15, 0x0E, 0x0C, 0x0C, 0x0C, 0x0C, 0x09, 0x09, 0x09, 0x09, 0x10,
    0x12, 0x11, 0x11, 0x11, 0x11, 0x11, 0x0D, 0x11, 0x10, 0x10, 0x10, 0x10, 0x0E, 0x0E, 0x10, 0x0D,
    0x0D, 0x0D, 0x0D, 0x0D, 0x0D, 0x14, 0x0B, 0x0D, 0x0D, 0x0D, 0x0D, 0x07, 0x07, 0x07, 0x07, 0x0E,
    0x0E, 0x0E, 0x0E, 0x0E, 0x0E, 0x0E, 0x0D, 0x0E, 0x0E, 0x0E, 0x0E, 0x0E, 0x0D, 0x0E, 0x0D, 0x0F,
    0x0D, 0x0F, 0x0D, 0x0F, 0x0D, 0x0E, 0x0B, 0x0E, 0x0B, 0x0E, 0x0B, 0x0E, 0x0B, 0x10, 0x0E, 0x10,
    0x0E, 0x0C, 0x0D, 0x0C, 0x0D, 0x0C, 0x0D, 0x0C, 0x0D, 0x0C, 0x0D, 0x10, 0x0E, 0x10, 0x0E, 0x10,
    0x0E, 0x10, 0x0E, 0x11, 0x0E, 0x11, 0x0E, 0x09, 0x07, 0x09, 0x07, 0x09, 0x07, 0x09, 0x07, 0x09,
    0x07, 0x10, 0x0E, 0x07, 0x07, 0x0F, 0x0E, 0x0E, 0x0C, 0x07, 0x0C, 0x07, 0x0C, 0x07, 0x0C, 0x09,
    0x0C, 0x07, 0x12, 0x0E, 0x12, 0x0E, 0x12, 0x0E, 0x11, 0x12, 0x0E, 0x11, 0x0E, 0x11, 0x0E, 0x11,
    0x0E, 0x15, 0x15, 0x0F, 0x0A, 0x0F, 0x0A, 0x0F, 0x0A, 0x0C, 0x0B, 0x0C, 0x0B, 0x0C, 0x0B, 0x0C,
    0x0B, 0x0D, 0x09, 0x0D, 0x09, 0x0D, 0x09, 0x10, 0x0E, 0x10, 0x0E, 0x10, 0x0E, 0x10, 0x0E, 0x10,
    0x0E, 0x10, 0x0E, 0x16, 0x13, 0x0E, 0x0D, 0x0E, 0x0D, 0x0B, 0x0D, 0x0B, 0x0D, 0x0B, 0x08, 0x0E,
    0x12, 0x0E, 0x0E, 0x0F, 0x0E, 0x0E, 0x0E, 0x0B, 0x10, 0x13, 0x0E, 0x0E, 0x0E, 0x0C, 0x12, 0x0E,
    0x0F, 0x0B, 0x10, 0x0E, 0x16, 0x09, 0x09, 0x0F, 0x0E, 0x07, 0x0E, 0x17, 0x12, 0x0E, 0x11, 0x12,
    0x0F, 0x19, 0x15, 0x11, 0x0E, 0x0F, 0x0C, 0x0B, 0x0D, 0x09, 0x09, 0x0E, 0x09, 0x0D, 0x13, 0x11,
    0x11, 0x10, 0x0E, 0x0E, 0x0D, 0x0B, 0x0D, 0x0D, 0x0D, 0x0D, 0x0D, 0x0D, 0x0C, 0x0B, 0x0E, 0x07,
    0x0D, 0x0C, 0x07, 0x1D, 0x1B, 0x19, 0x14, 0x13, 0x0E, 0x19, 0x19, 0x15, 0x0F, 0x0D, 0x09, 0x07,
    0x11, 0x0E, 0x10, 0x0E, 0x10, 0x0E, 0x10, 0x0E, 0x10, 0x0E, 0x10, 0x0E, 0x0D, 0x0F, 0x0D, 0x0F,
    0x0D, 0x15, 0x14, 0x10, 0x0E, 0x10, 0x0E, 0x0F, 0x0E, 0x11, 0x0E, 0x11, 0x0E, 0x0D, 0x0D, 0x07,
    0x1D, 0x1B, 0x19, 0x10, 0x0E, 0x17, 0x0F, 0x12, 0x0E, 0x0F, 0x0D, 0x15, 0x14, 0x11, 0x0E, 0x0F,
    0x0D, 0x0F, 0x0D, 0x0C, 0x0D, 0x0C, 0x0D, 0x09, 0x07, 0x09, 0x07, 0x11, 0x0E, 0x11, 0x0E, 0x0F,
    0x0A, 0x0F, 0x0A, 0x10, 0x0E, 0x10, 0x0E, 0x0C, 0x0B, 0x0D, 0x09, 0x0E, 0x0B, 0x11, 0x0E, 0x11,
    0x13, 0x11, 0x0E, 0x0D, 0x0B, 0x0F, 0x0D, 0x0C, 0x0D, 0x11, 0x0E, 0x11, 0x0E, 0x11, 0x0E, 0x11,
    0x0E, 0x0E, 0x0D, 0x0A, 0x11, 0x0A, 0x07, 0x15, 0x15, 0x0F, 0x0E, 0x0B, 0x0C, 0x0D, 0x0B, 0x0B,
    0x0B, 0x0B, 0x0F, 0x10, 0x0F, 0x0C, 0x0D, 0x07, 0x07, 0x11, 0x0E, 0x0F, 0x0A, 0x0E, 0x0D, 0x0D,
    0x0E, 0x0E, 0x0E, 0x0B, 0x0C, 0x0E, 0x0E, 0x0D, 0x0D, 0x12, 0x0C, 0x0C, 0x11, 0x0E, 0x07, 0x0E,
    0x0E, 0x0D, 0x0D, 0x0D, 0x0E, 0x0E, 0x0E, 0x07, 0x09, 0x08, 0x0A, 0x09, 0x07, 0x11, 0x16, 0x16,
    0x16, 0x0E, 0x0E, 0x0F, 0x0E, 0x13, 0x13, 0x12, 0x0A, 0x0A, 0x0A, 0x0A, 0x0A, 0x09, 0x09, 0x0C,
    0x0D, 0x0B, 0x07, 0x07, 0x07, 0x07, 0x09, 0x09, 0x0E, 0x0E, 0x0F, 0x0D, 0x13, 0x0D, 0x0C, 0x0B,
    0x0D, 0x0D, 0x0D, 0x0B, 0x0B, 0x0B, 0x0B, 0x11, 0x0D, 0x0E, 0x0D, 0x0E, 0x07, 0x0E, 0x0A, 0x0E,
    0x0B, 0x0B, 0x16, 0x18, 0x19, 0x12, 0x0E, 0x14, 0x15, 0x10, 0x0F, 0x0C, 0x0E, 0x0F, 0x0F, 0x09,
    0x09, 0x04, 0x06, 0x06, 0x06, 0x09, 0x0C, 0x08, 0x05, 0x0B, 0x05, 0x05, 0x05, 0x04, 0x04, 0x07,
    0x07, 0x06, 0x06, 0x07, 0x07, 0x0B, 0x0B, 0x04, 0x09, 0x08, 0x08, 0x04, 0x09, 0x08, 0x08, 0x07,
    0x07, 0x05, 0x05, 0x06, 0x06, 0x06, 0x06, 0x0A, 0x06, 0x08, 0x07, 0x0B, 0x0C, 0x06, 0x07, 0x08,
    0x04, 0x07, 0x08, 0x07, 0x0A, 0x0A, 0x0A, 0x0A, 0x0A, 0x0A, 0x0A, 0x0B, 0x0C, 0x0B, 0x09, 0x09,
    0x07, 0x07, 0x09, 0x08, 0x0C, 0x0C, 0x0B, 0x07, 0x07, 0x07, 0x07, 0x07, 0x0B, 0x0B, 0x0C, 0x00,
    0x00, 0x00, 0x00, 0x00, 0x00, 0x00, 0x00, 0x00, 0x00, 0x00, 0x00, 0x00, 0x00, 0x00, 0x00, 0x00,
    0x00, 0x00, 0x00, 0x00, 0x00, 0x00, 0x00, 0x00, 0x00, 0x00, 0x00, 0x00, 0x00, 0x00, 0x00, 0x00,
    0x00, 0x00, 0x00, 0x00, 0x00, 0x00, 0x00, 0x00, 0x00, 0x00, 0x00, 0x00, 0x00, 0x00, 0x00, 0x00,
    0x00, 0x00, 0x00, 0x00, 0x00, 0x00, 0x00, 0x00, 0x00, 0x00, 0x00, 0x00, 0x00, 0x00, 0x00, 0x00,
    0x00, 0x00, 0x00, 0x00, 0x00, 0x00, 0x00, 0x00, 0x00, 0x00, 0x00, 0x00, 0x00, 0x00, 0x00, 0x00,
    0x00, 0x00, 0x00, 0x00, 0x00, 0x00, 0x00, 0x00, 0x00, 0x00, 0x00, 0x00, 0x00, 0x00, 0x00, 0x00,
    0x00, 0x00, 0x00, 0x00, 0x00, 0x00, 0x00, 0x00, 0x00, 0x00, 0x00, 0x00, 0x00, 0x00, 0x00, 0x00,
    0x00, 0x00, 0x00, 0x00, 0x00, 0x00, 0x00, 0x00, 0x00, 0x00, 0x00, 0x00, 0x00, 0x00, 0x00, 0x00,
    0x0D, 0x11, 0x14, 0x0E, 0x0C, 0x0E, 0x0E, 0x0A, 0x0C, 0x07, 0x07, 0x0D, 0x0A, 0x12, 0x0F, 0x0E,
    0x0B, 0x0F, 0x0F, 0x0F, 0x15, 0x0D, 0x0E, 0x0E, 0x0C, 0x0C, 0x0C, 0x0B, 0x0E, 0x0F, 0x14, 0x0F,
    0x0C, 0x13, 0x0B, 0x0B, 0x0B, 0x0B, 0x0A, 0x0C, 0x0E, 0x0C, 0x11, 0x0E, 0x0A, 0x0D, 0x0A, 0x0A,
    0x0B, 0x08, 0x08, 0x0A, 0x0B, 0x06, 0x05, 0x09, 0x08, 0x0E, 0x0C, 0x0C, 0x0B, 0x0B, 0x09, 0x09,
    0x08, 0x0B, 0x0E, 0x09, 0x09, 0x09, 0x0D, 0x09, 0x09, 0x08, 0x08, 0x08, 0x08, 0x09, 0x04, 0x09,
    0x0E, 0x09, 0x09, 0x07, 0x09, 0x09, 0x09, 0x06, 0x09, 0x0A, 0x0E, 0x08, 0x07, 0x09, 0x08, 0x09,
    0x0C, 0x08, 0x04, 0x06, 0x09, 0x08, 0x09, 0x08, 0x09, 0x0C, 0x08, 0x15, 0x0E, 0x0E, 0x09, 0x17,
    0x0F, 0x0E, 0x0B, 0x09, 0x0C, 0x0A, 0x0B, 0x0E, 0x09, 0x0C, 0x18, 0x08, 0x09, 0x0E, 0x0F, 0x0E,
    0x0E, 0x0E, 0x09, 0x12, 0x0E, 0x07, 0x16, 0x0E, 0x0E, 0x0A, 0x0B, 0x0B, 0x0D, 0x0D, 0x0B, 0x0D,
    0x0E, 0x0E, 0x0D, 0x0C, 0x0C, 0x10, 0x07, 0x0B, 0x07, 0x0F, 0x0C, 0x09, 0x07, 0x08, 0x09, 0x08,
    0x06, 0x04, 0x09, 0x09, 0x04, 0x06, 0x05, 0x05, 0x04, 0x04, 0x04, 0x07, 0x0E, 0x0E, 0x09, 0x09,
    0x0A, 0x09, 0x0C, 0x07, 0x04, 0x06, 0x09, 0x09, 0x09, 0x0A, 0x08, 0x07, 0x07, 0x08, 0x08, 0x09,
    0x00, 0x00, 0x00, 0x00, 0x00, 0x00, 0x00, 0x00, 0x00, 0x00, 0x00, 0x00, 0x00, 0x00, 0x00, 0x00,
    0x00, 0x00, 0x00, 0x00, 0x00, 0x00, 0x00, 0x00, 0x00, 0x00, 0x00, 0x00, 0x00, 0x00, 0x00, 0x00,
    0x00, 0x00, 0x00, 0x00, 0x00, 0x00, 0x00, 0x00, 0x00, 0x00, 0x00, 0x00, 0x00, 0x00, 0x00, 0x00,
    0x00, 0x00, 0x00, 0x00, 0x00, 0x00, 0x00, 0x00, 0x00, 0x00, 0x00, 0x00, 0x00, 0x00, 0x00, 0x0F,
    0x0D, 0x0F, 0x0E, 0x0F, 0x0E, 0x0F, 0x0E, 0x0E, 0x0B, 0x10, 0x0E, 0x10, 0x0E, 0x10, 0x0E, 0x10,
    0x0E, 0x10, 0x0E, 0x0C, 0x0D, 0x0C, 0x0D, 0x0C, 0x0D, 0x0C, 0x0D, 0x0C, 0x0D, 0x0C, 0x09, 0x10,
    0x0E, 0x11, 0x0E, 0x11, 0x0E, 0x11, 0x0E, 0x11, 0x0E, 0x11, 0x0E, 0x09, 0x07, 0x09, 0x07, 0x0F,
    0x0E, 0x0F, 0x0E, 0x0F, 0x0E, 0x0C, 0x07, 0x0C, 0x07, 0x0C, 0x07, 0x0C, 0x07, 0x15, 0x16, 0x15,
    0x16, 0x15, 0x16, 0x12, 0x0E, 0x12, 0x0E, 0x12, 0x0E, 0x12, 0x0E, 0x11, 0x0E, 0x11, 0x0E, 0x11,
    0x0E, 0x11, 0x0E, 0x0E, 0x0E, 0x0E, 0x0E, 0x0F, 0x0A, 0x0F, 0x0A, 0x0F, 0x0A, 0x0F, 0x0A, 0x0C,
    0x0B, 0x0C, 0x0B, 0x0C, 0x0B, 0x0C, 0x0B, 0x0C, 0x0B, 0x0D, 0x09, 0x0D, 0x09, 0x0D, 0x09, 0x0D,
    0x09, 0x10, 0x0E, 0x10, 0x0E, 0x10, 0x0E, 0x10, 0x0E, 0x10, 0x0E, 0x0E, 0x0D, 0x0E, 0x0D, 0x16,
    0x13, 0x16, 0x13, 0x16, 0x13, 0x16, 0x13, 0x16, 0x13, 0x0E, 0x0D, 0x0E, 0x0D, 0x0E, 0x0D, 0x0D,
    0x0B, 0x0D, 0x0B, 0x0D, 0x0B, 0x0E, 0x09, 0x13, 0x0D, 0x0E, 0x08, 0x08, 0x08, 0x11, 0x0E, 0x0F,
    0x0D, 0x0F, 0x0D, 0x0F, 0x0D, 0x0F, 0x0D, 0x0F, 0x0D, 0x0F, 0x0D, 0x0F, 0x0D, 0x0F, 0x0D, 0x0F,
    0x0D, 0x0F, 0x0D, 0x0F, 0x0D, 0x0F, 0x0D, 0x0C, 0x0D, 0x0C, 0x0D, 0x0C, 0x0D, 0x0C, 0x0D, 0x0C,
    0x0D, 0x0C, 0x0D, 0x0C, 0x0D, 0x0C, 0x0D, 0x09, 0x07, 0x09, 0x07, 0x11, 0x0E, 0x11, 0x0E, 0x11,
    0x0E, 0x11, 0x0E, 0x11, 0x0E, 0x11, 0x0E, 0x11, 0x0E, 0x12, 0x0F, 0x12, 0x0F, 0x12, 0x0F, 0x12,
    0x0F, 0x12, 0x0F, 0x10, 0x0E, 0x10, 0x0E, 0x13, 0x11, 0x13, 0x11, 0x13, 0x11, 0x13, 0x11, 0x13,
    0x11, 0x0E, 0x0D, 0x0E, 0x0D, 0x0E, 0x0D, 0x0E, 0x0D, 0x13, 0x0D, 0x11, 0x0E, 0x0F, 0x0D, 0x0C,
    0x18, 0x0C, 0x18, 0x08, 0x06, 0x04, 0x0D, 0x07, 0x04, 0x02, 0x00, 0x00, 0x00, 0x00, 0x00, 0x08,
    0x08, 0x0D, 0x0C, 0x18, 0x18, 0x0D, 0x0A, 0x05, 0x05, 0x07, 0x05, 0x0B, 0x0B, 0x0C, 0x0B, 0x0C,
    0x0C, 0x09, 0x0A, 0x0C, 0x0D, 0x14, 0x07, 0x0B, 0x0B, 0x00, 0x00, 0x00, 0x00, 0x00, 0x04, 0x1D,
    0x26, 0x07, 0x0C, 0x11, 0x09, 0x0F, 0x14, 0x09, 0x08, 0x08, 0x14, 0x0D, 0x0A, 0x0C, 0x0F, 0x0F,
    0x0A, 0x19, 0x08, 0x03, 0x08, 0x08, 0x15, 0x11, 0x11, 0x0E, 0x0F, 0x0F, 0x0F, 0x0C, 0x07, 0x0E,
    0x0C, 0x0A, 0x18, 0x0E, 0x0D, 0x0E, 0x17, 0x15, 0x15, 0x07, 0x11, 0x14, 0x07, 0x07, 0x05, 0x09,
    0x0B, 0x0D, 0x0B, 0x0D, 0x00, 0x00, 0x00, 0x00, 0x00, 0x00, 0x00, 0x00, 0x00, 0x00, 0x09, 0x04,
    0x09, 0x09, 0x09, 0x09, 0x09, 0x09, 0x09, 0x09, 0x09, 0x06, 0x06, 0x09, 0x09, 0x09, 0x09, 0x09,
    0x09, 0x09, 0x09, 0x09, 0x09, 0x09, 0x09, 0x09, 0x09, 0x06, 0x06, 0x09, 0x08, 0x09, 0x08, 0x08,
    0x09, 0x09, 0x04, 0x0E, 0x09, 0x09, 0x07, 0x06, 0x0D, 0x0D, 0x0D, 0x0D, 0x0D, 0x16, 0x0D, 0x14,
    0x15, 0x11, 0x15, 0x0E, 0x0D, 0x0D, 0x0D, 0x16, 0x0E, 0x0D, 0x10, 0x0E, 0x0D, 0x0E, 0x10, 0x12,
    0x0D, 0x0D, 0x0D, 0x12, 0x13, 0x0D, 0x0E, 0x0D, 0x00, 0x12, 0x12, 0x0F, 0x17, 0x0D, 0x12, 0x14,
    0x0E, 0x0E, 0x15, 0x0E, 0x19, 0x12, 0x13, 0x0E, 0x0E, 0x12, 0x0D, 0x14, 0x0C, 0x15, 0x13, 0x17,
    0x14, 0x14, 0x10, 0x13, 0x15, 0x14, 0x11, 0x0F, 0x0E, 0x12, 0x12, 0x12, 0x0E, 0x0F, 0x0D, 0x10,
    0x11, 0x0E, 0x09, 0x0F, 0x0F, 0x14, 0x10, 0x0F, 0x0B, 0x0E, 0x14, 0x0C, 0x1C, 0x0C, 0x0E, 0x0C,
    0x09, 0x0B, 0x07, 0x16, 0x20, 0x13, 0x0D, 0x0D, 0x13, 0x0F, 0x10, 0x0C, 0x0C, 0x0E, 0x12, 0x0E,
    0x0C, 0x08, 0x08, 0x10, 0x10, 0x10, 0x13, 0x0B, 0x19, 0x15, 0x15, 0x1B, 0x15, 0x16, 0x15, 0x16,
    0x15, 0x16, 0x15, 0x15, 0x15, 0x15, 0x15, 0x15, 0x0B, 0x0B, 0x16, 0x0C, 0x07, 0x0D, 0x0E, 0x0F,
    0x0D, 0x09, 0x12, 0x0F, 0x0F, 0x0E, 0x0D, 0x0B, 0x11, 0x15, 0x0F, 0x11, 0x0D, 0x17, 0x14, 0x0D,
    0x0C, 0x0A, 0x12, 0x10, 0x0A, 0x0E, 0x0A, 0x04, 0x09, 0x0C, 0x0D, 0x0B, 0x0B, 0x09, 0x08, 0x0B,
    0x0A, 0x11, 0x0E, 0x14, 0x14, 0x0E, 0x0D, 0x0D, 0x0C, 0x0F, 0x0F, 0x0A, 0x0A, 0x1B, 0x15, 0x1A,
    0x15, 0x19, 0x15, 0x15, 0x13, 0x15, 0x13, 0x15, 0x13, 0x0E, 0x0B, 0x0F, 0x0E, 0x0F, 0x0E, 0x0F,
    0x0E, 0x0F, 0x0A, 0x0C, 0x07, 0x11, 0x0F, 0x15, 0x10, 0x1C, 0x16, 0x0E, 0x0E, 0x11, 0x11, 0x14,
    0x14, 0x11, 0x0E, 0x15, 0x12, 0x0D, 0x0C, 0x10, 0x0F, 0x0E, 0x0D, 0x16, 0x13, 0x0D, 0x0D, 0x0E,
    0x0E, 0x0E, 0x0E, 0x0F, 0x0D, 0x0D, 0x0C, 0x0E, 0x0E, 0x0E, 0x0E, 0x09, 0x13, 0x0C, 0x1A, 0x13,
    0x0D, 0x12, 0x14, 0x0C, 0x11, 0x0E, 0x0C, 0x0A, 0x0E, 0x0E, 0x0C, 0x0C, 0x07, 0x12, 0x10, 0x0C,
    0x0A, 0x0E, 0x0B, 0x0B, 0x07, 0x0B, 0x07, 0x06, 0x11, 0x09, 0x08, 0x13, 0x0F, 0x0E, 0x0B, 0x0B,
    0x0F, 0x12, 0x13, 0x0C, 0x09, 0x11, 0x0E, 0x11, 0x0E, 0x11, 0x0E, 0x10, 0x0E, 0x0F, 0x0E, 0x12,
    0x0E, 0x0F, 0x0A, 0x0C, 0x0B, 0x14, 0x0E, 0x11, 0x0E, 0x09, 0x0F, 0x0F, 0x0D, 0x08, 0x0F, 0x0F,
    0x0F, 0x18, 0x14, 0x10, 0x0E, 0x0E, 0x0D, 0x0C, 0x06, 0x12, 0x0D, 0x19, 0x15, 0x0E, 0x0C, 0x0D,
    0x10, 0x0E, 0x0C, 0x0B, 0x0C, 0x0A, 0x14, 0x0B, 0x0E, 0x14, 0x0C, 0x0E, 0x15, 0x09, 0x1A, 0x0E,
    0x14, 0x0A, 0x0D, 0x12, 0x09, 0x0E, 0x0B, 0x0A, 0x0A, 0x16, 0x0F, 0x0F, 0x0B, 0x0B, 0x0E, 0x15,
    0x15, 0x15, 0x16, 0x17, 0x0F, 0x0D, 0x08, 0x0E, 0x0C, 0x10, 0x0A, 0x0F, 0x08, 0x0E, 0x0E, 0x16,
    0x16, 0x0F, 0x0D, 0x0F, 0x0D, 0x0F, 0x0D, 0x0F, 0x0D, 0x0E, 0x0D, 0x09, 0x07, 0x07, 0x0A, 0x14,
    0x13, 0x13, 0x16, 0x0E, 0x0E, 0x16, 0x12, 0x0B, 0x0C, 0x07, 0x07, 0x11, 0x0F, 0x0F, 0x18, 0x18,
    0x11, 0x14, 0x00, 0x00, 0x00, 0x00, 0x00, 0x00, 0x00, 0x00, 0x00, 0x00, 0x00, 0x00, 0x00, 0x00,
    0x00, 0x00,
};

static const int8_t kAgendaXOffsets[] PROGMEM = {
    0, 0, 0, 0, 0, 0, 0, 0, 0, 0, 0, 0, 0, 0, 0, 0,
    0, 0, 0, 0, 0, 0, 0, 0, 0, 0, 0, 0, 0, 0, 0, 0,
    0, 0, 0, 0, 0, 0, 0, 0, 0, 0, -2, 0, 0, 0, 0, 0,
    0, 0, 0, 0, 0, 0, 0, 0, 0, 0, 0, 0, 0, 0, 0, -1,
    0, 0, 0, 0, 0, 0, 0, 0, 0, 0, -2, 0, 0, 0, 0, 0,
    0, 0, 0, 0, 0, 0, 0, 0, 0, 0, 0, 0, 0, 0, 0, 0,
    0, 0, 0, 0, 0, 0, 0, 0, 0, 0, 0, 0, 0, 0, -1, 0,
    0, 0, 0, 0, 0, 0, 0, -1, 0, 0, 0, 0, 0, 0, 0, 0,
    0, 0, 0, 0, 0, -1, 0, 0, 0, 0, 0, 0, 0, -1, 0, 0,
    0, 0, 0, 0, 0, 0, 0, 0, 0, 0, 0, 0, 0, 0, 0, 0,
    0, 0, 0, 0, 0, 0, 0, 0, 0, 0, 0, -1, 0, -2, -1, 0,
    0, 0, 0, 0, 0, 0, 0, 0, 0, 0, 0, 0, 0, 0, 0, 0,
    0, 0, 0, 0, 0, 0, 0, 0, 0, 0, 0, 0, 0, 0, 0, 0,
    0, 0, 0, 0, 0, 0, 0, 0, 0, 0, 0, 0, 0, 0, 0, 0,
    0, 0, 0, 0, -2, -1, 0, -1, -2, 0, -1, 0, -1, 0, 0, 0,
    0, 0, 0, -2, -2, 0, 0, 0, 0, 0, 0, 0, 0, 0, 0, 0,
    -1, -1, 0, 0, 0, 0, 0, 0, 0, 0, 0, 0, 0, 0, 0, 0,
    0, 0, 0, 0, 0, 0, 0, 0, 0, 0, 0, 0, 0, 0, 0, 0,
    0, 0, 0, 0, 0, 0, 0, 0, 0, 0, 0, 0, 0, 0, 0, 0,
    0, 0, 0, 0, 0, 0, 0, 0, 0, 0, 0, 0, 0, 0, 0, 0,
    0, 0, 0, 0, 0, 0, 0, 0, 0, 0, 0, 0, 0, 0, 0, 0,
    -1, -1, 0, 0, 0, 0, 0, 0, 0, 0, 0, 0, -1, 0, 0, 0,
    0, 0, 0, 0, 0, 0, 0, 0, 0, -1, 0, 0, 0, 0, 0, 0,
    0, 0, 0, 0, 0, 0, 0, 0, 0, 0, 0, 0, 0, 0, 0, 0,
    0, 0, 0, 0, 0, 0, 0, 0, 0, 0, 0, 0, 0, 0, -1, -2,
    0, 0, 0, 0, 0, 0, 0, 0, 0, 0, 0, 0, 0, 0, 0, 0,
    0, -1, 0, 0, 0, 0, 0, 0, -2, 0, 0, 0, 0, 0, 0, -2,
    0, 0, 0, 0, 0, 0, 0, 0, 0, 0, 0, -1, 0, 0, 0, 0,
    0, 0, 0, 0, 0, 0, 0, -2, -3, 0, -1, 0, 0, 0, 0, 0,
    -1, 0, 0, 0, 0, 0, 0, 0, 0, 0, 0, 0, 0, 0, -2, 0,
    0, 0, 0, 0, 0, 0, 0, 0, 0, 0, 0, 0, 0, 0, 0, 0,
    0, 0, 0, 0, 0, 0, -2, 0, 0, 0, 0, 0, 0, 0, 0, 0,
    0, 0, 0, 0, 0, 0, 0, -2, -2, 0, 0, 0, 0, 0, 0, 0,
    0, 0, 0, 0, 0, 0, 0, 0, 0, 0, 0, 0, 0, 0, -2, 0,
    0, 0, 0, 0, 0, 0, 0, 0, 0, 0, 0, -1, 0, 0, 0, 0,
    0, -1, 0, 0, 0, 0, 0, 0, 0, 0, 0, 0, 0, 0, 0, 0,
    0, 0, -1, -1, -1, -3, 0, 0, 0, 0, 0, 0, 0, 0, 0, 0,
    0, 0, 0, 0, 0, 0, 0, 0, 0, 0, 0, 0, -3, -1, 0, 0,
    0, 0, 0, 0, 0, 0, 0, 0, 0, 0, 0, 0, 0, -1, -1, 0,
    0, -1, 0, 0, 0, 0, 0, 0, 0, 0, 0, 0, 0, 0, 0, 0,
    0, 0, 0, 0, 0, 0, 0, 0, 0, 0, 0, 0, 0, 0, 0, 0,
    0, 0, 0, 0, 0, 0, 0, 0, 0, 0, 0, 0, 0, -4, 0, 0,
    0, 0, 0, 0, 0, 0, 0, 0, 0, 0, 0, 0, 0, 0, 0, 0,
    0, 0, 0, 0, 0, 0, 0, 0, 0, 0, 0, 0, 0, 0, 0, -12,
    -8, -5, -12, -4, -5, -5, -2, -4, -10, -3, -4, -5, -2, -3, -14, -5,
    -5, -3, -3, -3, -3, -4, -3, -2, -2, -2, -3, -2, -3, -3, -3, -3,
    -5, 0, -10, -4, -3, -2, -3, -3, -2, -4, -5, -5, -5, -5, -5, -5,
    -4, -6, -6, -5, -5, -9, -5, -5, -2, -4, -5, -5, -3, -2, -6, -6,
    -1, -5, -3, -5, -2, -5, -6, -3, -3, -5, -5, -4, -4, -2, -9, -2,
    -2, -5, -3, -2, -2, -5, -2, 0, -3, -5, -3, -9, -9, -7, -7, -9,
    -9, -9, -3, -3, -1, -3, -3, -2, -3, -3, -4, -2, -2, -3, -3, -9,
    -8, -6, -3, -4, -6, -13, -2, -5, -15, -13, -6, -9, -6, -11, -5, -5,
    0, 0, 0, 0, 0, 0, 0, 0, 0, 0, -1, 0, 0, 0, 0, 0,
    0, 0, 0, 0, 0, 0, 0, 0, 0, 0, 0, 0, 0, 0, 0, 0,
    0, 0, 0, 0, 0, 0, 0, 0, 0, 0, 0, 0, 0, -1, 0, 0,
    0, 0, 0, 0, 0, 0, -2, 0, 0, 0, 0, 0, 0, 0, 0, 0,
    0, 0, 0, 0, 0, 0, 0, 0, 0, 0, 0, 0, 0, 0, 0, 0,
    0, 0, 0, 0, 0, 0, 0, 0, 0, 0, 0, 0, 0, 0, 0, 0,
    0, 0, 0, 0, 0, 0, 0, 0, 0, 0, 0, 0, -2, 0, -1, -1,
    -1, -2, -1, -1, -1, -1, 0, 0, 0, 0, 0, 0, 0, 0, 0, 0,
    0, 0, 0, 0, 0, 0, 0, 0, 0, 0, 0, -1, 0, 0, 0, 0,
    0, 0, 0, 0, 0, 0, 0, 0, -1, 0, 0, 0, 0, 0, 0, 0,
    0, -1, 0, 0, 0, 0, 0, 0, -2, 0, 0, 0, 0, 0, -1, 0,
    0, 0, 0, 0, -1, 0, 0, 0, 0, 0, 0, 0, 0, 0, 0, 0,
    -5, -6, -2, -5, -4, -4, -4, -4, -5, -5, -2, -14, -14, -10, -9, -9,
    -6, -5, -3, -8, -4, -5, -4, -2, -3, -3, -3, -3, -3, -1, -2, -3,
    -3, -3, -2, -3, -2, -1, -2, -3, -3, -3, -3, -2, -3, -4, -3, -2,
    -4, -4, -3, -3, -3, -3, -5, -5, -2, -7, -9, -8, -4, -2, -5, 0,
    0, 0, 0, 0, 0, 0, 0, 0, 0, 0, 0, 0, 0, 0, 0, 0,
    0, 0, 0, 0, 0, 0, 0, 0, 0, 0, 0, 0, 0, 0, 0, 0,
    0, 0, 0, 0, 0, 0, -1, 0, 0, 0, 0, -1, -2, 0, -1, 0,
    0, 0, 0, 0, 0, 0, 0, -1, -1, 0, -1, 0, -2, 0, 0, 0,
    0, 0, 0, 0, 0, 0, 0, 0, 0, 0, 0, 0, 0, 0, 0, 0,
    0, 0, 0, 0, 0, 0, 0, 0, 0, 0, 0, 0, 0, 0, -1, 0,
    0, 0, 0, 0, 0, 0, 0, 0, 0, 0, 0, 0, 0, 0, 0, 0,
    0, 0, 0, 0, 0, 0, 0, 0, 0, 0, 0, 0, 0, 0, 0, 0,
    0, 0, 0, 0, 0, 0, 0, 0, 0, 0, 0, 0, 0, 0, 0, 0,
    0, 0, 0, 0, 0, 0, 0, 0, 0, 0, 0, -1, 0, 0, 0, 0,
    0, 0, 0, 0, 0, 0, -1, 0, 0, 0, 0, 0, 0, 0, 0, 0,
    0, 0, 0, 0, 0, 0, 0, 0, 0, 0, 0, 0, 0, 0, 0, -1,
    -1, 0, 0, 0, 0, 0, 0, 0, 0, 0, 0, 0, 0, 0, 0, 0,
    0, 0, -1, 0, 0, 0, 0, 0, 0, 0, 0, 0, 0, 0, 0, 0,
    0, 0, 0, 0, 0, 0, 0, 0, 0, 0, 0, 0, 0, 0, 0, 0,
    0, 0, 0, 0, 0, 0, 0, 0, 0, 0, 0, 0, 0, 0, -1, 0,
    0, 0, 0, 0, 0, 0, 0, 0, 0, 0, 0, 0, 0, -1, -6, 0,
    0, 0, 0, 0, 0, 0, -1, 0, 0, 0, 0, 0, 0, 0, 0, 0,
    0, 0, 0, 0, 0, 0, 0, 0, 0, -1, -6, -3, -3, -3, 0, 0,
    0, 0, 0, 0, 0, 0, 0, 0, 0, 0, 0, 0, 0, -1, 0, 0,
    0, 0, 0, -5, 0, 0, 0, 0, 0, 0, 0, 0, 0, 0, 0, 0,
    0, 0, 0, 0, 0, 0, 0, 0, 0, 0, 0, 0, 0, 0, 0, 0,
    0, 0, 0, 0, 0, 0, 0, 0, -3, -3, -3, -3, -3, -3, 0, 0,
    0, 0, 0, 0, 0, 0, 0, 0, 0, 0, 0, 0, 0, 0, 0, 0,
    0, 0, 0, 0, 0, 0, 0, 0, 0, 0, 0, 0, 0, 0, 0, 0,
    0, 0, 0, 0, 0, 0, 0, 0, 0, 0, 0, 0, 0, 0, 0, 0,
    0, 0, 0, 0, 0, 0, 0, 0, -1, 0, 0, 0, 0, 0, 0, 0,
    0, 0, 0, 0, 0, 0, 0, 0, -6, 0, 0, 0, 0, 0, 0, 0,
    0, 0, 0, -3, -1, 0, 0, 0, 0, -1, 0, 0, 0, 0, 0, 0,
    0, 0, 0, 0, -1, 0, 0, 0, 0, 0, 0, 0, 0, 0, 0, 0,
    0, 0, 0, 0, 0, 0, 0, 0, 0, 0, -1, 0, -1, 0, 0, 0,
    0, 0, 0, 0, 0, 0, 0, 0, 0, 0, 0, 0, 0, 0, 0, 0,
    0, 0, -4, 0, -1, 0, 0, 0, -1, 0, 0, 0, 0, 0, 0, 0,
    0, 0, 0, 0, 0, 0, 0, 0, 0, 0, 0, 0, 0, -1, 0, 0,
    0, 0, 0, 0, 0, 0, 0, 0, 0, 0, 0, 0, 0, 0, 0, 0,
    0, 0, 0, 0, 0, 0, 0, -1, 0, 0, 0, 0, 0, 0, 0, 0,
    0, 0, 0, 0, 0, 0, 0, 0, 0, 0, 0, 0, 0, 0, 0, 0,
    0, 0, 0, 0, 0, 0, 0, 0, 0, 0, 0, 0, 0, 0, 0, 0,
    0, 0, 0, 0, 0, 0, 0, 0, 0, 0, 0, 0, 0, 0, 0, 0,
    -1, 0, 0, 0, 0, 0, 0, 0, 0, 0, 0, 0, 0, 0, 0, 0,
    0, 0, 0, 0, 0, 0, 0, 0, 0, 0, 0, 0, 0, 0, 0, 0,
    0, 0, 0, 0, 0, 0, 0, 0, 0, 0, 0, 0, 0, 0, 0, 0,
    0, 0, 0, 0, 0, 0, 0, 0, 0, -1, 0, 0, 0, -1, 0, 0,
    0, 0, 0, -1, 0, 0, 0, 0, 0, 0, 0, 0, 0, 0, 0, 0,
    0, 0, -1, 0, 0, 0, 0, 0, -1, 0, 0, -1, 0, -2, -1, 0,
    0, 0, 0, 0, 0, 0, 0, -1, 0, -1, 0, 0, 0, 0, 0, 0,
    0, 0, 0, 0, 0, 0, 0, -1, 0, 0, 0, 0, 0, 0, 0, 0,
    0, 0, 0, 0, 0, 0, -1, -1, 0, 0, 0, 0, 0, 0, 0, 0,
    0, 0, 0, 0, 0, 0, 0, 0, 0, 0, 0, 0, 0, 0, 0, 0,
    0, 0, 0, -1, -1, 0, -3, -3, -4, 0, 0, 0, -1, 0, 0, 0,
    0, 0, 0, 0, 0, 0, 0, 0, 0, 0, 0, 0, 0, 0, 0, 0,
    0, 0, -9, -1, -9, 0, -1, -8, -9, -9, -1, -9, 0, -1, -8, -9,
    -4, -7,
};

static const int8_t kAgendaYOffsets[] PROGMEM = {
    0, -17, -17, -17, -18, -17, -17, -17, -17, -17, -18, -14, -3, -8, -4, -17,
    -17, -17, -17, -17, -17, -17, -17, -17, -17, -17, -13, -13, -15, -12, -15, -17,
    -17, -17, -17, -17, -17, -17, -17, -17, -17, -17, -17, -17, -17, -17, -17, -17,
    -17, -17, -17, -17, -17, -17, -17, -17, -17, -17, -17, -17, -17, -17, -17, 0,
    -18, -13, -18, -13, -18, -13, -18, -13, -18, -18, -18, -18, -18, -13, -13, -13,
    -13, -13, -13, -13, -16, -13, -13, -13, -13, -13, -13, -17, -18, -17, -11, 0,
    -13, -17, -17, -14, -17, -18, -18, -17, -17, -17, -13, -10, -8, -17, -21, -17,
    -15, -21, -21, -18, -13, -18, -11, 0, -20, -17, -13, -17, -17, -17, -13, -22,
    -22, -22, -22, -21, -21, -17, -17, -22, -22, -22, -21, -22, -22, -22, -21, -17,
    -22, -22, -22, -22, -22, -21, -14, -18, -22, -22, -22, -21, -22, -17, -18, -18,
    -18, -18, -18, -17, -20, -13, -13, -18, -18, -18, -17, -18, -18, -18, -17, -19,
    -18, -18, -18, -18, -18, -17, -14, -14, -18, -18, -18, -17, -18, -18, -17, -21,
    -17, -22, -18, -17, -13, -22, -18, -22, -18, -21, -17, -22, -18, -22, -18, -17,
    -18, -21, -17, -22, -18, -21, -17, -17, -13, -22, -18, -22, -18, -22, -18, -21,
    -17, -17, -18, -22, -23, -17, -18, -22, -18, -21, -17, -22, -18, -17, -18, -21,
    -13, -17, -18, -22, -18, -17, -18, -13, -22, -23, -17, -18, -17, -18, -17, -18,
    -17, -18, -22, -18, -17, -13, -22, -18, -17, -17, -13, -21, -17, -22, -18, -22,
    -18, -17, -13, -22, -18, -17, -13, -22, -18, -22, -18, -22, -18, -17, -13, -22,
    -18, -17, -16, -22, -18, -17, -16, -22, -18, -21, -17, -22, -18, -24, -20, -22,
    -18, -17, -13, -22, -18, -22, -18, -21, -22, -18, -21, -17, -22, -18, -18, -18,
    -17, -17, -18, -17, -18, -17, -21, -18, -17, -17, -17, -18, -13, -17, -17, -17,
    -17, -18, -21, -17, -18, -17, -17, -17, -18, -18, -18, -17, -17, -13, -17, -18,
    -15, -17, -13, -17, -18, -17, -17, -13, -17, -18, -15, -17, -18, -17, -18, -15,
    -17, -17, -17, -13, -17, -13, -17, -17, -13, -13, -18, -17, -13, -16, -13, -18,
    -18, -18, -17, -22, -18, -18, -17, -18, -18, -17, -18, -18, -22, -18, -22, -18,
    -22, -18, -22, -18, -25, -20, -25, -20, -25, -21, -25, -20, -13, -24, -20, -24,
    -20, -21, -17, -17, -13, -22, -18, -22, -23, -17, -13, -21, -17, -22, -18, -18,
    -17, -17, -18, -22, -18, -17, -17, -22, -18, -23, -23, -22, -18, -22, -18, -22,
    -18, -23, -19, -22, -18, -23, -19, -22, -18, -23, -19, -22, -18, -23, -19, -22,
    -18, -23, -19, -22, -18, -23, -19, -17, -13, -17, -16, -17, -13, -22, -23, -17,
    -18, -17, -18, -17, -13, -21, -17, -17, -13, -25, -21, -24, -20, -21, -17, -24,
    -21, -21, -17, -18, -13, -16, -13, -18, -13, -18, -18, -18, -17, -18, -13, -13,
    -17, -13, -17, -17, -17, -18, -14, -17, -18, -17, -13, -17, -14, -17, -13, -13,
    -13, -13, -18, -13, -13, -18, -18, -13, -13, -13, -13, -13, -13, -13, -13, -18,
    -13, -13, -13, -13, -13, -18, -18, -18, -13, -13, -18, -18, -18, -18, -13, -13,
    -13, -13, -13, -13, -13, -13, -13, -18, -13, -18, -13, -13, -13, -13, -13, -13,
    -13, -13, -18, -18, -13, -18, -13, -15, -13, -13, -13, -13, -13, -18, -13, -13,
    -13, -13, -13, -18, -18, -18, -13, -17, -13, -13, -18, -13, -18, -13, -13, -18,
    -18, -18, -18, -18, -18, -16, -18, -16, -18, -18, -18, -17, -17, -13, -13, -18,
    -18, -18, -15, -15, -15, -15, -15, -15, -17, -17, -17, -17, -17, -19, -19, -18,
    -18, -19, -19, -19, -19, -18, -18, -18, -17, -18, -18, -1, 0, 0, 0, -13,
    -13, -10, -10, -10, -10, -9, -8, -18, -17, -20, 0, -18, -18, -10, -19, -15,
    -18, -15, -15, -18, -17, -16, -16, -16, -16, -13, -12, 0, -20, -17, 0, 0,
    -1, -1, 0, -10, -11, -10, 0, -18, -16, -16, -6, -6, 0, 0, -2, -18,
    -18, -18, -18, -17, -20, -18, -17, -17, -20, -20, -18, -18, -18, -18, -18, -20,
    -19, -17, -17, -17, -17, 0, 0, 0, 0, -22, -18, 0, 0, 0, 0, 0,
    -1, -1, 0, 0, 0, 0, 0, 0, 0, 0, 0, 0, 0, 0, 0, 0,
    0, 0, 0, -8, -8, -8, -10, -18, 0, 0, 0, 0, -19, -21, -24, -18,
    -18, -18, -18, -18, 0, -18, 0, 0, 0, -18, -22, -20, 0, 0, -16, -19,
    -19, -20, 0, 0, 0, 0, -19, -17, 0, 0, -19, 0, -19, -16, 0, -18,
    -21, 0, -20, -20, -22, -19, -20, -19, -21, -22, -20, -20, -22, -20, -20, -18,
    -20, -20, -20, -22, 0, 0, 0, 0, -1, -1, -19, -19, 0, -8, 0, 0,
    -13, -13, -13, -13, -13, -13, -13, -13, -13, -13, -13, -13, -13, -13, -13, -13,
    -13, -12, -11, -12, -13, -13, -13, -7, -13, -13, -13, -13, -13, -12, -12, -15,
    -13, -13, -13, -13, -18, -13, -13, -13, -13, -13, -13, -13, -17, -17, -17, -17,
    -17, -17, -17, -17, -17, -17, -17, -17, -17, -17, -17, -17, -17, -17, -17, -17,
    -17, -17, -17, -15, -15, -15, -15, -18, -18, -15, -15, -15, -15, -15, -15, -18,
    -15, -15, -15, -15, -15, -11, -15, -17, -15, -15, -15, -15, -15, -18, -15, -18,
    -18, -15, -9, -6, -6, -6, -9, -6, -6, -9, -6, -13, -18, -18, -18, -13,
    -13, -13, -14, -13, -13, -16, -13, -19, -15, -13, -18, -13, -13, -13, -13, -13,
    -18, -18, -18, -13, -18, -18, -13, -13, -13, -13, -13, -18, -13, -13, -13, -13,
    -13, -18, -13, -13, -13, -13, -18, -13, -18, -13, -13, -15, -15, -15, -19, -15,
    -18, -15, -15, -15, -18, -15, -15, -15, -18, -18, -18, -15, -15, -15, -15, -15,
    -15, -15, -18, -15, -18, -16, -15, -15, -15, -15, -15, -15, -15, -15, -15, -18,
    -20, -20, 0, -18, -18, -18, -18, -18, -18, -18, 0, -19, -17, -18, -19, 0,
    -1, -19, -20, -18, -19, -19, -20, -22, -22, -22, -22, -19, -22, -22, -20, -20,
    -20, -20, -19, -19, -19, -22, -20, -19, -21, -24, -20, -22, -22, -19, -22, -24,
    -20, -20, -22, -21, -22, -15, -18, -18, -17, 0, -17, 0, 0, -19, 0, -17,
    -13, -21, -22, -17, -18, -17, -18, -22, -18, -21, -22, -17, -18, -17, -18, -17,
    -18, -17, -18, -25, -21, -25, -21, -17, -13, -17, -13, -22, -18, -21, -22, -21,
    -17, -21, -22, -17, -18, -21, -22, -17, -18, -17, -18, -17, -18, -24, -20, -22,
    -23, -17, -18, -17, -18, -17, -18, -21, -22, -17, -18, -17, -18, -22, -18, -21,
    -17, -17, -13, -21, -17, -17, -13, -17, -13, -17, -13, -25, -21, -24, -20, -25,
    -21, -25, -21, -22, -18, -21, -17, -21, -17, -17, -13, -21, -17, -17, -13, -21,
    -17, -17, -13, -22, -18, -25, -21, -21, -17, -21, -20, -17, -16, -17, -16, -17,
    -16, -17, -13, -17, -13, -17, -13, -25, -21, -25, -20, -22, -18, -17, -13, -22,
    -18, -22, -18, -21, -17, -21, -17, -17, -13, -21, -17, -21, -17, -21, -17, -22,
    -18, -17, -13, -17, -13, -18, -20, -20, -20, -19, -21, -18, -18, -17, -18, -17,
    -13, -24, -20, -23, -19, -23, -19, -24, -20, -25, -21, -22, -18, -24, -20, -24,
    -20, -24, -21, -25, -21, -22, -18, -17, -13, -24, -20, -22, -18, -23, -19, -23,
    -19, -24, -20, -25, -21, -22, -18, -23, -19, -17, -18, -17, -13, -24, -20, -23,
    -19, -23, -19, -24, -20, -25, -21, -22, -18, -22, -18, -22, -18, -24, -20, -22,
    -18, -18, -15, -17, -13, -24, -19, -22, -18, -22, -18, -24, -19, -22, -18, -18,
    -15, -22, -18, -17, -13, -23, -19, -22, -18, -17, -18, -18, -19, -17, -13, 0,
    0, 0, 0, 0, 0, 0, 0, 0, 0, 0, 0, 0, 0, -17, -17, -8,
    -8, -10, -8, -8, -8, -18, 0, -17, -17, -3, -17, -17, -17, -3, -17, -18,
    -18, -12, -14, -4, -4, -4, -9, 0, 0, -14, -14, -16, -16, -16, 0, -17,
    -17, -17, -17, -17, -17, -17, -17, -2, -13, -13, -17, -17, -17, -21, 0, -19,
    -9, -18, -8, -17, -17, -17, -17, -17, -17, -13, -18, -13, -13, -6, -13, -19,
    -18, -17, -9, 0, -12, -17, -17, -17, -17, -17, -19, -18, -18, -17, 0, 0,
    0, 0, 0, 0, 0, 0, 0, 0, -16, -16, -16, -17, -17, -16, -21, -18,
    -21, -21, -21, -21, -21, -21, -18, -16, -17, -21, -21, -15, -8, -7, -8, -8,
    -8, -8, -8, -8, -8, -8, -6, -4, -5, -8, -8, -6, -6, -6, -6, -6,
    -9, -9, -9, -6, -6, -6, -6, -8, -17, -18, -17, -17, -17, -16, -17, -17,
    -17, -17, -17, -18, -17, -17, -17, -17, -17, -17, -18, -17, -17, -18, -16, -17,
    -17, -17, -17, -17, -17, -17, -19, -19, -21, -18, -17, -18, -17, -17, -18, -18,
    -17, -17, -17, -9, -18, -18, -18, -18, -19, -17, -18, -18, -18, -19, -17, -17,
    -18, -16, -18, -17, -18, -18, -18, -17, -22, -18, -18, -18, -22, -18, -17, -17,
    -17, -19, -14, -17, -21, -18, -18, -13, -9, -18, -17, -17, -17, -9, -15, -14,
    -15, -15, -18, -16, -17, -14, -13, -18, -18, -18, -18, -17, -17, -17, -18, -19,
    -14, -18, -20, -19, -18, -18, -18, -13, -13, -17, -17, -17, -17, -17, -17, -18,
    -18, -18, -17, -18, -17, -17, -17, -17, -17, -13, -18, -17, -18, -17, -17, -17,
    -14, -18, -17, -18, -17, -18, -17, -13, -17, -17, -17, -17, -13, -17, -13, -13,
    -17, -13, -14, -13, -18, -13, -13, -9, -17, -17, -17, -18, -8, -17, -14, -17,
    -13, -17, -18, -17, -15, -17, -13, -17, -13, -17, -13, -13, -13, -17, -13, -17,
    -13, -17, -13, -17, -13, -17, -13, -17, -13, -17, -13, -17, -18, -17, -18, -17,
    -18, -17, -18, -17, -18, -17, -13, -17, -13, -17, -13, -17, -13, -17, -13, -17,
    -13, -17, -13, -17, -13, -17, -13, -17, -13, -17, -15, -17, -13, -18, -16, -17,
    -18, -17, -18, -17, -13, -17, -13, -17, -18, -17, -13, -15, -18, -18, -13, -13,
    -17, -13, -18, -17, -17, -18, -17, -13, -17, -17, -19, -17, -13, -17, -13, -17,
    -13, -17, -13, 0, -13, -11, -17, -17, -17, -18, -12, -17, -13, -17, -13, -13,
    -18, -17, -18, -17, -18, -17, -13, -17, -13, -17, -13, -17, -13, -17, -18, -17,
    -13, -17, -14, -17, -13, -17, -17, -17, -17, -17, -14, -17, -17, -17, -17, -17,
    -18, -17, -13, -18, -14, -17, -21, -17, -21, -17, -21, -20, -15, -17, -17, -17,
    -17, -18, -17, -13, -17, -13, -12, -17, -15, -13, -17, -17, -17, -22, -17, -13,
    -13, -12, -13, -13, -18, -13, -18, -18, -18, -13, -13, -13, -12, -12, -14, -13,
    -14, -13, -13, -14, -13, -13, -14, -13, -13, -13, -14, -14, -18, -13, -13, -13,
    -13, -13, -13, -13, -13, -13, -13, -13, -13, -13, -18, -18, -18, -18, -15, -13,
    -13, -13, -13, -13, -13, -18, -15, -13, -15, -9, -9, -18, -18, -18, -18, -18,
    -18, -18, -19, -19, -19, -19, -19, -19, -19, 0, 0, 0, 0, 0, 0, 0,
    -19, -20,
};

constexpr uint8_t kAgendaAscent = 26;

constexpr uint8_t kAgendaDescent = 8;

static const uint8_t kUi10Bitmaps[] PROGMEM = {
    0xDB, 0x64, 0x06, 0xF6, 0x94, 0x00, 0x00, 0x00, 0x28, 0xAF, 0xDE, 0x7B, 0xF7, 0x94, 0x23, 0xFF,
    0xC7, 0x1E, 0xFF, 0x20, 0x66, 0x7A, 0x3F, 0x1F, 0xE7, 0xF0, 0xA8, 0xDC, 0x6E, 0x70, 0xF1, 0xE3,
    0x87, 0x7B, 0xBF, 0x3F, 0xD9, 0x00, 0x00, 0x66, 0xCC, 0xCC, 0xC6, 0x60, 0xCD, 0xB6, 0xDB, 0xC0,
    0x27, 0xFE, 0xE5, 0x00, 0x00, 0x21, 0x3E, 0x62, 0x00, 0x5B, 0x00, 0x1C, 0x00, 0x18, 0x31, 0x88,
    0xC6, 0x23, 0x18, 0x77, 0xF7, 0xBD, 0xED, 0xEE, 0x33, 0x9C, 0x63, 0x18, 0xC6, 0x77, 0xC6, 0x33,
    0x33, 0x9F, 0xF3, 0xC6, 0xE3, 0x8F, 0xFE, 0x38, 0xE7, 0x9E, 0xDB, 0xE1, 0x86, 0x7B, 0x31, 0xE7,
    0x8F, 0xFE, 0x39, 0xCC, 0x3E, 0xFB, 0x6F, 0x9C, 0xF8, 0xC6, 0x63, 0x19, 0x8C, 0x77, 0xF6, 0xE7,
    0xEF, 0xEE, 0x77, 0xF7, 0xB7, 0x8D, 0xEE, 0xC0, 0x01, 0x80, 0xC0, 0x0D, 0xB0, 0x00, 0xDD, 0xC7,
    0x8C, 0x00, 0x07, 0xC1, 0xF0, 0x00, 0x06, 0x1C, 0x37, 0x60, 0x00, 0xF7, 0x8C, 0x66, 0x30, 0x0C,
    0x3C, 0x7E, 0x5F, 0xFD, 0xF5, 0xFF, 0xFE, 0x60, 0x3C, 0x00, 0x30, 0x71, 0xE3, 0xC6, 0xDF, 0xBF,
    0x66, 0x79, 0xF6, 0xDE, 0x7D, 0xB7, 0xDE, 0x3D, 0xEE, 0x30, 0xC3, 0x07, 0x8E, 0x78, 0xF9, 0xB3,
    0x66, 0xCD, 0x9F, 0x3C, 0x7B, 0x18, 0xF6, 0x31, 0x8F, 0x7B, 0x18, 0xC7, 0xB1, 0x8C, 0x3C, 0xFB,
    0x86, 0x0D, 0xD9, 0x9F, 0x1E, 0x6C, 0xD9, 0xB3, 0xE6, 0xCD, 0x9B, 0x36, 0xF6, 0x66, 0x66, 0x6F,
    0x33, 0x33, 0x33, 0x33, 0x6E, 0x00, 0x6C, 0xF1, 0xE3, 0x87, 0x8F, 0x1F, 0x36, 0x63, 0x18, 0xC6,
    0x31, 0xEF, 0x63, 0x33, 0x9D, 0xCE, 0xE7, 0xF2, 0xF9, 0x7C, 0xB6, 0x66, 0xED, 0xDB, 0xB5, 0xEB,
    0xD3, 0xA7, 0x3C, 0xFB, 0x9E, 0x3C, 0x78, 0xDF, 0x1E, 0x79, 0xE6, 0xDE, 0x79, 0x86, 0x18, 0x3C,
    0xFB, 0x9E, 0x3C, 0x78, 0xDF, 0x1E, 0x0C, 0x08, 0x78, 0xF1, 0xB3, 0xC7, 0x8F, 0x1E, 0x36, 0x7F,
    0xF0, 0xE3, 0x8F, 0xFE, 0xF9, 0xC3, 0x0C, 0x30, 0xC3, 0x0C, 0x4C, 0x99, 0x32, 0x64, 0xCD, 0x9F,
    0x3C, 0xCF, 0x3C, 0xDE, 0x79, 0xE3, 0x0C, 0xDD, 0xEE, 0xF7, 0x7B, 0xA7, 0x73, 0xB9, 0xDC, 0xEE,
    0xCD, 0xE7, 0x8C, 0x31, 0xE7, 0xB3, 0xCF, 0x67, 0x9C, 0x30, 0xC3, 0x0C, 0xF8, 0xE3, 0x0C, 0x61,
    0x8E, 0x3E, 0xFB, 0x6D, 0xB6, 0xE0, 0xC6, 0x10, 0xC6, 0x10, 0xC6, 0xED, 0xB6, 0xDB, 0xE0, 0x21,
    0xC7, 0x16, 0xC8, 0x00, 0x00, 0x01, 0xF0, 0x00, 0x46, 0x00, 0x00, 0x00, 0x00, 0x71, 0xE7, 0xBE,
    0xF9, 0xE0, 0xC3, 0x0F, 0xBE, 0xCF, 0x3F, 0xBE, 0x77, 0xB1, 0x8F, 0x38, 0x18, 0x67, 0xBE, 0xCB,
    0x2F, 0x9E, 0x73, 0xEF, 0xB0, 0xF9, 0xE0, 0x76, 0xFE, 0x66, 0x66, 0x7B, 0xEC, 0xB2, 0xF9, 0xE1,
    0x9E, 0x70, 0xC3, 0x0F, 0xBE, 0xCF, 0x3C, 0xF3, 0x43, 0x6D, 0xB6, 0x20, 0x66, 0x66, 0x66, 0x66,
    0xE0, 0xC3, 0x0D, 0xBE, 0xF3, 0xCD, 0xB3, 0xDB, 0x6D, 0xB6, 0xFF, 0x7F, 0xB2, 0x79, 0x3C, 0x9E,
    0x4C, 0xFB, 0xEC, 0xF3, 0xCF, 0x30, 0x7B, 0xEC, 0xF3, 0xF9, 0xE0, 0xFB, 0xEC, 0xF3, 0xFB, 0xEC,
    0x30, 0xC0, 0x7B, 0xEC, 0xB2, 0xF9, 0xE1, 0x86, 0x18, 0xFE, 0xCC, 0xCC, 0x77, 0xB8, 0x6F, 0x78,
    0x6F, 0xE6, 0x66, 0x70, 0xCF, 0x3C, 0xF3, 0x7D, 0xF0, 0xDB, 0x65, 0x9C, 0x71, 0xC0, 0xDB, 0xDB,
    0xFE, 0x7E, 0x7E, 0x66, 0xD9, 0xE7, 0x1C, 0x7B, 0x60, 0xDB, 0x65, 0x9C, 0x71, 0xC3, 0x18, 0xE0,
    0xF1, 0x98, 0xCE, 0x78, 0x76, 0x66, 0xC6, 0x66, 0x70, 0x21, 0x08, 0x42, 0x10, 0x84, 0x21, 0x08,
    0xC6, 0x66, 0x76, 0x66, 0xC0, 0x07, 0x7E, 0x00, 0x00,
};

static const GFXglyph kUi10Glyphs[] PROGMEM = {
    {0, 2, 0, 2, 0, 0},
    {0, 3, 8, 3, 0, -8},
    {3, 5, 8, 5, 0, -8},
    {8, 6, 8, 6, 0, -8},
    {14, 5, 9, 5, 0, -8},
    {20, 9, 8, 9, 0, -8},
    {29, 7, 8, 7, 0, -8},
    {36, 3, 8, 3, 0, -8},
    {39, 4, 9, 3, 0, -8},
    {44, 3, 9, 3, 0, -8},
    {48, 5, 8, 5, 0, -8},
    {53, 5, 6, 5, 0, -6},
    {57, 3, 3, 3, 0, -2},
    {59, 3, 4, 3, 0, -4},
    {61, 3, 2, 3, 0, -2},
    {62, 5, 8, 4, 0, -8},
    {67, 5, 8, 5, 0, -8},
    {72, 5, 8, 5, 0, -8},
    {77, 5, 8, 5, 0, -8},
    {82, 5, 8, 5, 0, -8},
    {87, 6, 8, 5, 0, -8},
    {93, 5, 8, 5, 0, -8},
    {98, 6, 8, 5, 0, -8},
    {104, 5, 8, 5, 0, -8},
    {109, 5, 8, 5, 0, -8},
    {114, 5, 8, 5, 0, -8},
    {119, 3, 6, 3, 0, -6},
    {122, 3, 7, 3, 0, -6},
    {125, 5, 7, 5, 0, -7},
    {130, 5, 6, 5, 0, -6},
    {134, 5, 7, 5, 0, -7},
    {139, 5, 8, 4, 0, -8},
    {144, 8, 10, 8, 0, -8},
    {154, 7, 8, 6, 0, -8},
    {161, 6, 8, 6, 0, -8},
    {167, 6, 8, 6, 0, -8},
    {173, 7, 8, 7, 0, -8},
    {180, 5, 8, 5, 0, -8},
    {185, 5, 8, 5, 0, -8},
    {190, 7, 8, 7, 0, -8},
    {197, 7, 8, 7, 0, -8},
    {204, 4, 8, 4, 0, -8},
    {208, 4, 11, 3, -1, -8},
    {214, 7, 8, 6, 0, -8},
    {221, 5, 8, 5, 0, -8},
    {226, 9, 8, 9, 0, -8},
    {235, 7, 8, 7, 0, -8},
    {242, 7, 8, 7, 0, -8},
    {249, 6, 8, 6, 0, -8},
    {255, 7, 10, 7, 0, -8},
    {264, 7, 8, 6, 0, -8},
    {271, 5, 8, 5, 0, -8},
    {276, 6, 8, 5, 0, -8},
    {282, 7, 8, 7, 0, -8},
    {289, 6, 8, 6, 0, -8},
    {295, 9, 8, 9, 0, -8},
    {304, 6, 8, 6, 0, -8},
    {310, 6, 8, 6, 0, -8},
    {316, 6, 8, 5, 0, -8},
    {322, 3, 10, 3, 0, -8},
    {326, 5, 8, 4, 0, -8},
    {331, 3, 10, 3, 0, -8},
    {335, 6, 8, 5, 0, -8},
    {341, 6, 3, 4, -1, 0},
    {344, 4, 9, 3, 0, -9},
    {349, 6, 6, 6, 0, -6},
    {354, 6, 8, 6, 0, -8},
    {360, 5, 6, 5, 0, -6},
    {364, 6, 8, 6, 0, -8},
    {370, 6, 6, 5, 0, -6},
    {375, 4, 8, 4, 0, -8},
    {379, 6, 9, 6, 0, -6},
    {386, 6, 8, 6, 0, -8},
    {392, 3, 8, 3, 0, -8},
    {395, 4, 11, 3, -1, -8},
    {401, 6, 8, 6, 0, -8},
    {407, 3, 8, 3, 0, -8},
    {410, 9, 6, 9, 0, -6},
    {417, 6, 6, 6, 0, -6},
    {422, 6, 6, 6, 0, -6},
    {427, 6, 9, 6, 0, -6},
    {434, 6, 9, 6, 0, -6},
    {441, 4, 6, 4, 0, -6},
    {444, 5, 6, 5, 0, -6},
    {448, 4, 7, 4, 0, -7},
    {452, 6, 6, 6, 0, -6},
    {457, 6, 6, 5, 0, -6},
    {462, 8, 6, 8, 0, -6},
    {468, 6, 6, 5, 0, -6},
    {473, 6, 9, 5, 0, -6},
    {480, 5, 6, 4, 0, -6},
    {484, 4, 10, 4, 0, -8},
    {489, 5, 11, 5, 0, -8},
    {496, 4, 10, 4, 0, -8},
    {501, 5, 6, 5, 0, -6},
};

static const GFXfont kUiFont10 PROGMEM = {
    (uint8_t*)kUi10Bitmaps,
    (GFXglyph*)kUi10Glyphs,
    0x0020, 0x007E, 12};

static const uint8_t kUi16Bitmaps[] PROGMEM = {
    0x77, 0x77, 0x77, 0x66, 0x06, 0x76, 0x6E, 0xDD, 0xBB, 0x60, 0x00, 0x00, 0x00, 0x00, 0x00, 0x00,
    0x00, 0x1B, 0x06, 0xC1, 0xB1, 0xFE, 0x7F, 0x8D, 0x83, 0x63, 0xFE, 0xFF, 0x8D, 0x87, 0x61, 0xB0,
    0x08, 0x1F, 0x1F, 0xCF, 0xCF, 0x83, 0xC0, 0xF8, 0x3E, 0x0F, 0x27, 0xBF, 0xCF, 0xC0, 0x80, 0x78,
    0xE1, 0xE3, 0x0F, 0xDC, 0x3F, 0x60, 0xFF, 0x83, 0xFD, 0xC7, 0xFF, 0x9F, 0xB6, 0x0E, 0xD8, 0x33,
    0x60, 0xCF, 0x86, 0x1C, 0x3E, 0x03, 0xE0, 0x77, 0x07, 0x70, 0x3E, 0x03, 0xE0, 0x7C, 0xE7, 0xFC,
    0xE7, 0xCE, 0x38, 0x7F, 0xC3, 0xFE, 0x66, 0x66, 0x00, 0x00, 0x00, 0x00, 0x39, 0x9C, 0xC6, 0x33,
    0x9C, 0x63, 0x18, 0xE3, 0x1C, 0xE3, 0x9C, 0x63, 0x9C, 0xE7, 0x39, 0xCC, 0xE7, 0x70, 0x18, 0x18,
    0xFF, 0xFF, 0x3C, 0x7E, 0x76, 0x00, 0x00, 0x00, 0x00, 0x00, 0x18, 0x0C, 0x06, 0x1F, 0xEF, 0xF0,
    0xC0, 0x60, 0x30, 0x00, 0x00, 0x00, 0x76, 0x6E, 0xFF, 0xC0, 0x00, 0x00, 0x67, 0x60, 0x0E, 0x18,
    0x70, 0xC1, 0x87, 0x0C, 0x38, 0x70, 0xC3, 0x87, 0x00, 0x3C, 0x3F, 0x1D, 0xCC, 0xEE, 0x77, 0x3B,
    0x9D, 0xCE, 0x67, 0x3B, 0x9F, 0x87, 0x80, 0x0E, 0x1F, 0x1F, 0x8F, 0xC2, 0xE0, 0x70, 0x38, 0x1C,
    0x0E, 0x07, 0x03, 0x81, 0xC0, 0x3C, 0x3F, 0x19, 0xC0, 0xE0, 0x70, 0x70, 0x38, 0x38, 0x38, 0x38,
    0x3F, 0xDF, 0xE0, 0x7E, 0x3F, 0x11, 0xC0, 0xE0, 0xE1, 0xE0, 0xF8, 0x0E, 0x07, 0x03, 0xBF, 0xCF,
    0xC0, 0x0E, 0x07, 0x07, 0x83, 0xC3, 0xE3, 0xF1, 0xB9, 0xDC, 0xFF, 0xFF, 0xC3, 0x81, 0xC0, 0x7E,
    0x3F, 0x1C, 0x0C, 0x07, 0xC3, 0xF0, 0x3C, 0x0E, 0x07, 0x23, 0x9F, 0x8F, 0x80, 0x1F, 0x1F, 0x9C,
    0x0C, 0x07, 0xE7, 0xFB, 0xDD, 0xCE, 0xE7, 0x3B, 0x9F, 0xC7, 0xC0, 0xFF, 0x7F, 0x81, 0xC0, 0xC0,
    0xE0, 0x70, 0x30, 0x38, 0x1C, 0x1C, 0x0E, 0x06, 0x00, 0x3E, 0x3F, 0x9D, 0xCC, 0xE7, 0xE1, 0xE1,
    0xF8, 0xEE, 0xE3, 0x73, 0x9F, 0xC7, 0xC0, 0x3C, 0x3F, 0x19, 0xDC, 0xEE, 0x77, 0x39, 0xFC, 0x7E,
    0x07, 0x07, 0x1F, 0x8F, 0x80, 0x67, 0x60, 0x00, 0x67, 0x60, 0x67, 0x60, 0x00, 0x07, 0x66, 0xE0,
    0x01, 0x03, 0x87, 0x8F, 0x0F, 0x03, 0xE0, 0x3C, 0x06, 0x00, 0x00, 0x00, 0xFF, 0x7F, 0x80, 0x1F,
    0xEF, 0xF0, 0x00, 0x00, 0x00, 0xC0, 0x78, 0x1F, 0x03, 0xE0, 0xF1, 0xF1, 0xE1, 0xC0, 0x00, 0x00,
    0x00, 0x7D, 0xFD, 0x38, 0x71, 0xC7, 0x8C, 0x18, 0x00, 0x61, 0xE1, 0x80, 0x0F, 0xC0, 0xFF, 0x0E,
    0x1C, 0xEF, 0xE6, 0xFF, 0xB6, 0x6D, 0xF7, 0x6F, 0xBB, 0x7D, 0xFB, 0x7F, 0x9D, 0xD8, 0x70, 0x83,
    0xFC, 0x07, 0xC0, 0x1E, 0x03, 0xC0, 0x78, 0x1F, 0x83, 0xF0, 0x66, 0x1C, 0xE3, 0xFC, 0x7F, 0x9C,
    0x3B, 0x87, 0x70, 0xE0, 0x7F, 0x1F, 0xE7, 0x39, 0xCE, 0x73, 0x9F, 0xC7, 0xF9, 0xCE, 0x73, 0x9C,
    0xE7, 0xF9, 0xFC, 0x1F, 0x9F, 0xDE, 0x4E, 0x07, 0x03, 0x81, 0xC0, 0xE0, 0x70, 0x3C, 0x0F, 0xE3,
    0xE0, 0x7F, 0x0F, 0xF1, 0xCE, 0x38, 0xE7, 0x1C, 0xE3, 0x9C, 0x73, 0x8E, 0x71, 0xCE, 0x71, 0xFE,
    0x3F, 0x00, 0x7F, 0x7F, 0x70, 0x70, 0x70, 0x7E, 0x7E, 0x70, 0x70, 0x70, 0x7F, 0x7F, 0x7F, 0x7F,
    0x70, 0x70, 0x70, 0x7E, 0x7E, 0x70, 0x70, 0x70, 0x70, 0x70, 0x1F, 0x87, 0xF1, 0xE2, 0x38, 0x07,
    0x00, 0xEF, 0x9D, 0xF3, 0x8E, 0x71, 0xCF, 0x38, 0xFF, 0x0F, 0xE0, 0x71, 0xCE, 0x39, 0xC7, 0x38,
    0xE7, 0x1C, 0xFF, 0x9F, 0xF3, 0x8E, 0x71, 0xCE, 0x39, 0xC7, 0x38, 0xE0, 0xFF, 0xE3, 0x0C, 0x30,
    0xC3, 0x0C, 0x30, 0xC7, 0xBF, 0x1C, 0x38, 0x70, 0xE1, 0xC3, 0x87, 0x0E, 0x1C, 0x38, 0x70, 0xE1,
    0xCF, 0x1C, 0x00, 0x71, 0xDC, 0xE7, 0x71, 0xDC, 0x7E, 0x1F, 0x87, 0xE1, 0xFC, 0x77, 0x1C, 0xE7,
    0x39, 0xC7, 0x70, 0x70, 0x70, 0x70, 0x70, 0x70, 0x70, 0x70, 0x70, 0x70, 0x7F, 0x7F, 0x78, 0x79,
    0xE1, 0xE7, 0x87, 0x9F, 0x3E, 0x7C, 0xF9, 0xF3, 0xE7, 0xFF, 0x9F, 0xFE, 0x77, 0xB9, 0xDE, 0xE7,
    0x7B, 0x9C, 0xCE, 0x78, 0xE7, 0x8E, 0x7C, 0xE7, 0xCE, 0x7E, 0xE7, 0xEE, 0x77, 0xE7, 0x7E, 0x73,
    0xE7, 0x3E, 0x71, 0xE7, 0x1E, 0x1F, 0x03, 0xFC, 0x79, 0xC7, 0x0E, 0x70, 0xE7, 0x0E, 0x70, 0xE7,
    0x0E, 0x70, 0xE7, 0x9C, 0x3F, 0xC1, 0xF0, 0x7E, 0x3F, 0x9C, 0xEE, 0x77, 0x3B, 0xBD, 0xFC, 0xFC,
    0x70, 0x38, 0x1C, 0x0E, 0x00, 0x1F, 0x83, 0xFC, 0x79, 0xC7, 0x0E, 0x70, 0xE7, 0x0E, 0x70, 0xE7,
    0x0E, 0x70, 0xE7, 0x9C, 0x3F, 0xC1, 0xF8, 0x03, 0x80, 0x1C, 0x00, 0xC0, 0x7E, 0x1F, 0xC7, 0x39,
    0xCE, 0x73, 0x9D, 0xE7, 0xF1, 0xF8, 0x77, 0x1D, 0xC7, 0x39, 0xC7, 0x3E, 0x7E, 0x72, 0x60, 0x78,
    0x7C, 0x3E, 0x0F, 0x07, 0xC7, 0xFE, 0x7C, 0xFF, 0x7F, 0x87, 0x03, 0x81, 0xC0, 0xE0, 0x70, 0x38,
    0x1C, 0x0E, 0x07, 0x03, 0x80, 0x71, 0xCE, 0x39, 0xC7, 0x38, 0xE7, 0x1C, 0xE3, 0x9C, 0x73, 0x8E,
    0x71, 0xCF, 0x78, 0xFE, 0x0F, 0x80, 0xE1, 0xF8, 0x6E, 0x39, 0xCE, 0x73, 0x9D, 0xC3, 0x70, 0xFC,
    0x3E, 0x07, 0x81, 0xE0, 0x70, 0xE3, 0x8D, 0xC7, 0x3B, 0x9E, 0x73, 0x3C, 0xE6, 0x79, 0xCE, 0xFB,
    0x1F, 0xFE, 0x3F, 0x7C, 0x3C, 0xF8, 0x79, 0xE0, 0xF3, 0xC1, 0xE3, 0x80, 0xE3, 0x9C, 0xE7, 0x70,
    0xFC, 0x3E, 0x07, 0x81, 0xE0, 0xF8, 0x3F, 0x1D, 0xC7, 0x3B, 0x8F, 0xE3, 0xB8, 0xE7, 0x71, 0xDC,
    0x3E, 0x0F, 0x81, 0xC0, 0x70, 0x1C, 0x07, 0x01, 0xC0, 0x70, 0xFF, 0x7F, 0x81, 0xC1, 0xC1, 0xC0,
    0xE0, 0xE0, 0x70, 0x70, 0x38, 0x3F, 0xDF, 0xE0, 0x7B, 0xD8, 0xC6, 0x31, 0x8C, 0x63, 0x18, 0xC6,
    0x3D, 0xE0, 0xE1, 0xC1, 0x83, 0x87, 0x06, 0x0E, 0x0C, 0x18, 0x38, 0x30, 0x70, 0xF7, 0x8C, 0x63,
    0x18, 0xC6, 0x31, 0x8C, 0x63, 0x7B, 0xC0, 0x08, 0x0E, 0x07, 0x07, 0x83, 0x63, 0x31, 0x8D, 0xC6,
    0x00, 0x00, 0x00, 0x00, 0x00, 0x00, 0x7F, 0x7F, 0x63, 0x8E, 0x00, 0x00, 0x00, 0x00, 0x00, 0x00,
    0x00, 0x3E, 0x3F, 0x81, 0xC7, 0xE7, 0xF7, 0xBB, 0x9C, 0xFE, 0x7B, 0x00, 0x70, 0x38, 0x1C, 0x0F,
    0xE7, 0xF3, 0x9D, 0xCE, 0xE7, 0x73, 0xB9, 0xDF, 0xCD, 0xC0, 0x3E, 0x7E, 0x70, 0x60, 0xE0, 0xE0,
    0x72, 0x7E, 0x3E, 0x03, 0x01, 0x80, 0xC7, 0xE7, 0xF3, 0xBB, 0x8D, 0xC6, 0x63, 0x3B, 0x9F, 0xC7,
    0xE0, 0x3E, 0x3F, 0x99, 0xCF, 0xEF, 0xF7, 0x01, 0xC0, 0xFE, 0x3F, 0x00, 0x3C, 0xF9, 0xC7, 0xEF,
    0xCE, 0x1C, 0x38, 0x70, 0xE1, 0xC3, 0x80, 0x3F, 0x3F, 0x9D, 0xCC, 0x6E, 0x33, 0x19, 0xDC, 0xFE,
    0x3F, 0x01, 0x91, 0xCF, 0xE7, 0xE0, 0x70, 0x1C, 0x07, 0x01, 0xFC, 0x7F, 0x1C, 0xE7, 0x39, 0xCE,
    0x73, 0x9C, 0xE7, 0x39, 0xCE, 0x73, 0x00, 0xE7, 0x39, 0xCE, 0x73, 0x9C, 0xE0, 0x38, 0xC0, 0x0E,
    0x38, 0xE3, 0x8E, 0x38, 0xE3, 0x8E, 0x38, 0xEF, 0x3C, 0x70, 0x1C, 0x07, 0x01, 0xCE, 0x77, 0x1F,
    0x87, 0xC1, 0xF8, 0x7E, 0x1D, 0xC7, 0x71, 0xCE, 0x73, 0x9C, 0xE7, 0x39, 0xCE, 0x73, 0x9C, 0xE0,
    0x7F, 0xF9, 0xFF, 0xE7, 0x3B, 0x9C, 0xE7, 0x73, 0x9D, 0xCE, 0x77, 0x39, 0xDC, 0xE7, 0x73, 0x9C,
    0x6F, 0x1F, 0xC7, 0x39, 0xCE, 0x73, 0x9C, 0xE7, 0x39, 0xCE, 0x73, 0x80, 0x3E, 0x3F, 0x9D, 0xCC,
    0x7E, 0x3B, 0x1D, 0xDC, 0xFE, 0x3E, 0x00, 0x6F, 0x3F, 0x9C, 0xEE, 0x77, 0x3B, 0x9D, 0xCE, 0xFE,
    0x7E, 0x38, 0x1C, 0x0E, 0x07, 0x00, 0x3F, 0x3F, 0x9D, 0xDC, 0x6E, 0x33, 0x19, 0xDC, 0xFE, 0x3F,
    0x01, 0x80, 0xC0, 0x60, 0x30, 0x6E, 0xF9, 0xC3, 0x87, 0x0E, 0x1C, 0x38, 0x70, 0x7C, 0xFF, 0x93,
    0xC7, 0xC3, 0xC3, 0xFF, 0x7C, 0x31, 0xCF, 0xFF, 0x71, 0xC7, 0x1C, 0x71, 0xF3, 0xC0, 0x73, 0x9C,
    0xE7, 0x39, 0xCE, 0x73, 0x9C, 0xE7, 0x39, 0xFE, 0x3F, 0x80, 0xE3, 0x73, 0x99, 0xCE, 0xC7, 0xE1,
    0xF0, 0xF0, 0x78, 0x1C, 0x00, 0xE7, 0x3F, 0x79, 0x9B, 0xDC, 0xDF, 0xE7, 0xDF, 0x3E, 0xF0, 0xF7,
    0x87, 0x3C, 0x39, 0xE0, 0xE7, 0x3B, 0x9F, 0x87, 0x83, 0xC1, 0xF1, 0xF8, 0xEE, 0xE7, 0x00, 0xE3,
    0x73, 0x99, 0xCE, 0xC7, 0xE1, 0xF0, 0xF0, 0x78, 0x1C, 0x0E, 0x0E, 0x1F, 0x0F, 0x00, 0xFF, 0xFC,
    0x70, 0xE3, 0x8E, 0x1C, 0x7F, 0xFE, 0x1C, 0xF3, 0x8C, 0x30, 0xCF, 0x3C, 0x70, 0xC3, 0x0E, 0x3C,
    0x70, 0x18, 0x18, 0x18, 0x18, 0x18, 0x18, 0x18, 0x18, 0x18, 0x18, 0x18, 0x18, 0x18, 0x18, 0x18,
    0x18, 0xE3, 0xC3, 0x0C, 0x30, 0xE3, 0xCF, 0x38, 0xC3, 0x0C, 0xF3, 0x80, 0x79, 0x7F, 0xB7, 0xC0,
    0x00, 0x00, 0x00, 0x00,
};

static const GFXglyph kUi16Glyphs[] PROGMEM = {
    {0, 4, 0, 4, 0, 0},
    {0, 4, 12, 4, 0, -12},
    {6, 7, 12, 7, 0, -12},
    {17, 10, 12, 10, 0, -12},
    {32, 9, 13, 9, 0, -12},
    {47, 14, 12, 14, 0, -12},
    {68, 12, 12, 11, 0, -12},
    {86, 4, 12, 4, 0, -12},
    {92, 5, 14, 5, 0, -12},
    {101, 5, 14, 5, 0, -12},
    {110, 8, 12, 8, 0, -12},
    {122, 9, 10, 9, 0, -10},
    {134, 4, 4, 4, 0, -2},
    {136, 5, 5, 5, 0, -5},
    {140, 4, 3, 4, 0, -3},
    {142, 7, 12, 7, 0, -12},
    {153, 9, 12, 9, 0, -12},
    {167, 9, 12, 9, 0, -12},
    {181, 9, 12, 9, 0, -12},
    {195, 9, 12, 9, 0, -12},
    {209, 9, 12, 9, 0, -12},
    {223, 9, 12, 9, 0, -12},
    {237, 9, 12, 9, 0, -12},
    {251, 9, 12, 9, 0, -12},
    {265, 9, 12, 9, 0, -12},
    {279, 9, 12, 9, 0, -12},
    {293, 4, 9, 4, 0, -9},
    {298, 4, 11, 4, 0, -9},
    {304, 9, 10, 9, 0, -10},
    {316, 9, 8, 9, 0, -8},
    {325, 9, 10, 9, 0, -10},
    {337, 7, 12, 7, 0, -12},
    {348, 13, 14, 13, 0, -12},
    {371, 11, 12, 10, 0, -12},
    {388, 10, 12, 10, 0, -12},
    {403, 9, 12, 9, 0, -12},
    {417, 11, 12, 11, 0, -12},
    {434, 8, 12, 8, 0, -12},
    {446, 8, 12, 8, 0, -12},
    {458, 11, 12, 11, 0, -12},
    {475, 11, 12, 11, 0, -12},
    {492, 6, 12, 6, 0, -12},
    {501, 7, 15, 5, -2, -12},
    {515, 10, 12, 10, 0, -12},
    {530, 8, 12, 8, 0, -12},
    {542, 14, 12, 14, 0, -12},
    {563, 12, 12, 12, 0, -12},
    {581, 12, 12, 12, 0, -12},
    {599, 9, 12, 9, 0, -12},
    {613, 12, 15, 12, 0, -12},
    {636, 10, 12, 10, 0, -12},
    {651, 8, 12, 8, 0, -12},
    {663, 9, 12, 8, 0, -12},
    {677, 11, 12, 11, 0, -12},
    {694, 10, 12, 10, 0, -12},
    {709, 15, 12, 14, 0, -12},
    {732, 10, 12, 10, 0, -12},
    {747, 10, 12, 9, 0, -12},
    {762, 9, 12, 8, 0, -12},
    {776, 5, 15, 5, 0, -12},
    {786, 7, 12, 7, 0, -12},
    {797, 5, 15, 5, 0, -12},
    {807, 9, 12, 9, 0, -12},
    {821, 8, 3, 7, -1, 0},
    {824, 5, 13, 5, 0, -13},
    {833, 9, 9, 9, 0, -9},
    {844, 9, 12, 9, 0, -12},
    {858, 8, 9, 8, 0, -9},
    {867, 9, 12, 9, 0, -12},
    {881, 9, 9, 9, 0, -9},
    {892, 7, 12, 6, 0, -12},
    {903, 9, 13, 9, 0, -9},
    {918, 10, 12, 10, 0, -12},
    {933, 5, 12, 5, 0, -12},
    {941, 6, 16, 5, -1, -12},
    {953, 10, 12, 9, 0, -12},
    {968, 5, 12, 5, 0, -12},
    {976, 14, 9, 14, 0, -9},
    {992, 10, 9, 10, 0, -9},
    {1004, 9, 9, 9, 0, -9},
    {1015, 9, 13, 9, 0, -9},
    {1030, 9, 13, 9, 0, -9},
    {1045, 7, 9, 7, 0, -9},
    {1053, 7, 9, 7, 0, -9},
    {1061, 6, 11, 6, 0, -11},
    {1070, 10, 9, 10, 0, -9},
    {1082, 9, 9, 8, 0, -9},
    {1093, 13, 9, 13, 0, -9},
    {1108, 9, 9, 8, 0, -9},
    {1119, 9, 13, 8, 0, -9},
    {1134, 7, 9, 7, 0, -9},
    {1142, 6, 14, 6, 0, -12},
    {1153, 8, 16, 8, 0, -12},
    {1169, 6, 14, 6, 0, -12},
    {1180, 9, 7, 9, 0, -7},
};

static const GFXfont kUiFont16 PROGMEM = {
    (uint8_t*)kUi16Bitmaps,
    (GFXglyph*)kUi16Glyphs,
    0x0020, 0x007E, 20};

static const GFXglyph kUi18Glyphs[] PROGMEM = {
    {0, 4, 0, 4, 0, 0},
    {0, 5, 13, 5, 0, -13},
    {9, 8, 13, 8, 0, -13},
    {22, 11, 13, 11, 0, -13},
    {40, 10, 15, 10, 0, -14},
    {59, 15, 13, 15, 0, -13},
    {84, 13, 13, 12, 0, -13},
    {106, 5, 13, 5, 0, -13},
    {115, 6, 16, 6, 0, -13},
    {127, 6, 16, 6, 0, -13},
    {139, 9, 14, 9, 0, -14},
    {155, 10, 11, 10, 0, -11},
    {169, 5, 5, 5, 0, -3},
    {173, 6, 7, 6, 0, -7},
    {179, 5, 3, 5, 0, -3},
    {181, 8, 13, 7, 0, -13},
    {194, 10, 13, 10, 0, -13},
    {211, 10, 13, 10, 0, -13},
    {228, 10, 13, 10, 0, -13},
    {245, 10, 13, 10, 0, -13},
    {262, 10, 13, 10, 0, -13},
    {279, 10, 13, 10, 0, -13},
    {296, 10, 13, 10, 0, -13},
    {313, 10, 13, 10, 0, -13},
    {330, 10, 13, 10, 0, -13},
    {347, 10, 13, 10, 0, -13},
    {364, 5, 10, 5, 0, -10},
    {371, 5, 13, 5, 0, -10},
    {380, 10, 12, 10, 0, -12},
    {395, 10, 10, 10, 0, -10},
    {408, 10, 12, 10, 0, -12},
    {423, 8, 13, 8, 0, -13},
    {436, 15, 15, 15, 0, -13},
    {465, 12, 13, 11, 0, -13},
    {485, 11, 13, 11, 0, -13},
    {503, 10, 13, 10, 0, -13},
    {520, 12, 13, 12, 0, -13},
    {540, 9, 13, 9, 0, -13},
    {555, 9, 13, 9, 0, -13},
    {570, 12, 13, 12, 0, -13},
    {590, 13, 13, 13, 0, -13},
    {612, 7, 13, 7, 0, -13},
    {624, 8, 17, 6, -2, -13},
    {641, 11, 13, 11, 0, -13},
    {659, 9, 13, 9, 0, -13},
    {674, 16, 13, 16, 0, -13},
    {700, 13, 13, 13, 0, -13},
    {722, 13, 13, 13, 0, -13},
    {744, 10, 13, 10, 0, -13},
    {761, 13, 16, 13, 0, -13},
    {787, 11, 13, 11, 0, -13},
    {805, 9, 13, 9, 0, -13},
    {820, 10, 13, 9, 0, -13},
    {837, 12, 13, 12, 0, -13},
    {857, 11, 13, 11, 0, -13},
    {875, 17, 13, 16, 0, -13},
    {903, 11, 13, 11, 0, -13},
    {921, 11, 13, 10, 0, -13},
    {939, 10, 13, 9, 0, -13},
    {956, 6, 17, 6, 0, -13},
    {969, 8, 13, 7, 0, -13},
    {982, 6, 17, 6, 0, -13},
    {995, 10, 13, 10, 0, -13},
    {1012, 9, 4, 8, -1, 0},
    {1017, 6, 14, 6, 0, -14},
    {1028, 10, 10, 10, 0, -10},
    {1041, 11, 14, 11, 0, -14},
    {1061, 9, 10, 9, 0, -10},
    {1073, 11, 14, 11, 0, -14},
    {1093, 10, 10, 10, 0, -10},
    {1106, 8, 14, 6, 0, -14},
    {1120, 11, 14, 11, 0, -10},
    {1140, 11, 14, 11, 0, -14},
    {1160, 5, 14, 5, 0, -14},
    {1169, 6, 18, 5, -1, -14},
    {1183, 11, 14, 10, 0, -14},
    {1203, 5, 14, 5, 0, -14},
    {1212, 16, 10, 16, 0, -10},
    {1232, 11, 10, 11, 0, -10},
    {1246, 10, 10, 10, 0, -10},
    {1259, 11, 14, 11, 0, -10},
    {1279, 11, 14, 11, 0, -10},
    {1299, 8, 10, 7, 0, -10},
    {1309, 8, 10, 8, 0, -10},
    {1319, 7, 12, 7, 0, -12},
    {1330, 11, 10, 11, 0, -10},
    {1344, 10, 10, 9, 0, -10},
    {1357, 15, 10, 14, 0, -10},
    {1376, 10, 10, 9, 0, -10},
    {1389, 10, 14, 9, 0, -10},
    {1407, 8, 10, 8, 0, -10},
    {1417, 7, 16, 7, 0, -13},
    {1431, 9, 18, 9, 0, -14},
    {1452, 7, 16, 7, 0, -13},
    {1466, 10, 9, 10, 0, -9},
    {0, 0, 0, 0, 0, 0},
    {0, 0, 0, 0, 0, 0},
    {0, 0, 0, 0, 0, 0},
    {0, 0, 0, 0, 0, 0},
    {0, 0, 0, 0, 0, 0},
    {0, 0, 0, 0, 0, 0},
    {0, 0, 0, 0, 0, 0},
    {0, 0, 0, 0, 0, 0},
    {0, 0, 0, 0, 0, 0},
    {0, 0, 0, 0, 0, 0},
    {0, 0, 0, 0, 0, 0},
    {0, 0, 0, 0, 0, 0},
    {0, 0, 0, 0, 0, 0},
    {0, 0, 0, 0, 0, 0},
    {0, 0, 0, 0, 0, 0},
    {0, 0, 0, 0, 0, 0},
    {0, 0, 0, 0, 0, 0},
    {0, 0, 0, 0, 0, 0},
    {0, 0, 0, 0, 0, 0},
    {0, 0, 0, 0, 0, 0},
    {0, 0, 0, 0, 0, 0},
    {0, 0, 0, 0, 0, 0},
    {0, 0, 0, 0, 0, 0},
    {0, 0, 0, 0, 0, 0},
    {0, 0, 0, 0, 0, 0},
    {0, 0, 0, 0, 0, 0},
    {0, 0, 0, 0, 0, 0},
    {0, 0, 0, 0, 0, 0},
    {0, 0, 0, 0, 0, 0},
    {0, 0, 0, 0, 0, 0},
    {0, 0, 0, 0, 0, 0},
    {0, 0, 0, 0, 0, 0},
    {0, 0, 0, 0, 0, 0},
    {1478, 4, 0, 4, 0, 0},
    {1478, 5, 13, 5, 0, -10},
    {1487, 10, 13, 10, 0, -13},
    {1504, 10, 13, 10, 0, -13},
    {1521, 10, 11, 10, 0, -11},
    {1535, 10, 13, 10, 0, -13},
    {1552, 9, 18, 9, 0, -14},
    {1573, 8, 14, 8, 0, -14},
    {1587, 10, 14, 10, 0, -14},
    {1605, 15, 13, 15, 0, -13},
    {1630, 7, 13, 7, 0, -13},
    {1642, 10, 10, 10, 0, -10},
    {1655, 10, 8, 10, 0, -8},
    {1665, 6, 7, 6, 0, -7},
    {1671, 15, 13, 15, 0, -13},
    {1696, 10, 17, 9, -1, -17},
    {1718, 7, 13, 7, 0, -13},
    {1730, 10, 11, 10, 0, -11},
    {1744, 7, 15, 7, 0, -15},
    {1758, 7, 15, 7, 0, -15},
    {1772, 6, 14, 6, 0, -14},
    {1783, 11, 14, 11, 0, -10},
    {1803, 11, 17, 11, 0, -14},
    {1827, 5, 8, 5, 0, -8},
    {1832, 5, 6, 3, -1, -1},
    {1836, 7, 15, 7, 0, -15},
    {1850, 7, 13, 7, 0, -13},
    {1862, 10, 10, 10, 0, -10},
    {1875, 15, 13, 15, 0, -13},
    {1900, 15, 13, 15, 0, -13},
    {1925, 15, 14, 15, 0, -14},
    {1952, 8, 14, 8, 0, -10},
    {1966, 12, 17, 11, 0, -17},
    {1992, 12, 17, 11, 0, -17},
    {2018, 12, 17, 11, 0, -17},
    {2044, 12, 17, 11, 0, -17},
    {2070, 12, 17, 11, 0, -17},
    {2096, 12, 16, 11, 0, -16},
    {2120, 16, 13, 15, -1, -13},
    {2146, 10, 18, 10, 0, -13},
    {2169, 9, 17, 9, 0, -17},
    {2189, 9, 17, 9, 0, -17},
    {2209, 9, 17, 9, 0, -17},
    {2229, 9, 17, 9, 0, -17},
    {2249, 7, 17, 7, 0, -17},
    {2264, 7, 17, 7, 0, -17},
    {2279, 8, 17, 7, -1, -17},
    {2296, 7, 17, 7, 0, -17},
    {2311, 12, 13, 12, 0, -13},
    {2331, 13, 17, 13, 0, -17},
    {2359, 13, 17, 13, 0, -17},
    {2387, 13, 17, 13, 0, -17},
    {2415, 13, 17, 13, 0, -17},
    {2443, 13, 17, 13, 0, -17},
    {2471, 13, 17, 13, 0, -17},
    {2499, 10, 11, 10, 0, -11},
    {2513, 13, 15, 13, 0, -14},
    {2538, 12, 17, 12, 0, -17},
    {2564, 12, 17, 12, 0, -17},
    {2590, 12, 17, 12, 0, -17},
    {2616, 12, 17, 12, 0, -17},
    {2642, 11, 17, 10, 0, -17},
    {2666, 10, 13, 10, 0, -13},
    {2683, 12, 14, 12, 0, -14},
    {2704, 10, 14, 10, 0, -14},
    {2722, 10, 14, 10, 0, -14},
    {2740, 10, 14, 10, 0, -14},
    {2758, 10, 14, 10, 0, -14},
    {2776, 10, 14, 10, 0, -14},
    {2794, 10, 15, 10, 0, -15},
    {2813, 15, 10, 15, 0, -10},
    {2832, 9, 15, 9, 0, -10},
    {2849, 10, 14, 10, 0, -14},
    {2867, 10, 14, 10, 0, -14},
    {2885, 10, 14, 10, 0, -14},
    {2903, 10, 14, 10, 0, -14},
    {2921, 6, 14, 5, -1, -14},
    {2932, 7, 14, 5, 0, -14},
    {2945, 7, 14, 5, -1, -14},
    {2958, 7, 14, 5, -1, -14},
    {2971, 10, 14, 10, 0, -14},
    {2989, 11, 14, 11, 0, -14},
    {3009, 10, 14, 10, 0, -14},
    {3027, 10, 14, 10, 0, -14},
    {3045, 10, 14, 10, 0, -14},
    {3063, 10, 14, 10, 0, -14},
    {3081, 10, 14, 10, 0, -14},
    {3099, 10, 11, 10, 0, -11},
    {3113, 10, 12, 10, 0, -11},
    {3128, 11, 14, 11, 0, -14},
    {3148, 11, 14, 11, 0, -14},
    {3168, 11, 14, 11, 0, -14},
    {3188, 11, 14, 11, 0, -14},
    {3208, 10, 18, 9, 0, -14},
    {3231, 11, 18, 11, 0, -14},
    {3256, 10, 18, 9, 0, -14},
    {3279, 12, 17, 11, 0, -17},
    {3305, 10, 14, 10, 0, -14},
    {3323, 12, 17, 11, 0, -17},
    {3349, 10, 14, 10, 0, -14},
    {3367, 12, 17, 11, 0, -13},
    {3393, 10, 14, 10, 0, -10},
    {3411, 10, 17, 10, 0, -17},
    {3433, 9, 14, 9, 0, -14},
    {3449, 10, 17, 10, 0, -17},
    {3471, 9, 14, 9, 0, -14},
    {3487, 10, 17, 10, 0, -17},
    {3509, 9, 14, 9, 0, -14},
    {3525, 10, 17, 10, 0, -17},
    {3547, 9, 14, 9, 0, -14},
    {3563, 12, 17, 12, 0, -17},
    {3589, 13, 14, 11, 0, -14},
    {3612, 12, 13, 12, 0, -13},
    {3632, 11, 14, 11, 0, -14},
    {3652, 9, 17, 9, 0, -17},
    {3672, 10, 14, 10, 0, -14},
    {3690, 9, 17, 9, 0, -17},
    {3710, 10, 14, 10, 0, -14},
    {3728, 9, 17, 9, 0, -17},
    {3748, 10, 14, 10, 0, -14},
    {3766, 9, 17, 9, 0, -13},
    {3786, 10, 14, 10, 0, -10},
    {3804, 9, 17, 9, 0, -17},
    {3824, 10, 14, 10, 0, -14},
    {3842, 12, 17, 12, 0, -17},
    {3868, 11, 18, 11, 0, -14},
    {3893, 12, 17, 12, 0, -17},
    {3919, 11, 18, 11, 0, -14},
    {3944, 12, 17, 12, 0, -17},
    {3970, 11, 18, 11, 0, -14},
    {3995, 12, 17, 12, 0, -13},
    {4021, 11, 18, 11, 0, -14},
    {4046, 13, 17, 13, 0, -17},
    {4074, 12, 18, 11, -1, -18},
    {4101, 14, 13, 13, -1, -13},
    {4124, 11, 14, 11, 0, -14},
    {4144, 8, 17, 7, -1, -17},
    {4161, 7, 14, 5, -1, -14},
    {4174, 7, 17, 7, 0, -17},
    {4189, 7, 14, 5, -1, -14},
    {4202, 7, 17, 7, 0, -17},
    {4217, 7, 14, 5, -1, -14},
    {4230, 7, 17, 7, 0, -13},
    {4245, 5, 18, 5, 0, -14},
    {4257, 7, 17, 7, 0, -17},
    {4272, 5, 10, 5, 0, -10},
    {4279, 12, 17, 12, 0, -13},
    {4305, 10, 18, 10, 0, -14},
    {4328, 9, 21, 6, -2, -17},
    {4352, 7, 18, 5, -1, -14},
    {4368, 11, 17, 11, 0, -13},
    {4392, 11, 18, 10, 0, -14},
    {4417, 11, 10, 10, 0, -10},
    {4431, 9, 17, 9, 0, -17},
    {4451, 7, 18, 5, 0, -18},
    {4467, 9, 17, 9, 0, -13},
    {4487, 5, 18, 5, 0, -14},
    {4499, 10, 13, 9, 0, -13},
    {4516, 8, 14, 5, 0, -14},
    {4530, 9, 13, 9, 0, -13},
    {4545, 8, 14, 6, 0, -14},
    {4559, 10, 13, 9, -1, -13},
    {4576, 7, 14, 5, -1, -14},
    {4589, 13, 17, 13, 0, -17},
    {4617, 11, 14, 11, 0, -14},
    {4637, 13, 17, 13, 0, -13},
    {4665, 11, 14, 11, 0, -10},
    {4685, 13, 17, 13, 0, -17},
    {4713, 11, 14, 11, 0, -14},
    {4733, 13, 13, 13, 0, -13},
    {4755, 13, 17, 13, 0, -13},
    {4783, 11, 14, 11, 0, -10},
    {4803, 13, 17, 13, 0, -17},
    {4831, 10, 14, 10, 0, -14},
    {4849, 13, 17, 13, 0, -17},
    {4877, 10, 14, 10, 0, -14},
    {4895, 13, 17, 13, 0, -17},
    {4923, 10, 14, 10, 0, -14},
    {4941, 16, 13, 16, 0, -13},
    {4967, 16, 10, 16, 0, -10},
    {4987, 11, 17, 11, 0, -17},
    {5011, 8, 14, 7, 0, -14},
    {5025, 11, 17, 11, 0, -13},
    {5049, 8, 14, 7, 0, -10},
    {5063, 11, 17, 11, 0, -17},
    {5087, 8, 14, 7, 0, -14},
    {5101, 9, 17, 9, 0, -17},
    {5121, 8, 14, 8, 0, -14},
    {5135, 9, 17, 9, 0, -17},
    {5155, 8, 14, 8, 0, -14},
    {5169, 9, 18, 9, 0, -13},
    {5190, 8, 15, 8, 0, -10},
    {5205, 9, 17, 9, 0, -17},
    {5225, 8, 14, 8, 0, -14},
    {5239, 10, 18, 9, 0, -13},
    {5262, 7, 17, 7, 0, -12},
    {5277, 10, 17, 9, 0, -17},
    {5299, 10, 14, 7, 0, -14},
    {5317, 10, 13, 9, 0, -13},
    {5334, 7, 12, 7, 0, -12},
    {5345, 12, 17, 12, 0, -17},
    {5371, 11, 14, 11, 0, -14},
    {5391, 12, 17, 12, 0, -17},
    {5417, 11, 14, 11, 0, -14},
    {5437, 12, 17, 12, 0, -17},
    {5463, 11, 14, 11, 0, -14},
    {5483, 12, 18, 12, 0, -18},
    {5510, 11, 15, 11, 0, -15},
    {5531, 12, 17, 12, 0, -17},
    {5557, 11, 14, 11, 0, -14},
    {5577, 12, 17, 12, 0, -13},
    {5603, 11, 14, 11, 0, -10},
    {5623, 17, 17, 16, 0, -17},
    {5660, 15, 14, 14, 0, -14},
    {5687, 11, 17, 10, 0, -17},
    {5711, 10, 18, 9, 0, -14},
    {5734, 11, 17, 10, 0, -17},
    {5758, 10, 17, 9, 0, -17},
    {5780, 8, 14, 8, 0, -14},
    {5794, 10, 17, 9, 0, -17},
    {5816, 8, 14, 8, 0, -14},
    {5830, 10, 17, 9, 0, -17},
    {5852, 8, 14, 8, 0, -14},
    {5866, 7, 14, 6, 0, -14},
    {5879, 11, 14, 11, 0, -14},
    {5899, 13, 13, 13, 0, -13},
    {5921, 11, 13, 11, 0, -13},
    {5939, 11, 14, 11, 0, -14},
    {5959, 11, 13, 11, 0, -13},
    {5977, 10, 14, 10, 0, -14},
    {5995, 10, 13, 10, 0, -13},
    {6012, 12, 16, 10, 0, -16},
    {6036, 10, 14, 9, 0, -14},
    {6054, 12, 13, 12, 0, -13},
    {6074, 14, 13, 14, 0, -13},
    {6097, 11, 13, 11, 0, -13},
    {6115, 11, 14, 11, 0, -14},
    {6135, 10, 14, 10, 0, -10},
    {6153, 9, 13, 9, 0, -13},
    {6168, 13, 13, 13, 0, -13},
    {6190, 11, 13, 11, 0, -13},
    {6208, 12, 17, 11, -1, -13},
    {6234, 11, 18, 9, -1, -14},
    {6259, 13, 16, 12, 0, -16},
    {6285, 11, 17, 11, 0, -13},
    {6309, 16, 14, 16, 0, -14},
    {6337, 7, 13, 7, 0, -13},
    {6349, 7, 13, 7, 0, -13},
    {6361, 11, 13, 11, 0, -13},
    {6379, 11, 14, 10, 0, -14},
    {6399, 6, 14, 5, 0, -14},
    {6410, 11, 14, 10, 0, -14},
    {6430, 18, 13, 18, 0, -13},
    {6460, 14, 17, 13, -1, -13},
    {6490, 11, 14, 11, 0, -10},
    {6510, 13, 13, 13, 0, -13},
    {6532, 14, 14, 13, 0, -14},
    {6557, 13, 12, 11, 0, -12},
    {6577, 19, 13, 19, 0, -13},
    {6608, 16, 14, 16, 0, -10},
    {6636, 13, 13, 13, 0, -13},
    {6658, 11, 18, 11, 0, -14},
    {6683, 11, 15, 11, 0, -13},
    {6704, 9, 13, 9, 0, -13},
    {6719, 8, 10, 8, 0, -10},
    {6729, 9, 13, 9, 0, -13},
    {6744, 9, 18, 7, -1, -14},
    {6765, 7, 16, 7, 0, -12},
    {6779, 10, 13, 10, 0, -13},
    {6796, 7, 14, 7, 0, -14},
    {6809, 10, 17, 9, 0, -13},
    {6831, 15, 14, 14, 0, -14},
    {6858, 14, 12, 13, 0, -12},
    {6879, 13, 13, 13, 0, -13},
    {6901, 12, 13, 12, 0, -13},
    {6921, 11, 13, 11, 0, -13},
    {6939, 11, 14, 10, 0, -10},
    {6959, 10, 13, 9, 0, -13},
    {6976, 8, 10, 8, 0, -10},
    {6986, 10, 13, 10, 0, -13},
    {7003, 10, 13, 10, 0, -13},
    {7020, 9, 14, 9, 0, -10},
    {7036, 9, 14, 9, 0, -10},
    {7052, 10, 14, 10, 0, -14},
    {7070, 10, 13, 10, 0, -13},
    {7087, 9, 10, 9, 0, -10},
    {7099, 8, 12, 8, 0, -12},
    {7111, 11, 14, 11, 0, -10},
    {7131, 5, 14, 5, 0, -14},
    {7140, 10, 14, 10, 0, -14},
    {7158, 9, 14, 9, 0, -14},
    {7174, 5, 13, 5, 0, -13},
    {7183, 22, 17, 21, 0, -17},
    {7230, 20, 14, 20, 0, -14},
    {7265, 18, 14, 18, 0, -14},
    {7297, 15, 17, 15, 0, -13},
    {7329, 14, 18, 14, 0, -14},
    {7361, 10, 18, 10, 0, -14},
    {7384, 19, 17, 19, 0, -13},
    {7425, 18, 18, 18, 0, -14},
    {7466, 16, 18, 16, 0, -14},
    {7502, 12, 17, 11, 0, -17},
    {7528, 10, 14, 10, 0, -14},
    {7546, 8, 17, 7, -1, -17},
    {7563, 7, 14, 5, -1, -14},
    {7576, 13, 17, 13, 0, -17},
    {7604, 10, 14, 10, 0, -14},
    {7622, 12, 17, 12, 0, -17},
    {7648, 11, 14, 11, 0, -14},
    {7668, 12, 19, 12, 0, -19},
    {7697, 11, 15, 11, 0, -15},
    {7718, 12, 19, 12, 0, -19},
    {7747, 11, 16, 11, 0, -16},
    {7769, 12, 19, 12, 0, -19},
    {7798, 11, 16, 11, 0, -16},
    {7820, 12, 19, 12, 0, -19},
    {7849, 11, 16, 11, 0, -16},
    {7871, 10, 10, 10, 0, -10},
    {7884, 12, 20, 11, 0, -20},
    {7914, 10, 15, 10, 0, -15},
    {7933, 12, 18, 11, 0, -18},
    {7960, 10, 15, 10, 0, -15},
    {7979, 16, 17, 15, -1, -17},
    {8013, 15, 14, 15, 0, -14},
    {8040, 12, 13, 12, 0, -13},
    {8060, 11, 14, 11, 0, -10},
    {8080, 12, 17, 12, 0, -17},
    {8106, 11, 18, 11, 0, -14},
    {8131, 11, 17, 11, 0, -17},
    {8155, 12, 18, 10, -1, -18},
    {8182, 13, 17, 13, 0, -13},
    {8210, 10, 14, 10, 0, -10},
    {8228, 13, 21, 13, 0, -17},
    {8263, 10, 18, 10, 0, -14},
    {8286, 10, 17, 10, 0, -17},
    {8308, 9, 18, 9, 0, -14},
    {8329, 8, 18, 5, -1, -14},
    {8347, 21, 13, 21, 0, -13},
    {8382, 20, 13, 20, 0, -13},
    {8415, 18, 14, 18, 0, -14},
    {8447, 12, 17, 12, 0, -17},
    {8473, 11, 18, 11, 0, -14},
    {8498, 18, 13, 18, 0, -13},
    {8528, 11, 17, 11, 0, -13},
    {8552, 13, 17, 13, 0, -17},
    {8580, 11, 14, 11, 0, -14},
    {8600, 12, 18, 11, 0, -18},
    {8627, 10, 18, 10, 0, -18},
    {8650, 16, 17, 15, -1, -17},
    {8684, 15, 14, 15, 0, -14},
    {8711, 13, 18, 13, 0, -17},
    {8741, 10, 15, 10, 0, -14},
    {8760, 12, 17, 11, 0, -17},
    {8786, 10, 14, 10, 0, -14},
    {8804, 12, 18, 11, 0, -18},
    {8831, 10, 15, 10, 0, -15},
    {8850, 9, 17, 9, 0, -17},
    {8870, 10, 14, 10, 0, -14},
    {8888, 9, 18, 9, 0, -18},
    {8909, 10, 15, 10, 0, -15},
    {8928, 9, 17, 7, -2, -17},
    {8948, 9, 14, 5, -3, -14},
    {8964, 7, 18, 7, 0, -18},
    {8980, 7, 15, 5, -1, -15},
    {8994, 13, 17, 13, 0, -17},
    {9022, 10, 14, 10, 0, -14},
    {9040, 13, 18, 13, 0, -18},
    {9070, 10, 15, 10, 0, -15},
    {9089, 11, 17, 11, 0, -17},
    {9113, 9, 14, 7, -1, -14},
    {9129, 11, 18, 11, 0, -18},
    {9154, 8, 15, 7, 0, -15},
    {9169, 12, 17, 12, 0, -17},
    {9195, 11, 14, 11, 0, -14},
    {9215, 12, 18, 12, 0, -18},
    {9242, 11, 15, 11, 0, -15},
    {9263, 9, 17, 9, 0, -13},
    {9283, 8, 14, 8, 0, -10},
    {9297, 10, 17, 9, 0, -13},
    {9319, 7, 16, 7, 0, -12},
    {9333, 10, 17, 10, 0, -13},
    {9355, 9, 15, 9, 0, -10},
    {9372, 13, 17, 13, 0, -17},
    {9400, 12, 18, 11, -1, -18},
    {9427, 12, 17, 12, 0, -13},
    {9453, 15, 16, 15, 0, -14},
    {9483, 13, 13, 13, 0, -13},
    {9505, 10, 14, 10, 0, -14},
    {9523, 10, 17, 9, 0, -13},
    {9545, 8, 14, 8, 0, -10},
    {9559, 12, 17, 11, 0, -17},
    {9585, 10, 14, 10, 0, -14},
    {9603, 9, 18, 9, 0, -13},
    {9624, 10, 15, 10, 0, -10},
    {9643, 13, 19, 13, 0, -19},
    {9674, 10, 17, 10, 0, -17},
    {9696, 13, 20, 13, 0, -20},
    {9729, 10, 17, 10, 0, -17},
    {9751, 13, 17, 13, 0, -17},
    {9779, 10, 14, 10, 0, -14},
    {9797, 13, 19, 13, 0, -19},
    {9828, 10, 17, 10, 0, -17},
    {9850, 11, 17, 10, 0, -17},
    {9874, 10, 18, 9, 0, -14},
    {9897, 8, 15, 8, 0, -14},
    {9912, 13, 11, 13, 0, -10},
    {9930, 8, 13, 8, 0, -12},
    {9943, 6, 14, 5, -1, -10},
    {9954, 16, 14, 16, 0, -14},
    {9982, 16, 14, 16, 0, -10},
    {10010, 12, 16, 11, 0, -14},
    {10034, 10, 15, 10, 0, -14},
    {10053, 9, 18, 9, 0, -14},
    {10074, 9, 13, 9, 0, -13},
    {10089, 10, 16, 9, 0, -14},
    {10109, 8, 14, 8, 0, -10},
    {10123, 9, 14, 8, 0, -10},
    {10139, 8, 13, 8, 0, -13},
    {10152, 8, 10, 8, 0, -10},
    {10162, 11, 13, 11, 0, -13},
    {10180, 13, 13, 12, 0, -13},
    {10202, 12, 13, 11, 0, -13},
    {10222, 9, 16, 9, 0, -14},
    {10240, 10, 12, 10, 0, -11},
    {10255, 8, 17, 6, -2, -13},
    {10272, 7, 18, 5, -1, -14},
    {10288, 14, 17, 13, 0, -13},
    {10318, 12, 14, 11, 0, -10},
    {10339, 11, 13, 11, 0, -13},
    {10357, 8, 11, 7, 0, -11},
    {10368, 11, 13, 10, 0, -13},
    {10386, 10, 14, 9, 0, -10},
};

static const GFXfont kUiFont18 PROGMEM = {
    (uint8_t*)kGridBitmaps,
    (GFXglyph*)kUi18Glyphs,
    0x0020, 0x024F, 22};

static const GFXglyph kUi24Glyphs[] PROGMEM = {
    {0, 6, 0, 6, 0, 0},
    {0, 7, 17, 7, 0, -17},
    {15, 11, 17, 11, 0, -17},
    {39, 14, 17, 14, 0, -17},
    {69, 13, 19, 13, 0, -18},
    {100, 20, 17, 20, 0, -17},
    {143, 17, 17, 16, 0, -17},
    {180, 6, 17, 6, 0, -17},
    {193, 8, 21, 8, 0, -17},
    {214, 8, 21, 8, 0, -17},
    {235, 12, 18, 12, 0, -18},
    {262, 13, 14, 13, 0, -14},
    {285, 7, 6, 7, 0, -3},
    {291, 8, 8, 8, 0, -8},
    {299, 7, 4, 7, 0, -4},
    {303, 10, 17, 10, 0, -17},
    {325, 13, 17, 13, 0, -17},
    {353, 13, 17, 13, 0, -17},
    {381, 13, 17, 13, 0, -17},
    {409, 13, 17, 13, 0, -17},
    {437, 13, 17, 13, 0, -17},
    {465, 13, 17, 13, 0, -17},
    {493, 13, 17, 13, 0, -17},
    {521, 13, 17, 13, 0, -17},
    {549, 13, 17, 13, 0, -17},
    {577, 13, 17, 13, 0, -17},
    {605, 7, 13, 7, 0, -13},
    {617, 7, 16, 7, 0, -13},
    {631, 13, 15, 13, 0, -15},
    {656, 13, 12, 13, 0, -12},
    {676, 13, 15, 13, 0, -15},
    {701, 10, 17, 10, 0, -17},
    {723, 20, 19, 20, 0, -17},
    {771, 16, 17, 15, 0, -17},
    {805, 15, 17, 15, 0, -17},
    {837, 14, 17, 14, 0, -17},
    {867, 16, 17, 16, 0, -17},
    {901, 12, 17, 12, 0, -17},
    {927, 12, 17, 12, 0, -17},
    {953, 16, 17, 16, 0, -17},
    {987, 17, 17, 17, 0, -17},
    {1024, 9, 17, 9, 0, -17},
    {1044, 9, 22, 7, -2, -17},
    {1069, 15, 17, 15, 0, -17},
    {1101, 12, 17, 12, 0, -17},
    {1127, 21, 17, 21, 0, -17},
    {1172, 18, 17, 18, 0, -17},
    {1211, 17, 17, 17, 0, -17},
    {1248, 14, 17, 14, 0, -17},
    {1278, 17, 21, 17, 0, -17},
    {1323, 15, 17, 15, 0, -17},
    {1355, 12, 17, 12, 0, -17},
    {1381, 13, 17, 13, 0, -17},
    {1409, 16, 17, 16, 0, -17},
    {1443, 15, 17, 14, 0, -17},
    {1475, 22, 17, 22, 0, -17},
    {1522, 15, 17, 14, 0, -17},
    {1554, 14, 17, 14, 0, -17},
    {1584, 13, 17, 13, 0, -17},
    {1612, 8, 21, 8, 0, -17},
    {1633, 10, 17, 10, 0, -17},
    {1655, 8, 21, 8, 0, -17},
    {1676, 13, 17, 13, 0, -17},
    {1704, 12, 4, 10, -1, 0},
    {1710, 8, 18, 8, 0, -18},
    {1728, 13, 13, 13, 0, -13},
    {1750, 14, 18, 14, 0, -18},
    {1782, 11, 13, 11, 0, -13},
    {1800, 14, 18, 14, 0, -18},
    {1832, 13, 13, 13, 0, -13},
    {1854, 10, 18, 9, 0, -18},
    {1877, 14, 19, 14, 0, -13},
    {1911, 14, 18, 14, 0, -18},
    {1943, 7, 18, 7, 0, -18},
    {1959, 9, 24, 7, -2, -18},
    {1986, 14, 18, 14, 0, -18},
    {2018, 7, 18, 7, 0, -18},
    {2034, 22, 13, 22, 0, -13},
    {2070, 14, 13, 14, 0, -13},
    {2093, 14, 13, 14, 0, -13},
    {2116, 14, 19, 14, 0, -13},
    {2150, 14, 19, 14, 0, -13},
    {2184, 10, 13, 10, 0, -13},
    {2201, 11, 13, 11, 0, -13},
    {2219, 9, 16, 9, 0, -16},
    {2237, 14, 13, 14, 0, -13},
    {2260, 13, 13, 13, 0, -13},
    {2282, 19, 13, 19, 0, -13},
    {2313, 13, 13, 13, 0, -13},
    {2335, 13, 19, 13, 0, -13},
    {2366, 11, 13, 11, 0, -13},
    {2384, 9, 21, 9, 0, -17},
    {2408, 12, 24, 12, 0, -18},
    {2444, 9, 21, 9, 0, -17},
    {2468, 13, 11, 13, 0, -11},
    {0, 0, 0, 0, 0, 0},
    {0, 0, 0, 0, 0, 0},
    {0, 0, 0, 0, 0, 0},
    {0, 0, 0, 0, 0, 0},
    {0, 0, 0, 0, 0, 0},
    {0, 0, 0, 0, 0, 0},
    {0, 0, 0, 0, 0, 0},
    {0, 0, 0, 0, 0, 0},
    {0, 0, 0, 0, 0, 0},
    {0, 0, 0, 0, 0, 0},
    {0, 0, 0, 0, 0, 0},
    {0, 0, 0, 0, 0, 0},
    {0, 0, 0, 0, 0, 0},
    {0, 0, 0, 0, 0, 0},
    {0, 0, 0, 0, 0, 0},
    {0, 0, 0, 0, 0, 0},
    {0, 0, 0, 0, 0, 0},
    {0, 0, 0, 0, 0, 0},
    {0, 0, 0, 0, 0, 0},
    {0, 0, 0, 0, 0, 0},
    {0, 0, 0, 0, 0, 0},
    {0, 0, 0, 0, 0, 0},
    {0, 0, 0, 0, 0, 0},
    {0, 0, 0, 0, 0, 0},
    {0, 0, 0, 0, 0, 0},
    {0, 0, 0, 0, 0, 0},
    {0, 0, 0, 0, 0, 0},
    {0, 0, 0, 0, 0, 0},
    {0, 0, 0, 0, 0, 0},
    {0, 0, 0, 0, 0, 0},
    {0, 0, 0, 0, 0, 0},
    {0, 0, 0, 0, 0, 0},
    {0, 0, 0, 0, 0, 0},
    {2486, 6, 0, 6, 0, 0},
    {2486, 7, 17, 7, 0, -13},
    {2501, 13, 17, 13, 0, -17},
    {2529, 13, 17, 13, 0, -17},
    {2557, 13, 14, 13, 0, -14},
    {2580, 13, 17, 13, 0, -17},
    {2608, 12, 24, 12, 0, -18},
    {2644, 11, 18, 11, 0, -18},
    {2669, 13, 17, 13, 0, -17},
    {2697, 20, 17, 20, 0, -17},
    {2740, 9, 17, 9, 0, -17},
    {2760, 14, 13, 14, 0, -13},
    {2783, 13, 10, 13, 0, -10},
    {2800, 8, 8, 8, 0, -8},
    {2808, 20, 17, 20, 0, -17},
    {2851, 13, 21, 12, -1, -21},
    {2886, 10, 17, 10, 0, -17},
    {2908, 13, 15, 13, 0, -15},
    {2933, 9, 21, 9, 0, -21},
    {2957, 9, 21, 9, 0, -21},
    {2981, 8, 18, 8, 0, -18},
    {2999, 14, 19, 14, 0, -13},
    {3033, 14, 21, 14, 0, -18},
    {3070, 7, 11, 7, 0, -11},
    {3080, 6, 6, 5, -1, 0},
    {3085, 9, 20, 9, 0, -20},
    {3108, 9, 17, 9, 0, -17},
    {3128, 14, 13, 14, 0, -13},
    {3151, 20, 17, 20, 0, -17},
    {3194, 20, 17, 20, 0, -17},
    {3237, 20, 17, 20, 0, -17},
    {3280, 11, 17, 10, 0, -13},
    {3304, 16, 22, 15, 0, -22},
    {3348, 16, 22, 15, 0, -22},
    {3392, 16, 22, 15, 0, -22},
    {3436, 16, 22, 15, 0, -22},
    {3480, 16, 21, 15, 0, -21},
    {3522, 16, 21, 15, 0, -21},
    {3564, 22, 17, 21, -1, -17},
    {3611, 14, 23, 14, 0, -17},
    {3652, 12, 22, 12, 0, -22},
    {3685, 12, 22, 12, 0, -22},
    {3718, 12, 22, 12, 0, -22},
    {3751, 12, 21, 12, 0, -21},
    {3783, 9, 22, 9, 0, -22},
    {3808, 10, 22, 9, 0, -22},
    {3836, 10, 22, 9, -1, -22},
    {3864, 9, 21, 9, 0, -21},
    {3888, 16, 17, 16, 0, -17},
    {3922, 18, 22, 18, 0, -22},
    {3972, 17, 22, 17, 0, -22},
    {4019, 17, 22, 17, 0, -22},
    {4066, 17, 22, 17, 0, -22},
    {4113, 17, 22, 17, 0, -22},
    {4160, 17, 21, 17, 0, -21},
    {4205, 13, 14, 13, 0, -14},
    {4228, 17, 19, 17, 0, -18},
    {4269, 16, 22, 16, 0, -22},
    {4313, 16, 22, 16, 0, -22},
    {4357, 16, 22, 16, 0, -22},
    {4401, 16, 21, 16, 0, -21},
    {4443, 14, 22, 14, 0, -22},
    {4482, 14, 17, 14, 0, -17},
    {4512, 16, 18, 16, 0, -18},
    {4548, 13, 18, 13, 0, -18},
    {4578, 13, 18, 13, 0, -18},
    {4608, 13, 18, 13, 0, -18},
    {4638, 13, 18, 13, 0, -18},
    {4668, 13, 17, 13, 0, -17},
    {4696, 13, 20, 13, 0, -20},
    {4729, 20, 13, 20, 0, -13},
    {4762, 11, 19, 11, 0, -13},
    {4789, 13, 18, 13, 0, -18},
    {4819, 13, 18, 13, 0, -18},
    {4849, 13, 18, 13, 0, -18},
    {4879, 13, 17, 13, 0, -17},
    {4907, 8, 18, 7, -1, -18},
    {4925, 9, 18, 7, 0, -18},
    {4946, 10, 18, 7, -2, -18},
    {4969, 9, 17, 7, -1, -17},
    {4989, 14, 19, 14, 0, -19},
    {5023, 14, 18, 14, 0, -18},
    {5055, 14, 18, 14, 0, -18},
    {5087, 14, 18, 14, 0, -18},
    {5119, 14, 18, 14, 0, -18},
    {5151, 14, 18, 14, 0, -18},
    {5183, 14, 17, 14, 0, -17},
    {5213, 13, 14, 13, 0, -14},
    {5236, 14, 15, 14, 0, -14},
    {5263, 14, 18, 14, 0, -18},
    {5295, 14, 18, 14, 0, -18},
    {5327, 14, 18, 14, 0, -18},
    {5359, 14, 17, 14, 0, -17},
    {5389, 13, 24, 13, 0, -18},
    {5428, 14, 24, 14, 0, -18},
    {5470, 13, 23, 13, 0, -17},
    {5508, 16, 21, 15, 0, -21},
    {5550, 13, 17, 13, 0, -17},
    {5578, 16, 22, 15, 0, -22},
    {5622, 13, 18, 13, 0, -18},
    {5652, 16, 23, 15, 0, -17},
    {5698, 13, 19, 13, 0, -13},
    {5729, 14, 22, 14, 0, -22},
    {5768, 12, 18, 11, 0, -18},
    {5795, 14, 22, 14, 0, -22},
    {5834, 11, 18, 11, 0, -18},
    {5859, 14, 21, 14, 0, -21},
    {5896, 11, 17, 11, 0, -17},
    {5920, 14, 22, 14, 0, -22},
    {5959, 11, 18, 11, 0, -18},
    {5984, 16, 22, 16, 0, -22},
    {6028, 18, 18, 14, 0, -18},
    {6069, 16, 17, 16, 0, -17},
    {6103, 15, 18, 14, 0, -18},
    {6137, 12, 21, 12, 0, -21},
    {6169, 13, 17, 13, 0, -17},
    {6197, 12, 22, 12, 0, -22},
    {6230, 13, 18, 13, 0, -18},
    {6260, 12, 21, 12, 0, -21},
    {6292, 13, 17, 13, 0, -17},
    {6320, 12, 23, 12, 0, -17},
    {6355, 13, 19, 13, 0, -13},
    {6386, 12, 22, 12, 0, -22},
    {6419, 13, 18, 13, 0, -18},
    {6449, 16, 22, 16, 0, -22},
    {6493, 14, 24, 14, 0, -18},
    {6535, 16, 22, 16, 0, -22},
    {6579, 14, 24, 14, 0, -18},
    {6621, 16, 21, 16, 0, -21},
    {6663, 14, 23, 14, 0, -17},
    {6704, 16, 22, 16, 0, -17},
    {6748, 14, 24, 14, 0, -18},
    {6790, 17, 22, 17, 0, -22},
    {6837, 16, 23, 14, -2, -23},
    {6883, 18, 17, 17, -1, -17},
    {6922, 14, 18, 14, 0, -18},
    {6954, 10, 22, 9, -1, -22},
    {6982, 10, 18, 7, -2, -18},
    {7005, 9, 21, 9, 0, -21},
    {7029, 9, 17, 7, -1, -17},
    {7049, 9, 22, 9, 0, -22},
    {7074, 9, 18, 7, -1, -18},
    {7095, 9, 23, 9, 0, -17},
    {7121, 7, 24, 7, 0, -18},
    {7142, 9, 21, 9, 0, -21},
    {7166, 7, 13, 7, 0, -13},
    {7178, 16, 22, 16, 0, -17},
    {7222, 14, 24, 14, 0, -18},
    {7264, 11, 27, 7, -2, -22},
    {7302, 10, 24, 7, -2, -18},
    {7332, 15, 22, 15, 0, -17},
    {7374, 14, 23, 14, 0, -18},
    {7415, 14, 13, 14, 0, -13},
    {7438, 12, 22, 12, 0, -22},
    {7471, 9, 23, 7, 0, -23},
    {7497, 12, 22, 12, 0, -17},
    {7530, 7, 23, 7, 0, -18},
    {7551, 13, 17, 12, 0, -17},
    {7579, 10, 18, 7, 0, -18},
    {7602, 12, 17, 12, 0, -17},
    {7628, 10, 18, 9, 0, -18},
    {7651, 13, 17, 12, -1, -17},
    {7679, 9, 18, 7, -1, -18},
    {7700, 18, 22, 18, 0, -22},
    {7750, 14, 18, 14, 0, -18},
    {7782, 18, 22, 18, 0, -17},
    {7832, 14, 18, 14, 0, -13},
    {7864, 18, 22, 18, 0, -22},
    {7914, 14, 18, 14, 0, -18},
    {7946, 17, 17, 17, 0, -17},
    {7983, 18, 22, 18, 0, -17},
    {8033, 14, 19, 14, 0, -13},
    {8067, 17, 21, 17, 0, -21},
    {8112, 14, 17, 14, 0, -17},
    {8142, 17, 22, 17, 0, -22},
    {8189, 14, 18, 14, 0, -18},
    {8221, 17, 22, 17, 0, -22},
    {8268, 14, 18, 14, 0, -18},
    {8300, 21, 17, 21, 0, -17},
    {8345, 21, 13, 21, 0, -13},
    {8380, 15, 22, 15, 0, -22},
    {8422, 11, 18, 10, 0, -18},
    {8447, 15, 22, 15, 0, -17},
    {8489, 10, 18, 10, 0, -13},
    {8512, 15, 22, 15, 0, -22},
    {8554, 11, 18, 10, 0, -18},
    {8579, 12, 22, 12, 0, -22},
    {8612, 11, 18, 11, 0, -18},
    {8637, 12, 22, 12, 0, -22},
    {8670, 11, 18, 11, 0, -18},
    {8695, 12, 23, 12, 0, -17},
    {8730, 11, 19, 11, 0, -13},
    {8757, 12, 22, 12, 0, -22},
    {8790, 11, 18, 11, 0, -18},
    {8815, 13, 23, 13, 0, -17},
    {8853, 9, 22, 9, 0, -16},
    {8878, 13, 22, 13, 0, -22},
    {8914, 13, 18, 9, 0, -18},
    {8944, 13, 17, 13, 0, -17},
    {8972, 9, 16, 9, 0, -16},
    {8990, 16, 22, 16, 0, -22},
    {9034, 14, 18, 14, 0, -18},
    {9066, 16, 21, 16, 0, -21},
    {9108, 14, 17, 14, 0, -17},
    {9138, 16, 22, 16, 0, -22},
    {9182, 14, 18, 14, 0, -18},
    {9214, 16, 24, 16, 0, -24},
    {9262, 14, 20, 14, 0, -20},
    {9297, 16, 22, 16, 0, -22},
    {9341, 14, 18, 14, 0, -18},
    {9373, 16, 23, 16, 0, -17},
    {9419, 14, 19, 14, 0, -13},
    {9453, 22, 22, 22, 0, -22},
    {9514, 19, 18, 19, 0, -18},
    {9557, 14, 22, 14, 0, -22},
    {9596, 13, 24, 13, 0, -18},
    {9635, 14, 21, 14, 0, -21},
    {9672, 13, 22, 13, 0, -22},
    {9708, 11, 18, 11, 0, -18},
    {9733, 13, 21, 13, 0, -21},
    {9768, 11, 17, 11, 0, -17},
    {9792, 13, 22, 13, 0, -22},
    {9828, 11, 18, 11, 0, -18},
    {9853, 9, 18, 8, 0, -18},
    {9874, 14, 18, 14, 0, -18},
    {9906, 18, 17, 18, 0, -17},
    {9945, 14, 17, 14, 0, -17},
    {9975, 14, 18, 14, 0, -18},
    {10007, 15, 17, 15, 0, -17},
    {10039, 14, 18, 14, 0, -18},
    {10071, 14, 17, 14, 0, -17},
    {10101, 16, 21, 14, 0, -21},
    {10143, 13, 18, 11, 0, -18},
    {10173, 16, 17, 16, 0, -17},
    {10207, 19, 17, 19, 0, -17},
    {10248, 14, 17, 14, 0, -17},
    {10278, 14, 18, 14, 0, -18},
    {10310, 14, 18, 14, 0, -13},
    {10342, 12, 17, 12, 0, -17},
    {10368, 18, 17, 18, 0, -17},
    {10407, 14, 17, 14, 0, -17},
    {10437, 16, 23, 15, -1, -17},
    {10483, 14, 24, 11, -1, -18},
    {10525, 17, 21, 16, 0, -21},
    {10570, 15, 23, 14, 0, -17},
    {10614, 22, 18, 22, 0, -18},
    {10664, 9, 17, 9, 0, -17},
    {10684, 9, 17, 9, 0, -17},
    {10704, 15, 17, 15, 0, -17},
    {10736, 14, 18, 14, 0, -18},
    {10768, 8, 18, 7, 0, -18},
    {10786, 14, 18, 14, 0, -18},
    {10818, 23, 17, 23, 0, -17},
    {10867, 19, 23, 18, -1, -17},
    {10922, 14, 19, 14, 0, -13},
    {10956, 17, 17, 17, 0, -17},
    {10993, 19, 18, 18, 0, -18},
    {11036, 17, 15, 15, 0, -15},
    {11068, 25, 17, 25, 0, -17},
    {11122, 21, 19, 21, 0, -13},
    {11172, 17, 17, 17, 0, -17},
    {11209, 14, 24, 14, 0, -18},
    {11251, 15, 20, 15, 0, -17},
    {11289, 12, 17, 12, 0, -17},
    {11315, 11, 13, 11, 0, -13},
    {11333, 13, 17, 13, 0, -17},
    {11361, 12, 24, 9, -1, -18},
    {11397, 9, 21, 9, 0, -15},
    {11421, 14, 17, 14, 0, -17},
    {11451, 9, 18, 9, 0, -18},
    {11472, 13, 23, 13, 0, -17},
    {11510, 20, 18, 19, 0, -18},
    {11555, 18, 15, 17, 0, -15},
    {11589, 17, 17, 17, 0, -17},
    {11626, 16, 17, 16, 0, -17},
    {11660, 14, 17, 14, 0, -17},
    {11690, 14, 19, 14, 0, -13},
    {11724, 13, 17, 13, 0, -17},
    {11752, 11, 13, 11, 0, -13},
    {11770, 13, 17, 13, 0, -17},
    {11798, 13, 17, 13, 0, -17},
    {11826, 13, 19, 13, 0, -13},
    {11857, 13, 19, 13, 0, -13},
    {11888, 13, 18, 13, 0, -18},
    {11918, 13, 17, 13, 0, -17},
    {11946, 12, 13, 12, 0, -13},
    {11966, 11, 16, 11, 0, -16},
    {11988, 14, 19, 14, 0, -13},
    {12022, 7, 18, 7, 0, -18},
    {12038, 13, 18, 13, 0, -18},
    {12068, 12, 18, 12, 0, -18},
    {12095, 7, 17, 7, 0, -17},
    {12110, 29, 22, 29, 0, -22},
    {12190, 27, 18, 27, 0, -18},
    {12251, 25, 18, 25, 0, -18},
    {12308, 20, 22, 20, 0, -17},
    {12363, 19, 24, 19, 0, -18},
    {12420, 14, 24, 14, 0, -18},
    {12462, 25, 22, 25, 0, -17},
    {12531, 25, 24, 25, 0, -18},
    {12606, 21, 24, 21, 0, -18},
    {12669, 16, 22, 15, 0, -22},
    {12713, 13, 18, 13, 0, -18},
    {12743, 10, 22, 9, -1, -22},
    {12771, 10, 18, 7, -2, -18},
    {12794, 17, 22, 17, 0, -22},
    {12841, 14, 18, 14, 0, -18},
    {12873, 16, 22, 16, 0, -22},
    {12917, 14, 18, 14, 0, -18},
    {12949, 16, 25, 16, 0, -25},
    {12999, 14, 20, 14, 0, -20},
    {13034, 16, 25, 16, 0, -25},
    {13084, 14, 20, 14, 0, -20},
    {13119, 16, 25, 16, 0, -25},
    {13169, 14, 21, 14, 0, -21},
    {13206, 16, 25, 16, 0, -25},
    {13256, 14, 20, 14, 0, -20},
    {13291, 13, 13, 13, 0, -13},
    {13313, 16, 24, 15, 0, -24},
    {13361, 13, 20, 13, 0, -20},
    {13394, 16, 24, 15, 0, -24},
    {13442, 13, 20, 13, 0, -20},
    {13475, 22, 21, 21, -1, -21},
    {13533, 20, 17, 20, 0, -17},
    {13576, 16, 17, 16, 0, -17},
    {13610, 14, 19, 14, 0, -13},
    {13644, 16, 22, 16, 0, -22},
    {13688, 14, 24, 14, 0, -18},
    {13730, 15, 22, 15, 0, -22},
    {13772, 16, 23, 14, -2, -23},
    {13818, 17, 23, 17, 0, -17},
    {13867, 14, 19, 14, 0, -13},
    {13901, 17, 27, 17, 0, -21},
    {13959, 14, 23, 14, 0, -17},
    {14000, 13, 22, 13, 0, -22},
    {14036, 13, 24, 13, 0, -18},
    {14075, 11, 24, 7, -2, -18},
    {14108, 29, 17, 29, 0, -17},
    {14170, 27, 17, 27, 0, -17},
    {14228, 25, 18, 25, 0, -18},
    {14285, 16, 22, 16, 0, -22},
    {14329, 14, 24, 14, 0, -18},
    {14371, 23, 17, 23, 0, -17},
    {14420, 15, 23, 15, 0, -17},
    {14464, 18, 22, 18, 0, -22},
    {14514, 14, 18, 14, 0, -18},
    {14546, 16, 23, 15, 0, -23},
    {14592, 13, 23, 13, 0, -23},
    {14630, 22, 22, 21, -1, -22},
    {14691, 20, 18, 20, 0, -18},
    {14736, 17, 23, 17, 0, -22},
    {14785, 14, 19, 14, 0, -18},
    {14819, 16, 22, 15, 0, -22},
    {14863, 13, 18, 13, 0, -18},
    {14893, 16, 23, 15, 0, -23},
    {14939, 13, 19, 13, 0, -19},
    {14970, 12, 22, 12, 0, -22},
    {15003, 13, 18, 13, 0, -18},
    {15033, 12, 23, 12, 0, -23},
    {15068, 13, 19, 13, 0, -19},
    {15099, 11, 22, 9, -2, -22},
    {15130, 10, 18, 7, -3, -18},
    {15153, 9, 23, 9, 0, -23},
    {15179, 9, 19, 7, -1, -19},
    {15201, 17, 22, 17, 0, -22},
    {15248, 14, 18, 14, 0, -18},
    {15280, 17, 23, 17, 0, -23},
    {15329, 14, 19, 14, 0, -19},
    {15363, 15, 22, 15, 0, -22},
    {15405, 11, 18, 10, -1, -18},
    {15430, 15, 23, 15, 0, -23},
    {15474, 10, 19, 10, 0, -19},
    {15498, 16, 22, 16, 0, -22},
    {15542, 14, 18, 14, 0, -18},
    {15574, 16, 23, 16, 0, -23},
    {15620, 14, 19, 14, 0, -19},
    {15654, 12, 22, 12, 0, -17},
    {15687, 11, 18, 11, 0, -13},
    {15712, 13, 22, 13, 0, -17},
    {15748, 9, 21, 9, 0, -16},
    {15772, 14, 22, 14, 0, -17},
    {15811, 11, 19, 11, 0, -13},
    {15838, 17, 22, 17, 0, -22},
    {15885, 16, 23, 14, -2, -23},
    {15931, 17, 23, 17, 0, -17},
    {15980, 20, 20, 19, 0, -18},
    {16030, 17, 17, 17, 0, -17},
    {16067, 14, 18, 14, 0, -18},
    {16099, 13, 23, 13, 0, -17},
    {16137, 11, 19, 11, 0, -13},
    {16164, 16, 21, 15, 0, -21},
    {16206, 13, 17, 13, 0, -17},
    {16234, 12, 23, 12, 0, -17},
    {16269, 13, 19, 13, 0, -13},
    {16300, 17, 25, 17, 0, -25},
    {16354, 14, 21, 14, 0, -21},
    {16391, 17, 24, 17, 0, -24},
    {16442, 14, 20, 14, 0, -20},
    {16477, 17, 21, 17, 0, -21},
    {16522, 14, 17, 14, 0, -17},
    {16552, 17, 24, 17, 0, -24},
    {16603, 14, 21, 14, 0, -21},
    {16640, 14, 21, 14, 0, -21},
    {16677, 13, 23, 13, 0, -17},
    {16715, 10, 19, 10, 0, -18},
    {16739, 18, 14, 17, 0, -13},
    {16771, 11, 17, 10, 0, -16},
    {16795, 9, 19, 7, -2, -13},
    {16817, 21, 18, 21, 0, -18},
    {16865, 21, 19, 21, 0, -13},
    {16915, 16, 20, 15, 0, -18},
    {16955, 14, 20, 14, 0, -18},
    {16990, 12, 23, 11, 0, -18},
    {17025, 12, 17, 12, 0, -17},
    {17051, 13, 20, 13, 0, -18},
    {17084, 11, 19, 11, 0, -13},
    {17111, 11, 19, 11, 0, -13},
    {17138, 11, 17, 11, 0, -17},
    {17162, 11, 13, 11, 0, -13},
    {17180, 15, 17, 15, 0, -17},
    {17212, 17, 17, 16, 0, -17},
    {17249, 15, 17, 15, 0, -17},
    {17281, 12, 20, 12, 0, -18},
    {17311, 13, 16, 13, 0, -14},
    {17337, 10, 22, 7, -2, -17},
    {17365, 9, 24, 7, -2, -18},
    {17392, 18, 23, 17, 0, -17},
    {17444, 15, 19, 14, 0, -13},
    {17480, 15, 17, 15, 0, -17},
    {17512, 10, 14, 10, 0, -14},
    {17530, 14, 17, 14, 0, -17},
    {17560, 13, 19, 13, 0, -13},
};

static const GFXfont kUiFont24 PROGMEM = {
    (uint8_t*)kAgendaBitmaps,
    (GFXglyph*)kUi24Glyphs,
    0x0020, 0x024F, 29};

static const uint8_t kUi36Bitmaps[] PROGMEM = {
    0x3F, 0x0F, 0xC3, 0xF0, 0xFC, 0x3F, 0x0F, 0xC3, 0xF0, 0xFC, 0x3F, 0x0F, 0xC3, 0xF0, 0xFC, 0x3F,
    0x0F, 0x83, 0xE0, 0x78, 0x1E, 0x00, 0x00, 0x00, 0x00, 0x1E, 0x0F, 0xC3, 0xF0, 0xFC, 0x3F, 0x07,
    0x80, 0x3E, 0x7E, 0x1F, 0x3F, 0x0F, 0x9F, 0x87, 0xC7, 0x83, 0xE3, 0xC1, 0xF1, 0xE0, 0xF8, 0xF0,
    0x7C, 0x78, 0x1E, 0x3C, 0x00, 0x00, 0x00, 0x00, 0x00, 0x00, 0x00, 0x00, 0x00, 0x00, 0x00, 0x00,
    0x00, 0x00, 0x00, 0x00, 0x00, 0x00, 0x00, 0x00, 0x00, 0x00, 0x00, 0x00, 0x00, 0x00, 0x00, 0x00,
    0x00, 0x00, 0x00, 0x00, 0x00, 0x00, 0x00, 0x00, 0x00, 0x01, 0xF3, 0xC0, 0x0F, 0x1E, 0x00, 0x78,
    0xF0, 0x03, 0xC7, 0x80, 0x1E, 0x3C, 0x01, 0xF3, 0xC0, 0x0F, 0x1E, 0x07, 0xFF, 0xFF, 0x3F, 0xFF,
    0xF9, 0xFF, 0xFF, 0xCF, 0xFF, 0xFE, 0x0F, 0x9F, 0x00, 0x7C, 0xF0, 0x03, 0xC7, 0x80, 0x1E, 0x3C,
    0x1F, 0xFF, 0xFE, 0xFF, 0xFF, 0xF7, 0xFF, 0xFF, 0xBF, 0xFF, 0xFC, 0x1F, 0x3C, 0x00, 0xF1, 0xE0,
    0x07, 0x8F, 0x00, 0x3C, 0x78, 0x01, 0xE7, 0xC0, 0x1E, 0x3C, 0x00, 0xF1, 0xE0, 0x00, 0x00, 0xE0,
    0x00, 0x1C, 0x00, 0x07, 0xE0, 0x03, 0xFF, 0x81, 0xFF, 0xF8, 0x7F, 0xFF, 0x0F, 0xFF, 0xE3, 0xF7,
    0x18, 0x7E, 0xE0, 0x0F, 0xDC, 0x00, 0xFF, 0x80, 0x1F, 0xF0, 0x01, 0xFF, 0x80, 0x1F, 0xFC, 0x00,
    0xFF, 0xC0, 0x07, 0xFC, 0x00, 0xFF, 0xC0, 0x1D, 0xF8, 0x03, 0x9F, 0x30, 0x73, 0xE7, 0xCF, 0xFC,
    0xFF, 0xFF, 0x1F, 0xFF, 0xE3, 0xFF, 0xF8, 0x1F, 0xFC, 0x00, 0x1C, 0x00, 0x03, 0x80, 0x00, 0x70,
    0x00, 0x0E, 0x00, 0x0F, 0xC0, 0x1F, 0x00, 0x3F, 0xC0, 0x3C, 0x00, 0xFF, 0xC0, 0xF8, 0x01, 0xFF,
    0x81, 0xE0, 0x07, 0xDF, 0x07, 0xC0, 0x0F, 0x9F, 0x0F, 0x00, 0x1F, 0x3E, 0x3E, 0x00, 0x3E, 0x7C,
    0x78, 0x00, 0x7C, 0xF9, 0xF0, 0x00, 0xF9, 0xF3, 0xC0, 0x01, 0xF3, 0xEF, 0x9F, 0x83, 0xEF, 0x9E,
    0x7F, 0x83, 0xFF, 0x7D, 0xFF, 0x87, 0xFE, 0xF3, 0xFF, 0x07, 0xFB, 0xEF, 0xBE, 0x07, 0xE7, 0x9F,
    0x3E, 0x00, 0x1F, 0x3E, 0x7C, 0x00, 0x3C, 0x7C, 0xF8, 0x00, 0xF8, 0xF9, 0xF0, 0x01, 0xE1, 0xF3,
    0xE0, 0x07, 0xC3, 0xE7, 0xC0, 0x0F, 0x07, 0xDF, 0x00, 0x3E, 0x07, 0xFE, 0x00, 0x78, 0x0F, 0xFC,
    0x01, 0xF0, 0x0F, 0xF0, 0x03, 0xC0, 0x0F, 0xC0, 0x01, 0xFC, 0x00, 0x03, 0xFF, 0x00, 0x03, 0xFF,
    0xC0, 0x01, 0xFF, 0xF0, 0x01, 0xFD, 0xF8, 0x00, 0xFC, 0x7C, 0x00, 0x7C, 0x3E, 0x00, 0x3F, 0x1F,
    0x00, 0x0F, 0x9F, 0x80, 0x07, 0xFF, 0x80, 0x01, 0xFF, 0x80, 0x00, 0xFF, 0x80, 0x00, 0xFF, 0x83,
    0xF0, 0xFF, 0xE1, 0xF8, 0xFF, 0xF9, 0xF8, 0x7E, 0xFE, 0xFC, 0x7E, 0x3F, 0xFE, 0x3F, 0x0F, 0xFE,
    0x1F, 0x83, 0xFF, 0x0F, 0xC1, 0xFF, 0x07, 0xF0, 0x7F, 0x01, 0xFE, 0xFF, 0xC0, 0xFF, 0xFF, 0xF0,
    0x3F, 0xFF, 0xFC, 0x0F, 0xFF, 0x7F, 0x03, 0xFE, 0x1F, 0xC0, 0x3E, 0x1F, 0x0F, 0x87, 0xC3, 0xE1,
    0xF0, 0xF8, 0x7C, 0x1E, 0x00, 0x00, 0x00, 0x00, 0x00, 0x00, 0x00, 0x00, 0x00, 0x00, 0x00, 0x00,
    0x00, 0x00, 0x00, 0x00, 0x00, 0x00, 0x00, 0x00, 0x03, 0xE0, 0x7C, 0x07, 0xC0, 0xF8, 0x0F, 0x81,
    0xF0, 0x1F, 0x01, 0xF0, 0x3E, 0x03, 0xE0, 0x3E, 0x03, 0xE0, 0x7E, 0x07, 0xC0, 0x7C, 0x07, 0xC0,
    0x7C, 0x07, 0xC0, 0x7C, 0x07, 0xE0, 0x3E, 0x03, 0xE0, 0x3E, 0x03, 0xE0, 0x3F, 0x01, 0xF0, 0x1F,
    0x00, 0xF8, 0x0F, 0x80, 0x7C, 0x07, 0xC0, 0x3E, 0x7C, 0x03, 0xE0, 0x3E, 0x01, 0xF0, 0x1F, 0x00,
    0xF8, 0x0F, 0x80, 0xF8, 0x0F, 0xC0, 0x7C, 0x07, 0xC0, 0x7C, 0x07, 0xC0, 0x7C, 0x07, 0xE0, 0x7E,
    0x07, 0xE0, 0x7E, 0x07, 0xE0, 0x7C, 0x07, 0xC0, 0x7C, 0x07, 0xC0, 0xFC, 0x0F, 0x80, 0xF8, 0x1F,
    0x81, 0xF0, 0x1F, 0x03, 0xE0, 0x3E, 0x07, 0xC0, 0x01, 0xF0, 0x00, 0x78, 0x00, 0x1E, 0x00, 0x07,
    0x80, 0x31, 0xE1, 0x9F, 0xFF, 0xE7, 0xFF, 0xF9, 0xFF, 0xFE, 0x7F, 0xFF, 0x80, 0xFC, 0x00, 0x7F,
    0x80, 0x3F, 0xF0, 0x1F, 0xBE, 0x07, 0xCF, 0xC0, 0xF1, 0xE0, 0x18, 0x60, 0x00, 0x00, 0x00, 0x00,
    0x00, 0x00, 0x00, 0x00, 0x00, 0x00, 0x00, 0x00, 0x00, 0x00, 0x00, 0x00, 0x00, 0x00, 0x00, 0x00,
    0x00, 0x00, 0x00, 0x00, 0x00, 0x01, 0xF0, 0x00, 0x3E, 0x00, 0x07, 0xC0, 0x00, 0xF8, 0x00, 0x1F,
    0x00, 0x03, 0xE0, 0x1F, 0xFF, 0xF3, 0xFF, 0xFE, 0x7F, 0xFF, 0xCF, 0xFF, 0xF8, 0x07, 0xC0, 0x00,
    0xF8, 0x00, 0x1F, 0x00, 0x03, 0xE0, 0x00, 0x7C, 0x00, 0x0F, 0x80, 0x01, 0xF0, 0x00, 0x00, 0x00,
    0x00, 0x00, 0x00, 0x00, 0x00, 0x00, 0x00, 0x3F, 0x0F, 0xC3, 0xF0, 0xF8, 0x3E, 0x0F, 0x87, 0xC1,
    0xF0, 0x78, 0x00, 0x00, 0x0F, 0xFD, 0xFF, 0xBF, 0xF7, 0xFE, 0x00, 0x00, 0x00, 0x00, 0x00, 0x00,
    0x00, 0x00, 0x00, 0x00, 0x1E, 0x0F, 0xC3, 0xF0, 0xFC, 0x3F, 0x07, 0x80, 0x00, 0x7E, 0x00, 0xF8,
    0x01, 0xF0, 0x07, 0xC0, 0x0F, 0x80, 0x1F, 0x00, 0x7C, 0x00, 0xF8, 0x01, 0xF0, 0x07, 0xC0, 0x0F,
    0x80, 0x3F, 0x00, 0x7C, 0x00, 0xF8, 0x03, 0xE0, 0x07, 0xC0, 0x0F, 0x80, 0x3E, 0x00, 0x7C, 0x01,
    0xF8, 0x03, 0xE0, 0x07, 0xC0, 0x1F, 0x00, 0x3E, 0x00, 0x7C, 0x01, 0xF0, 0x00, 0x03, 0xF8, 0x00,
    0xFF, 0xC0, 0x3F, 0xF8, 0x0F, 0xFF, 0x83, 0xFB, 0xF8, 0x7E, 0x3F, 0x0F, 0x83, 0xE1, 0xF0, 0x7E,
    0x7E, 0x0F, 0xCF, 0xC1, 0xF9, 0xF8, 0x3F, 0x3F, 0x07, 0xE7, 0xE0, 0xFC, 0xFC, 0x1F, 0x9F, 0x83,
    0xF3, 0xF0, 0x7E, 0x7E, 0x0F, 0xCF, 0xC1, 0xF8, 0xF8, 0x3F, 0x1F, 0x07, 0xC3, 0xF1, 0xF8, 0x7F,
    0x7F, 0x07, 0xFF, 0xC0, 0x7F, 0xF8, 0x07, 0xFE, 0x00, 0x7F, 0x00, 0x00, 0x7C, 0x00, 0x1F, 0x80,
    0x07, 0xF0, 0x01, 0xFE, 0x00, 0x7F, 0xC0, 0x3F, 0xF8, 0x0F, 0xFF, 0x01, 0xFB, 0xE0, 0x1E, 0x7C,
    0x01, 0x8F, 0x80, 0x01, 0xF0, 0x00, 0x3E, 0x00, 0x07, 0xC0, 0x00, 0xF8, 0x00, 0x1F, 0x00, 0x03,
    0xE0, 0x00, 0x7C, 0x00, 0x0F, 0x80, 0x01, 0xF0, 0x00, 0x3E, 0x00, 0x07, 0xC0, 0x00, 0xF8, 0x00,
    0x1F, 0x00, 0x03, 0xE0, 0x00, 0x7C, 0x00, 0x0F, 0x80, 0x07, 0xF8, 0x03, 0xFF, 0xC0, 0xFF, 0xFC,
    0x3F, 0xFF, 0xC3, 0xFB, 0xF8, 0x38, 0x3F, 0x06, 0x03, 0xE0, 0x00, 0x7C, 0x00, 0x0F, 0x80, 0x03,
    0xF0, 0x00, 0x7E, 0x00, 0x1F, 0x80, 0x03, 0xF0, 0x00, 0xFC, 0x00, 0x3F, 0x80, 0x0F, 0xE0, 0x03,
    0xF8, 0x00, 0xFE, 0x00, 0x1F, 0x80, 0x07, 0xE0, 0x01, 0xF8, 0x00, 0x7F, 0x00, 0x1F, 0xFF, 0xF3,
    0xFF, 0xFE, 0x7F, 0xFF, 0xCF, 0xFF, 0xF8, 0x07, 0xF8, 0x07, 0xFF, 0xC1, 0xFF, 0xFC, 0x1F, 0xFF,
    0xC3, 0xF7, 0xF8, 0x30, 0x3F, 0x00, 0x03, 0xE0, 0x00, 0x7C, 0x00, 0x1F, 0x80, 0x0F, 0xE0, 0x1F,
    0xF8, 0x03, 0xFC, 0x00, 0x7F, 0xE0, 0x0F, 0xFE, 0x00, 0x3F, 0xE0, 0x00, 0xFE, 0x00, 0x0F, 0xC0,
    0x01, 0xF8, 0x00, 0x3F, 0x00, 0x07, 0xE6, 0x01, 0xFC, 0xF8, 0xFF, 0x1F, 0xFF, 0xE3, 0xFF, 0xF8,
    0x7F, 0xFE, 0x03, 0xFF, 0x00, 0x00, 0x3F, 0x00, 0x07, 0xE0, 0x01, 0xFC, 0x00, 0x3F, 0x80, 0x0F,
    0xF0, 0x03, 0xFE, 0x00, 0x7F, 0xC0, 0x1F, 0xF8, 0x03, 0xFF, 0x00, 0xFF, 0xE0, 0x3E, 0xFC, 0x07,
    0xDF, 0x81, 0xF3, 0xF0, 0x3C, 0x7E, 0x0F, 0x8F, 0xC3, 0xE1, 0xF8, 0x7C, 0x3F, 0x1F, 0xFF, 0xFF,
    0xFF, 0xFF, 0xFF, 0xFF, 0xFF, 0xFF, 0xFE, 0x00, 0x7E, 0x00, 0x0F, 0xC0, 0x01, 0xF8, 0x00, 0x3F,
    0x00, 0x07, 0xE0, 0x1F, 0xFF, 0x03, 0xFF, 0xE0, 0x7F, 0xFC, 0x0F, 0xFF, 0x81, 0xF0, 0x00, 0x7E,
    0x00, 0x0F, 0xC0, 0x01, 0xF8, 0x00, 0x3E, 0x00, 0x07, 0xFF, 0x00, 0xFF, 0xF8, 0x1F, 0xFF, 0x83,
    0xFF, 0xF8, 0x3C, 0xFF, 0x00, 0x07, 0xF0, 0x00, 0x7E, 0x00, 0x0F, 0xC0, 0x01, 0xF8, 0x00, 0x3F,
    0x00, 0x07, 0xE2, 0x01, 0xF8, 0x7C, 0xFF, 0x0F, 0xFF, 0xC1, 0xFF, 0xF8, 0x3F, 0xFC, 0x03, 0xFF,
    0x00, 0x00, 0xFF, 0x80, 0x7F, 0xF0, 0x1F, 0xFE, 0x07, 0xFF, 0xC1, 0xFF, 0x10, 0x3F, 0x00, 0x0F,
    0xC0, 0x01, 0xF0, 0x00, 0x3E, 0x00, 0x07, 0xDF, 0x81, 0xFF, 0xFC, 0x3F, 0xFF, 0xC7, 0xFF, 0xF8,
    0xFF, 0x3F, 0x9F, 0xC3, 0xF3, 0xF0, 0x7E, 0x7E, 0x07, 0xCF, 0xC0, 0xF9, 0xF8, 0x1F, 0x1F, 0x07,
    0xE3, 0xF0, 0xFC, 0x7F, 0x7F, 0x07, 0xFF, 0xE0, 0x7F, 0xF8, 0x07, 0xFE, 0x00, 0x7F, 0x80, 0x7F,
    0xFF, 0xCF, 0xFF, 0xF9, 0xFF, 0xFF, 0x3F, 0xFF, 0xE0, 0x00, 0xFC, 0x00, 0x1F, 0x00, 0x07, 0xE0,
    0x00, 0xFC, 0x00, 0x1F, 0x00, 0x07, 0xE0, 0x00, 0xF8, 0x00, 0x3F, 0x00, 0x07, 0xE0, 0x00, 0xF8,
    0x00, 0x3F, 0x00, 0x07, 0xC0, 0x01, 0xF8, 0x00, 0x3F, 0x00, 0x0F, 0xC0, 0x01, 0xF8, 0x00, 0x3F,
    0x00, 0x0F, 0xC0, 0x01, 0xF8, 0x00, 0x7E, 0x00, 0x0F, 0xC0, 0x01, 0xF8, 0x00, 0x03, 0xFC, 0x01,
    0xFF, 0xC0, 0x7F, 0xFC, 0x1F, 0xFF, 0xC3, 0xFB, 0xF8, 0x7C, 0x1F, 0x0F, 0x83, 0xF1, 0xF0, 0x7C,
    0x3F, 0x1F, 0x83, 0xF7, 0xF0, 0x7F, 0xFC, 0x07, 0xFF, 0x00, 0x7F, 0xC0, 0x1F, 0xFC, 0x07, 0xFF,
    0xC1, 0xF9, 0xFC, 0x7E, 0x0F, 0xCF, 0xC1, 0xF9, 0xF0, 0x1F, 0x3E, 0x03, 0xE7, 0xE0, 0xFC, 0xFF,
    0x7F, 0x8F, 0xFF, 0xE1, 0xFF, 0xFC, 0x1F, 0xFE, 0x00, 0xFF, 0x80, 0x03, 0xF8, 0x01, 0xFF, 0x80,
    0x7F, 0xF8, 0x1F, 0xFF, 0x83, 0xFB, 0xF8, 0xFC, 0x3F, 0x1F, 0x83, 0xF3, 0xF0, 0x7E, 0x7E, 0x0F,
    0xCF, 0xC1, 0xF9, 0xF8, 0x3F, 0x3F, 0x07, 0xE7, 0xFB, 0xFC, 0x7F, 0xFF, 0x8F, 0xFF, 0xF0, 0xFF,
    0xBE, 0x07, 0xE7, 0xC0, 0x01, 0xF0, 0x00, 0x3E, 0x00, 0x0F, 0xC0, 0x03, 0xF0, 0x23, 0xFE, 0x07,
    0xFF, 0x80, 0xFF, 0xE0, 0x1F, 0xF8, 0x03, 0xFC, 0x00, 0x1E, 0x0F, 0xC3, 0xF0, 0xFC, 0x3F, 0x07,
    0x80, 0x00, 0x00, 0x00, 0x00, 0x00, 0x00, 0x00, 0x00, 0x00, 0x01, 0xE0, 0xFC, 0x3F, 0x0F, 0xC3,
    0xF0, 0x78, 0x1E, 0x0F, 0xC3, 0xF0, 0xFC, 0x3F, 0x07, 0x80, 0x00, 0x00, 0x00, 0x00, 0x00, 0x00,
    0x00, 0x00, 0x00, 0x00, 0x00, 0x00, 0x3F, 0x0F, 0xC3, 0xF0, 0xF8, 0x3E, 0x0F, 0x87, 0xC1, 0xF0,
    0x78, 0x00, 0x00, 0x00, 0x00, 0x00, 0x18, 0x00, 0x0F, 0x00, 0x07, 0xE0, 0x03, 0xFC, 0x01, 0xFF,
    0x80, 0xFF, 0x80, 0x7F, 0xC0, 0x3F, 0xE0, 0x0F, 0xF0, 0x01, 0xFC, 0x00, 0x3F, 0xE0, 0x01, 0xFF,
    0x80, 0x0F, 0xFC, 0x00, 0x7F, 0xE0, 0x03, 0xFE, 0x00, 0x0F, 0xC0, 0x00, 0x78, 0x00, 0x03, 0x00,
    0x00, 0x00, 0x00, 0x00, 0x00, 0x00, 0x00, 0x00, 0x00, 0x00, 0x00, 0x0F, 0xFF, 0xF9, 0xFF, 0xFF,
    0x3F, 0xFF, 0xE7, 0xFF, 0xFC, 0x00, 0x00, 0x00, 0x00, 0x00, 0x00, 0x00, 0x7F, 0xFF, 0xCF, 0xFF,
    0xF9, 0xFF, 0xFF, 0x3F, 0xFF, 0xE0, 0x00, 0x00, 0x00, 0x00, 0x00, 0x00, 0x00, 0x00, 0x00, 0x00,
    0x00, 0x00, 0x00, 0x00, 0x00, 0x00, 0x00, 0x00, 0x00, 0x0C, 0x00, 0x01, 0xE0, 0x00, 0x3F, 0x00,
    0x07, 0xF8, 0x00, 0x7F, 0xC0, 0x03, 0xFE, 0x00, 0x1F, 0xF0, 0x00, 0xFF, 0x80, 0x07, 0xF8, 0x00,
    0x7F, 0x00, 0x3F, 0xE0, 0x1F, 0xF0, 0x1F, 0xF8, 0x0F, 0xFC, 0x03, 0xFE, 0x00, 0x7F, 0x00, 0x0F,
    0x80, 0x01, 0x80, 0x00, 0x00, 0x00, 0x00, 0x00, 0x00, 0x00, 0x00, 0x00, 0x00, 0x00, 0x1F, 0xF0,
    0x7F, 0xF8, 0xFF, 0xFC, 0x7F, 0xFE, 0x7C, 0xFE, 0x20, 0x3E, 0x00, 0x3E, 0x00, 0x3E, 0x00, 0x7E,
    0x00, 0xFC, 0x01, 0xFC, 0x03, 0xF8, 0x07, 0xF0, 0x07, 0xC0, 0x0F, 0xC0, 0x0F, 0x80, 0x0F, 0x80,
    0x00, 0x00, 0x00, 0x00, 0x00, 0x00, 0x07, 0x80, 0x0F, 0xC0, 0x0F, 0xC0, 0x0F, 0xC0, 0x0F, 0xC0,
    0x07, 0x80, 0x00, 0x1F, 0xF0, 0x00, 0x01, 0xFF, 0xF8, 0x00, 0x1F, 0xFF, 0xF0, 0x00, 0xFE, 0x0F,
    0xE0, 0x07, 0xE0, 0x0F, 0xC0, 0x3E, 0x00, 0x0F, 0x80, 0xF0, 0x00, 0x1E, 0x07, 0xC3, 0xFE, 0x7C,
    0x1E, 0x1F, 0xFC, 0xF0, 0xF8, 0xFF, 0xF3, 0xC3, 0xC7, 0xE7, 0xCF, 0x0F, 0x1E, 0x1F, 0x3E, 0x3C,
    0xF8, 0x78, 0xF8, 0xF3, 0xC1, 0xE3, 0xE7, 0xCF, 0x07, 0x8F, 0x1F, 0x3C, 0x1E, 0x3C, 0x7C, 0xF0,
    0x78, 0xF0, 0xF3, 0xE3, 0xE3, 0xC3, 0xCF, 0xDF, 0xDE, 0x0F, 0x1F, 0xFF, 0xF8, 0x3E, 0x3F, 0xDF,
    0xC0, 0x78, 0x7E, 0x3E, 0x01, 0xF0, 0x00, 0x00, 0x03, 0xF0, 0x00, 0x00, 0x07, 0xF0, 0x3E, 0x00,
    0x0F, 0xFF, 0xF8, 0x00, 0x1F, 0xFF, 0xE0, 0x00, 0x0F, 0xFE, 0x00, 0x00, 0xFE, 0x00, 0x03, 0xFC,
    0x00, 0x07, 0xFC, 0x00, 0x0F, 0xF8, 0x00, 0x3F, 0xF0, 0x00, 0x7F, 0xF0, 0x00, 0xFB, 0xE0, 0x03,
    0xF7, 0xC0, 0x07, 0xEF, 0x80, 0x0F, 0x9F, 0x80, 0x1F, 0x1F, 0x00, 0x7E, 0x3E, 0x00, 0xFC, 0x7E,
    0x01, 0xF0, 0xFC, 0x07, 0xE0, 0xF8, 0x0F, 0xC1, 0xF8, 0x1F, 0xFF, 0xF0, 0x7F, 0xFF, 0xE0, 0xFF,
    0xFF, 0xE1, 0xFF, 0xFF, 0xC7, 0xE0, 0x1F, 0x8F, 0xC0, 0x1F, 0x9F, 0x80, 0x3F, 0x3F, 0x00, 0x7E,
    0xFC, 0x00, 0xFD, 0xF8, 0x00, 0xFC, 0x1F, 0xFF, 0x00, 0x7F, 0xFF, 0x01, 0xFF, 0xFE, 0x07, 0xFF,
    0xF8, 0x1F, 0x9F, 0xF0, 0x7C, 0x0F, 0xC1, 0xF0, 0x3F, 0x07, 0xC0, 0xFC, 0x1F, 0x03, 0xF0, 0x7C,
    0x0F, 0xC1, 0xF8, 0xFE, 0x07, 0xFF, 0xF8, 0x1F, 0xFF, 0x80, 0x7F, 0xFF, 0x01, 0xFF, 0xFE, 0x07,
    0xC1, 0xFC, 0x1F, 0x03, 0xF0, 0x7C, 0x07, 0xE1, 0xF0, 0x1F, 0x87, 0xC0, 0x7E, 0x1F, 0x03, 0xF8,
    0x7E, 0x3F, 0xC1, 0xFF, 0xFF, 0x07, 0xFF, 0xF8, 0x1F, 0xFF, 0xC0, 0x7F, 0xFC, 0x00, 0x00, 0x7F,
    0x80, 0x0F, 0xFF, 0x80, 0xFF, 0xFC, 0x0F, 0xFF, 0xC0, 0xFF, 0x3E, 0x0F, 0xE0, 0x30, 0x7E, 0x00,
    0x07, 0xF0, 0x00, 0x3F, 0x00, 0x01, 0xF8, 0x00, 0x0F, 0xC0, 0x00, 0x7E, 0x00, 0x03, 0xF0, 0x00,
    0x1F, 0x80, 0x00, 0xFC, 0x00, 0x07, 0xE0, 0x00, 0x3F, 0x00, 0x01, 0xF8, 0x00, 0x0F, 0xC0, 0x00,
    0x3F, 0x00, 0x01, 0xFC, 0x02, 0x07, 0xF9, 0xF0, 0x3F, 0xFF, 0x80, 0xFF, 0xFC, 0x03, 0xFF, 0xE0,
    0x07, 0xFE, 0x00, 0x1F, 0xFE, 0x00, 0x1F, 0xFF, 0x80, 0x1F, 0xFF, 0xE0, 0x1F, 0xFF, 0xF0, 0x1F,
    0x9F, 0xF0, 0x1F, 0x03, 0xF8, 0x1F, 0x01, 0xF8, 0x1F, 0x00, 0xFC, 0x1F, 0x00, 0xFC, 0x1F, 0x00,
    0xFC, 0x1F, 0x00, 0x7C, 0x1F, 0x00, 0x7E, 0x1F, 0x00, 0x7E, 0x1F, 0x00, 0x7E, 0x1F, 0x00, 0x7C,
    0x1F, 0x00, 0xFC, 0x1F, 0x00, 0xFC, 0x1F, 0x00, 0xFC, 0x1F, 0x00, 0xFC, 0x1F, 0x01, 0xF8, 0x1F,
    0x03, 0xF8, 0x1F, 0x9F, 0xF0, 0x1F, 0xFF, 0xE0, 0x1F, 0xFF, 0xC0, 0x1F, 0xFF, 0x80, 0x1F, 0xFE,
    0x00, 0x1F, 0xFF, 0x87, 0xFF, 0xE1, 0xFF, 0xF8, 0x7F, 0xFE, 0x1F, 0x80, 0x07, 0xC0, 0x01, 0xF0,
    0x00, 0x7C, 0x00, 0x1F, 0x00, 0x07, 0xC0, 0x01, 0xF8, 0x00, 0x7F, 0xFC, 0x1F, 0xFF, 0x07, 0xFF,
    0xC1, 0xFF, 0xF0, 0x7C, 0x00, 0x1F, 0x00, 0x07, 0xC0, 0x01, 0xF0, 0x00, 0x7C, 0x00, 0x1F, 0x00,
    0x07, 0xE0, 0x01, 0xFF, 0xF8, 0x7F, 0xFE, 0x1F, 0xFF, 0x87, 0xFF, 0xE0, 0x1F, 0xFF, 0x87, 0xFF,
    0xE1, 0xFF, 0xF8, 0x7F, 0xFE, 0x1F, 0x00, 0x07, 0xC0, 0x01, 0xF0, 0x00, 0x7C, 0x00, 0x1F, 0x00,
    0x07, 0xC0, 0x01, 0xF0, 0x00, 0x7C, 0x00, 0x1F, 0xFF, 0x07, 0xFF, 0xC1, 0xFF, 0xF0, 0x7F, 0xFC,
    0x1F, 0x00, 0x07, 0xC0, 0x01, 0xF0, 0x00, 0x7C, 0x00, 0x1F, 0x00, 0x07, 0xC0, 0x01, 0xF0, 0x00,
    0x7C, 0x00, 0x1F, 0x00, 0x07, 0xC0, 0x00, 0x00, 0x7F, 0xE0, 0x01, 0xFF, 0xF8, 0x03, 0xFF, 0xF8,
    0x07, 0xFF, 0xF8, 0x0F, 0xFD, 0xF0, 0x1F, 0xE0, 0x10, 0x1F, 0xC0, 0x00, 0x1F, 0x80, 0x00, 0x3F,
    0x00, 0x00, 0x3F, 0x00, 0x00, 0x3F, 0x00, 0x00, 0x3F, 0x0F, 0xFC, 0x3F, 0x0F, 0xFC, 0x3F, 0x0F,
    0xFC, 0x3F, 0x0F, 0xFC, 0x3F, 0x00, 0xFC, 0x3F, 0x00, 0xFC, 0x3F, 0x00, 0xFC, 0x3F, 0x80, 0xFC,
    0x1F, 0x80, 0xFC, 0x1F, 0xC0, 0xFC, 0x0F, 0xF1, 0xFC, 0x0F, 0xFF, 0xFC, 0x07, 0xFF, 0xFC, 0x01,
    0xFF, 0xFC, 0x00, 0x7F, 0xE0, 0x1F, 0x00, 0x7C, 0x0F, 0x80, 0x3E, 0x07, 0xC0, 0x1F, 0x03, 0xE0,
    0x0F, 0x81, 0xF0, 0x07, 0xC0, 0xF8, 0x03, 0xE0, 0x7C, 0x01, 0xF0, 0x3E, 0x00, 0xF8, 0x1F, 0x00,
    0x7C, 0x0F, 0x80, 0x3E, 0x07, 0xE0, 0x1F, 0x03, 0xFF, 0xFF, 0x81, 0xFF, 0xFF, 0xC0, 0xFF, 0xFF,
    0xE0, 0x7F, 0xFF, 0xF0, 0x3E, 0x00, 0xF8, 0x1F, 0x00, 0x7C, 0x0F, 0x80, 0x3E, 0x07, 0xC0, 0x1F,
    0x03, 0xE0, 0x0F, 0x81, 0xF0, 0x07, 0xC0, 0xF8, 0x03, 0xE0, 0x7C, 0x01, 0xF0, 0x3E, 0x00, 0xF8,
    0x1F, 0x00, 0x7C, 0x0F, 0x80, 0x3E, 0x00, 0x7F, 0xF3, 0xFF, 0x9F, 0xFC, 0xFF, 0xE1, 0xFC, 0x07,
    0xC0, 0x3E, 0x01, 0xF0, 0x0F, 0x80, 0x7C, 0x03, 0xE0, 0x1F, 0x00, 0xF8, 0x07, 0xC0, 0x3E, 0x01,
    0xF0, 0x0F, 0x80, 0x7C, 0x03, 0xE0, 0x1F, 0x00, 0xF8, 0x07, 0xE0, 0xFF, 0x8F, 0xFE, 0x7F, 0xF3,
    0xFF, 0x80, 0x03, 0xE0, 0x0F, 0x80, 0x3E, 0x00, 0xF8, 0x03, 0xE0, 0x0F, 0x80, 0x3E, 0x00, 0xF8,
    0x03, 0xE0, 0x0F, 0x80, 0x3E, 0x00, 0xF8, 0x03, 0xE0, 0x0F, 0x80, 0x3E, 0x00, 0xF8, 0x03, 0xE0,
    0x0F, 0x80, 0x3E, 0x00, 0xF8, 0x03, 0xE0, 0x0F, 0x80, 0x3E, 0x00, 0xF8, 0x03, 0xE0, 0x0F, 0x80,
    0x7E, 0x01, 0xF8, 0x0F, 0xE3, 0xFF, 0x0F, 0xFC, 0x3F, 0xE0, 0xFF, 0x00, 0x00, 0x00, 0x1F, 0x00,
    0xFC, 0x7C, 0x07, 0xE1, 0xF0, 0x3F, 0x07, 0xC1, 0xFC, 0x1F, 0x07, 0xE0, 0x7C, 0x3F, 0x01, 0xF1,
    0xFC, 0x07, 0xC7, 0xE0, 0x1F, 0x3F, 0x00, 0x7D, 0xFC, 0x01, 0xF7, 0xE0, 0x07, 0xFF, 0x00, 0x1F,
    0xFE, 0x00, 0x7F, 0xF8, 0x01, 0xFF, 0xF0, 0x07, 0xFF, 0xC0, 0x1F, 0x9F, 0x80, 0x7C, 0x7E, 0x01,
    0xF0, 0xFC, 0x07, 0xC3, 0xF8, 0x1F, 0x07, 0xE0, 0x7C, 0x1F, 0xC1, 0xF0, 0x3F, 0x07, 0xC0, 0xFE,
    0x1F, 0x01, 0xF8, 0x7C, 0x03, 0xF0, 0x1F, 0x00, 0x07, 0xC0, 0x01, 0xF0, 0x00, 0x7C, 0x00, 0x1F,
    0x00, 0x07, 0xC0, 0x01, 0xF0, 0x00, 0x7C, 0x00, 0x1F, 0x00, 0x07, 0xC0, 0x01, 0xF0, 0x00, 0x7C,
    0x00, 0x1F, 0x00, 0x07, 0xC0, 0x01, 0xF0, 0x00, 0x7C, 0x00, 0x1F, 0x00, 0x07, 0xC0, 0x01, 0xF0,
    0x00, 0x7C, 0x00, 0x1F, 0x00, 0x07, 0xE0, 0x01, 0xFF, 0xFC, 0x7F, 0xFF, 0x1F, 0xFF, 0xC7, 0xFF,
    0xF0, 0x1F, 0xC0, 0x07, 0xF8, 0x1F, 0xE0, 0x07, 0xF8, 0x1F, 0xE0, 0x07, 0xF8, 0x1F, 0xE0, 0x0F,
    0xF8, 0x1F, 0xF0, 0x0F, 0xF8, 0x1F, 0xF0, 0x0F, 0xF8, 0x1F, 0xF0, 0x1F, 0xF8, 0x1F, 0xF8, 0x1F,
    0xF8, 0x1F, 0xF8, 0x1F, 0xF8, 0x1F, 0xF8, 0x3E, 0xF8, 0x1F, 0x78, 0x3E, 0xF8, 0x1F, 0x7C, 0x3E,
    0xF8, 0x1F, 0x7C, 0x3C, 0xF8, 0x1F, 0x7C, 0x7C, 0xF8, 0x1F, 0x3E, 0x7C, 0xF8, 0x1F, 0x3E, 0x78,
    0xF8, 0x1F, 0x3E, 0xF8, 0xF8, 0x1F, 0x1E, 0xF8, 0xF8, 0x1F, 0x1F, 0xF0, 0xF8, 0x1F, 0x1F, 0xF0,
    0xF8, 0x1F, 0x1F, 0xF0, 0xF8, 0x1F, 0x0F, 0xF0, 0xF8, 0x1F, 0x0F, 0xE0, 0xF8, 0x1F, 0x0F, 0xE0,
    0xF8, 0x1F, 0x07, 0xE0, 0xF8, 0x1F, 0x07, 0xC0, 0xF8, 0x1F, 0xC0, 0x1F, 0x03, 0xF8, 0x03, 0xE0,
    0x7F, 0x80, 0x7C, 0x0F, 0xF0, 0x0F, 0x81, 0xFF, 0x01, 0xF0, 0x3F, 0xE0, 0x3E, 0x07, 0xFE, 0x07,
    0xC0, 0xFF, 0xE0, 0xF8, 0x1F, 0xFC, 0x1F, 0x03, 0xFF, 0xC3, 0xE0, 0x7D, 0xF8, 0x7C, 0x0F, 0x9F,
    0x8F, 0x81, 0xF3, 0xF1, 0xF0, 0x3E, 0x3F, 0x3E, 0x07, 0xC7, 0xE7, 0xC0, 0xF8, 0x7E, 0xF8, 0x1F,
    0x0F, 0xDF, 0x03, 0xE0, 0xFF, 0xE0, 0x7C, 0x1F, 0xFC, 0x0F, 0x81, 0xFF, 0x81, 0xF0, 0x3F, 0xF0,
    0x3E, 0x03, 0xFE, 0x07, 0xC0, 0x7F, 0xC0, 0xF8, 0x07, 0xF8, 0x1F, 0x00, 0xFF, 0x03, 0xE0, 0x0F,
    0xE0, 0x00, 0x7F, 0xC0, 0x00, 0x7F, 0xF8, 0x00, 0x7F, 0xFF, 0x80, 0x3F, 0xFF, 0xF0, 0x0F, 0xF3,
    0xFC, 0x07, 0xF0, 0x3F, 0x81, 0xF8, 0x07, 0xE0, 0xFE, 0x01, 0xFC, 0x3F, 0x00, 0x3F, 0x0F, 0xC0,
    0x0F, 0xC3, 0xF0, 0x03, 0xF0, 0xFC, 0x00, 0xFC, 0x3F, 0x00, 0x3F, 0x0F, 0xC0, 0x0F, 0xC3, 0xF0,
    0x03, 0xF0, 0xFC, 0x00, 0xFC, 0x3F, 0x00, 0x3F, 0x0F, 0xC0, 0x0F, 0xC3, 0xF0, 0x07, 0xF0, 0x7E,
    0x01, 0xF8, 0x1F, 0xC0, 0xFE, 0x03, 0xFC, 0xFF, 0x00, 0xFF, 0xFF, 0xC0, 0x1F, 0xFF, 0xE0, 0x01,
    0xFF, 0xE0, 0x00, 0x1F, 0xE0, 0x00, 0x1F, 0xFE, 0x00, 0xFF, 0xFC, 0x07, 0xFF, 0xF0, 0x3F, 0xFF,
    0x81, 0xF9, 0xFE, 0x0F, 0x83, 0xF0, 0x7C, 0x0F, 0x83, 0xE0, 0x7E, 0x1F, 0x03, 0xF0, 0xF8, 0x1F,
    0x07, 0xC1, 0xF8, 0x3E, 0x0F, 0xC1, 0xF9, 0xFE, 0x0F, 0xFF, 0xE0, 0x7F, 0xFE, 0x03, 0xFF, 0xE0,
    0x1F, 0xFE, 0x00, 0xF8, 0x00, 0x07, 0xC0, 0x00, 0x3E, 0x00, 0x01, 0xF0, 0x00, 0x0F, 0x80, 0x00,
    0x7C, 0x00, 0x03, 0xE0, 0x00, 0x1F, 0x00, 0x00, 0xF8, 0x00, 0x00, 0x00, 0x7F, 0x80, 0x00, 0x7F,
    0xF8, 0x00, 0x7F, 0xFF, 0x80, 0x3F, 0xFF, 0xF0, 0x0F, 0xF3, 0xFC, 0x07, 0xF0, 0x3F, 0x81, 0xF8,
    0x07, 0xE0, 0xFE, 0x01, 0xFC, 0x3F, 0x00, 0x3F, 0x0F, 0xC0, 0x0F, 0xC3, 0xF0, 0x03, 0xF0, 0xFC,
    0x00, 0xFC, 0x3F, 0x00, 0x3F, 0x0F, 0xC0, 0x0F, 0xC3, 0xF0, 0x03, 0xF0, 0xFC, 0x00, 0xFC, 0x3F,
    0x00, 0x3F, 0x0F, 0xC0, 0x0F, 0xC3, 0xF0, 0x07, 0xF0, 0x7E, 0x01, 0xF8, 0x1F, 0xC0, 0xFE, 0x03,
    0xFC, 0xFF, 0x00, 0xFF, 0xFF, 0xC0, 0x1F, 0xFF, 0xE0, 0x01, 0xFF, 0xF0, 0x00, 0x3F, 0xF8, 0x00,
    0x00, 0x7F, 0x00, 0x00, 0x0F, 0xE0, 0x00, 0x01, 0xF8, 0x00, 0x00, 0x7F, 0x00, 0x00, 0x0F, 0xE0,
    0x00, 0x01, 0xFC, 0x1F, 0xFE, 0x00, 0x7F, 0xFE, 0x01, 0xFF, 0xFC, 0x07, 0xFF, 0xF8, 0x1F, 0x9F,
    0xE0, 0x7C, 0x1F, 0x81, 0xF0, 0x3F, 0x07, 0xC0, 0xFC, 0x1F, 0x03, 0xF0, 0x7C, 0x0F, 0xC1, 0xF0,
    0x7E, 0x07, 0xE7, 0xF8, 0x1F, 0xFF, 0xC0, 0x7F, 0xFE, 0x01, 0xFF, 0xF0, 0x07, 0xFF, 0xC0, 0x1F,
    0x1F, 0x00, 0x7C, 0x7E, 0x01, 0xF0, 0xFC, 0x07, 0xC3, 0xF0, 0x1F, 0x07, 0xE0, 0x7C, 0x1F, 0x81,
    0xF0, 0x3F, 0x07, 0xC0, 0xFE, 0x1F, 0x01, 0xF8, 0x7C, 0x07, 0xF0, 0x03, 0xFE, 0x03, 0xFF, 0xE1,
    0xFF, 0xF8, 0xFF, 0xFC, 0x3F, 0x9F, 0x0F, 0x80, 0xC3, 0xE0, 0x00, 0xF8, 0x00, 0x3F, 0x00, 0x0F,
    0xE0, 0x03, 0xFE, 0x00, 0x7F, 0xE0, 0x0F, 0xFC, 0x01, 0xFF, 0x80, 0x3F, 0xF0, 0x03, 0xFE, 0x00,
    0x3F, 0x80, 0x07, 0xE0, 0x00, 0xF8, 0x00, 0x3E, 0x70, 0x1F, 0x9F, 0xDF, 0xE7, 0xFF, 0xF1, 0xFF,
    0xF8, 0x7F, 0xFC, 0x07, 0xFC, 0x00, 0xFF, 0xFF, 0xDF, 0xFF, 0xFB, 0xFF, 0xFF, 0x7F, 0xFF, 0xE0,
    0x3F, 0x00, 0x03, 0xE0, 0x00, 0x7C, 0x00, 0x0F, 0x80, 0x01, 0xF0, 0x00, 0x3E, 0x00, 0x07, 0xC0,
    0x00, 0xF8, 0x00, 0x1F, 0x00, 0x03, 0xE0, 0x00, 0x7C, 0x00, 0x0F, 0x80, 0x01, 0xF0, 0x00, 0x3E,
    0x00, 0x07, 0xC0, 0x00, 0xF8, 0x00, 0x1F, 0x00, 0x03, 0xE0, 0x00, 0x7C, 0x00, 0x0F, 0x80, 0x01,
    0xF0, 0x00, 0x3E, 0x00, 0x3F, 0x00, 0xFC, 0x1F, 0x80, 0x7E, 0x0F, 0xC0, 0x3F, 0x07, 0xE0, 0x1F,
    0x83, 0xF0, 0x0F, 0xC1, 0xF8, 0x07, 0xE0, 0xFC, 0x03, 0xF0, 0x7E, 0x01, 0xF8, 0x3F, 0x00, 0xFC,
    0x1F, 0x80, 0x7E, 0x0F, 0xC0, 0x3F, 0x07, 0xE0, 0x1F, 0x83, 0xF0, 0x0F, 0xC1, 0xF8, 0x07, 0xE0,
    0xFC, 0x03, 0xF0, 0x7E, 0x01, 0xF8, 0x3F, 0x00, 0xFC, 0x0F, 0x80, 0x7E, 0x07, 0xC0, 0x3F, 0x03,
    0xF0, 0x1F, 0x81, 0xF8, 0x1F, 0xC0, 0xFF, 0x3F, 0xC0, 0x3F, 0xFF, 0xE0, 0x0F, 0xFF, 0xE0, 0x03,
    0xFF, 0xE0, 0x00, 0x7F, 0xC0, 0x00, 0xFC, 0x00, 0xFF, 0xF0, 0x03, 0xE7, 0xC0, 0x1F, 0x9F, 0x80,
    0x7E, 0x7E, 0x01, 0xF1, 0xF8, 0x0F, 0xC3, 0xE0, 0x3F, 0x0F, 0xC0, 0xFC, 0x3F, 0x03, 0xE0, 0x7C,
    0x1F, 0x81, 0xF8, 0x7E, 0x07, 0xE1, 0xF0, 0x0F, 0x8F, 0xC0, 0x3E, 0x3F, 0x00, 0xFC, 0xF8, 0x03,
    0xF3, 0xE0, 0x07, 0xDF, 0x80, 0x1F, 0x7E, 0x00, 0x7F, 0xF0, 0x00, 0xFF, 0xC0, 0x03, 0xFF, 0x00,
    0x0F, 0xF8, 0x00, 0x1F, 0xE0, 0x00, 0x7F, 0x80, 0x01, 0xFC, 0x00, 0x07, 0xF0, 0x00, 0xFC, 0x07,
    0xE0, 0x1F, 0x7E, 0x03, 0xF0, 0x1F, 0xBF, 0x01, 0xF8, 0x0F, 0xCF, 0x80, 0xFE, 0x07, 0xE7, 0xC0,
    0xFF, 0x03, 0xE3, 0xF0, 0x7F, 0x81, 0xF1, 0xF8, 0x3F, 0xC1, 0xF8, 0xFC, 0x1F, 0xF0, 0xFC, 0x3E,
    0x1F, 0xF8, 0x7E, 0x1F, 0x0F, 0xFC, 0x3E, 0x0F, 0xC7, 0xFE, 0x1F, 0x07, 0xE3, 0xEF, 0x1F, 0x81,
    0xF1, 0xE7, 0xCF, 0xC0, 0xF9, 0xF3, 0xE7, 0xC0, 0x7C, 0xF9, 0xF3, 0xE0, 0x3F, 0x7C, 0x79, 0xF0,
    0x0F, 0xBC, 0x3F, 0xF8, 0x07, 0xDE, 0x1F, 0xF8, 0x03, 0xFF, 0x0F, 0xFC, 0x01, 0xFF, 0x87, 0xFE,
    0x00, 0xFF, 0xC1, 0xFF, 0x00, 0x3F, 0xC0, 0xFF, 0x80, 0x1F, 0xE0, 0x7F, 0x80, 0x0F, 0xF0, 0x3F,
    0xC0, 0x07, 0xF8, 0x0F, 0xE0, 0x01, 0xF8, 0x07, 0xF0, 0x00, 0x7E, 0x01, 0xF9, 0xF8, 0x0F, 0xC3,
    0xF0, 0x3F, 0x0F, 0xC1, 0xF8, 0x1F, 0x87, 0xE0, 0x7E, 0x3F, 0x00, 0xFC, 0xFC, 0x03, 0xF7, 0xE0,
    0x07, 0xFF, 0x80, 0x1F, 0xFC, 0x00, 0x3F, 0xE0, 0x00, 0x7F, 0x80, 0x01, 0xFC, 0x00, 0x07, 0xF0,
    0x00, 0x3F, 0xE0, 0x00, 0xFF, 0xC0, 0x07, 0xFF, 0x00, 0x1F, 0x7E, 0x00, 0xFD, 0xF8, 0x07, 0xE3,
    0xF0, 0x1F, 0x8F, 0xC0, 0xFC, 0x1F, 0x83, 0xF0, 0x7F, 0x1F, 0x80, 0xFC, 0x7E, 0x01, 0xFB, 0xF0,
    0x07, 0xE0, 0xFC, 0x03, 0xF7, 0xF0, 0x1F, 0x9F, 0x80, 0xFC, 0xFC, 0x0F, 0xC3, 0xF0, 0x7E, 0x1F,
    0x87, 0xE0, 0x7E, 0x3F, 0x03, 0xF3, 0xF0, 0x0F, 0xDF, 0x80, 0x7F, 0xF8, 0x01, 0xFF, 0xC0, 0x0F,
    0xFC, 0x00, 0x3F, 0xE0, 0x01, 0xFE, 0x00, 0x07, 0xF0, 0x00, 0x3F, 0x00, 0x01, 0xF8, 0x00, 0x0F,
    0xC0, 0x00, 0x7E, 0x00, 0x03, 0xF0, 0x00, 0x1F, 0x80, 0x00, 0xFC, 0x00, 0x07, 0xE0, 0x00, 0x3F,
    0x00, 0x01, 0xF8, 0x00, 0x0F, 0xC0, 0x00, 0x7F, 0xFF, 0xCF, 0xFF, 0xF9, 0xFF, 0xFF, 0x3F, 0xFF,
    0xE0, 0x01, 0xF8, 0x00, 0x3F, 0x00, 0x0F, 0xC0, 0x01, 0xF8, 0x00, 0x7E, 0x00, 0x1F, 0x80, 0x03,
    0xF0, 0x00, 0xFC, 0x00, 0x1F, 0x80, 0x07, 0xE0, 0x01, 0xF8, 0x00, 0x3F, 0x00, 0x0F, 0xC0, 0x01,
    0xF8, 0x00, 0x7E, 0x00, 0x1F, 0xC0, 0x03, 0xF0, 0x00, 0xFE, 0x00, 0x1F, 0xFF, 0xF3, 0xFF, 0xFE,
    0x7F, 0xFF, 0xCF, 0xFF, 0xF8, 0x3F, 0xE3, 0xFE, 0x3F, 0xE3, 0xFE, 0x3E, 0x03, 0xE0, 0x3E, 0x03,
    0xE0, 0x3E, 0x03, 0xE0, 0x3E, 0x03, 0xE0, 0x3E, 0x03, 0xE0, 0x3E, 0x03, 0xE0, 0x3E, 0x03, 0xE0,
    0x3E, 0x03, 0xE0, 0x3E, 0x03, 0xE0, 0x3E, 0x03, 0xE0, 0x3E, 0x03, 0xE0, 0x3E, 0x03, 0xE0, 0x3F,
    0xE3, 0xFE, 0x3F, 0xE3, 0xFE, 0x00, 0x00, 0xF8, 0x00, 0xF8, 0x01, 0xF0, 0x03, 0xE0, 0x03, 0xE0,
    0x07, 0xC0, 0x0F, 0xC0, 0x0F, 0x80, 0x1F, 0x00, 0x1F, 0x00, 0x3E, 0x00, 0x7C, 0x00, 0x7C, 0x00,
    0xF8, 0x01, 0xF0, 0x01, 0xF0, 0x03, 0xE0, 0x07, 0xE0, 0x07, 0xC0, 0x0F, 0x80, 0x0F, 0x80, 0x1F,
    0x00, 0x3E, 0x00, 0x3E, 0x00, 0x7C, 0x00, 0xFC, 0x7F, 0xC7, 0xFC, 0x7F, 0xC7, 0xFC, 0x0F, 0xC0,
    0x7C, 0x07, 0xC0, 0x7C, 0x07, 0xC0, 0x7C, 0x07, 0xC0, 0x7C, 0x07, 0xC0, 0x7C, 0x07, 0xC0, 0x7C,
    0x07, 0xC0, 0x7C, 0x07, 0xC0, 0x7C, 0x07, 0xC0, 0x7C, 0x07, 0xC0, 0x7C, 0x07, 0xC0, 0x7C, 0x07,
    0xC0, 0x7C, 0x7F, 0xC7, 0xFC, 0x7F, 0xC7, 0xFC, 0x00, 0x00, 0x00, 0xE0, 0x00, 0x0F, 0x00, 0x01,
    0xF0, 0x00, 0x1F, 0x80, 0x03, 0xF8, 0x00, 0x3F, 0xC0, 0x07, 0xFC, 0x00, 0x7B, 0xE0, 0x0F, 0xBE,
    0x00, 0xF1, 0xF0, 0x1F, 0x1F, 0x01, 0xF0, 0xF8, 0x3E, 0x0F, 0x83, 0xE0, 0x7C, 0x3C, 0x07, 0xC7,
    0xC0, 0x3E, 0x78, 0x03, 0xE0, 0x00, 0x00, 0x00, 0x00, 0x00, 0x00, 0x00, 0x00, 0x00, 0x00, 0x00,
    0x00, 0x00, 0x00, 0x00, 0x00, 0x00, 0x00, 0x00, 0x00, 0x00, 0x00, 0x00, 0x00, 0x00, 0x00, 0x00,
    0x00, 0x0F, 0xFF, 0xF7, 0xFF, 0xFB, 0xFF, 0xFC, 0x7F, 0x03, 0xF0, 0x1F, 0x80, 0xFC, 0x07, 0xC0,
    0x1E, 0x00, 0x00, 0x00, 0x00, 0x00, 0x00, 0x00, 0x00, 0x00, 0x00, 0x00, 0x00, 0x00, 0x00, 0x00,
    0x00, 0x00, 0x00, 0x00, 0x00, 0x00, 0x00, 0x00, 0x00, 0x00, 0x00, 0x00, 0x00, 0x00, 0x00, 0x00,
    0x00, 0x00, 0x03, 0xFC, 0x01, 0xFF, 0xF0, 0x1F, 0xFF, 0x00, 0xFF, 0xF8, 0x0F, 0xBF, 0x80, 0x00,
    0xFC, 0x00, 0x0F, 0xC0, 0x00, 0xFC, 0x07, 0xFF, 0xC1, 0xFF, 0xFC, 0x3F, 0xFF, 0xC3, 0xF8, 0xFC,
    0x7E, 0x0F, 0xC7, 0xE0, 0xFC, 0x7E, 0x1F, 0xC7, 0xF7, 0xFC, 0x7F, 0xFF, 0xC3, 0xFF, 0xFC, 0x1F,
    0xF7, 0xC0, 0xFC, 0x7C, 0x3F, 0x00, 0x01, 0xF8, 0x00, 0x0F, 0xC0, 0x00, 0x7E, 0x00, 0x03, 0xF0,
    0x00, 0x1F, 0x80, 0x00, 0xFC, 0x00, 0x07, 0xE7, 0xE0, 0x3F, 0x7F, 0x81, 0xFF, 0xFE, 0x0F, 0xFF,
    0xF0, 0x7F, 0x9F, 0xC3, 0xF8, 0x7E, 0x1F, 0x81, 0xF0, 0xFC, 0x0F, 0xC7, 0xE0, 0x7E, 0x3F, 0x03,
    0xF1, 0xF8, 0x1F, 0x8F, 0xC0, 0xFC, 0x7E, 0x07, 0xE3, 0xF0, 0x3E, 0x1F, 0xC3, 0xF0, 0xFF, 0x3F,
    0x87, 0xFF, 0xF8, 0x3F, 0xFF, 0xC1, 0xF7, 0xFC, 0x0F, 0x9F, 0xC0, 0x03, 0xFE, 0x03, 0xFF, 0x83,
    0xFF, 0xC3, 0xFF, 0xC3, 0xFD, 0xE1, 0xF8, 0x00, 0xFC, 0x00, 0xFC, 0x00, 0x7E, 0x00, 0x3F, 0x00,
    0x1F, 0x80, 0x0F, 0xC0, 0x07, 0xE0, 0x01, 0xF0, 0x00, 0xFC, 0x04, 0x7F, 0x9E, 0x1F, 0xFF, 0x0F,
    0xFF, 0x83, 0xFF, 0xC0, 0x7F, 0x80, 0x00, 0x07, 0xE0, 0x00, 0x3F, 0x00, 0x01, 0xF8, 0x00, 0x0F,
    0xC0, 0x00, 0x7E, 0x00, 0x03, 0xF0, 0x00, 0x1F, 0x80, 0xFC, 0xFC, 0x0F, 0xFF, 0xE0, 0xFF, 0xFF,
    0x07, 0xFF, 0xF8, 0x7F, 0x3F, 0xC3, 0xF0, 0xFE, 0x1F, 0x03, 0xF1, 0xF8, 0x1F, 0x8F, 0xC0, 0xFC,
    0x7E, 0x07, 0xE3, 0xF0, 0x3F, 0x1F, 0x81, 0xF8, 0xFC, 0x0F, 0xC3, 0xE0, 0x7E, 0x1F, 0x83, 0xF0,
    0xFE, 0x7F, 0x83, 0xFF, 0xFC, 0x1F, 0xFF, 0xE0, 0x7F, 0xDF, 0x01, 0xF8, 0xF8, 0x03, 0xFC, 0x00,
    0x7F, 0xE0, 0x0F, 0xFF, 0x01, 0xFF, 0xF8, 0x3F, 0xDF, 0xC3, 0xF0, 0xFC, 0x3E, 0x07, 0xC7, 0xE0,
    0x7C, 0x7F, 0xFF, 0xC7, 0xFF, 0xFC, 0x7F, 0xFF, 0xC7, 0xE0, 0x00, 0x7E, 0x00, 0x03, 0xE0, 0x00,
    0x3F, 0x00, 0x83, 0xFC, 0xF8, 0x1F, 0xFF, 0x80, 0xFF, 0xF8, 0x07, 0xFF, 0x80, 0x1F, 0xE0, 0x03,
    0xFC, 0x1F, 0xF8, 0x3F, 0xF0, 0xFF, 0xC1, 0xFD, 0x83, 0xF0, 0x07, 0xE0, 0x1F, 0xFC, 0xFF, 0xF9,
    0xFF, 0xF3, 0xFF, 0xE0, 0xFC, 0x01, 0xF8, 0x03, 0xF0, 0x07, 0xE0, 0x0F, 0xC0, 0x1F, 0x80, 0x3F,
    0x00, 0x7E, 0x00, 0xFC, 0x01, 0xF8, 0x03, 0xF0, 0x07, 0xE0, 0x0F, 0xC0, 0x1F, 0x80, 0x3F, 0x00,
    0x7E, 0x00, 0x07, 0xE3, 0xE0, 0x7F, 0xDF, 0x07, 0xFF, 0xF8, 0x3F, 0xFF, 0xC3, 0xF9, 0xFE, 0x1F,
    0x87, 0xF0, 0xF8, 0x1F, 0x8F, 0xC0, 0xFC, 0x7E, 0x07, 0xE3, 0xF0, 0x3F, 0x1F, 0x81, 0xF8, 0xFC,
    0x0F, 0xC7, 0xE0, 0x7E, 0x1F, 0x03, 0xF0, 0xFC, 0x1F, 0x87, 0xF3, 0xFC, 0x1F, 0xFF, 0xE0, 0xFF,
    0xFF, 0x03, 0xFF, 0xF8, 0x0F, 0xCF, 0xC0, 0x00, 0x7E, 0x00, 0x03, 0xF0, 0x00, 0x1F, 0x06, 0x01,
    0xF8, 0x3F, 0x3F, 0xC1, 0xFF, 0xFC, 0x0F, 0xFF, 0xE0, 0x7F, 0xFC, 0x00, 0xFF, 0xC0, 0x00, 0x3F,
    0x00, 0x00, 0xFC, 0x00, 0x03, 0xF0, 0x00, 0x0F, 0xC0, 0x00, 0x3F, 0x00, 0x00, 0xFC, 0x00, 0x03,
    0xF0, 0x00, 0x0F, 0xCF, 0xC0, 0x3F, 0xFF, 0x80, 0xFF, 0xFF, 0x03, 0xFF, 0xFE, 0x0F, 0xFB, 0xF8,
    0x3F, 0x87, 0xE0, 0xFC, 0x0F, 0x83, 0xF0, 0x3E, 0x0F, 0xC0, 0xF8, 0x3F, 0x03, 0xE0, 0xFC, 0x0F,
    0x83, 0xF0, 0x3E, 0x0F, 0xC0, 0xF8, 0x3F, 0x03, 0xE0, 0xFC, 0x0F, 0x83, 0xF0, 0x3E, 0x0F, 0xC0,
    0xF8, 0x3F, 0x03, 0xE0, 0xFC, 0x0F, 0x83, 0xF0, 0x3E, 0x00, 0x1E, 0x0F, 0xC3, 0xF0, 0xFC, 0x1E,
    0x00, 0x00, 0x00, 0xFC, 0x3F, 0x0F, 0xC3, 0xF0, 0xFC, 0x3F, 0x0F, 0xC3, 0xF0, 0xFC, 0x3F, 0x0F,
    0xC3, 0xF0, 0xFC, 0x3F, 0x0F, 0xC3, 0xF0, 0xFC, 0x3F, 0x0F, 0xC3, 0xF0, 0x07, 0x80, 0xFC, 0x0F,
    0xC0, 0xFC, 0x07, 0x80, 0x00, 0x00, 0x00, 0xFC, 0x0F, 0xC0, 0xFC, 0x0F, 0xC0, 0xFC, 0x0F, 0xC0,
    0xFC, 0x0F, 0xC0, 0xFC, 0x0F, 0xC0, 0xFC, 0x0F, 0xC0, 0xFC, 0x0F, 0xC0, 0xFC, 0x0F, 0xC0, 0xFC,
    0x0F, 0xC0, 0xFC, 0x0F, 0xC0, 0xFC, 0x0F, 0xC0, 0xFC, 0x0F, 0xC9, 0xFC, 0xFF, 0x8F, 0xF8, 0xFF,
    0x0F, 0xE0, 0x3F, 0x00, 0x01, 0xF8, 0x00, 0x0F, 0xC0, 0x00, 0x7E, 0x00, 0x03, 0xF0, 0x00, 0x1F,
    0x80, 0x00, 0xFC, 0x00, 0x07, 0xE0, 0x7E, 0x3F, 0x07, 0xE1, 0xF8, 0x7E, 0x0F, 0xC7, 0xE0, 0x7E,
    0x3F, 0x03, 0xF3, 0xF0, 0x1F, 0xBF, 0x00, 0xFF, 0xF0, 0x07, 0xFF, 0x80, 0x3F, 0xFC, 0x01, 0xFF,
    0xF0, 0x0F, 0xFF, 0x80, 0x7F, 0x7E, 0x03, 0xF3, 0xF8, 0x1F, 0x8F, 0xC0, 0xFC, 0x3F, 0x07, 0xE1,
    0xF8, 0x3F, 0x07, 0xE1, 0xF8, 0x3F, 0x8F, 0xC0, 0xFC, 0x3F, 0x0F, 0xC3, 0xF0, 0xFC, 0x3F, 0x0F,
    0xC3, 0xF0, 0xFC, 0x3F, 0x0F, 0xC3, 0xF0, 0xFC, 0x3F, 0x0F, 0xC3, 0xF0, 0xFC, 0x3F, 0x0F, 0xC3,
    0xF0, 0xFC, 0x3F, 0x0F, 0xC3, 0xF0, 0xFC, 0x3F, 0x0F, 0xC3, 0xF0, 0x3E, 0x3F, 0x07, 0xE0, 0x3E,
    0xFF, 0x9F, 0xF0, 0x3F, 0xFF, 0xDF, 0xF8, 0x3F, 0xFF, 0xFF, 0xFC, 0x3F, 0xCF, 0xFD, 0xFC, 0x3F,
    0x87, 0xF0, 0xFC, 0x3F, 0x07, 0xE0, 0xFC, 0x3F, 0x07, 0xE0, 0xFC, 0x3F, 0x07, 0xE0, 0xFC, 0x3F,
    0x07, 0xE0, 0xFC, 0x3F, 0x07, 0xE0, 0xFC, 0x3F, 0x07, 0xE0, 0xFC, 0x3F, 0x07, 0xE0, 0xFC, 0x3F,
    0x07, 0xE0, 0xFC, 0x3F, 0x07, 0xE0, 0xFC, 0x3F, 0x07, 0xE0, 0xFC, 0x3F, 0x07, 0xE0, 0xFC, 0x3F,
    0x07, 0xE0, 0xFC, 0x3F, 0x07, 0xE0, 0xFC, 0x3F, 0x07, 0xE0, 0xFC, 0x3E, 0x3F, 0x00, 0xFB, 0xFE,
    0x03, 0xFF, 0xFC, 0x0F, 0xFF, 0xF8, 0x3F, 0xEF, 0xE0, 0xFE, 0x1F, 0x83, 0xF0, 0x3E, 0x0F, 0xC0,
    0xF8, 0x3F, 0x03, 0xE0, 0xFC, 0x0F, 0x83, 0xF0, 0x3E, 0x0F, 0xC0, 0xF8, 0x3F, 0x03, 0xE0, 0xFC,
    0x0F, 0x83, 0xF0, 0x3E, 0x0F, 0xC0, 0xF8, 0x3F, 0x03, 0xE0, 0xFC, 0x0F, 0x83, 0xF0, 0x3E, 0x0F,
    0xC0, 0xF8, 0x03, 0xFC, 0x00, 0x3F, 0xF8, 0x03, 0xFF, 0xE0, 0x3F, 0xFF, 0x83, 0xFD, 0xFC, 0x1F,
    0x83, 0xF0, 0xF8, 0x1F, 0x8F, 0xC0, 0xFC, 0x7E, 0x03, 0xE3, 0xF0, 0x1F, 0x1F, 0x80, 0xF8, 0xFC,
    0x0F, 0xC7, 0xE0, 0x7E, 0x1F, 0x03, 0xF0, 0xFC, 0x1F, 0x87, 0xFB, 0xF8, 0x1F, 0xFF, 0x80, 0x7F,
    0xFC, 0x01, 0xFF, 0xC0, 0x03, 0xF8, 0x00, 0x3E, 0x3F, 0x01, 0xF7, 0xFC, 0x0F, 0xFF, 0xF0, 0x7F,
    0xFF, 0x83, 0xFC, 0xFE, 0x1F, 0xC3, 0xF0, 0xFC, 0x0F, 0x87, 0xE0, 0x7E, 0x3F, 0x03, 0xF1, 0xF8,
    0x1F, 0x8F, 0xC0, 0xFC, 0x7E, 0x07, 0xE3, 0xF0, 0x3F, 0x1F, 0x81, 0xF0, 0xFE, 0x1F, 0x87, 0xF9,
    0xFC, 0x3F, 0xFF, 0xC1, 0xFF, 0xFE, 0x0F, 0xFF, 0xE0, 0x7E, 0x7E, 0x03, 0xF0, 0x00, 0x1F, 0x80,
    0x00, 0xFC, 0x00, 0x07, 0xE0, 0x00, 0x3F, 0x00, 0x01, 0xF8, 0x00, 0x0F, 0xC0, 0x00, 0x7E, 0x00,
    0x03, 0xF0, 0x00, 0x00, 0x07, 0xE3, 0xE0, 0x7F, 0xDF, 0x07, 0xFF, 0xF8, 0x3F, 0xFF, 0xC3, 0xF9,
    0xFE, 0x1F, 0x87, 0xF0, 0xF8, 0x1F, 0x8F, 0xC0, 0xFC, 0x7E, 0x07, 0xE3, 0xF0, 0x3F, 0x1F, 0x81,
    0xF8, 0xFC, 0x0F, 0xC7, 0xE0, 0x7E, 0x1F, 0x03, 0xF0, 0xFC, 0x1F, 0x87, 0xF3, 0xFC, 0x1F, 0xFF,
    0xE0, 0xFF, 0xFF, 0x03, 0xFF, 0xF8, 0x0F, 0xCF, 0xC0, 0x00, 0x7E, 0x00, 0x03, 0xF0, 0x00, 0x1F,
    0x80, 0x00, 0xFC, 0x00, 0x07, 0xE0, 0x00, 0x3F, 0x00, 0x01, 0xF8, 0x00, 0x0F, 0xC0, 0x00, 0x7E,
    0x00, 0x3E, 0x3E, 0x7C, 0xF8, 0xFB, 0xF1, 0xFF, 0xE3, 0xFF, 0xC7, 0xFC, 0x0F, 0xE0, 0x1F, 0x80,
    0x3F, 0x00, 0x7E, 0x00, 0xFC, 0x01, 0xF8, 0x03, 0xF0, 0x07, 0xE0, 0x0F, 0xC0, 0x1F, 0x80, 0x3F,
    0x00, 0x7E, 0x00, 0xFC, 0x01, 0xF8, 0x00, 0x0F, 0xF8, 0x1F, 0xFE, 0x3F, 0xFE, 0x7F, 0xFC, 0x7F,
    0x7C, 0x7E, 0x00, 0x7E, 0x00, 0x3F, 0x80, 0x3F, 0xE0, 0x1F, 0xF8, 0x0F, 0xFC, 0x03, 0xFE, 0x00,
    0xFE, 0x00, 0x3E, 0x40, 0x3E, 0x7C, 0xFE, 0x7F, 0xFE, 0x7F, 0xFC, 0x7F, 0xF8, 0x1F, 0xF0, 0x0F,
    0x00, 0x3C, 0x00, 0xF0, 0x07, 0xC0, 0x3F, 0xF9, 0xFF, 0xEF, 0xFF, 0xBF, 0xFE, 0x1F, 0x00, 0x7C,
    0x01, 0xF0, 0x07, 0xC0, 0x1F, 0x00, 0x7C, 0x01, 0xF0, 0x07, 0xC0, 0x1F, 0x00, 0x7C, 0x01, 0xF8,
    0x07, 0xF6, 0x1F, 0xF8, 0x7F, 0xE0, 0xFF, 0x81, 0xFE, 0x3F, 0x03, 0xE0, 0xFC, 0x0F, 0x83, 0xF0,
    0x3E, 0x0F, 0xC0, 0xF8, 0x3F, 0x03, 0xE0, 0xFC, 0x0F, 0x83, 0xF0, 0x3E, 0x0F, 0xC0, 0xF8, 0x3F,
    0x03, 0xE0, 0xFC, 0x0F, 0x83, 0xF0, 0x3E, 0x0F, 0xC0, 0xF8, 0x3F, 0x07, 0xE0, 0xFC, 0x1F, 0x83,
    0xF0, 0x7E, 0x07, 0xF7, 0xF8, 0x1F, 0xFF, 0xE0, 0x7F, 0xFF, 0x80, 0xFF, 0x9E, 0x00, 0xFC, 0x78,
    0xFC, 0x07, 0xFF, 0x80, 0xFD, 0xF0, 0x3F, 0x3F, 0x07, 0xE7, 0xE0, 0xFC, 0x7C, 0x1F, 0x0F, 0xC7,
    0xE1, 0xF8, 0xFC, 0x1F, 0x1F, 0x03, 0xE7, 0xE0, 0x7E, 0xFC, 0x07, 0xDF, 0x00, 0xFB, 0xE0, 0x1F,
    0xFC, 0x01, 0xFF, 0x00, 0x3F, 0xE0, 0x07, 0xFC, 0x00, 0x7F, 0x00, 0x0F, 0xE0, 0x01, 0xFC, 0x00,
    0xFC, 0x1F, 0xC1, 0xF7, 0xE0, 0xFE, 0x0F, 0x9F, 0x07, 0xF0, 0xFC, 0xF8, 0x7F, 0x87, 0xE7, 0xE3,
    0xFC, 0x3E, 0x3F, 0x1F, 0xF1, 0xF0, 0xF8, 0xFF, 0x9F, 0x87, 0xCF, 0xBC, 0xFC, 0x3F, 0x7D, 0xE7,
    0xC1, 0xFB, 0xCF, 0x3E, 0x07, 0xDE, 0x7D, 0xF0, 0x3E, 0xF1, 0xFF, 0x81, 0xF7, 0x8F, 0xF8, 0x0F,
    0xFC, 0x7F, 0xC0, 0x3F, 0xC3, 0xFE, 0x01, 0xFE, 0x1F, 0xF0, 0x0F, 0xF0, 0xFF, 0x00, 0x7F, 0x83,
    0xF8, 0x01, 0xFC, 0x1F, 0xC0, 0x0F, 0xC0, 0xFC, 0x00, 0x7E, 0x0F, 0xCF, 0xC1, 0xF8, 0xFC, 0x7E,
    0x1F, 0x8F, 0xC1, 0xFB, 0xF0, 0x3F, 0xFE, 0x03, 0xFF, 0x80, 0x3F, 0xE0, 0x07, 0xFC, 0x00, 0x7F,
    0x00, 0x1F, 0xE0, 0x03, 0xFE, 0x00, 0xFF, 0xE0, 0x1F, 0xFC, 0x07, 0xEF, 0xC0, 0xFD, 0xF8, 0x3F,
    0x1F, 0x8F, 0xC3, 0xF1, 0xF8, 0x3F, 0x7E, 0x07, 0xF0, 0xFC, 0x07, 0xFF, 0x80, 0xFD, 0xF8, 0x3F,
    0x3F, 0x07, 0xE7, 0xE0, 0xFC, 0x7C, 0x1F, 0x0F, 0xC7, 0xE1, 0xF8, 0xFC, 0x1F, 0x1F, 0x03, 0xF7,
    0xE0, 0x7E, 0xFC, 0x07, 0xDF, 0x00, 0xFB, 0xE0, 0x1F, 0xFC, 0x01, 0xFF, 0x00, 0x3F, 0xE0, 0x03,
    0xFC, 0x00, 0x7F, 0x00, 0x0F, 0xE0, 0x00, 0xFC, 0x00, 0x1F, 0x00, 0x07, 0xE0, 0x00, 0xFC, 0x00,
    0x3F, 0x00, 0x0F, 0xE0, 0x0F, 0xF8, 0x01, 0xFF, 0x00, 0x3F, 0xC0, 0x07, 0xE0, 0x00, 0x7F, 0xFE,
    0x7F, 0xFE, 0x7F, 0xFE, 0x7F, 0xFE, 0x00, 0xFC, 0x00, 0xFC, 0x01, 0xF8, 0x01, 0xF0, 0x03, 0xF0,
    0x07, 0xE0, 0x07, 0xC0, 0x0F, 0xC0, 0x1F, 0x80, 0x1F, 0x80, 0x3F, 0x00, 0x7F, 0x00, 0x7F, 0xFE,
    0x7F, 0xFE, 0x7F, 0xFE, 0x7F, 0xFE, 0x01, 0xF8, 0x0F, 0xE0, 0x7F, 0x81, 0xFE, 0x07, 0xF0, 0x1F,
    0x00, 0x7C, 0x01, 0xF0, 0x07, 0xC0, 0x1F, 0x00, 0x7C, 0x01, 0xF0, 0x0F, 0xC0, 0x7E, 0x0F, 0xF8,
    0x3F, 0xC0, 0xFE, 0x03, 0xFE, 0x03, 0xF8, 0x03, 0xF0, 0x07, 0xC0, 0x1F, 0x00, 0x7C, 0x01, 0xF0,
    0x07, 0xC0, 0x1F, 0x00, 0x7C, 0x01, 0xFC, 0x07, 0xF8, 0x1F, 0xE0, 0x3F, 0x80, 0x7E, 0x01, 0xE0,
    0x00, 0x78, 0x00, 0x1E, 0x00, 0x07, 0x80, 0x01, 0xE0, 0x00, 0x78, 0x00, 0x1E, 0x00, 0x07, 0x80,
    0x01, 0xE0, 0x00, 0x78, 0x00, 0x1E, 0x00, 0x07, 0x80, 0x01, 0xE0, 0x00, 0x78, 0x00, 0x1E, 0x00,
    0x07, 0x80, 0x01, 0xE0, 0x00, 0x78, 0x00, 0x1E, 0x00, 0x07, 0x80, 0x01, 0xE0, 0x00, 0x78, 0x00,
    0x1E, 0x00, 0x07, 0x80, 0x01, 0xE0, 0x00, 0x78, 0x00, 0x1E, 0x00, 0x07, 0x80, 0x01, 0xE0, 0x00,
    0x78, 0x00, 0x1E, 0x00, 0x07, 0x80, 0x01, 0xE0, 0x00, 0x78, 0x00, 0x1E, 0x00, 0x07, 0x80, 0x7C,
    0x01, 0xFC, 0x07, 0xF8, 0x1F, 0xE0, 0x3F, 0x80, 0x3E, 0x00, 0xF8, 0x03, 0xE0, 0x0F, 0x80, 0x3E,
    0x00, 0xF8, 0x03, 0xE0, 0x0F, 0xC0, 0x3F, 0x80, 0x7F, 0x80, 0xFE, 0x03, 0xF8, 0x1F, 0xE0, 0x7F,
    0x03, 0xF0, 0x0F, 0x80, 0x3E, 0x00, 0xF8, 0x03, 0xE0, 0x0F, 0x80, 0x3E, 0x00, 0xF8, 0x0F, 0xE0,
    0x7F, 0x81, 0xFE, 0x07, 0xF0, 0x1F, 0x00, 0x00, 0x00, 0x07, 0xF8, 0x09, 0xFF, 0xE7, 0x3F, 0xFF,
    0xE7, 0xFF, 0xFC, 0xE3, 0xFF, 0x90, 0x0F, 0xE0, 0x00, 0x00, 0x00, 0x00, 0x00, 0x00, 0x00, 0x00,
    0x00, 0x00, 0x00, 0x00, 0x00, 0x00, 0x00, 0x00, 0x00, 0x00, 0x00, 0x00, 0x00, 0x00, 0x00, 0x00,
};

static const GFXglyph kUi36Glyphs[] PROGMEM = {
    {0, 8, 0, 8, 0, 0},
    {0, 10, 26, 10, 0, -26},
    {33, 17, 26, 17, 0, -26},
    {89, 21, 26, 21, 0, -26},
    {158, 19, 29, 19, 0, -27},
    {227, 31, 26, 31, 0, -26},
    {328, 25, 26, 25, 0, -26},
    {410, 9, 26, 9, 0, -26},
    {440, 12, 32, 12, 0, -26},
    {488, 12, 32, 12, 0, -26},
    {536, 18, 27, 18, 0, -27},
    {597, 19, 21, 19, 0, -21},
    {647, 10, 9, 10, 0, -4},
    {659, 11, 12, 11, 0, -12},
    {676, 10, 6, 10, 0, -6},
    {684, 15, 26, 15, 0, -26},
    {733, 19, 26, 19, 0, -26},
    {795, 19, 26, 19, 0, -26},
    {857, 19, 26, 19, 0, -26},
    {919, 19, 26, 19, 0, -26},
    {981, 19, 26, 19, 0, -26},
    {1043, 19, 26, 19, 0, -26},
    {1105, 19, 26, 19, 0, -26},
    {1167, 19, 26, 19, 0, -26},
    {1229, 19, 26, 19, 0, -26},
    {1291, 19, 26, 19, 0, -26},
    {1353, 10, 20, 10, 0, -20},
    {1378, 10, 25, 10, 0, -20},
    {1410, 19, 23, 19, 0, -23},
    {1465, 19, 19, 19, 0, -19},
    {1511, 19, 23, 19, 0, -23},
    {1566, 16, 26, 16, 0, -26},
    {1618, 30, 28, 30, 0, -26},
    {1723, 23, 26, 23, 0, -26},
    {1798, 22, 26, 22, 0, -26},
    {1870, 21, 26, 21, 0, -26},
    {1939, 24, 26, 24, 0, -26},
    {2017, 18, 26, 18, 0, -26},
    {2076, 18, 26, 18, 0, -26},
    {2135, 24, 26, 24, 0, -26},
    {2213, 25, 26, 25, 0, -26},
    {2295, 13, 26, 13, 0, -26},
    {2338, 14, 34, 11, -3, -26},
    {2398, 22, 26, 22, 0, -26},
    {2470, 18, 26, 18, 0, -26},
    {2529, 32, 26, 32, 0, -26},
    {2633, 27, 26, 27, 0, -26},
    {2721, 26, 26, 26, 0, -26},
    {2806, 21, 26, 21, 0, -26},
    {2875, 26, 32, 26, 0, -26},
    {2979, 22, 26, 22, 0, -26},
    {3051, 18, 26, 18, 0, -26},
    {3110, 19, 26, 19, 0, -26},
    {3172, 25, 26, 25, 0, -26},
    {3254, 22, 26, 22, 0, -26},
    {3326, 33, 26, 32, 0, -26},
    {3434, 22, 26, 21, 0, -26},
    {3506, 21, 26, 20, 0, -26},
    {3575, 19, 26, 19, 0, -26},
    {3637, 12, 33, 12, 0, -26},
    {3687, 15, 26, 15, 0, -26},
    {3736, 12, 33, 12, 0, -26},
    {3786, 20, 26, 20, 0, -26},
    {3851, 17, 6, 16, -1, 0},
    {3864, 12, 28, 12, 0, -28},
    {3906, 20, 20, 20, 0, -20},
    {3956, 21, 27, 21, 0, -27},
    {4027, 17, 20, 17, 0, -20},
    {4070, 21, 27, 21, 0, -27},
    {4141, 20, 20, 20, 0, -20},
    {4191, 15, 27, 13, 0, -27},
    {4242, 21, 29, 21, 0, -20},
    {4319, 22, 27, 22, 0, -27},
    {4394, 10, 27, 10, 0, -27},
    {4428, 12, 36, 10, -2, -27},
    {4482, 21, 27, 20, 0, -27},
    {4553, 10, 27, 10, 0, -27},
    {4587, 32, 20, 32, 0, -20},
    {4667, 22, 20, 22, 0, -20},
    {4722, 21, 20, 21, 0, -20},
    {4775, 21, 29, 21, 0, -20},
    {4852, 21, 29, 21, 0, -20},
    {4929, 15, 20, 15, 0, -20},
    {4967, 16, 20, 16, 0, -20},
    {5007, 14, 24, 14, 0, -24},
    {5049, 22, 20, 22, 0, -20},
    {5104, 19, 20, 19, 0, -20},
    {5152, 29, 20, 29, 0, -20},
    {5225, 19, 20, 19, 0, -20},
    {5273, 19, 29, 19, 0, -20},
    {5342, 16, 20, 16, 0, -20},
    {5382, 14, 32, 14, 0, -26},
    {5438, 18, 36, 18, 0, -27},
    {5519, 14, 32, 14, 0, -26},
    {5575, 19, 17, 19, 0, -17},
};

static const GFXfont kUiFont36 PROGMEM = {
    (uint8_t*)kUi36Bitmaps,
    (GFXglyph*)kUi36Glyphs,
    0x0020, 0x007E, 42};

static const uint8_t kUi48Bitmaps[] PROGMEM = {
    0x3F, 0xE0, 0xFF, 0x07, 0xF8, 0x3F, 0xC1, 0xFE, 0x0F, 0xE0, 0x7F, 0x03, 0xF8, 0x1F, 0xC0, 0xFE,
    0x07, 0xF0, 0x3F, 0x81, 0xFC, 0x0F, 0xE0, 0x7F, 0x03, 0xF8, 0x1F, 0xC0, 0xFE, 0x07, 0xF0, 0x3F,
    0x81, 0xFC, 0x07, 0xE0, 0x3F, 0x00, 0x00, 0x00, 0x00, 0x00, 0x00, 0x00, 0x1F, 0x01, 0xFC, 0x0F,
    0xF0, 0xFF, 0x87, 0xFC, 0x1F, 0xE0, 0xFE, 0x03, 0xE0, 0x1F, 0xCF, 0xF0, 0x7F, 0x1F, 0x81, 0xFC,
    0x7E, 0x07, 0xE1, 0xF8, 0x1F, 0x87, 0xE0, 0x7E, 0x1F, 0x81, 0xF8, 0x7E, 0x07, 0xE1, 0xF8, 0x1F,
    0x87, 0xE0, 0x7E, 0x1F, 0x81, 0xF8, 0x7E, 0x07, 0xE1, 0xF8, 0x1F, 0x87, 0xE0, 0x00, 0x00, 0x00,
    0x00, 0x00, 0x00, 0x00, 0x00, 0x00, 0x00, 0x00, 0x00, 0x00, 0x00, 0x00, 0x00, 0x00, 0x00, 0x00,
    0x00, 0x00, 0x00, 0x00, 0x00, 0x00, 0x00, 0x00, 0x00, 0x00, 0x00, 0x00, 0x00, 0x00, 0x00, 0x00,
    0x00, 0x00, 0x00, 0x00, 0x00, 0x00, 0x00, 0x00, 0x00, 0x00, 0x00, 0x00, 0x00, 0x00, 0x00, 0x00,
    0x00, 0x00, 0x00, 0x00, 0x00, 0x00, 0x00, 0x00, 0x00, 0x00, 0x00, 0x3E, 0x1F, 0x00, 0x01, 0xF0,
    0xF8, 0x00, 0x0F, 0x87, 0xC0, 0x00, 0xFC, 0x3E, 0x00, 0x07, 0xE3, 0xF0, 0x00, 0x3F, 0x1F, 0x80,
    0x01, 0xF0, 0xF8, 0x00, 0x0F, 0x87, 0xC0, 0x00, 0x7C, 0x3E, 0x00, 0x07, 0xE1, 0xF0, 0x0F, 0xFF,
    0xFF, 0xFC, 0x7F, 0xFF, 0xFF, 0xE3, 0xFF, 0xFF, 0xFF, 0x1F, 0xFF, 0xFF, 0xF8, 0xFF, 0xFF, 0xFF,
    0xC0, 0x3F, 0x0F, 0x80, 0x01, 0xF8, 0xFC, 0x00, 0x0F, 0x87, 0xE0, 0x00, 0x7C, 0x3E, 0x00, 0x03,
    0xE1, 0xF0, 0x07, 0xFF, 0xFF, 0xFE, 0x3F, 0xFF, 0xFF, 0xF1, 0xFF, 0xFF, 0xFF, 0x8F, 0xFF, 0xFF,
    0xFC, 0x7F, 0xFF, 0xFF, 0xE0, 0x1F, 0x0F, 0x80, 0x00, 0xF8, 0x7C, 0x00, 0x0F, 0xC7, 0xE0, 0x00,
    0x7E, 0x3F, 0x00, 0x03, 0xE1, 0xF8, 0x00, 0x1F, 0x0F, 0x80, 0x00, 0xF8, 0x7C, 0x00, 0x07, 0xC3,
    0xE0, 0x00, 0x7E, 0x3F, 0x00, 0x03, 0xF1, 0xF8, 0x00, 0x00, 0x1E, 0x00, 0x00, 0x07, 0x80, 0x00,
    0x01, 0xE0, 0x00, 0x00, 0x78, 0x00, 0x01, 0xFF, 0xF8, 0x01, 0xFF, 0xFF, 0x80, 0xFF, 0xFF, 0xE0,
    0x7F, 0xFF, 0xF8, 0x1F, 0xFF, 0xFC, 0x0F, 0xFF, 0xFF, 0x03, 0xF9, 0xE1, 0xC0, 0xFE, 0x78, 0x00,
    0x3F, 0x9E, 0x00, 0x0F, 0xE7, 0x80, 0x03, 0xFD, 0xE0, 0x00, 0xFF, 0xF8, 0x00, 0x1F, 0xFE, 0x00,
    0x03, 0xFF, 0xC0, 0x00, 0x7F, 0xFC, 0x00, 0x0F, 0xFF, 0xC0, 0x01, 0xFF, 0xF8, 0x00, 0x1F, 0xFF,
    0x00, 0x01, 0xFF, 0xE0, 0x00, 0x7F, 0xF8, 0x00, 0x1E, 0xFF, 0x00, 0x07, 0x9F, 0xC0, 0x01, 0xE7,
    0xF0, 0x80, 0x79, 0xFC, 0x38, 0x1E, 0x7F, 0x0F, 0xE7, 0xFF, 0x83, 0xFF, 0xFF, 0xE0, 0xFF, 0xFF,
    0xF0, 0x3F, 0xFF, 0xFC, 0x0F, 0xFF, 0xFE, 0x00, 0xFF, 0xFE, 0x00, 0x07, 0xFC, 0x00, 0x00, 0x1E,
    0x00, 0x00, 0x07, 0x80, 0x00, 0x01, 0xE0, 0x00, 0x00, 0x78, 0x00, 0x01, 0xE0, 0x00, 0x00, 0x00,
    0x03, 0xFC, 0x00, 0x1F, 0x80, 0x03, 0xFF, 0x00, 0x1F, 0x80, 0x03, 0xFF, 0xC0, 0x0F, 0xC0, 0x03,
    0xFF, 0xF0, 0x0F, 0xC0, 0x01, 0xFF, 0xF8, 0x07, 0xE0, 0x00, 0xFC, 0xFC, 0x07, 0xE0, 0x00, 0x7E,
    0x3F, 0x03, 0xF0, 0x00, 0x7E, 0x1F, 0x83, 0xF0, 0x00, 0x3F, 0x0F, 0xC1, 0xF8, 0x00, 0x1F, 0x87,
    0xE1, 0xF8, 0x00, 0x0F, 0xC3, 0xF0, 0xFC, 0x00, 0x07, 0xE1, 0xF8, 0xFC, 0x00, 0x03, 0xF0, 0xFC,
    0x7E, 0x00, 0x00, 0xFC, 0x7E, 0x7E, 0x3F, 0x80, 0x7E, 0x7F, 0x3F, 0x3F, 0xE0, 0x3F, 0x3F, 0x3F,
    0x3F, 0xF8, 0x1F, 0xFF, 0x9F, 0xBF, 0xFE, 0x07, 0xFF, 0x8F, 0x9F, 0xFF, 0x83, 0xFF, 0xCF, 0xCF,
    0xDF, 0xC0, 0xFF, 0xC7, 0xCF, 0xE7, 0xE0, 0x1F, 0x87, 0xE7, 0xE3, 0xF0, 0x00, 0x03, 0xE3, 0xF0,
    0xFC, 0x00, 0x03, 0xF1, 0xF8, 0x7E, 0x00, 0x01, 0xF0, 0xFC, 0x3F, 0x00, 0x01, 0xF8, 0x7E, 0x1F,
    0x80, 0x00, 0xF8, 0x3F, 0x0F, 0xC0, 0x00, 0xFC, 0x1F, 0x87, 0xE0, 0x00, 0x7E, 0x0F, 0xC7, 0xE0,
    0x00, 0x7E, 0x07, 0xF3, 0xF0, 0x00, 0x3F, 0x01, 0xFB, 0xF8, 0x00, 0x3F, 0x00, 0xFF, 0xFC, 0x00,
    0x1F, 0x80, 0x3F, 0xFC, 0x00, 0x1F, 0x80, 0x1F, 0xFE, 0x00, 0x0F, 0xC0, 0x07, 0xFE, 0x00, 0x0F,
    0xC0, 0x00, 0xFC, 0x00, 0x00, 0x1F, 0x00, 0x00, 0x00, 0x1F, 0xF8, 0x00, 0x00, 0x1F, 0xFF, 0x00,
    0x00, 0x0F, 0xFF, 0xE0, 0x00, 0x07, 0xFF, 0xFC, 0x00, 0x01, 0xFF, 0xFF, 0x00, 0x00, 0x7F, 0xBF,
    0xE0, 0x00, 0x3F, 0xC3, 0xF8, 0x00, 0x0F, 0xE0, 0xFE, 0x00, 0x03, 0xF8, 0x3F, 0x80, 0x00, 0xFE,
    0x0F, 0xE0, 0x00, 0x1F, 0xC7, 0xF8, 0x00, 0x07, 0xF1, 0xFC, 0x00, 0x01, 0xFE, 0xFF, 0x00, 0x00,
    0x3F, 0xFF, 0x80, 0x00, 0x0F, 0xFF, 0xC0, 0x00, 0x01, 0xFF, 0xE0, 0x00, 0x00, 0x7F, 0xF0, 0x00,
    0x00, 0x3F, 0xF8, 0x0F, 0xF0, 0x3F, 0xFF, 0x03, 0xFC, 0x0F, 0xFF, 0xE0, 0xFE, 0x07, 0xFF, 0xFC,
    0x7F, 0x83, 0xFC, 0xFF, 0x9F, 0xE0, 0xFF, 0x1F, 0xFF, 0xF0, 0x3F, 0x83, 0xFF, 0xFC, 0x0F, 0xE0,
    0x7F, 0xFE, 0x07, 0xF8, 0x0F, 0xFF, 0x80, 0xFE, 0x01, 0xFF, 0xC0, 0x3F, 0xC0, 0x3F, 0xE0, 0x0F,
    0xF8, 0x1F, 0xF8, 0x03, 0xFF, 0xFF, 0xFF, 0x00, 0x7F, 0xFF, 0xFF, 0xE0, 0x1F, 0xFF, 0xFF, 0xFC,
    0x03, 0xFF, 0xFF, 0xFF, 0x80, 0x3F, 0xFF, 0x1F, 0xF0, 0x03, 0xFF, 0x03, 0xFE, 0x1F, 0xC1, 0xFC,
    0x1F, 0xC1, 0xF8, 0x1F, 0x81, 0xF8, 0x1F, 0x81, 0xF8, 0x1F, 0x81, 0xF8, 0x1F, 0x81, 0xF8, 0x1F,
    0x80, 0x00, 0x00, 0x00, 0x00, 0x00, 0x00, 0x00, 0x00, 0x00, 0x00, 0x00, 0x00, 0x00, 0x00, 0x00,
    0x00, 0x00, 0x00, 0x00, 0x00, 0x00, 0x00, 0x00, 0x00, 0x00, 0x00, 0x00, 0x00, 0x00, 0x00, 0x00,
    0x00, 0x00, 0x00, 0xFE, 0x00, 0xFC, 0x01, 0xF8, 0x03, 0xF8, 0x03, 0xF0, 0x07, 0xF0, 0x07, 0xE0,
    0x0F, 0xE0, 0x0F, 0xE0, 0x0F, 0xC0, 0x1F, 0xC0, 0x1F, 0xC0, 0x1F, 0x80, 0x1F, 0x80, 0x3F, 0x80,
    0x3F, 0x80, 0x3F, 0x80, 0x3F, 0x80, 0x3F, 0x80, 0x3F, 0x00, 0x3F, 0x00, 0x3F, 0x00, 0x3F, 0x00,
    0x3F, 0x00, 0x3F, 0x80, 0x3F, 0x80, 0x3F, 0x80, 0x3F, 0x80, 0x3F, 0x80, 0x1F, 0x80, 0x1F, 0x80,
    0x1F, 0xC0, 0x1F, 0xC0, 0x0F, 0xC0, 0x0F, 0xE0, 0x0F, 0xE0, 0x07, 0xE0, 0x07, 0xF0, 0x03, 0xF0,
    0x03, 0xF8, 0x01, 0xF8, 0x00, 0xFC, 0x00, 0xFE, 0x7F, 0x00, 0x3F, 0x00, 0x3F, 0x80, 0x1F, 0x80,
    0x0F, 0xC0, 0x0F, 0xE0, 0x0F, 0xE0, 0x07, 0xE0, 0x07, 0xF0, 0x03, 0xF0, 0x03, 0xF0, 0x03, 0xF8,
    0x03, 0xF8, 0x01, 0xF8, 0x01, 0xF8, 0x01, 0xFC, 0x01, 0xFC, 0x01, 0xFC, 0x01, 0xFC, 0x01, 0xFC,
    0x01, 0xFC, 0x01, 0xFC, 0x01, 0xFC, 0x01, 0xFC, 0x01, 0xFC, 0x01, 0xFC, 0x01, 0xFC, 0x01, 0xFC,
    0x01, 0xF8, 0x01, 0xF8, 0x03, 0xF8, 0x03, 0xF8, 0x03, 0xF8, 0x07, 0xF0, 0x07, 0xF0, 0x07, 0xE0,
    0x0F, 0xE0, 0x0F, 0xE0, 0x1F, 0xC0, 0x1F, 0xC0, 0x3F, 0x80, 0x3F, 0x00, 0x7F, 0x00, 0x00, 0x7E,
    0x00, 0x00, 0x7E, 0x00, 0x00, 0x7E, 0x00, 0x00, 0x7E, 0x00, 0x00, 0x7E, 0x00, 0x00, 0x3E, 0x00,
    0x3C, 0x3E, 0x1C, 0x3F, 0xBF, 0xFE, 0x3F, 0xFF, 0xFE, 0x7F, 0xFF, 0xFE, 0x7F, 0xFF, 0xFE, 0x7F,
    0xFF, 0xFE, 0x00, 0xFF, 0x00, 0x01, 0xFF, 0x80, 0x01, 0xFF, 0xC0, 0x03, 0xFF, 0xE0, 0x07, 0xE7,
    0xE0, 0x0F, 0xE7, 0xF0, 0x0F, 0xE3, 0xF8, 0x07, 0xC3, 0xF0, 0x01, 0xC1, 0xC0, 0x00, 0x81, 0x00,
    0x00, 0x00, 0x00, 0x00, 0x00, 0x00, 0x00, 0x00, 0x00, 0x00, 0x00, 0x00, 0x00, 0x00, 0x00, 0x00,
    0x00, 0x00, 0x00, 0x00, 0x00, 0x00, 0x00, 0x00, 0x00, 0x00, 0x00, 0x00, 0x00, 0x00, 0x00, 0x00,
    0x00, 0x00, 0x00, 0x00, 0x00, 0x00, 0x00, 0x00, 0x00, 0x00, 0x00, 0x00, 0x00, 0x00, 0x3F, 0x00,
    0x00, 0x0F, 0xC0, 0x00, 0x03, 0xF0, 0x00, 0x00, 0xFC, 0x00, 0x00, 0x3F, 0x00, 0x00, 0x0F, 0xC0,
    0x00, 0x03, 0xF0, 0x00, 0x00, 0xFC, 0x00, 0x3F, 0xFF, 0xFF, 0x0F, 0xFF, 0xFF, 0xC3, 0xFF, 0xFF,
    0xF0, 0xFF, 0xFF, 0xFC, 0x3F, 0xFF, 0xFF, 0x0F, 0xFF, 0xFF, 0xC0, 0x03, 0xF0, 0x00, 0x00, 0xFC,
    0x00, 0x00, 0x3F, 0x00, 0x00, 0x0F, 0xC0, 0x00, 0x03, 0xF0, 0x00, 0x00, 0xFC, 0x00, 0x00, 0x3F,
    0x00, 0x00, 0x0F, 0xC0, 0x00, 0x03, 0xF0, 0x00, 0x00, 0x00, 0x00, 0x00, 0x00, 0x00, 0x00, 0x00,
    0x00, 0x00, 0x00, 0x00, 0x00, 0x00, 0x00, 0x00, 0x1F, 0xE0, 0xFE, 0x07, 0xF0, 0x3F, 0x81, 0xFC,
    0x0F, 0xC0, 0xFE, 0x07, 0xF0, 0x3F, 0x01, 0xF8, 0x0F, 0x80, 0xFC, 0x00, 0x7F, 0xFC, 0xFF, 0xF9,
    0xFF, 0xF3, 0xFF, 0xE7, 0xFF, 0xCF, 0xFF, 0x80, 0x00, 0x00, 0x00, 0x00, 0x00, 0x00, 0x00, 0x00,
    0x00, 0x00, 0x00, 0x00, 0x00, 0x00, 0x00, 0x00, 0x00, 0x00, 0x0F, 0x80, 0xFE, 0x07, 0xF8, 0x7F,
    0xC3, 0xFE, 0x0F, 0xF0, 0x7F, 0x01, 0xF0, 0x00, 0x07, 0xE0, 0x00, 0xFE, 0x00, 0x0F, 0xE0, 0x00,
    0xFC, 0x00, 0x1F, 0xC0, 0x01, 0xFC, 0x00, 0x1F, 0x80, 0x03, 0xF8, 0x00, 0x3F, 0x80, 0x03, 0xF0,
    0x00, 0x7F, 0x00, 0x07, 0xE0, 0x00, 0xFE, 0x00, 0x0F, 0xE0, 0x00, 0xFC, 0x00, 0x1F, 0xC0, 0x01,
    0xFC, 0x00, 0x1F, 0x80, 0x03, 0xF8, 0x00, 0x3F, 0x00, 0x07, 0xF0, 0x00, 0x7F, 0x00, 0x07, 0xE0,
    0x00, 0xFE, 0x00, 0x0F, 0xE0, 0x00, 0xFC, 0x00, 0x1F, 0xC0, 0x01, 0xFC, 0x00, 0x1F, 0x80, 0x03,
    0xF8, 0x00, 0x3F, 0x00, 0x07, 0xF0, 0x00, 0x7F, 0x00, 0x07, 0xE0, 0x00, 0xFE, 0x00, 0x00, 0x00,
    0x3E, 0x00, 0x00, 0x3F, 0xF0, 0x00, 0x3F, 0xFE, 0x00, 0x1F, 0xFF, 0xC0, 0x0F, 0xFF, 0xF8, 0x03,
    0xFF, 0xFF, 0x01, 0xFF, 0x7F, 0xC0, 0x7F, 0x87, 0xF0, 0x1F, 0xC1, 0xFE, 0x0F, 0xF0, 0x3F, 0x83,
    0xFC, 0x0F, 0xE0, 0xFE, 0x03, 0xFC, 0x3F, 0x80, 0xFF, 0x0F, 0xE0, 0x3F, 0xC3, 0xF8, 0x07, 0xF0,
    0xFE, 0x01, 0xFC, 0x3F, 0x80, 0x7F, 0x1F, 0xE0, 0x1F, 0xC7, 0xF8, 0x07, 0xF0, 0xFE, 0x01, 0xFC,
    0x3F, 0x80, 0x7F, 0x0F, 0xE0, 0x1F, 0xC3, 0xF8, 0x0F, 0xF0, 0xFE, 0x03, 0xFC, 0x3F, 0x80, 0xFF,
    0x0F, 0xE0, 0x3F, 0xC3, 0xFC, 0x0F, 0xE0, 0x7F, 0x03, 0xF8, 0x1F, 0xC1, 0xFE, 0x07, 0xF8, 0x7F,
    0x00, 0xFF, 0xFF, 0xC0, 0x3F, 0xFF, 0xE0, 0x07, 0xFF, 0xF8, 0x00, 0xFF, 0xFC, 0x00, 0x1F, 0xFE,
    0x00, 0x01, 0xFE, 0x00, 0x00, 0x0F, 0xE0, 0x00, 0x07, 0xF8, 0x00, 0x03, 0xFE, 0x00, 0x01, 0xFF,
    0x80, 0x00, 0xFF, 0xE0, 0x00, 0x7F, 0xF8, 0x00, 0x3F, 0xFE, 0x00, 0x1F, 0xFF, 0x80, 0x1F, 0xFF,
    0xE0, 0x07, 0xFB, 0xF8, 0x01, 0xFC, 0xFE, 0x00, 0x3E, 0x3F, 0x80, 0x07, 0x0F, 0xE0, 0x00, 0x83,
    0xF8, 0x00, 0x00, 0xFE, 0x00, 0x00, 0x3F, 0x80, 0x00, 0x0F, 0xE0, 0x00, 0x03, 0xF8, 0x00, 0x00,
    0xFE, 0x00, 0x00, 0x3F, 0x80, 0x00, 0x0F, 0xE0, 0x00, 0x03, 0xF8, 0x00, 0x00, 0xFE, 0x00, 0x00,
    0x3F, 0x80, 0x00, 0x0F, 0xE0, 0x00, 0x03, 0xF8, 0x00, 0x00, 0xFE, 0x00, 0x00, 0x3F, 0x80, 0x00,
    0x0F, 0xE0, 0x00, 0x03, 0xF8, 0x00, 0x00, 0xFE, 0x00, 0x00, 0x3F, 0x80, 0x00, 0x0F, 0xE0, 0x00,
    0x03, 0xF8, 0x00, 0x00, 0xFE, 0x00, 0x00, 0x3E, 0x00, 0x00, 0xFF, 0xF0, 0x00, 0x7F, 0xFF, 0x00,
    0x7F, 0xFF, 0xE0, 0x3F, 0xFF, 0xF8, 0x0F, 0xFF, 0xFF, 0x03, 0xFE, 0x7F, 0xE0, 0x7C, 0x07, 0xF8,
    0x0E, 0x01, 0xFE, 0x01, 0x00, 0x3F, 0x80, 0x00, 0x0F, 0xE0, 0x00, 0x03, 0xF8, 0x00, 0x01, 0xFE,
    0x00, 0x00, 0x7F, 0x80, 0x00, 0x1F, 0xE0, 0x00, 0x0F, 0xF0, 0x00, 0x03, 0xFC, 0x00, 0x01, 0xFE,
    0x00, 0x00, 0xFF, 0x80, 0x00, 0x7F, 0xC0, 0x00, 0x1F, 0xE0, 0x00, 0x0F, 0xF0, 0x00, 0x07, 0xFC,
    0x00, 0x03, 0xFE, 0x00, 0x01, 0xFF, 0x00, 0x00, 0xFF, 0x80, 0x00, 0x3F, 0xC0, 0x00, 0x1F, 0xE0,
    0x00, 0x0F, 0xF0, 0x00, 0x07, 0xF8, 0x00, 0x03, 0xFF, 0xFF, 0xF0, 0xFF, 0xFF, 0xFC, 0x7F, 0xFF,
    0xFF, 0x1F, 0xFF, 0xFF, 0xC7, 0xFF, 0xFF, 0xF1, 0xFF, 0xFF, 0xFC, 0x00, 0x7E, 0x00, 0x01, 0xFF,
    0xF0, 0x01, 0xFF, 0xFF, 0x00, 0xFF, 0xFF, 0xE0, 0x3F, 0xFF, 0xFC, 0x07, 0xFF, 0xFF, 0x01, 0xFC,
    0x7F, 0xE0, 0x38, 0x07, 0xF8, 0x00, 0x01, 0xFE, 0x00, 0x00, 0x3F, 0x80, 0x00, 0x0F, 0xE0, 0x00,
    0x07, 0xF8, 0x00, 0x01, 0xFC, 0x00, 0x00, 0xFF, 0x00, 0x00, 0xFF, 0x80, 0x0F, 0xFF, 0xC0, 0x03,
    0xFF, 0xE0, 0x00, 0xFF, 0xE0, 0x00, 0x3F, 0xFF, 0x00, 0x0F, 0xFF, 0xE0, 0x03, 0xFF, 0xFC, 0x00,
    0x00, 0xFF, 0x80, 0x00, 0x1F, 0xE0, 0x00, 0x03, 0xFC, 0x00, 0x00, 0xFF, 0x00, 0x00, 0x3F, 0xC0,
    0x00, 0x0F, 0xF0, 0x00, 0x03, 0xFC, 0x20, 0x01, 0xFE, 0x1F, 0x00, 0xFF, 0x87, 0xFF, 0xFF, 0xE1,
    0xFF, 0xFF, 0xF0, 0x7F, 0xFF, 0xF8, 0x1F, 0xFF, 0xFC, 0x03, 0xFF, 0xFE, 0x00, 0x1F, 0xFC, 0x00,
    0x00, 0x03, 0xF8, 0x00, 0x01, 0xFE, 0x00, 0x00, 0x7F, 0x80, 0x00, 0x3F, 0xE0, 0x00, 0x0F, 0xF8,
    0x00, 0x07, 0xFE, 0x00, 0x03, 0xFF, 0x80, 0x00, 0xFF, 0xE0, 0x00, 0x7F, 0xF8, 0x00, 0x1F, 0xFE,
    0x00, 0x0F, 0xFF, 0x80, 0x07, 0xEF, 0xE0, 0x01, 0xFB, 0xF8, 0x00, 0xFC, 0xFE, 0x00, 0x3F, 0x3F,
    0x80, 0x1F, 0x8F, 0xE0, 0x0F, 0xE3, 0xF8, 0x03, 0xF0, 0xFE, 0x01, 0xF8, 0x3F, 0x80, 0x7E, 0x0F,
    0xE0, 0x3F, 0x03, 0xF8, 0x1F, 0xC0, 0xFE, 0x07, 0xFF, 0xFF, 0xF9, 0xFF, 0xFF, 0xFE, 0x7F, 0xFF,
    0xFF, 0x9F, 0xFF, 0xFF, 0xE7, 0xFF, 0xFF, 0xF9, 0xFF, 0xFF, 0xFE, 0x00, 0x03, 0xF8, 0x00, 0x00,
    0xFE, 0x00, 0x00, 0x3F, 0x80, 0x00, 0x0F, 0xE0, 0x00, 0x03, 0xF8, 0x00, 0x00, 0xFE, 0x00, 0x00,
    0x3F, 0x80, 0x0F, 0xFF, 0xFC, 0x03, 0xFF, 0xFF, 0x00, 0xFF, 0xFF, 0xC0, 0x3F, 0xFF, 0xF0, 0x0F,
    0xFF, 0xFC, 0x07, 0xFF, 0xFE, 0x01, 0xFC, 0x00, 0x00, 0x7F, 0x00, 0x00, 0x1F, 0xC0, 0x00, 0x07,
    0xF0, 0x00, 0x01, 0xFC, 0x00, 0x00, 0x7F, 0x00, 0x00, 0x1F, 0xFF, 0x00, 0x07, 0xFF, 0xF8, 0x01,
    0xFF, 0xFF, 0x00, 0x7F, 0xFF, 0xE0, 0x1F, 0xFF, 0xFC, 0x07, 0xFF, 0xFF, 0x80, 0xF0, 0xFF, 0xE0,
    0x00, 0x07, 0xF8, 0x00, 0x01, 0xFE, 0x00, 0x00, 0x3F, 0xC0, 0x00, 0x0F, 0xF0, 0x00, 0x03, 0xFC,
    0x00, 0x00, 0xFF, 0x00, 0x00, 0x3F, 0xC0, 0x00, 0x0F, 0xE0, 0xC0, 0x07, 0xF8, 0x3C, 0x03, 0xFE,
    0x0F, 0xFF, 0xFF, 0x03, 0xFF, 0xFF, 0xC0, 0xFF, 0xFF, 0xE0, 0x3F, 0xFF, 0xF0, 0x0F, 0xFF, 0xF0,
    0x00, 0x7F, 0xF0, 0x00, 0x00, 0x03, 0xF8, 0x00, 0x07, 0xFF, 0x00, 0x07, 0xFF, 0xC0, 0x07, 0xFF,
    0xF0, 0x03, 0xFF, 0xFC, 0x01, 0xFF, 0xFF, 0x00, 0x7F, 0xF0, 0xC0, 0x3F, 0xE0, 0x00, 0x0F, 0xE0,
    0x00, 0x07, 0xF0, 0x00, 0x01, 0xFC, 0x00, 0x00, 0x7E, 0x00, 0x00, 0x3F, 0x80, 0x00, 0x0F, 0xE3,
    0xF8, 0x03, 0xFB, 0xFF, 0x00, 0xFF, 0xFF, 0xE0, 0x3F, 0xFF, 0xFC, 0x0F, 0xFF, 0xFF, 0x83, 0xFF,
    0xFF, 0xE0, 0xFF, 0x87, 0xFC, 0x7F, 0xC0, 0xFF, 0x0F, 0xE0, 0x1F, 0xC3, 0xF8, 0x07, 0xF0, 0xFE,
    0x01, 0xFC, 0x3F, 0x80, 0x7F, 0x0F, 0xE0, 0x1F, 0xC3, 0xF8, 0x07, 0xF0, 0xFF, 0x01, 0xFC, 0x1F,
    0xC0, 0xFF, 0x07, 0xF8, 0x7F, 0x80, 0xFF, 0xFF, 0xE0, 0x3F, 0xFF, 0xF0, 0x07, 0xFF, 0xFC, 0x00,
    0xFF, 0xFE, 0x00, 0x1F, 0xFE, 0x00, 0x01, 0xFF, 0x00, 0x7F, 0xFF, 0xFF, 0x1F, 0xFF, 0xFF, 0xC7,
    0xFF, 0xFF, 0xF1, 0xFF, 0xFF, 0xFC, 0x7F, 0xFF, 0xFF, 0x1F, 0xFF, 0xFF, 0xC0, 0x00, 0x0F, 0xE0,
    0x00, 0x03, 0xF8, 0x00, 0x01, 0xFE, 0x00, 0x00, 0x7F, 0x00, 0x00, 0x1F, 0xC0, 0x00, 0x0F, 0xE0,
    0x00, 0x03, 0xF8, 0x00, 0x01, 0xFE, 0x00, 0x00, 0x7F, 0x00, 0x00, 0x1F, 0xC0, 0x00, 0x0F, 0xF0,
    0x00, 0x03, 0xF8, 0x00, 0x01, 0xFE, 0x00, 0x00, 0x7F, 0x00, 0x00, 0x3F, 0xC0, 0x00, 0x0F, 0xF0,
    0x00, 0x03, 0xF8, 0x00, 0x01, 0xFE, 0x00, 0x00, 0x7F, 0x00, 0x00, 0x3F, 0xC0, 0x00, 0x0F, 0xF0,
    0x00, 0x03, 0xF8, 0x00, 0x01, 0xFE, 0x00, 0x00, 0x7F, 0x80, 0x00, 0x3F, 0xC0, 0x00, 0x0F, 0xF0,
    0x00, 0x03, 0xF8, 0x00, 0x01, 0xFE, 0x00, 0x00, 0x7F, 0x80, 0x00, 0x00, 0x3F, 0x00, 0x00, 0x7F,
    0xF8, 0x00, 0x7F, 0xFF, 0x00, 0x3F, 0xFF, 0xE0, 0x0F, 0xFF, 0xFC, 0x07, 0xFF, 0xFF, 0x81, 0xFF,
    0x3F, 0xE0, 0xFF, 0x03, 0xF8, 0x3F, 0xC0, 0xFE, 0x0F, 0xE0, 0x3F, 0x83, 0xFC, 0x0F, 0xE0, 0x7F,
    0x03, 0xF8, 0x1F, 0xE1, 0xFE, 0x03, 0xFC, 0xFF, 0x00, 0xFF, 0xFF, 0x80, 0x1F, 0xFF, 0xC0, 0x03,
    0xFF, 0xE0, 0x00, 0x7F, 0xF0, 0x00, 0x3F, 0xFE, 0x00, 0x1F, 0xFF, 0xE0, 0x0F, 0xFF, 0xFC, 0x07,
    0xF8, 0xFF, 0x83, 0xFC, 0x1F, 0xE0, 0xFE, 0x03, 0xFC, 0x3F, 0x80, 0x7F, 0x1F, 0xC0, 0x1F, 0xC7,
    0xF0, 0x07, 0xF1, 0xFE, 0x01, 0xFC, 0x3F, 0x80, 0x7F, 0x0F, 0xF0, 0x3F, 0xC3, 0xFF, 0xFF, 0xE0,
    0x7F, 0xFF, 0xF8, 0x1F, 0xFF, 0xFC, 0x03, 0xFF, 0xFE, 0x00, 0x3F, 0xFF, 0x00, 0x03, 0xFF, 0x00,
    0x00, 0x3E, 0x00, 0x00, 0x7F, 0xE0, 0x00, 0x7F, 0xFE, 0x00, 0x3F, 0xFF, 0xC0, 0x0F, 0xFF, 0xF8,
    0x07, 0xFF, 0xFF, 0x03, 0xFF, 0x7F, 0xC0, 0xFF, 0x07, 0xF8, 0x3F, 0x80, 0xFE, 0x0F, 0xE0, 0x3F,
    0x87, 0xF8, 0x0F, 0xF1, 0xFE, 0x01, 0xFC, 0x7F, 0x80, 0x7F, 0x1F, 0xE0, 0x1F, 0xC7, 0xF8, 0x0F,
    0xF0, 0xFE, 0x03, 0xFC, 0x3F, 0xC1, 0xFF, 0x0F, 0xF8, 0xFF, 0xC3, 0xFF, 0xFF, 0xF0, 0x7F, 0xFF,
    0xFC, 0x0F, 0xFF, 0xFF, 0x03, 0xFF, 0xDF, 0xC0, 0x3F, 0xE7, 0xF0, 0x03, 0xE1, 0xF8, 0x00, 0x00,
    0xFE, 0x00, 0x00, 0x3F, 0x80, 0x00, 0x0F, 0xE0, 0x00, 0x07, 0xF0, 0x00, 0x03, 0xFC, 0x00, 0x03,
    0xFE, 0x01, 0xFF, 0xFF, 0x80, 0x7F, 0xFF, 0xC0, 0x1F, 0xFF, 0xE0, 0x07, 0xFF, 0xF0, 0x01, 0xFF,
    0xF0, 0x00, 0x3F, 0xF0, 0x00, 0x0F, 0x80, 0xFE, 0x07, 0xF8, 0x7F, 0xC3, 0xFE, 0x0F, 0xF0, 0x7F,
    0x01, 0xF0, 0x00, 0x00, 0x00, 0x00, 0x00, 0x00, 0x00, 0x00, 0x00, 0x00, 0x00, 0x00, 0x00, 0x00,
    0x00, 0x00, 0x00, 0x00, 0x1F, 0x01, 0xFC, 0x0F, 0xF0, 0xFF, 0x87, 0xFC, 0x1F, 0xE0, 0xFE, 0x03,
    0xE0, 0x0F, 0x80, 0xFE, 0x07, 0xF8, 0x7F, 0xC3, 0xFE, 0x0F, 0xF0, 0x7F, 0x01, 0xF0, 0x00, 0x00,
    0x00, 0x00, 0x00, 0x00, 0x00, 0x00, 0x00, 0x00, 0x00, 0x00, 0x00, 0x00, 0x00, 0x00, 0x00, 0x00,
    0x00, 0x00, 0x00, 0x0F, 0xF0, 0x7F, 0x03, 0xF8, 0x1F, 0xC0, 0xFE, 0x07, 0xE0, 0x7F, 0x03, 0xF8,
    0x1F, 0x80, 0xFC, 0x07, 0xC0, 0x7E, 0x00, 0x00, 0x00, 0x01, 0x00, 0x00, 0x01, 0xC0, 0x00, 0x01,
    0xF0, 0x00, 0x01, 0xFC, 0x00, 0x01, 0xFF, 0x00, 0x01, 0xFF, 0xC0, 0x01, 0xFF, 0xF0, 0x01, 0xFF,
    0xE0, 0x01, 0xFF, 0xE0, 0x01, 0xFF, 0xE0, 0x01, 0xFF, 0xE0, 0x00, 0xFF, 0xE0, 0x00, 0x3F, 0xE0,
    0x00, 0x0F, 0xF8, 0x00, 0x03, 0xFF, 0x80, 0x00, 0x7F, 0xFC, 0x00, 0x07, 0xFF, 0xC0, 0x00, 0x7F,
    0xFC, 0x00, 0x07, 0xFF, 0xE0, 0x00, 0x3F, 0xFC, 0x00, 0x03, 0xFF, 0x00, 0x00, 0x3F, 0xC0, 0x00,
    0x03, 0xF0, 0x00, 0x00, 0x3C, 0x00, 0x00, 0x03, 0x00, 0x00, 0x00, 0x00, 0x00, 0x00, 0x00, 0x00,
    0x00, 0x00, 0x00, 0x00, 0x00, 0x00, 0x00, 0x00, 0x00, 0x3F, 0xFF, 0xFF, 0x0F, 0xFF, 0xFF, 0xC3,
    0xFF, 0xFF, 0xF0, 0xFF, 0xFF, 0xFC, 0x3F, 0xFF, 0xFF, 0x0F, 0xFF, 0xFF, 0xC0, 0x00, 0x00, 0x00,
    0x00, 0x00, 0x00, 0x00, 0x00, 0x00, 0x0F, 0xFF, 0xFF, 0xC3, 0xFF, 0xFF, 0xF0, 0xFF, 0xFF, 0xFC,
    0x3F, 0xFF, 0xFF, 0x0F, 0xFF, 0xFF, 0xC3, 0xFF, 0xFF, 0xF0, 0x00, 0x00, 0x00, 0x00, 0x00, 0x00,
    0x00, 0x00, 0x00, 0x00, 0x00, 0x00, 0x00, 0x00, 0x00, 0x00, 0x00, 0x00, 0x00, 0x00, 0x00, 0x00,
    0x00, 0x00, 0x00, 0x00, 0x00, 0x00, 0x00, 0x00, 0x00, 0x00, 0x00, 0x00, 0x00, 0x00, 0x0C, 0x00,
    0x00, 0x03, 0xC0, 0x00, 0x00, 0xFC, 0x00, 0x00, 0x3F, 0xC0, 0x00, 0x0F, 0xFC, 0x00, 0x03, 0xFF,
    0xC0, 0x00, 0x3F, 0xFC, 0x00, 0x03, 0xFF, 0xC0, 0x00, 0x1F, 0xFC, 0x00, 0x01, 0xFF, 0xE0, 0x00,
    0x1F, 0xFC, 0x00, 0x01, 0xFF, 0x00, 0x00, 0x7F, 0xC0, 0x00, 0xFF, 0xF0, 0x00, 0xFF, 0xF8, 0x00,
    0xFF, 0xF8, 0x01, 0xFF, 0xF0, 0x01, 0xFF, 0xF0, 0x00, 0xFF, 0xF0, 0x00, 0x3F, 0xF0, 0x00, 0x0F,
    0xF0, 0x00, 0x03, 0xF0, 0x00, 0x00, 0xE0, 0x00, 0x00, 0x20, 0x00, 0x00, 0x00, 0x00, 0x00, 0x00,
    0x00, 0x00, 0x00, 0x00, 0x00, 0x00, 0x00, 0x00, 0x00, 0x00, 0x00, 0x00, 0x00, 0x01, 0xF8, 0x00,
    0x7F, 0xF8, 0x1F, 0xFF, 0xE1, 0xFF, 0xFF, 0x8F, 0xFF, 0xFE, 0x3F, 0xFF, 0xF9, 0xFC, 0x7F, 0xC7,
    0x00, 0xFE, 0x20, 0x07, 0xF0, 0x00, 0x3F, 0x80, 0x01, 0xFC, 0x00, 0x0F, 0xE0, 0x00, 0xFF, 0x00,
    0x0F, 0xF0, 0x00, 0xFF, 0x00, 0x0F, 0xF8, 0x00, 0xFF, 0x80, 0x0F, 0xF8, 0x00, 0xFF, 0x00, 0x07,
    0xF0, 0x00, 0x3F, 0x80, 0x01, 0xF8, 0x00, 0x0F, 0xC0, 0x00, 0x7E, 0x00, 0x00, 0x00, 0x00, 0x00,
    0x00, 0x00, 0x00, 0x00, 0x00, 0x00, 0x00, 0x1E, 0x00, 0x03, 0xFC, 0x00, 0x1F, 0xE0, 0x00, 0xFF,
    0x00, 0x07, 0xF8, 0x00, 0x3F, 0xC0, 0x01, 0xFE, 0x00, 0x03, 0xC0, 0x00, 0x00, 0x00, 0xFF, 0xC0,
    0x00, 0x00, 0x07, 0xFF, 0xF8, 0x00, 0x00, 0x1F, 0xFF, 0xFE, 0x00, 0x00, 0x3F, 0xFF, 0xFF, 0x00,
    0x00, 0xFF, 0xC0, 0xFF, 0x80, 0x01, 0xFE, 0x00, 0x1F, 0xC0, 0x03, 0xF8, 0x00, 0x0F, 0xE0, 0x03,
    0xF0, 0x00, 0x07, 0xF0, 0x07, 0xE0, 0x00, 0x03, 0xF0, 0x07, 0xC0, 0x7F, 0xE1, 0xF8, 0x0F, 0xC1,
    0xFF, 0xF9, 0xF8, 0x0F, 0x83, 0xFF, 0xF8, 0xF8, 0x1F, 0x87, 0xFF, 0xF8, 0xFC, 0x1F, 0x0F, 0xF1,
    0xF8, 0xFC, 0x1F, 0x0F, 0xC1, 0xF8, 0xFC, 0x3F, 0x1F, 0x81, 0xF8, 0x7C, 0x3F, 0x1F, 0x81, 0xF8,
    0x7C, 0x3F, 0x1F, 0x01, 0xF8, 0x7C, 0x3F, 0x1F, 0x01, 0xF0, 0x7C, 0x3E, 0x1F, 0x01, 0xF0, 0xFC,
    0x3E, 0x1F, 0x01, 0xF0, 0xFC, 0x3F, 0x1F, 0x03, 0xF0, 0xF8, 0x3F, 0x1F, 0x03, 0xF0, 0xF8, 0x3F,
    0x1F, 0x83, 0xF1, 0xF8, 0x3F, 0x1F, 0xC7, 0xF9, 0xF0, 0x3F, 0x0F, 0xFF, 0xFF, 0xF0, 0x1F, 0x07,
    0xFF, 0x7F, 0xE0, 0x1F, 0x83, 0xFE, 0x3F, 0xC0, 0x1F, 0x81, 0xFC, 0x1F, 0x80, 0x0F, 0xC0, 0x00,
    0x00, 0x00, 0x0F, 0xE0, 0x00, 0x00, 0x00, 0x07, 0xF0, 0x00, 0x00, 0x00, 0x03, 0xFC, 0x00, 0x1C,
    0x00, 0x01, 0xFF, 0x81, 0xFC, 0x00, 0x00, 0xFF, 0xFF, 0xFC, 0x00, 0x00, 0x7F, 0xFF, 0xFC, 0x00,
    0x00, 0x1F, 0xFF, 0xFC, 0x00, 0x00, 0x03, 0xFF, 0xC0, 0x00, 0x00, 0x3F, 0xF0, 0x00, 0x00, 0x7F,
    0xE0, 0x00, 0x00, 0xFF, 0xC0, 0x00, 0x03, 0xFF, 0xC0, 0x00, 0x07, 0xFF, 0x80, 0x00, 0x0F, 0xFF,
    0x00, 0x00, 0x3F, 0xFF, 0x00, 0x00, 0x7F, 0xFE, 0x00, 0x00, 0xFE, 0xFC, 0x00, 0x01, 0xFD, 0xFC,
    0x00, 0x07, 0xF3, 0xF8, 0x00, 0x0F, 0xE7, 0xF0, 0x00, 0x1F, 0xC7, 0xF0, 0x00, 0x7F, 0x0F, 0xE0,
    0x00, 0xFE, 0x1F, 0xC0, 0x01, 0xFC, 0x3F, 0x80, 0x07, 0xF8, 0x3F, 0x80, 0x0F, 0xE0, 0x7F, 0x00,
    0x1F, 0xC0, 0xFE, 0x00, 0x7F, 0x81, 0xFE, 0x00, 0xFF, 0x01, 0xFC, 0x01, 0xFF, 0xFF, 0xF8, 0x03,
    0xFF, 0xFF, 0xF8, 0x0F, 0xFF, 0xFF, 0xF0, 0x1F, 0xFF, 0xFF, 0xE0, 0x3F, 0xFF, 0xFF, 0xE0, 0xFF,
    0xFF, 0xFF, 0xC1, 0xFE, 0x00, 0x7F, 0x83, 0xFC, 0x00, 0x7F, 0x0F, 0xF0, 0x00, 0xFF, 0x1F, 0xE0,
    0x01, 0xFE, 0x3F, 0xC0, 0x01, 0xFC, 0x7F, 0x00, 0x03, 0xFD, 0xFE, 0x00, 0x07, 0xFB, 0xFC, 0x00,
    0x0F, 0xF0, 0x0F, 0xFF, 0xF0, 0x00, 0x3F, 0xFF, 0xF8, 0x00, 0xFF, 0xFF, 0xF0, 0x03, 0xFF, 0xFF,
    0xE0, 0x0F, 0xFF, 0xFF, 0xC0, 0x3F, 0xFF, 0xFF, 0x00, 0xFE, 0x07, 0xFE, 0x03, 0xF8, 0x07, 0xF8,
    0x0F, 0xE0, 0x1F, 0xE0, 0x3F, 0x80, 0x7F, 0x80, 0xFE, 0x01, 0xFE, 0x03, 0xF8, 0x07, 0xF8, 0x0F,
    0xE0, 0x3F, 0xC0, 0x3F, 0x81, 0xFF, 0x00, 0xFF, 0xFF, 0xF8, 0x03, 0xFF, 0xFF, 0xC0, 0x0F, 0xFF,
    0xFC, 0x00, 0x3F, 0xFF, 0xFC, 0x00, 0xFF, 0xFF, 0xF8, 0x03, 0xFF, 0xFF, 0xF0, 0x0F, 0xE0, 0x3F,
    0xE0, 0x3F, 0x80, 0x7F, 0x80, 0xFE, 0x00, 0xFE, 0x03, 0xF8, 0x03, 0xFC, 0x0F, 0xE0, 0x0F, 0xF0,
    0x3F, 0x80, 0x3F, 0xC0, 0xFE, 0x00, 0xFE, 0x03, 0xF8, 0x07, 0xF8, 0x0F, 0xE0, 0x3F, 0xE0, 0x3F,
    0xFF, 0xFF, 0x80, 0xFF, 0xFF, 0xFC, 0x03, 0xFF, 0xFF, 0xE0, 0x0F, 0xFF, 0xFF, 0x00, 0x3F, 0xFF,
    0xF8, 0x00, 0xFF, 0xFF, 0x80, 0x00, 0x00, 0x03, 0xF0, 0x00, 0x01, 0xFF, 0xF0, 0x00, 0x7F, 0xFF,
    0xC0, 0x0F, 0xFF, 0xFC, 0x01, 0xFF, 0xFF, 0xC0, 0x3F, 0xFF, 0xFC, 0x07, 0xFF, 0x1F, 0x80, 0x7F,
    0xC0, 0x38, 0x0F, 0xF8, 0x00, 0x00, 0xFF, 0x00, 0x00, 0x1F, 0xE0, 0x00, 0x01, 0xFE, 0x00, 0x00,
    0x1F, 0xE0, 0x00, 0x01, 0xFC, 0x00, 0x00, 0x1F, 0xC0, 0x00, 0x03, 0xFC, 0x00, 0x00, 0x3F, 0xC0,
    0x00, 0x03, 0xFC, 0x00, 0x00, 0x3F, 0xC0, 0x00, 0x03, 0xFC, 0x00, 0x00, 0x3F, 0xC0, 0x00, 0x03,
    0xFC, 0x00, 0x00, 0x1F, 0xC0, 0x00, 0x01, 0xFC, 0x00, 0x00, 0x1F, 0xE0, 0x00, 0x01, 0xFE, 0x00,
    0x00, 0x1F, 0xF0, 0x00, 0x00, 0xFF, 0x00, 0x00, 0x0F, 0xF8, 0x00, 0x00, 0x7F, 0xC0, 0x38, 0x07,
    0xFF, 0xFF, 0x80, 0x3F, 0xFF, 0xF8, 0x01, 0xFF, 0xFF, 0x80, 0x0F, 0xFF, 0xF8, 0x00, 0x7F, 0xFF,
    0x80, 0x00, 0xFF, 0xE0, 0x0F, 0xFF, 0xE0, 0x00, 0x0F, 0xFF, 0xFC, 0x00, 0x0F, 0xFF, 0xFF, 0x00,
    0x0F, 0xFF, 0xFF, 0x80, 0x0F, 0xFF, 0xFF, 0xC0, 0x0F, 0xFF, 0xFF, 0xE0, 0x0F, 0xE0, 0x7F, 0xE0,
    0x0F, 0xE0, 0x1F, 0xF0, 0x0F, 0xE0, 0x0F, 0xF8, 0x0F, 0xE0, 0x07, 0xF8, 0x0F, 0xE0, 0x07, 0xF8,
    0x0F, 0xE0, 0x03, 0xF8, 0x0F, 0xE0, 0x03, 0xFC, 0x0F, 0xE0, 0x03, 0xFC, 0x0F, 0xE0, 0x03, 0xFC,
    0x0F, 0xE0, 0x03, 0xFC, 0x0F, 0xE0, 0x03, 0xFC, 0x0F, 0xE0, 0x03, 0xFC, 0x0F, 0xE0, 0x03, 0xFC,
    0x0F, 0xE0, 0x03, 0xFC, 0x0F, 0xE0, 0x03, 0xFC, 0x0F, 0xE0, 0x03, 0xFC, 0x0F, 0xE0, 0x03, 0xFC,
    0x0F, 0xE0, 0x07, 0xF8, 0x0F, 0xE0, 0x07, 0xF8, 0x0F, 0xE0, 0x07, 0xF8, 0x0F, 0xE0, 0x0F, 0xF0,
    0x0F, 0xE0, 0x1F, 0xF0, 0x0F, 0xE0, 0x7F, 0xE0, 0x0F, 0xFF, 0xFF, 0xC0, 0x0F, 0xFF, 0xFF, 0xC0,
    0x0F, 0xFF, 0xFF, 0x80, 0x0F, 0xFF, 0xFE, 0x00, 0x0F, 0xFF, 0xF8, 0x00, 0x0F, 0xFF, 0xE0, 0x00,
    0x0F, 0xFF, 0xFC, 0x07, 0xFF, 0xFE, 0x03, 0xFF, 0xFF, 0x01, 0xFF, 0xFF, 0x80, 0xFF, 0xFF, 0xC0,
    0x7F, 0xFF, 0xE0, 0x3F, 0x80, 0x00, 0x1F, 0xC0, 0x00, 0x0F, 0xE0, 0x00, 0x07, 0xF0, 0x00, 0x03,
    0xF8, 0x00, 0x01, 0xFC, 0x00, 0x00, 0xFE, 0x00, 0x00, 0x7F, 0x00, 0x00, 0x3F, 0xFF, 0xE0, 0x1F,
    0xFF, 0xF0, 0x0F, 0xFF, 0xF8, 0x07, 0xFF, 0xFC, 0x03, 0xFF, 0xFE, 0x01, 0xFF, 0xFF, 0x00, 0xFE,
    0x00, 0x00, 0x7F, 0x00, 0x00, 0x3F, 0x80, 0x00, 0x1F, 0xC0, 0x00, 0x0F, 0xE0, 0x00, 0x07, 0xF0,
    0x00, 0x03, 0xF8, 0x00, 0x01, 0xFC, 0x00, 0x00, 0xFE, 0x00, 0x00, 0x7F, 0xFF, 0xE0, 0x3F, 0xFF,
    0xF0, 0x1F, 0xFF, 0xF8, 0x0F, 0xFF, 0xFC, 0x07, 0xFF, 0xFE, 0x03, 0xFF, 0xFF, 0x00, 0x0F, 0xFF,
    0xFC, 0x0F, 0xFF, 0xFC, 0x0F, 0xFF, 0xFC, 0x0F, 0xFF, 0xFC, 0x0F, 0xFF, 0xFC, 0x0F, 0xFF, 0xFC,
    0x0F, 0xE0, 0x00, 0x0F, 0xE0, 0x00, 0x0F, 0xE0, 0x00, 0x0F, 0xE0, 0x00, 0x0F, 0xE0, 0x00, 0x0F,
    0xE0, 0x00, 0x0F, 0xE0, 0x00, 0x0F, 0xE0, 0x00, 0x0F, 0xE0, 0x00, 0x0F, 0xFF, 0xF8, 0x0F, 0xFF,
    0xF8, 0x0F, 0xFF, 0xF8, 0x0F, 0xFF, 0xF8, 0x0F, 0xFF, 0xF8, 0x0F, 0xFF, 0xF8, 0x0F, 0xE0, 0x00,
    0x0F, 0xE0, 0x00, 0x0F, 0xE0, 0x00, 0x0F, 0xE0, 0x00, 0x0F, 0xE0, 0x00, 0x0F, 0xE0, 0x00, 0x0F,
    0xE0, 0x00, 0x0F, 0xE0, 0x00, 0x0F, 0xE0, 0x00, 0x0F, 0xE0, 0x00, 0x0F, 0xE0, 0x00, 0x0F, 0xE0,
    0x00, 0x0F, 0xE0, 0x00, 0x0F, 0xE0, 0x00, 0x00, 0x00, 0xFC, 0x00, 0x00, 0x0F, 0xFF, 0xE0, 0x00,
    0x3F, 0xFF, 0xF8, 0x00, 0xFF, 0xFF, 0xF0, 0x01, 0xFF, 0xFF, 0xF0, 0x03, 0xFF, 0xFF, 0xF0, 0x03,
    0xFF, 0xC7, 0xE0, 0x07, 0xFE, 0x00, 0xE0, 0x0F, 0xF8, 0x00, 0x00, 0x0F, 0xF0, 0x00, 0x00, 0x0F,
    0xF0, 0x00, 0x00, 0x1F, 0xE0, 0x00, 0x00, 0x1F, 0xE0, 0x00, 0x00, 0x1F, 0xE0, 0x00, 0x00, 0x1F,
    0xC0, 0x00, 0x00, 0x3F, 0xC0, 0x00, 0x00, 0x3F, 0xC0, 0xFF, 0xF8, 0x3F, 0xC0, 0xFF, 0xF8, 0x3F,
    0xC0, 0xFF, 0xF8, 0x3F, 0xC0, 0xFF, 0xF8, 0x3F, 0xC0, 0xFF, 0xF8, 0x3F, 0xC0, 0xFF, 0xF8, 0x1F,
    0xC0, 0x03, 0xF8, 0x1F, 0xE0, 0x03, 0xF8, 0x1F, 0xE0, 0x03, 0xF8, 0x1F, 0xE0, 0x03, 0xF8, 0x0F,
    0xF0, 0x03, 0xF8, 0x0F, 0xF0, 0x03, 0xF8, 0x0F, 0xF8, 0x03, 0xF8, 0x07, 0xFE, 0x03, 0xF8, 0x03,
    0xFF, 0xFF, 0xF8, 0x03, 0xFF, 0xFF, 0xF8, 0x01, 0xFF, 0xFF, 0xF8, 0x00, 0xFF, 0xFF, 0xF8, 0x00,
    0x3F, 0xFF, 0xF0, 0x00, 0x0F, 0xFF, 0x80, 0x0F, 0xE0, 0x03, 0xFC, 0x07, 0xF0, 0x01, 0xFE, 0x03,
    0xF8, 0x00, 0xFF, 0x01, 0xFC, 0x00, 0x7F, 0x80, 0xFE, 0x00, 0x3F, 0xC0, 0x7F, 0x00, 0x1F, 0xE0,
    0x3F, 0x80, 0x0F, 0xF0, 0x1F, 0xC0, 0x07, 0xF8, 0x0F, 0xE0, 0x03, 0xFC, 0x07, 0xF0, 0x01, 0xFE,
    0x03, 0xF8, 0x00, 0xFF, 0x01, 0xFC, 0x00, 0x7F, 0x80, 0xFE, 0x00, 0x3F, 0xC0, 0x7F, 0x00, 0x1F,
    0xE0, 0x3F, 0xFF, 0xFF, 0xF0, 0x1F, 0xFF, 0xFF, 0xF8, 0x0F, 0xFF, 0xFF, 0xFC, 0x07, 0xFF, 0xFF,
    0xFE, 0x03, 0xFF, 0xFF, 0xFF, 0x01, 0xFF, 0xFF, 0xFF, 0x80, 0xFE, 0x00, 0x3F, 0xC0, 0x7F, 0x00,
    0x1F, 0xE0, 0x3F, 0x80, 0x0F, 0xF0, 0x1F, 0xC0, 0x07, 0xF8, 0x0F, 0xE0, 0x03, 0xFC, 0x07, 0xF0,
    0x01, 0xFE, 0x03, 0xF8, 0x00, 0xFF, 0x01, 0xFC, 0x00, 0x7F, 0x80, 0xFE, 0x00, 0x3F, 0xC0, 0x7F,
    0x00, 0x1F, 0xE0, 0x3F, 0x80, 0x0F, 0xF0, 0x1F, 0xC0, 0x07, 0xF8, 0x0F, 0xE0, 0x03, 0xFC, 0x07,
    0xF0, 0x01, 0xFE, 0x03, 0xF8, 0x00, 0xFF, 0x00, 0x7F, 0xFF, 0x1F, 0xFF, 0xC7, 0xFF, 0xF1, 0xFF,
    0xFC, 0x3F, 0xFF, 0x03, 0xFF, 0x00, 0x7F, 0x80, 0x1F, 0xE0, 0x07, 0xF8, 0x01, 0xFE, 0x00, 0x7F,
    0x80, 0x1F, 0xE0, 0x07, 0xF8, 0x01, 0xFE, 0x00, 0x7F, 0x80, 0x1F, 0xE0, 0x07, 0xF8, 0x01, 0xFE,
    0x00, 0x7F, 0x80, 0x1F, 0xE0, 0x07, 0xF8, 0x01, 0xFE, 0x00, 0x7F, 0x80, 0x1F, 0xE0, 0x07, 0xF8,
    0x01, 0xFE, 0x00, 0x7F, 0x80, 0x1F, 0xE0, 0x07, 0xF8, 0x03, 0xFE, 0x03, 0xFF, 0xE1, 0xFF, 0xFC,
    0x7F, 0xFF, 0x1F, 0xFF, 0xC7, 0xFF, 0xF0, 0x00, 0xFE, 0x00, 0x1F, 0xC0, 0x03, 0xF8, 0x00, 0x7F,
    0x00, 0x0F, 0xE0, 0x01, 0xFC, 0x00, 0x3F, 0x80, 0x07, 0xF0, 0x00, 0xFE, 0x00, 0x1F, 0xC0, 0x03,
    0xF8, 0x00, 0x7F, 0x00, 0x0F, 0xE0, 0x01, 0xFC, 0x00, 0x3F, 0x80, 0x07, 0xF0, 0x00, 0xFE, 0x00,
    0x1F, 0xC0, 0x03, 0xF8, 0x00, 0x7F, 0x00, 0x0F, 0xE0, 0x01, 0xFC, 0x00, 0x3F, 0x80, 0x07, 0xF0,
    0x00, 0xFE, 0x00, 0x1F, 0xC0, 0x03, 0xF8, 0x00, 0x7F, 0x00, 0x0F, 0xE0, 0x01, 0xFC, 0x00, 0x3F,
    0x80, 0x07, 0xF0, 0x00, 0xFE, 0x00, 0x1F, 0xC0, 0x03, 0xF8, 0x00, 0xFF, 0x00, 0x1F, 0xE0, 0x03,
    0xFC, 0x11, 0xFF, 0x03, 0xFF, 0xE0, 0x7F, 0xF8, 0x0F, 0xFF, 0x01, 0xFF, 0xC0, 0x3F, 0xE0, 0x07,
    0xF0, 0x00, 0x0F, 0xE0, 0x07, 0xF8, 0x3F, 0x80, 0x3F, 0xC0, 0xFE, 0x00, 0xFF, 0x03, 0xF8, 0x07,
    0xF8, 0x0F, 0xE0, 0x3F, 0xC0, 0x3F, 0x80, 0xFF, 0x00, 0xFE, 0x07, 0xF8, 0x03, 0xF8, 0x3F, 0xC0,
    0x0F, 0xE1, 0xFF, 0x00, 0x3F, 0x87, 0xF8, 0x00, 0xFE, 0x3F, 0xC0, 0x03, 0xF9, 0xFF, 0x00, 0x0F,
    0xE7, 0xF8, 0x00, 0x3F, 0xBF, 0xC0, 0x00, 0xFE, 0xFF, 0x00, 0x03, 0xFF, 0xF8, 0x00, 0x0F, 0xFF,
    0xE0, 0x00, 0x3F, 0xFF, 0xC0, 0x00, 0xFF, 0xFF, 0x00, 0x03, 0xFF, 0xFE, 0x00, 0x0F, 0xFF, 0xF8,
    0x00, 0x3F, 0xEF, 0xF0, 0x00, 0xFE, 0x3F, 0xE0, 0x03, 0xF8, 0x7F, 0x80, 0x0F, 0xE1, 0xFF, 0x00,
    0x3F, 0x83, 0xFC, 0x00, 0xFE, 0x07, 0xF8, 0x03, 0xF8, 0x1F, 0xE0, 0x0F, 0xE0, 0x3F, 0xC0, 0x3F,
    0x80, 0xFF, 0x00, 0xFE, 0x01, 0xFE, 0x03, 0xF8, 0x07, 0xFC, 0x0F, 0xE0, 0x0F, 0xF0, 0x3F, 0x80,
    0x3F, 0xE0, 0xFE, 0x00, 0x7F, 0x80, 0x0F, 0xE0, 0x00, 0x0F, 0xE0, 0x00, 0x0F, 0xE0, 0x00, 0x0F,
    0xE0, 0x00, 0x0F, 0xE0, 0x00, 0x0F, 0xE0, 0x00, 0x0F, 0xE0, 0x00, 0x0F, 0xE0, 0x00, 0x0F, 0xE0,
    0x00, 0x0F, 0xE0, 0x00, 0x0F, 0xE0, 0x00, 0x0F, 0xE0, 0x00, 0x0F, 0xE0, 0x00, 0x0F, 0xE0, 0x00,
    0x0F, 0xE0, 0x00, 0x0F, 0xE0, 0x00, 0x0F, 0xE0, 0x00, 0x0F, 0xE0, 0x00, 0x0F, 0xE0, 0x00, 0x0F,
    0xE0, 0x00, 0x0F, 0xE0, 0x00, 0x0F, 0xE0, 0x00, 0x0F, 0xE0, 0x00, 0x0F, 0xE0, 0x00, 0x0F, 0xE0,
    0x00, 0x0F, 0xE0, 0x00, 0x0F, 0xE0, 0x00, 0x0F, 0xE0, 0x00, 0x0F, 0xE0, 0x00, 0x0F, 0xFF, 0xFE,
    0x0F, 0xFF, 0xFE, 0x0F, 0xFF, 0xFE, 0x0F, 0xFF, 0xFE, 0x0F, 0xFF, 0xFE, 0x0F, 0xFF, 0xFE, 0x0F,
    0xFC, 0x00, 0x0F, 0xFE, 0x03, 0xFF, 0x00, 0x03, 0xFF, 0x80, 0xFF, 0xC0, 0x00, 0xFF, 0xE0, 0x3F,
    0xF8, 0x00, 0x7F, 0xF8, 0x0F, 0xFE, 0x00, 0x1F, 0xFE, 0x03, 0xFF, 0x80, 0x07, 0xFF, 0x80, 0xFF,
    0xF0, 0x01, 0xFF, 0xE0, 0x3F, 0xFC, 0x00, 0xFF, 0xF8, 0x0F, 0xFF, 0x00, 0x3F, 0xFE, 0x03, 0xFF,
    0xC0, 0x0F, 0xFF, 0x80, 0xFF, 0xF8, 0x07, 0xFF, 0xE0, 0x3F, 0x7E, 0x01, 0xFB, 0xF8, 0x0F, 0xDF,
    0x80, 0x7E, 0xFE, 0x03, 0xF7, 0xF0, 0x1F, 0xBF, 0x80, 0xFC, 0xFC, 0x0F, 0xCF, 0xE0, 0x3F, 0x3F,
    0x03, 0xF3, 0xF8, 0x0F, 0xCF, 0xC0, 0xFC, 0xFE, 0x03, 0xF3, 0xF8, 0x7E, 0x3F, 0x80, 0xFC, 0x7E,
    0x1F, 0x8F, 0xE0, 0x3F, 0x1F, 0x87, 0xE3, 0xF8, 0x0F, 0xC7, 0xF3, 0xF8, 0xFE, 0x03, 0xF0, 0xFC,
    0xFC, 0x3F, 0x80, 0xFC, 0x3F, 0x3F, 0x0F, 0xE0, 0x3F, 0x0F, 0xCF, 0xC3, 0xF8, 0x0F, 0xC3, 0xFF,
    0xE0, 0xFE, 0x03, 0xF0, 0x7F, 0xF8, 0x3F, 0x80, 0xFC, 0x1F, 0xFE, 0x0F, 0xE0, 0x3F, 0x07, 0xFF,
    0x03, 0xF8, 0x0F, 0xC0, 0xFF, 0xC0, 0xFE, 0x03, 0xF0, 0x3F, 0xF0, 0x3F, 0x80, 0xFC, 0x0F, 0xF8,
    0x0F, 0xE0, 0x3F, 0x03, 0xFE, 0x03, 0xF8, 0x0F, 0xC0, 0x7F, 0x80, 0xFE, 0x03, 0xF0, 0x1F, 0xE0,
    0x3F, 0x80, 0xFC, 0x07, 0xF0, 0x0F, 0xE0, 0x0F, 0xF8, 0x00, 0x7F, 0x00, 0xFF, 0xC0, 0x07, 0xF0,
    0x0F, 0xFC, 0x00, 0x7F, 0x00, 0xFF, 0xE0, 0x07, 0xF0, 0x0F, 0xFE, 0x00, 0x7F, 0x00, 0xFF, 0xF0,
    0x07, 0xF0, 0x0F, 0xFF, 0x00, 0x7F, 0x00, 0xFF, 0xF8, 0x07, 0xF0, 0x0F, 0xFF, 0x80, 0x7F, 0x00,
    0xFF, 0xFC, 0x07, 0xF0, 0x0F, 0xFF, 0xC0, 0x7F, 0x00, 0xFD, 0xFE, 0x07, 0xF0, 0x0F, 0xDF, 0xE0,
    0x7F, 0x00, 0xFC, 0xFF, 0x07, 0xF0, 0x0F, 0xCF, 0xF0, 0x7F, 0x00, 0xFC, 0x7F, 0x87, 0xF0, 0x0F,
    0xC7, 0xF8, 0x7F, 0x00, 0xFC, 0x3F, 0xC7, 0xF0, 0x0F, 0xC3, 0xFC, 0x7F, 0x00, 0xFC, 0x1F, 0xE7,
    0xF0, 0x0F, 0xC1, 0xFE, 0x7F, 0x00, 0xFC, 0x0F, 0xF7, 0xF0, 0x0F, 0xC0, 0xFF, 0x7F, 0x00, 0xFC,
    0x07, 0xFF, 0xF0, 0x0F, 0xC0, 0x7F, 0xFF, 0x00, 0xFC, 0x03, 0xFF, 0xF0, 0x0F, 0xC0, 0x1F, 0xFF,
    0x00, 0xFC, 0x01, 0xFF, 0xF0, 0x0F, 0xC0, 0x0F, 0xFF, 0x00, 0xFC, 0x00, 0xFF, 0xF0, 0x0F, 0xC0,
    0x07, 0xFF, 0x00, 0xFC, 0x00, 0x7F, 0xF0, 0x0F, 0xC0, 0x03, 0xFF, 0x00, 0xFC, 0x00, 0x3F, 0xF0,
    0x0F, 0xC0, 0x01, 0xFF, 0x00, 0x00, 0x03, 0xF0, 0x00, 0x00, 0x03, 0xFF, 0xE0, 0x00, 0x01, 0xFF,
    0xFF, 0x00, 0x00, 0x7F, 0xFF, 0xF0, 0x00, 0x1F, 0xFF, 0xFF, 0x00, 0x07, 0xFF, 0xFF, 0xF0, 0x01,
    0xFF, 0xCF, 0xFF, 0x00, 0x3F, 0xE0, 0x3F, 0xE0, 0x0F, 0xF8, 0x03, 0xFE, 0x01, 0xFE, 0x00, 0x3F,
    0xC0, 0x7F, 0x80, 0x07, 0xF8, 0x0F, 0xF0, 0x00, 0x7F, 0x81, 0xFE, 0x00, 0x0F, 0xF0, 0x3F, 0x80,
    0x01, 0xFE, 0x07, 0xF0, 0x00, 0x3F, 0xC1, 0xFE, 0x00, 0x07, 0xF8, 0x3F, 0xC0, 0x00, 0xFF, 0x07,
    0xF8, 0x00, 0x1F, 0xE0, 0xFF, 0x00, 0x01, 0xFC, 0x1F, 0xE0, 0x00, 0x7F, 0x83, 0xFC, 0x00, 0x0F,
    0xF0, 0x7F, 0x80, 0x01, 0xFE, 0x07, 0xF0, 0x00, 0x3F, 0xC0, 0xFF, 0x00, 0x07, 0xF8, 0x1F, 0xE0,
    0x00, 0xFF, 0x03, 0xFC, 0x00, 0x1F, 0xC0, 0x3F, 0xC0, 0x07, 0xF8, 0x07, 0xF8, 0x00, 0xFF, 0x00,
    0xFF, 0x80, 0x3F, 0xC0, 0x0F, 0xF8, 0x1F, 0xF8, 0x01, 0xFF, 0xFF, 0xFE, 0x00, 0x1F, 0xFF, 0xFF,
    0x80, 0x01, 0xFF, 0xFF, 0xF0, 0x00, 0x1F, 0xFF, 0xF8, 0x00, 0x00, 0xFF, 0xFE, 0x00, 0x00, 0x07,
    0xFF, 0x00, 0x00, 0x0F, 0xFF, 0xE0, 0x00, 0xFF, 0xFF, 0x80, 0x0F, 0xFF, 0xFE, 0x00, 0xFF, 0xFF,
    0xF0, 0x0F, 0xFF, 0xFF, 0x00, 0xFF, 0xFF, 0xF8, 0x0F, 0xE0, 0xFF, 0x80, 0xFE, 0x03, 0xFC, 0x0F,
    0xE0, 0x3F, 0xC0, 0xFE, 0x03, 0xFC, 0x0F, 0xE0, 0x3F, 0xC0, 0xFE, 0x03, 0xFC, 0x0F, 0xE0, 0x3F,
    0xC0, 0xFE, 0x03, 0xFC, 0x0F, 0xE0, 0x3F, 0xC0, 0xFE, 0x07, 0xF8, 0x0F, 0xE1, 0xFF, 0x80, 0xFF,
    0xFF, 0xF0, 0x0F, 0xFF, 0xFF, 0x00, 0xFF, 0xFF, 0xE0, 0x0F, 0xFF, 0xFC, 0x00, 0xFF, 0xFF, 0x00,
    0x0F, 0xFF, 0x80, 0x00, 0xFE, 0x00, 0x00, 0x0F, 0xE0, 0x00, 0x00, 0xFE, 0x00, 0x00, 0x0F, 0xE0,
    0x00, 0x00, 0xFE, 0x00, 0x00, 0x0F, 0xE0, 0x00, 0x00, 0xFE, 0x00, 0x00, 0x0F, 0xE0, 0x00, 0x00,
    0xFE, 0x00, 0x00, 0x0F, 0xE0, 0x00, 0x00, 0xFE, 0x00, 0x00, 0x0F, 0xE0, 0x00, 0x00, 0x00, 0x03,
    0xF0, 0x00, 0x00, 0x03, 0xFF, 0xE0, 0x00, 0x01, 0xFF, 0xFF, 0x00, 0x00, 0x7F, 0xFF, 0xF0, 0x00,
    0x1F, 0xFF, 0xFF, 0x00, 0x07, 0xFF, 0xFF, 0xF0, 0x01, 0xFF, 0xCF, 0xFE, 0x00, 0x3F, 0xE0, 0x3F,
    0xE0, 0x0F, 0xF8, 0x03, 0xFE, 0x01, 0xFE, 0x00, 0x3F, 0xC0, 0x7F, 0x80, 0x07, 0xF8, 0x0F, 0xF0,
    0x00, 0x7F, 0x81, 0xFE, 0x00, 0x0F, 0xF0, 0x3F, 0x80, 0x01, 0xFE, 0x07, 0xF0, 0x00, 0x3F, 0xC1,
    0xFE, 0x00, 0x07, 0xF8, 0x3F, 0xC0, 0x00, 0xFF, 0x07, 0xF8, 0x00, 0x1F, 0xE0, 0xFF, 0x00, 0x01,
    0xFC, 0x1F, 0xE0, 0x00, 0x7F, 0x83, 0xFC, 0x00, 0x0F, 0xF0, 0x7F, 0x80, 0x01, 0xFE, 0x07, 0xF0,
    0x00, 0x3F, 0xC0, 0xFF, 0x00, 0x07, 0xF8, 0x1F, 0xE0, 0x00, 0xFF, 0x03, 0xFC, 0x00, 0x1F, 0xC0,
    0x3F, 0xC0, 0x07, 0xF8, 0x07, 0xF8, 0x00, 0xFF, 0x00, 0xFF, 0x80, 0x3F, 0xC0, 0x0F, 0xF8, 0x1F,
    0xF8, 0x01, 0xFF, 0xFF, 0xFE, 0x00, 0x1F, 0xFF, 0xFF, 0xC0, 0x01, 0xFF, 0xFF, 0xF0, 0x00, 0x1F,
    0xFF, 0xFC, 0x00, 0x00, 0xFF, 0xFE, 0x00, 0x00, 0x07, 0xFF, 0xC0, 0x00, 0x00, 0x03, 0xFC, 0x00,
    0x00, 0x00, 0x7F, 0xC0, 0x00, 0x00, 0x07, 0xFC, 0x00, 0x00, 0x00, 0x7F, 0xC0, 0x00, 0x00, 0x07,
    0xF8, 0x00, 0x00, 0x00, 0xFF, 0x80, 0x00, 0x00, 0x0F, 0xF8, 0x00, 0x00, 0x00, 0xFF, 0x80, 0x0F,
    0xFF, 0xE0, 0x00, 0x3F, 0xFF, 0xE0, 0x00, 0xFF, 0xFF, 0xE0, 0x03, 0xFF, 0xFF, 0xC0, 0x0F, 0xFF,
    0xFF, 0x80, 0x3F, 0xFF, 0xFE, 0x00, 0xFE, 0x0F, 0xFC, 0x03, 0xF8, 0x0F, 0xF0, 0x0F, 0xE0, 0x3F,
    0xC0, 0x3F, 0x80, 0xFF, 0x00, 0xFE, 0x01, 0xFC, 0x03, 0xF8, 0x0F, 0xF0, 0x0F, 0xE0, 0x3F, 0xC0,
    0x3F, 0x80, 0xFF, 0x00, 0xFE, 0x07, 0xF8, 0x03, 0xF8, 0x7F, 0xE0, 0x0F, 0xFF, 0xFF, 0x00, 0x3F,
    0xFF, 0xF8, 0x00, 0xFF, 0xFF, 0xC0, 0x03, 0xFF, 0xFE, 0x00, 0x0F, 0xFF, 0xF8, 0x00, 0x3F, 0xFF,
    0xE0, 0x00, 0xFE, 0x3F, 0xC0, 0x03, 0xF8, 0x7F, 0x00, 0x0F, 0xE1, 0xFE, 0x00, 0x3F, 0x83, 0xFC,
    0x00, 0xFE, 0x0F, 0xF0, 0x03, 0xF8, 0x1F, 0xE0, 0x0F, 0xE0, 0x3F, 0x80, 0x3F, 0x80, 0xFF, 0x00,
    0xFE, 0x01, 0xFE, 0x03, 0xF8, 0x07, 0xF8, 0x0F, 0xE0, 0x0F, 0xF0, 0x3F, 0x80, 0x3F, 0xC0, 0xFE,
    0x00, 0x7F, 0x80, 0x00, 0x3F, 0x00, 0x01, 0xFF, 0xF0, 0x03, 0xFF, 0xFC, 0x07, 0xFF, 0xFE, 0x0F,
    0xFF, 0xFC, 0x1F, 0xFF, 0xFC, 0x1F, 0xF1, 0xF8, 0x3F, 0xC0, 0x38, 0x3F, 0xC0, 0x00, 0x3F, 0xC0,
    0x00, 0x3F, 0xC0, 0x00, 0x3F, 0xC0, 0x00, 0x3F, 0xE0, 0x00, 0x3F, 0xF0, 0x00, 0x1F, 0xFC, 0x00,
    0x1F, 0xFF, 0x00, 0x0F, 0xFF, 0xC0, 0x07, 0xFF, 0xE0, 0x03, 0xFF, 0xF0, 0x01, 0xFF, 0xF8, 0x00,
    0x7F, 0xFC, 0x00, 0x1F, 0xFC, 0x00, 0x0F, 0xFE, 0x00, 0x03, 0xFE, 0x00, 0x01, 0xFE, 0x00, 0x01,
    0xFE, 0x00, 0x00, 0xFE, 0x00, 0x01, 0xFE, 0x30, 0x01, 0xFE, 0x3E, 0x03, 0xFC, 0x3F, 0xFF, 0xFC,
    0x3F, 0xFF, 0xF8, 0x3F, 0xFF, 0xF0, 0x3F, 0xFF, 0xF0, 0x3F, 0xFF, 0xC0, 0x07, 0xFF, 0x00, 0x7F,
    0xFF, 0xFF, 0xBF, 0xFF, 0xFF, 0xDF, 0xFF, 0xFF, 0xEF, 0xFF, 0xFF, 0xF7, 0xFF, 0xFF, 0xFB, 0xFF,
    0xFF, 0xF8, 0x01, 0xFC, 0x00, 0x00, 0xFE, 0x00, 0x00, 0x7F, 0x00, 0x00, 0x3F, 0x80, 0x00, 0x1F,
    0xC0, 0x00, 0x0F, 0xE0, 0x00, 0x07, 0xF0, 0x00, 0x03, 0xF8, 0x00, 0x01, 0xFC, 0x00, 0x00, 0xFE,
    0x00, 0x00, 0x7F, 0x00, 0x00, 0x3F, 0x80, 0x00, 0x1F, 0xC0, 0x00, 0x0F, 0xE0, 0x00, 0x07, 0xF0,
    0x00, 0x03, 0xF8, 0x00, 0x01, 0xFC, 0x00, 0x00, 0xFE, 0x00, 0x00, 0x7F, 0x00, 0x00, 0x3F, 0x80,
    0x00, 0x1F, 0xC0, 0x00, 0x0F, 0xE0, 0x00, 0x07, 0xF0, 0x00, 0x03, 0xF8, 0x00, 0x01, 0xFC, 0x00,
    0x00, 0xFE, 0x00, 0x00, 0x7F, 0x00, 0x00, 0x3F, 0x80, 0x00, 0x1F, 0xC0, 0x00, 0x1F, 0xE0, 0x03,
    0xF8, 0x0F, 0xF0, 0x01, 0xFC, 0x07, 0xF8, 0x00, 0xFE, 0x03, 0xFC, 0x00, 0x7F, 0x01, 0xFE, 0x00,
    0x3F, 0x80, 0xFF, 0x00, 0x1F, 0xC0, 0x7F, 0x80, 0x0F, 0xE0, 0x3F, 0xC0, 0x07, 0xF0, 0x1F, 0xE0,
    0x03, 0xF8, 0x0F, 0xF0, 0x01, 0xFC, 0x07, 0xF8, 0x00, 0xFE, 0x03, 0xFC, 0x00, 0x7F, 0x01, 0xFE,
    0x00, 0x3F, 0x80, 0xFF, 0x00, 0x1F, 0xC0, 0x7F, 0x80, 0x0F, 0xE0, 0x3F, 0xC0, 0x07, 0xF0, 0x1F,
    0xE0, 0x03, 0xF8, 0x0F, 0xF0, 0x01, 0xFC, 0x07, 0xF8, 0x00, 0xFE, 0x03, 0xFC, 0x00, 0x7F, 0x01,
    0xFE, 0x00, 0x3F, 0x80, 0xFF, 0x00, 0x1F, 0xC0, 0x7F, 0x80, 0x0F, 0xE0, 0x3F, 0xC0, 0x07, 0xF0,
    0x0F, 0xE0, 0x03, 0xF8, 0x07, 0xF0, 0x01, 0xFC, 0x03, 0xFC, 0x01, 0xFE, 0x01, 0xFE, 0x00, 0xFF,
    0x00, 0x7F, 0x81, 0xFF, 0x00, 0x3F, 0xFF, 0xFF, 0x80, 0x0F, 0xFF, 0xFF, 0x80, 0x07, 0xFF, 0xFF,
    0x80, 0x00, 0xFF, 0xFF, 0x80, 0x00, 0x3F, 0xFF, 0x80, 0x00, 0x07, 0xFF, 0x00, 0x00, 0xFF, 0x00,
    0x07, 0xFF, 0xF8, 0x00, 0x3F, 0xFF, 0xC0, 0x01, 0xFC, 0xFE, 0x00, 0x1F, 0xE7, 0xF8, 0x00, 0xFF,
    0x3F, 0xC0, 0x07, 0xF0, 0xFE, 0x00, 0x3F, 0x87, 0xF0, 0x03, 0xFC, 0x3F, 0xC0, 0x1F, 0xC0, 0xFE,
    0x00, 0xFE, 0x07, 0xF0, 0x0F, 0xF0, 0x3F, 0xC0, 0x7F, 0x81, 0xFE, 0x03, 0xF8, 0x07, 0xF0, 0x1F,
    0xC0, 0x3F, 0x81, 0xFE, 0x01, 0xFE, 0x0F, 0xE0, 0x07, 0xF0, 0x7F, 0x00, 0x3F, 0x83, 0xF8, 0x01,
    0xFC, 0x3F, 0x80, 0x07, 0xF1, 0xFC, 0x00, 0x3F, 0x8F, 0xE0, 0x01, 0xFC, 0x7F, 0x00, 0x0F, 0xE7,
    0xF0, 0x00, 0x3F, 0xBF, 0x80, 0x01, 0xFD, 0xFC, 0x00, 0x0F, 0xEF, 0xC0, 0x00, 0x3F, 0xFE, 0x00,
    0x01, 0xFF, 0xF0, 0x00, 0x0F, 0xFF, 0x00, 0x00, 0x3F, 0xF8, 0x00, 0x01, 0xFF, 0xC0, 0x00, 0x0F,
    0xFE, 0x00, 0x00, 0x7F, 0xE0, 0x00, 0x01, 0xFF, 0x00, 0x00, 0x0F, 0xF8, 0x00, 0xFE, 0x00, 0x3F,
    0x80, 0x0F, 0xEF, 0xE0, 0x03, 0xF8, 0x01, 0xFE, 0xFF, 0x00, 0x3F, 0xC0, 0x1F, 0xE7, 0xF0, 0x07,
    0xFC, 0x01, 0xFC, 0x7F, 0x00, 0x7F, 0xC0, 0x1F, 0xC7, 0xF0, 0x07, 0xFC, 0x01, 0xFC, 0x7F, 0x80,
    0x7F, 0xC0, 0x3F, 0xC7, 0xF8, 0x0F, 0xFE, 0x03, 0xFC, 0x3F, 0x80, 0xFF, 0xE0, 0x3F, 0x83, 0xF8,
    0x0F, 0xFE, 0x03, 0xF8, 0x3F, 0x80, 0xFF, 0xE0, 0x3F, 0x83, 0xFC, 0x1F, 0xFF, 0x07, 0xF8, 0x1F,
    0xC1, 0xFB, 0xF0, 0x7F, 0x01, 0xFC, 0x1F, 0xBF, 0x07, 0xF0, 0x1F, 0xC1, 0xFB, 0xF0, 0x7F, 0x01,
    0xFC, 0x3F, 0xBF, 0x87, 0xF0, 0x0F, 0xE3, 0xFB, 0xF8, 0xFE, 0x00, 0xFE, 0x3F, 0x1F, 0x8F, 0xE0,
    0x0F, 0xE3, 0xF1, 0xF8, 0xFE, 0x00, 0xFE, 0x3F, 0x1F, 0x8F, 0xE0, 0x0F, 0xE7, 0xF1, 0xFC, 0xFE,
    0x00, 0x7F, 0x7E, 0x0F, 0xDF, 0xC0, 0x07, 0xF7, 0xE0, 0xFD, 0xFC, 0x00, 0x7F, 0x7E, 0x0F, 0xDF,
    0xC0, 0x07, 0xF7, 0xE0, 0xFD, 0xFC, 0x00, 0x3F, 0xFC, 0x07, 0xFF, 0x80, 0x03, 0xFF, 0xC0, 0x7F,
    0xF8, 0x00, 0x3F, 0xFC, 0x07, 0xFF, 0x80, 0x03, 0xFF, 0xC0, 0x7F, 0xF8, 0x00, 0x1F, 0xFC, 0x07,
    0xFF, 0x00, 0x01, 0xFF, 0x80, 0x3F, 0xF0, 0x00, 0x1F, 0xF8, 0x03, 0xFF, 0x00, 0x01, 0xFF, 0x80,
    0x3F, 0xF0, 0x00, 0x1F, 0xF8, 0x03, 0xFF, 0x00, 0x00, 0xFF, 0x00, 0x1F, 0xE0, 0x00, 0x7F, 0x80,
    0x0F, 0xF3, 0xFC, 0x00, 0xFF, 0x0F, 0xF0, 0x07, 0xF8, 0x7F, 0x80, 0x7F, 0x81, 0xFE, 0x03, 0xFC,
    0x0F, 0xF0, 0x3F, 0xC0, 0x3F, 0xC1, 0xFE, 0x01, 0xFE, 0x1F, 0xE0, 0x07, 0xF8, 0xFE, 0x00, 0x1F,
    0xCF, 0xF0, 0x00, 0xFF, 0x7F, 0x00, 0x03, 0xFF, 0xF8, 0x00, 0x1F, 0xFF, 0x80, 0x00, 0x7F, 0xFC,
    0x00, 0x03, 0xFF, 0xC0, 0x00, 0x0F, 0xFE, 0x00, 0x00, 0x7F, 0xE0, 0x00, 0x01, 0xFF, 0x00, 0x00,
    0x1F, 0xF8, 0x00, 0x01, 0xFF, 0xE0, 0x00, 0x0F, 0xFF, 0x00, 0x00, 0xFF, 0xFC, 0x00, 0x07, 0xFF,
    0xF0, 0x00, 0x7F, 0xFF, 0x80, 0x03, 0xF9, 0xFE, 0x00, 0x3F, 0xC7, 0xF0, 0x01, 0xFC, 0x3F, 0xC0,
    0x1F, 0xE0, 0xFF, 0x01, 0xFE, 0x07, 0xF8, 0x0F, 0xF0, 0x1F, 0xE0, 0xFF, 0x00, 0xFF, 0x07, 0xF8,
    0x03, 0xFC, 0x7F, 0x80, 0x1F, 0xE3, 0xF8, 0x00, 0x7F, 0xBF, 0xC0, 0x03, 0xFE, 0xFF, 0x00, 0x1F,
    0xEF, 0xF0, 0x01, 0xFE, 0x7F, 0x80, 0x1F, 0xC7, 0xF8, 0x03, 0xFC, 0x3F, 0xC0, 0x3F, 0x83, 0xFC,
    0x07, 0xF8, 0x1F, 0xE0, 0x7F, 0x01, 0xFE, 0x0F, 0xF0, 0x0F, 0xE0, 0xFF, 0x00, 0xFF, 0x1F, 0xE0,
    0x07, 0xF1, 0xFE, 0x00, 0x7F, 0x9F, 0xC0, 0x03, 0xFB, 0xFC, 0x00, 0x3F, 0xFF, 0x80, 0x01, 0xFF,
    0xF8, 0x00, 0x1F, 0xFF, 0x00, 0x01, 0xFF, 0xF0, 0x00, 0x0F, 0xFE, 0x00, 0x00, 0xFF, 0xE0, 0x00,
    0x07, 0xFC, 0x00, 0x00, 0x7F, 0xC0, 0x00, 0x03, 0xF8, 0x00, 0x00, 0x3F, 0x80, 0x00, 0x03, 0xF8,
    0x00, 0x00, 0x3F, 0x80, 0x00, 0x03, 0xF8, 0x00, 0x00, 0x3F, 0x80, 0x00, 0x03, 0xF8, 0x00, 0x00,
    0x3F, 0x80, 0x00, 0x03, 0xF8, 0x00, 0x00, 0x3F, 0x80, 0x00, 0x03, 0xF8, 0x00, 0x00, 0x3F, 0x80,
    0x00, 0x03, 0xF8, 0x00, 0x00, 0x3F, 0x80, 0x00, 0x7F, 0xFF, 0xFF, 0x3F, 0xFF, 0xFF, 0x9F, 0xFF,
    0xFF, 0xCF, 0xFF, 0xFF, 0xE7, 0xFF, 0xFF, 0xF3, 0xFF, 0xFF, 0xF0, 0x00, 0x07, 0xF8, 0x00, 0x07,
    0xF8, 0x00, 0x03, 0xFC, 0x00, 0x03, 0xFC, 0x00, 0x01, 0xFC, 0x00, 0x01, 0xFE, 0x00, 0x01, 0xFE,
    0x00, 0x00, 0xFF, 0x00, 0x00, 0xFF, 0x00, 0x00, 0x7F, 0x80, 0x00, 0x7F, 0x80, 0x00, 0x7F, 0x80,
    0x00, 0x3F, 0xC0, 0x00, 0x3F, 0xC0, 0x00, 0x1F, 0xE0, 0x00, 0x1F, 0xE0, 0x00, 0x0F, 0xE0, 0x00,
    0x0F, 0xF0, 0x00, 0x0F, 0xF0, 0x00, 0x07, 0xF8, 0x00, 0x07, 0xF8, 0x00, 0x03, 0xFC, 0x00, 0x03,
    0xFC, 0x00, 0x01, 0xFF, 0xFF, 0xF9, 0xFF, 0xFF, 0xFC, 0xFF, 0xFF, 0xFE, 0x7F, 0xFF, 0xFF, 0x3F,
    0xFF, 0xFF, 0x9F, 0xFF, 0xFF, 0xC0, 0x1F, 0xFE, 0x3F, 0xFC, 0x7F, 0xF8, 0xFF, 0xF1, 0xFF, 0xE3,
    0xF0, 0x07, 0xE0, 0x0F, 0xC0, 0x1F, 0x80, 0x3F, 0x00, 0x7E, 0x00, 0xFC, 0x01, 0xF8, 0x03, 0xF0,
    0x07, 0xE0, 0x0F, 0xC0, 0x1F, 0x80, 0x3F, 0x00, 0x7E, 0x00, 0xFC, 0x01, 0xF8, 0x03, 0xF0, 0x07,
    0xE0, 0x0F, 0xC0, 0x1F, 0x80, 0x3F, 0x00, 0x7E, 0x00, 0xFC, 0x01, 0xF8, 0x03, 0xF0, 0x07, 0xE0,
    0x0F, 0xC0, 0x1F, 0x80, 0x3F, 0x00, 0x7E, 0x00, 0xFC, 0x01, 0xF8, 0x03, 0xF0, 0x07, 0xFF, 0x8F,
    0xFF, 0x1F, 0xFE, 0x3F, 0xFC, 0x7F, 0xF8, 0xFE, 0x00, 0x07, 0xE0, 0x00, 0x7F, 0x00, 0x07, 0xF0,
    0x00, 0x3F, 0x00, 0x03, 0xF8, 0x00, 0x3F, 0x80, 0x01, 0xF8, 0x00, 0x1F, 0xC0, 0x00, 0xFC, 0x00,
    0x0F, 0xE0, 0x00, 0xFE, 0x00, 0x07, 0xE0, 0x00, 0x7F, 0x00, 0x07, 0xF0, 0x00, 0x3F, 0x00, 0x03,
    0xF8, 0x00, 0x1F, 0x80, 0x01, 0xFC, 0x00, 0x1F, 0xC0, 0x00, 0xFC, 0x00, 0x0F, 0xE0, 0x00, 0xFE,
    0x00, 0x07, 0xE0, 0x00, 0x7F, 0x00, 0x07, 0xF0, 0x00, 0x3F, 0x00, 0x03, 0xF8, 0x00, 0x1F, 0x80,
    0x01, 0xFC, 0x00, 0x1F, 0xC0, 0x00, 0xFC, 0x00, 0x0F, 0xE0, 0x00, 0xFE, 0x00, 0x07, 0xE0, 0x7F,
    0xF8, 0xFF, 0xF1, 0xFF, 0xE3, 0xFF, 0xC7, 0xFF, 0x80, 0x7F, 0x00, 0xFE, 0x01, 0xFC, 0x03, 0xF8,
    0x07, 0xF0, 0x0F, 0xE0, 0x1F, 0xC0, 0x3F, 0x80, 0x7F, 0x00, 0xFE, 0x01, 0xFC, 0x03, 0xF8, 0x07,
    0xF0, 0x0F, 0xE0, 0x1F, 0xC0, 0x3F, 0x80, 0x7F, 0x00, 0xFE, 0x01, 0xFC, 0x03, 0xF8, 0x07, 0xF0,
    0x0F, 0xE0, 0x1F, 0xC0, 0x3F, 0x80, 0x7F, 0x00, 0xFE, 0x01, 0xFC, 0x03, 0xF8, 0x07, 0xF0, 0x0F,
    0xE0, 0x1F, 0xC0, 0x3F, 0x80, 0x7F, 0x1F, 0xFE, 0x3F, 0xFC, 0x7F, 0xF8, 0xFF, 0xF1, 0xFF, 0xE0,
    0x00, 0x1E, 0x00, 0x00, 0x0F, 0x80, 0x00, 0x03, 0xF0, 0x00, 0x01, 0xFC, 0x00, 0x00, 0x7F, 0x80,
    0x00, 0x3F, 0xE0, 0x00, 0x0F, 0xFC, 0x00, 0x07, 0xFF, 0x00, 0x01, 0xFF, 0xE0, 0x00, 0xFD, 0xF8,
    0x00, 0x3F, 0x3F, 0x00, 0x1F, 0x8F, 0xC0, 0x07, 0xE1, 0xF8, 0x01, 0xF8, 0x7E, 0x00, 0xFC, 0x0F,
    0xC0, 0x3F, 0x03, 0xF0, 0x1F, 0x80, 0x7E, 0x07, 0xE0, 0x1F, 0x83, 0xF0, 0x03, 0xF0, 0xFC, 0x00,
    0xFC, 0x7E, 0x00, 0x1F, 0x9F, 0x80, 0x07, 0xE0, 0x00, 0x00, 0x00, 0x00, 0x00, 0x00, 0x00, 0x00,
    0x00, 0x00, 0x00, 0x00, 0x00, 0x00, 0x00, 0x00, 0x00, 0x00, 0x00, 0x00, 0x00, 0x00, 0x00, 0x00,
    0x00, 0x00, 0x00, 0x00, 0x00, 0x00, 0x00, 0x00, 0x00, 0x00, 0x00, 0x00, 0x00, 0x00, 0x00, 0x00,
    0x00, 0x00, 0x00, 0x00, 0x00, 0x00, 0x00, 0x00, 0x00, 0x00, 0x00, 0x00, 0x00, 0x7F, 0xFF, 0xFD,
    0xFF, 0xFF, 0xF7, 0xFF, 0xFF, 0xDF, 0xFF, 0xFF, 0x3F, 0xC0, 0x3F, 0xE0, 0x1F, 0xE0, 0x07, 0xF0,
    0x03, 0xF8, 0x01, 0xF8, 0x00, 0xFC, 0x00, 0x7E, 0x00, 0x00, 0x00, 0x00, 0x00, 0x00, 0x00, 0x00,
    0x00, 0x00, 0x00, 0x00, 0x00, 0x00, 0x00, 0x00, 0x00, 0x00, 0x00, 0x00, 0x00, 0x00, 0x00, 0x00,
    0x00, 0x00, 0x00, 0x00, 0x00, 0x00, 0x00, 0x00, 0x00, 0x00, 0x00, 0x00, 0x00, 0x00, 0x00, 0x00,
    0x00, 0x00, 0x00, 0x00, 0x00, 0x00, 0x00, 0x00, 0x00, 0x00, 0x00, 0x00, 0x00, 0x00, 0x00, 0x00,
    0x00, 0x00, 0x00, 0xFF, 0xC0, 0x00, 0x7F, 0xFE, 0x00, 0x3F, 0xFF, 0xE0, 0x07, 0xFF, 0xFE, 0x00,
    0x7F, 0xFF, 0xE0, 0x0F, 0xFF, 0xFC, 0x00, 0xE0, 0x7F, 0x80, 0x00, 0x07, 0xF0, 0x00, 0x00, 0xFE,
    0x00, 0x00, 0x1F, 0xE0, 0x07, 0xFF, 0xFC, 0x03, 0xFF, 0xFF, 0x80, 0xFF, 0xFF, 0xF0, 0x3F, 0xFF,
    0xFE, 0x0F, 0xFC, 0x3F, 0xC1, 0xFE, 0x07, 0xF8, 0x3F, 0x80, 0xFF, 0x07, 0xF0, 0x1F, 0xE0, 0xFE,
    0x03, 0xFC, 0x1F, 0xC0, 0xFF, 0x83, 0xFC, 0x3F, 0xF0, 0x7F, 0xFF, 0xFE, 0x0F, 0xFF, 0xFF, 0xC0,
    0xFF, 0xFF, 0xF8, 0x1F, 0xFF, 0x7F, 0x01, 0xFF, 0xC7, 0xE0, 0x0F, 0xE0, 0xFC, 0x00, 0x1F, 0xC0,
    0x00, 0x01, 0xFC, 0x00, 0x00, 0x1F, 0xC0, 0x00, 0x01, 0xFC, 0x00, 0x00, 0x1F, 0xC0, 0x00, 0x01,
    0xFC, 0x00, 0x00, 0x1F, 0xC0, 0x00, 0x01, 0xFC, 0x00, 0x00, 0x1F, 0xC0, 0x00, 0x01, 0xFC, 0x00,
    0x00, 0x1F, 0xC7, 0xF0, 0x01, 0xFC, 0xFF, 0xC0, 0x1F, 0xDF, 0xFE, 0x01, 0xFF, 0xFF, 0xF0, 0x1F,
    0xFF, 0xFF, 0x01, 0xFF, 0xFF, 0xF8, 0x1F, 0xF0, 0x7F, 0x81, 0xFE, 0x03, 0xFC, 0x1F, 0xE0, 0x3F,
    0xC1, 0xFE, 0x03, 0xFC, 0x1F, 0xE0, 0x1F, 0xC1, 0xFC, 0x01, 0xFC, 0x1F, 0xC0, 0x1F, 0xC1, 0xFC,
    0x01, 0xFC, 0x1F, 0xC0, 0x1F, 0xC1, 0xFC, 0x01, 0xFC, 0x1F, 0xE0, 0x1F, 0xC1, 0xFE, 0x03, 0xFC,
    0x1F, 0xE0, 0x3F, 0xC1, 0xFF, 0x03, 0xFC, 0x1F, 0xF0, 0x7F, 0x81, 0xFF, 0xFF, 0xF8, 0x1F, 0xFF,
    0xFF, 0x01, 0xFF, 0xFF, 0xF0, 0x1F, 0xFF, 0xFE, 0x01, 0xF9, 0xFF, 0xC0, 0x1F, 0x87, 0xF0, 0x00,
    0x00, 0x7F, 0xE0, 0x03, 0xFF, 0xF0, 0x0F, 0xFF, 0xE0, 0x3F, 0xFF, 0xC0, 0xFF, 0xFF, 0x83, 0xFF,
    0xFE, 0x07, 0xFC, 0x1C, 0x0F, 0xF0, 0x00, 0x3F, 0xC0, 0x00, 0x7F, 0x80, 0x00, 0xFE, 0x00, 0x01,
    0xFC, 0x00, 0x03, 0xF8, 0x00, 0x07, 0xF0, 0x00, 0x0F, 0xE0, 0x00, 0x1F, 0xC0, 0x00, 0x3F, 0x80,
    0x00, 0x7F, 0x80, 0x00, 0xFF, 0x00, 0x01, 0xFF, 0x00, 0x41, 0xFF, 0x03, 0x83, 0xFF, 0xFF, 0x03,
    0xFF, 0xFE, 0x07, 0xFF, 0xFC, 0x07, 0xFF, 0xF8, 0x03, 0xFF, 0xE0, 0x01, 0xFF, 0x00, 0x00, 0x00,
    0x3F, 0x80, 0x00, 0x03, 0xF8, 0x00, 0x00, 0x3F, 0x80, 0x00, 0x03, 0xF8, 0x00, 0x00, 0x3F, 0x80,
    0x00, 0x03, 0xF8, 0x00, 0x00, 0x3F, 0x80, 0x00, 0x03, 0xF8, 0x00, 0x00, 0x3F, 0x80, 0x00, 0x03,
    0xF8, 0x00, 0xFE, 0x3F, 0x80, 0x3F, 0xF3, 0xF8, 0x07, 0xFF, 0xBF, 0x80, 0xFF, 0xFF, 0xF8, 0x0F,
    0xFF, 0xFF, 0x81, 0xFF, 0xFF, 0xF8, 0x1F, 0xE0, 0xFF, 0x83, 0xFC, 0x07, 0xF8, 0x3F, 0xC0, 0x7F,
    0x83, 0xFC, 0x03, 0xF8, 0x3F, 0x80, 0x3F, 0x83, 0xF8, 0x03, 0xF8, 0x3F, 0x80, 0x3F, 0x83, 0xF8,
    0x03, 0xF8, 0x3F, 0x80, 0x3F, 0x83, 0xF8, 0x03, 0xF8, 0x3F, 0x80, 0x3F, 0x83, 0xFC, 0x03, 0xF8,
    0x3F, 0xC0, 0x7F, 0x83, 0xFC, 0x07, 0xF8, 0x1F, 0xE0, 0xFF, 0x81, 0xFF, 0xFF, 0xF8, 0x0F, 0xFF,
    0xFF, 0x80, 0xFF, 0xFF, 0xF8, 0x07, 0xFF, 0xBF, 0x80, 0x3F, 0xF1, 0xF8, 0x00, 0xFE, 0x1F, 0x80,
    0x00, 0x7F, 0xC0, 0x00, 0x7F, 0xFC, 0x00, 0x3F, 0xFF, 0x80, 0x1F, 0xFF, 0xF0, 0x0F, 0xFF, 0xFE,
    0x07, 0xFF, 0xFF, 0x81, 0xFE, 0x0F, 0xF0, 0x7F, 0x01, 0xFC, 0x3F, 0x80, 0x7F, 0x0F, 0xE0, 0x1F,
    0xC3, 0xFF, 0xFF, 0xF0, 0xFF, 0xFF, 0xFC, 0x3F, 0xFF, 0xFF, 0x0F, 0xFF, 0xFF, 0xC3, 0xFF, 0xFF,
    0xF0, 0xFE, 0x00, 0x00, 0x3F, 0x80, 0x00, 0x0F, 0xE0, 0x00, 0x03, 0xFC, 0x00, 0x00, 0x7F, 0x80,
    0x08, 0x1F, 0xF0, 0x1E, 0x03, 0xFF, 0xFF, 0x80, 0xFF, 0xFF, 0xE0, 0x1F, 0xFF, 0xF8, 0x03, 0xFF,
    0xFE, 0x00, 0x7F, 0xFF, 0x00, 0x03, 0xFF, 0x00, 0x00, 0x7F, 0x80, 0x3F, 0xFC, 0x0F, 0xFF, 0x83,
    0xFF, 0xE0, 0x7F, 0xFC, 0x1F, 0xFF, 0x83, 0xFC, 0x00, 0x7F, 0x80, 0x0F, 0xE0, 0x01, 0xFC, 0x00,
    0x7F, 0xFE, 0x3F, 0xFF, 0xC7, 0xFF, 0xF8, 0xFF, 0xFF, 0x1F, 0xFF, 0xE3, 0xFF, 0xFC, 0x0F, 0xE0,
    0x01, 0xFC, 0x00, 0x3F, 0x80, 0x07, 0xF0, 0x00, 0xFE, 0x00, 0x1F, 0xC0, 0x03, 0xF8, 0x00, 0x7F,
    0x00, 0x0F, 0xE0, 0x01, 0xFC, 0x00, 0x3F, 0x80, 0x07, 0xF0, 0x00, 0xFE, 0x00, 0x1F, 0xC0, 0x03,
    0xF8, 0x00, 0x7F, 0x00, 0x0F, 0xE0, 0x01, 0xFC, 0x00, 0x3F, 0x80, 0x07, 0xF0, 0x00, 0xFE, 0x00,
    0x00, 0xFE, 0x1F, 0x80, 0x3F, 0xF3, 0xF8, 0x07, 0xFF, 0xBF, 0x80, 0xFF, 0xFF, 0xF8, 0x0F, 0xFF,
    0xFF, 0x81, 0xFF, 0xFF, 0xF8, 0x1F, 0xE0, 0xFF, 0x83, 0xFC, 0x07, 0xF8, 0x3F, 0xC0, 0x7F, 0x83,
    0xFC, 0x03, 0xF8, 0x3F, 0x80, 0x3F, 0x83, 0xF8, 0x03, 0xF8, 0x3F, 0x80, 0x3F, 0x83, 0xF8, 0x03,
    0xF8, 0x3F, 0x80, 0x3F, 0x83, 0xF8, 0x03, 0xF8, 0x3F, 0x80, 0x3F, 0x83, 0xFC, 0x03, 0xF8, 0x3F,
    0xC0, 0x7F, 0x83, 0xFC, 0x07, 0xF8, 0x1F, 0xE0, 0xFF, 0x81, 0xFF, 0xFF, 0xF8, 0x0F, 0xFF, 0xFF,
    0x80, 0xFF, 0xFF, 0xF8, 0x07, 0xFF, 0xBF, 0x80, 0x3F, 0xF3, 0xF8, 0x00, 0xFC, 0x3F, 0x80, 0x00,
    0x03, 0xF8, 0x00, 0x00, 0x3F, 0x80, 0x00, 0x07, 0xF8, 0x00, 0x00, 0x7F, 0x01, 0x80, 0x07, 0xF0,
    0x1F, 0x01, 0xFF, 0x01, 0xFF, 0xFF, 0xE0, 0x1F, 0xFF, 0xFE, 0x01, 0xFF, 0xFF, 0xC0, 0x1F, 0xFF,
    0xF8, 0x00, 0xFF, 0xFF, 0x00, 0x03, 0xFF, 0xC0, 0x00, 0x1F, 0xC0, 0x00, 0x00, 0xFE, 0x00, 0x00,
    0x07, 0xF0, 0x00, 0x00, 0x3F, 0x80, 0x00, 0x01, 0xFC, 0x00, 0x00, 0x0F, 0xE0, 0x00, 0x00, 0x7F,
    0x00, 0x00, 0x03, 0xF8, 0x00, 0x00, 0x1F, 0xC0, 0x00, 0x00, 0xFE, 0x00, 0x00, 0x07, 0xF0, 0xFE,
    0x00, 0x3F, 0x9F, 0xFC, 0x01, 0xFD, 0xFF, 0xF0, 0x0F, 0xFF, 0xFF, 0x80, 0x7F, 0xFF, 0xFE, 0x03,
    0xFF, 0xFF, 0xF0, 0x1F, 0xF8, 0x7F, 0x80, 0xFF, 0x81, 0xFE, 0x07, 0xF8, 0x0F, 0xF0, 0x3F, 0xC0,
    0x7F, 0x81, 0xFE, 0x03, 0xFC, 0x0F, 0xF0, 0x1F, 0xE0, 0x7F, 0x00, 0xFF, 0x03, 0xF8, 0x07, 0xF8,
    0x1F, 0xC0, 0x3F, 0xC0, 0xFE, 0x01, 0xFE, 0x07, 0xF0, 0x0F, 0xF0, 0x3F, 0x80, 0x7F, 0x81, 0xFC,
    0x03, 0xFC, 0x0F, 0xE0, 0x1F, 0xE0, 0x7F, 0x00, 0xFF, 0x03, 0xF8, 0x07, 0xF8, 0x1F, 0xC0, 0x3F,
    0xC0, 0xFE, 0x01, 0xFE, 0x07, 0xF0, 0x0F, 0xF0, 0x3F, 0x80, 0x7F, 0x81, 0xFC, 0x03, 0xFC, 0x00,
    0x0F, 0x80, 0x7F, 0x01, 0xFE, 0x07, 0xF8, 0x1F, 0xE0, 0x7F, 0x00, 0xF8, 0x00, 0x00, 0x00, 0x00,
    0x00, 0x01, 0xFC, 0x07, 0xF0, 0x1F, 0xC0, 0x7F, 0x01, 0xFC, 0x07, 0xF0, 0x1F, 0xC0, 0x7F, 0x01,
    0xFC, 0x07, 0xF0, 0x1F, 0xC0, 0x7F, 0x01, 0xFC, 0x07, 0xF0, 0x1F, 0xC0, 0x7F, 0x01, 0xFC, 0x07,
    0xF0, 0x1F, 0xC0, 0x7F, 0x01, 0xFC, 0x07, 0xF0, 0x1F, 0xC0, 0x7F, 0x01, 0xFC, 0x07, 0xF0, 0x1F,
    0xC0, 0x01, 0xF0, 0x01, 0xFC, 0x00, 0xFF, 0x00, 0x7F, 0x80, 0x3F, 0xC0, 0x1F, 0xC0, 0x07, 0xC0,
    0x00, 0x00, 0x00, 0x00, 0x00, 0x00, 0x00, 0xFE, 0x00, 0x7F, 0x00, 0x3F, 0x80, 0x1F, 0xC0, 0x0F,
    0xE0, 0x07, 0xF0, 0x03, 0xF8, 0x01, 0xFC, 0x00, 0xFE, 0x00, 0x7F, 0x00, 0x3F, 0x80, 0x1F, 0xC0,
    0x0F, 0xE0, 0x07, 0xF0, 0x03, 0xF8, 0x01, 0xFC, 0x00, 0xFE, 0x00, 0x7F, 0x00, 0x3F, 0x80, 0x1F,
    0xC0, 0x0F, 0xE0, 0x07, 0xF0, 0x03, 0xF8, 0x01, 0xFC, 0x00, 0xFE, 0x00, 0x7F, 0x00, 0x3F, 0x80,
    0x1F, 0xC0, 0x0F, 0xE0, 0x07, 0xF0, 0x03, 0xF8, 0x01, 0xFC, 0x01, 0xFE, 0x1F, 0xFF, 0x0F, 0xFF,
    0x87, 0xFF, 0x83, 0xFF, 0x81, 0xFF, 0x80, 0x7F, 0x80, 0x00, 0x1F, 0xC0, 0x00, 0x01, 0xFC, 0x00,
    0x00, 0x1F, 0xC0, 0x00, 0x01, 0xFC, 0x00, 0x00, 0x1F, 0xC0, 0x00, 0x01, 0xFC, 0x00, 0x00, 0x1F,
    0xC0, 0x00, 0x01, 0xFC, 0x00, 0x00, 0x1F, 0xC0, 0x00, 0x01, 0xFC, 0x00, 0x00, 0x1F, 0xC0, 0x3F,
    0xE1, 0xFC, 0x03, 0xFC, 0x1F, 0xC0, 0x7F, 0x81, 0xFC, 0x0F, 0xF0, 0x1F, 0xC1, 0xFE, 0x01, 0xFC,
    0x1F, 0xE0, 0x1F, 0xC3, 0xFC, 0x01, 0xFC, 0x7F, 0x80, 0x1F, 0xCF, 0xF0, 0x01, 0xFC, 0xFE, 0x00,
    0x1F, 0xDF, 0xE0, 0x01, 0xFF, 0xFC, 0x00, 0x1F, 0xFF, 0xC0, 0x01, 0xFF, 0xFE, 0x00, 0x1F, 0xFF,
    0xF0, 0x01, 0xFF, 0xFF, 0x00, 0x1F, 0xFF, 0xF8, 0x01, 0xFF, 0x3F, 0xC0, 0x1F, 0xE3, 0xFC, 0x01,
    0xFC, 0x1F, 0xE0, 0x1F, 0xC1, 0xFE, 0x01, 0xFC, 0x0F, 0xF0, 0x1F, 0xC0, 0x7F, 0x81, 0xFC, 0x07,
    0xF8, 0x1F, 0xC0, 0x3F, 0xC1, 0xFC, 0x03, 0xFE, 0x1F, 0xC0, 0x1F, 0xE0, 0x1F, 0xC0, 0x7F, 0x01,
    0xFC, 0x07, 0xF0, 0x1F, 0xC0, 0x7F, 0x01, 0xFC, 0x07, 0xF0, 0x1F, 0xC0, 0x7F, 0x01, 0xFC, 0x07,
    0xF0, 0x1F, 0xC0, 0x7F, 0x01, 0xFC, 0x07, 0xF0, 0x1F, 0xC0, 0x7F, 0x01, 0xFC, 0x07, 0xF0, 0x1F,
    0xC0, 0x7F, 0x01, 0xFC, 0x07, 0xF0, 0x1F, 0xC0, 0x7F, 0x01, 0xFC, 0x07, 0xF0, 0x1F, 0xC0, 0x7F,
    0x01, 0xFC, 0x07, 0xF0, 0x1F, 0xC0, 0x7F, 0x01, 0xFC, 0x07, 0xF0, 0x1F, 0xC0, 0x1F, 0x87, 0xF8,
    0x0F, 0xF0, 0x03, 0xF1, 0xFF, 0x87, 0xFF, 0x00, 0x7E, 0x7F, 0xF9, 0xFF, 0xF0, 0x0F, 0xFF, 0xFF,
    0xBF, 0xFF, 0x01, 0xFF, 0xFF, 0xFF, 0xFF, 0xE0, 0x3F, 0xFF, 0xFF, 0xFF, 0xFE, 0x07, 0xFE, 0x1F,
    0xF8, 0x7F, 0xC0, 0xFF, 0x83, 0xFE, 0x07, 0xF8, 0x1F, 0xE0, 0x3F, 0xC0, 0xFF, 0x03, 0xFC, 0x07,
    0xF8, 0x0F, 0xE0, 0x7F, 0x80, 0xFE, 0x01, 0xFC, 0x0F, 0xF0, 0x1F, 0xC0, 0x3F, 0x81, 0xFC, 0x03,
    0xF8, 0x07, 0xF0, 0x3F, 0x80, 0x7F, 0x00, 0xFE, 0x07, 0xF0, 0x0F, 0xE0, 0x1F, 0xC0, 0xFE, 0x01,
    0xFC, 0x03, 0xF8, 0x1F, 0xC0, 0x3F, 0x80, 0x7F, 0x03, 0xF8, 0x07, 0xF0, 0x0F, 0xE0, 0x7F, 0x00,
    0xFE, 0x01, 0xFC, 0x0F, 0xE0, 0x1F, 0xC0, 0x3F, 0x81, 0xFC, 0x03, 0xF8, 0x07, 0xF0, 0x3F, 0x80,
    0x7F, 0x00, 0xFE, 0x07, 0xF0, 0x0F, 0xE0, 0x1F, 0xC0, 0xFE, 0x01, 0xFC, 0x03, 0xF8, 0x1F, 0xC0,
    0x3F, 0x80, 0x7F, 0x03, 0xF8, 0x07, 0xF0, 0x0F, 0xE0, 0x7F, 0x00, 0xFE, 0x01, 0xFC, 0x00, 0x1F,
    0x87, 0xF8, 0x00, 0xFC, 0x7F, 0xF0, 0x07, 0xE7, 0xFF, 0xC0, 0x3F, 0xFF, 0xFE, 0x01, 0xFF, 0xFF,
    0xF8, 0x0F, 0xFF, 0xFF, 0xC0, 0x7F, 0xE1, 0xFE, 0x03, 0xFE, 0x07, 0xF8, 0x1F, 0xE0, 0x3F, 0xC0,
    0xFF, 0x01, 0xFE, 0x07, 0xF8, 0x0F, 0xF0, 0x3F, 0xC0, 0x7F, 0x81, 0xFC, 0x03, 0xFC, 0x0F, 0xE0,
    0x1F, 0xE0, 0x7F, 0x00, 0xFF, 0x03, 0xF8, 0x07, 0xF8, 0x1F, 0xC0, 0x3F, 0xC0, 0xFE, 0x01, 0xFE,
    0x07, 0xF0, 0x0F, 0xF0, 0x3F, 0x80, 0x7F, 0x81, 0xFC, 0x03, 0xFC, 0x0F, 0xE0, 0x1F, 0xE0, 0x7F,
    0x00, 0xFF, 0x03, 0xF8, 0x07, 0xF8, 0x1F, 0xC0, 0x3F, 0xC0, 0xFE, 0x01, 0xFE, 0x07, 0xF0, 0x0F,
    0xF0, 0x00, 0x7F, 0xC0, 0x00, 0x3F, 0xFE, 0x00, 0x0F, 0xFF, 0xE0, 0x03, 0xFF, 0xFE, 0x00, 0xFF,
    0xFF, 0xE0, 0x1F, 0xFF, 0xFE, 0x07, 0xF8, 0x3F, 0xC0, 0xFE, 0x03, 0xFC, 0x3F, 0xC0, 0x7F, 0x87,
    0xF8, 0x07, 0xF0, 0xFE, 0x00, 0xFE, 0x1F, 0xC0, 0x1F, 0xE3, 0xF8, 0x03, 0xFC, 0x7F, 0x00, 0x7F,
    0x8F, 0xE0, 0x0F, 0xF1, 0xFC, 0x01, 0xFE, 0x3F, 0x80, 0x3F, 0x87, 0xF8, 0x07, 0xF0, 0xFF, 0x01,
    0xFE, 0x0F, 0xE0, 0x3F, 0xC1, 0xFE, 0x0F, 0xF0, 0x1F, 0xFF, 0xFE, 0x03, 0xFF, 0xFF, 0x80, 0x3F,
    0xFF, 0xE0, 0x03, 0xFF, 0xF8, 0x00, 0x3F, 0xFE, 0x00, 0x01, 0xFF, 0x00, 0x00, 0x1F, 0x87, 0xF0,
    0x01, 0xFC, 0xFF, 0xC0, 0x1F, 0xDF, 0xFE, 0x01, 0xFF, 0xFF, 0xF0, 0x1F, 0xFF, 0xFF, 0x01, 0xFF,
    0xFF, 0xF8, 0x1F, 0xF0, 0x7F, 0x81, 0xFE, 0x03, 0xFC, 0x1F, 0xE0, 0x3F, 0xC1, 0xFE, 0x03, 0xFC,
    0x1F, 0xE0, 0x1F, 0xC1, 0xFC, 0x01, 0xFC, 0x1F, 0xC0, 0x1F, 0xC1, 0xFC, 0x01, 0xFC, 0x1F, 0xC0,
    0x1F, 0xC1, 0xFC, 0x01, 0xFC, 0x1F, 0xE0, 0x1F, 0xC1, 0xFE, 0x03, 0xFC, 0x1F, 0xE0, 0x3F, 0xC1,
    0xFF, 0x03, 0xFC, 0x1F, 0xF0, 0x7F, 0x81, 0xFF, 0xFF, 0xF8, 0x1F, 0xFF, 0xFF, 0x01, 0xFF, 0xFF,
    0xF0, 0x1F, 0xDF, 0xFE, 0x01, 0xFC, 0xFF, 0xC0, 0x1F, 0xC7, 0xF0, 0x01, 0xFC, 0x00, 0x00, 0x1F,
    0xC0, 0x00, 0x01, 0xFC, 0x00, 0x00, 0x1F, 0xC0, 0x00, 0x01, 0xFC, 0x00, 0x00, 0x1F, 0xC0, 0x00,
    0x01, 0xFC, 0x00, 0x00, 0x1F, 0xC0, 0x00, 0x01, 0xFC, 0x00, 0x00, 0x1F, 0xC0, 0x00, 0x01, 0xFC,
    0x00, 0x00, 0x1F, 0xC0, 0x00, 0x00, 0x00, 0xFE, 0x1F, 0x80, 0x3F, 0xF3, 0xF8, 0x07, 0xFF, 0xBF,
    0x80, 0xFF, 0xFF, 0xF8, 0x0F, 0xFF, 0xFF, 0x81, 0xFF, 0xFF, 0xF8, 0x1F, 0xE0, 0xFF, 0x83, 0xFC,
    0x07, 0xF8, 0x3F, 0xC0, 0x7F, 0x83, 0xFC, 0x03, 0xF8, 0x3F, 0x80, 0x3F, 0x83, 0xF8, 0x03, 0xF8,
    0x3F, 0x80, 0x3F, 0x83, 0xF8, 0x03, 0xF8, 0x3F, 0x80, 0x3F, 0x83, 0xF8, 0x03, 0xF8, 0x3F, 0x80,
    0x3F, 0x83, 0xFC, 0x03, 0xF8, 0x3F, 0xC0, 0x7F, 0x83, 0xFC, 0x07, 0xF8, 0x1F, 0xE0, 0xFF, 0x81,
    0xFF, 0xFF, 0xF8, 0x0F, 0xFF, 0xFF, 0x80, 0xFF, 0xFF, 0xF8, 0x07, 0xFF, 0xBF, 0x80, 0x3F, 0xF3,
    0xF8, 0x00, 0xFE, 0x3F, 0x80, 0x00, 0x03, 0xF8, 0x00, 0x00, 0x3F, 0x80, 0x00, 0x03, 0xF8, 0x00,
    0x00, 0x3F, 0x80, 0x00, 0x03, 0xF8, 0x00, 0x00, 0x3F, 0x80, 0x00, 0x03, 0xF8, 0x00, 0x00, 0x3F,
    0x80, 0x00, 0x03, 0xF8, 0x00, 0x00, 0x3F, 0x80, 0x00, 0x03, 0xF8, 0x00, 0x00, 0x3F, 0x80, 0x1F,
    0x83, 0xE1, 0xF8, 0xFE, 0x1F, 0x9F, 0xE1, 0xFD, 0xFE, 0x1F, 0xFF, 0xE1, 0xFF, 0xFE, 0x1F, 0xFF,
    0xE1, 0xFF, 0xE0, 0x1F, 0xF8, 0x01, 0xFF, 0x00, 0x1F, 0xE0, 0x01, 0xFE, 0x00, 0x1F, 0xE0, 0x01,
    0xFC, 0x00, 0x1F, 0xC0, 0x01, 0xFC, 0x00, 0x1F, 0xC0, 0x01, 0xFC, 0x00, 0x1F, 0xC0, 0x01, 0xFC,
    0x00, 0x1F, 0xC0, 0x01, 0xFC, 0x00, 0x1F, 0xC0, 0x01, 0xFC, 0x00, 0x1F, 0xC0, 0x01, 0xFC, 0x00,
    0x1F, 0xC0, 0x00, 0x01, 0xFF, 0x00, 0x1F, 0xFF, 0x81, 0xFF, 0xFF, 0x07, 0xFF, 0xFC, 0x3F, 0xFF,
    0xE0, 0xFF, 0xFF, 0x83, 0xF8, 0x1C, 0x0F, 0xE0, 0x10, 0x3F, 0x80, 0x00, 0xFF, 0x80, 0x03, 0xFF,
    0x80, 0x07, 0xFF, 0x80, 0x0F, 0xFF, 0x00, 0x1F, 0xFF, 0x00, 0x3F, 0xFE, 0x00, 0x3F, 0xF8, 0x00,
    0x1F, 0xF0, 0x00, 0x3F, 0xC0, 0x00, 0x7F, 0x08, 0x01, 0xFC, 0x3C, 0x0F, 0xF0, 0xFF, 0xFF, 0xC3,
    0xFF, 0xFF, 0x0F, 0xFF, 0xF8, 0x3F, 0xFF, 0xC0, 0xFF, 0xFE, 0x00, 0xFF, 0xE0, 0x00, 0x03, 0xE0,
    0x00, 0x7C, 0x00, 0x1F, 0x80, 0x03, 0xF0, 0x00, 0x7E, 0x00, 0x1F, 0xC0, 0x07, 0xFF, 0xE1, 0xFF,
    0xFC, 0x7F, 0xFF, 0x8F, 0xFF, 0xF1, 0xFF, 0xFE, 0x3F, 0xFF, 0xC0, 0xFE, 0x00, 0x1F, 0xC0, 0x03,
    0xF8, 0x00, 0x7F, 0x00, 0x0F, 0xE0, 0x01, 0xFC, 0x00, 0x3F, 0x80, 0x07, 0xF0, 0x00, 0xFE, 0x00,
    0x1F, 0xC0, 0x03, 0xF8, 0x00, 0x7F, 0x00, 0x0F, 0xE0, 0x01, 0xFC, 0x00, 0x3F, 0xC0, 0x07, 0xFF,
    0xE0, 0xFF, 0xFC, 0x0F, 0xFF, 0x81, 0xFF, 0xF0, 0x1F, 0xFE, 0x00, 0xFF, 0x00, 0x1F, 0xC0, 0x3F,
    0xC0, 0xFE, 0x01, 0xFE, 0x07, 0xF0, 0x0F, 0xF0, 0x3F, 0x80, 0x7F, 0x81, 0xFC, 0x03, 0xFC, 0x0F,
    0xE0, 0x1F, 0xE0, 0x7F, 0x00, 0xFF, 0x03, 0xF8, 0x07, 0xF8, 0x1F, 0xC0, 0x3F, 0xC0, 0xFE, 0x01,
    0xFE, 0x07, 0xF0, 0x0F, 0xF0, 0x3F, 0x80, 0x7F, 0x81, 0xFC, 0x03, 0xFC, 0x0F, 0xE0, 0x1F, 0xE0,
    0x7F, 0x00, 0xFF, 0x03, 0xF8, 0x07, 0xF8, 0x1F, 0xC0, 0x3F, 0xC0, 0xFE, 0x01, 0xFE, 0x07, 0xF8,
    0x0F, 0xF0, 0x3F, 0xC0, 0xFF, 0x81, 0xFF, 0x0F, 0xFC, 0x07, 0xFF, 0xFF, 0xE0, 0x3F, 0xFF, 0xFF,
    0x01, 0xFF, 0xFF, 0xF8, 0x07, 0xFF, 0xDF, 0xC0, 0x1F, 0xFC, 0x7E, 0x00, 0x3F, 0xC3, 0xF0, 0xFF,
    0x00, 0x3F, 0xBF, 0xC0, 0x1F, 0xE7, 0xF0, 0x07, 0xF1, 0xFC, 0x01, 0xFC, 0x7F, 0x80, 0xFF, 0x0F,
    0xE0, 0x3F, 0x83, 0xF8, 0x0F, 0xE0, 0xFF, 0x03, 0xF8, 0x1F, 0xC1, 0xFC, 0x07, 0xF0, 0x7F, 0x01,
    0xFC, 0x1F, 0xC0, 0x3F, 0x8F, 0xF0, 0x0F, 0xE3, 0xF8, 0x03, 0xF8, 0xFE, 0x00, 0x7F, 0x3F, 0x80,
    0x1F, 0xDF, 0xC0, 0x07, 0xF7, 0xF0, 0x00, 0xFD, 0xFC, 0x00, 0x3F, 0xFE, 0x00, 0x0F, 0xFF, 0x80,
    0x01, 0xFF, 0xE0, 0x00, 0x7F, 0xF0, 0x00, 0x1F, 0xFC, 0x00, 0x03, 0xFF, 0x00, 0x00, 0xFF, 0x80,
    0x00, 0x3F, 0xE0, 0x00, 0x07, 0xF8, 0x00, 0xFF, 0x01, 0xFE, 0x01, 0xFD, 0xFC, 0x07, 0xF8, 0x0F,
    0xE7, 0xF0, 0x3F, 0xF0, 0x3F, 0x9F, 0xC0, 0xFF, 0xC0, 0xFE, 0x7F, 0x03, 0xFF, 0x03, 0xF8, 0xFE,
    0x0F, 0xFC, 0x1F, 0xC3, 0xF8, 0x3F, 0xF8, 0x7F, 0x0F, 0xE1, 0xFF, 0xE1, 0xFC, 0x3F, 0x87, 0xFF,
    0x87, 0xF0, 0x7F, 0x1F, 0x3E, 0x3F, 0x81, 0xFC, 0x7C, 0xF8, 0xFE, 0x07, 0xF3, 0xF3, 0xF3, 0xF8,
    0x1F, 0xCF, 0xCF, 0xCF, 0xE0, 0x3F, 0x3F, 0x3F, 0x3F, 0x00, 0xFE, 0xF8, 0x7D, 0xFC, 0x03, 0xFB,
    0xE1, 0xF7, 0xF0, 0x0F, 0xEF, 0x87, 0xDF, 0xC0, 0x1F, 0xFE, 0x1F, 0xFE, 0x00, 0x7F, 0xF8, 0x7F,
    0xF8, 0x01, 0xFF, 0xC0, 0xFF, 0xE0, 0x07, 0xFF, 0x03, 0xFF, 0x80, 0x0F, 0xFC, 0x0F, 0xFC, 0x00,
    0x3F, 0xF0, 0x3F, 0xF0, 0x00, 0xFF, 0xC0, 0xFF, 0xC0, 0x03, 0xFE, 0x01, 0xFF, 0x00, 0x07, 0xF8,
    0x07, 0xF8, 0x00, 0x1F, 0xE0, 0x1F, 0xE0, 0x00, 0x7F, 0x80, 0xFF, 0xBF, 0xC0, 0x7F, 0x8F, 0xF0,
    0x7F, 0x87, 0xF8, 0x3F, 0xC1, 0xFE, 0x3F, 0xC0, 0x7F, 0x1F, 0xE0, 0x3F, 0xDF, 0xE0, 0x0F, 0xEF,
    0xF0, 0x07, 0xFF, 0xF0, 0x01, 0xFF, 0xF0, 0x00, 0xFF, 0xF8, 0x00, 0x3F, 0xF8, 0x00, 0x0F, 0xFC,
    0x00, 0x07, 0xFC, 0x00, 0x07, 0xFF, 0x00, 0x03, 0xFF, 0xC0, 0x03, 0xFF, 0xE0, 0x03, 0xFF, 0xF8,
    0x01, 0xFF, 0xFC, 0x01, 0xFE, 0xFF, 0x00, 0xFF, 0x3F, 0x80, 0xFF, 0x1F, 0xE0, 0x7F, 0x07, 0xF8,
    0x7F, 0x83, 0xFC, 0x7F, 0x80, 0xFF, 0x3F, 0xC0, 0x7F, 0xBF, 0xC0, 0x1F, 0xE0, 0xFF, 0x00, 0x7F,
    0xBF, 0xC0, 0x1F, 0xE7, 0xF0, 0x07, 0xF1, 0xFE, 0x01, 0xFC, 0x7F, 0x80, 0xFF, 0x0F, 0xE0, 0x3F,
    0xC3, 0xFC, 0x0F, 0xE0, 0xFF, 0x07, 0xF8, 0x1F, 0xC1, 0xFE, 0x07, 0xF0, 0x7F, 0x01, 0xFE, 0x1F,
    0xC0, 0x3F, 0x8F, 0xF0, 0x0F, 0xE3, 0xF8, 0x03, 0xFC, 0xFE, 0x00, 0x7F, 0x7F, 0x80, 0x1F, 0xDF,
    0xC0, 0x07, 0xF7, 0xF0, 0x00, 0xFF, 0xFC, 0x00, 0x3F, 0xFE, 0x00, 0x07, 0xFF, 0x80, 0x01, 0xFF,
    0xE0, 0x00, 0x7F, 0xF0, 0x00, 0x0F, 0xFC, 0x00, 0x03, 0xFF, 0x00, 0x00, 0xFF, 0x80, 0x00, 0x1F,
    0xE0, 0x00, 0x07, 0xF8, 0x00, 0x01, 0xFC, 0x00, 0x00, 0x7F, 0x00, 0x00, 0x3F, 0xC0, 0x00, 0x0F,
    0xE0, 0x00, 0x07, 0xF8, 0x00, 0x03, 0xFE, 0x00, 0x1F, 0xFF, 0x00, 0x07, 0xFF, 0x80, 0x01, 0xFF,
    0xE0, 0x00, 0x7F, 0xF0, 0x00, 0x1F, 0xF8, 0x00, 0x03, 0xF8, 0x00, 0x00, 0x3F, 0xFF, 0xF1, 0xFF,
    0xFF, 0x8F, 0xFF, 0xFC, 0x7F, 0xFF, 0xE3, 0xFF, 0xFF, 0x1F, 0xFF, 0xF0, 0x00, 0x7F, 0x80, 0x07,
    0xF8, 0x00, 0x3F, 0x80, 0x03, 0xFC, 0x00, 0x1F, 0xC0, 0x01, 0xFE, 0x00, 0x1F, 0xE0, 0x00, 0xFE,
    0x00, 0x0F, 0xF0, 0x00, 0xFF, 0x00, 0x07, 0xF0, 0x00, 0x7F, 0x80, 0x03, 0xF8, 0x00, 0x3F, 0xC0,
    0x03, 0xFC, 0x00, 0x1F, 0xFF, 0xF9, 0xFF, 0xFF, 0xCF, 0xFF, 0xFE, 0x7F, 0xFF, 0xF3, 0xFF, 0xFF,
    0x9F, 0xFF, 0xFC, 0x00, 0x3F, 0x80, 0x3F, 0xE0, 0x1F, 0xF8, 0x07, 0xFE, 0x01, 0xFF, 0x80, 0xFF,
    0xE0, 0x3F, 0xC0, 0x0F, 0xE0, 0x03, 0xF8, 0x00, 0xFE, 0x00, 0x3F, 0x80, 0x0F, 0xE0, 0x03, 0xF8,
    0x00, 0xFE, 0x00, 0x3F, 0x80, 0x0F, 0xE0, 0x03, 0xF8, 0x01, 0xFE, 0x01, 0xFF, 0x01, 0xFF, 0xC0,
    0x7F, 0xE0, 0x1F, 0xE0, 0x07, 0xFC, 0x01, 0xFF, 0x80, 0x7F, 0xF0, 0x03, 0xFE, 0x00, 0x3F, 0x80,
    0x0F, 0xE0, 0x03, 0xF8, 0x00, 0xFE, 0x00, 0x3F, 0x80, 0x0F, 0xE0, 0x03, 0xF8, 0x00, 0xFE, 0x00,
    0x3F, 0x80, 0x0F, 0xE0, 0x03, 0xFC, 0x00, 0xFF, 0xE0, 0x1F, 0xF8, 0x07, 0xFE, 0x01, 0xFF, 0x80,
    0x3F, 0xE0, 0x03, 0xF8, 0x00, 0x7E, 0x00, 0x00, 0x7E, 0x00, 0x00, 0x7E, 0x00, 0x00, 0x7E, 0x00,
    0x00, 0x7E, 0x00, 0x00, 0x7E, 0x00, 0x00, 0x7E, 0x00, 0x00, 0x7E, 0x00, 0x00, 0x7E, 0x00, 0x00,
    0x7E, 0x00, 0x00, 0x7E, 0x00, 0x00, 0x7E, 0x00, 0x00, 0x7E, 0x00, 0x00, 0x7E, 0x00, 0x00, 0x7E,
    0x00, 0x00, 0x7E, 0x00, 0x00, 0x7E, 0x00, 0x00, 0x7E, 0x00, 0x00, 0x7E, 0x00, 0x00, 0x7E, 0x00,
    0x00, 0x7E, 0x00, 0x00, 0x7E, 0x00, 0x00, 0x7E, 0x00, 0x00, 0x7E, 0x00, 0x00, 0x7E, 0x00, 0x00,
    0x7E, 0x00, 0x00, 0x7E, 0x00, 0x00, 0x7E, 0x00, 0x00, 0x7E, 0x00, 0x00, 0x7E, 0x00, 0x00, 0x7E,
    0x00, 0x00, 0x7E, 0x00, 0x00, 0x7E, 0x00, 0x00, 0x7E, 0x00, 0x00, 0x7E, 0x00, 0x00, 0x7E, 0x00,
    0x00, 0x7E, 0x00, 0x00, 0x7E, 0x00, 0x00, 0x7E, 0x00, 0x00, 0x7E, 0x00, 0x00, 0x7E, 0x00, 0x00,
    0x7E, 0x00, 0x00, 0x7E, 0x00, 0x00, 0x7E, 0x00, 0x00, 0x7E, 0x00, 0x00, 0x7E, 0x00, 0x00, 0x7E,
    0x00, 0x00, 0x7E, 0x00, 0x7F, 0x00, 0x1F, 0xF0, 0x07, 0xFE, 0x01, 0xFF, 0xC0, 0x7F, 0xF0, 0x0F,
    0xFC, 0x00, 0x7F, 0x00, 0x1F, 0xC0, 0x03, 0xF0, 0x00, 0xFC, 0x00, 0x3F, 0x00, 0x0F, 0xC0, 0x03,
    0xF0, 0x00, 0xFC, 0x00, 0x3F, 0x00, 0x0F, 0xC0, 0x03, 0xF8, 0x00, 0xFE, 0x00, 0x3F, 0xE0, 0x07,
    0xFF, 0x01, 0xFF, 0xC0, 0x1F, 0xF0, 0x0F, 0xFC, 0x07, 0xFF, 0x03, 0xFF, 0xC0, 0xFF, 0x00, 0x3F,
    0x80, 0x0F, 0xC0, 0x03, 0xF0, 0x00, 0xFC, 0x00, 0x3F, 0x00, 0x0F, 0xC0, 0x03, 0xF0, 0x00, 0xFC,
    0x00, 0x3F, 0x00, 0x1F, 0xC0, 0x07, 0xF0, 0x0F, 0xFC, 0x07, 0xFF, 0x01, 0xFF, 0x80, 0x7F, 0xE0,
    0x1F, 0xF0, 0x07, 0xF0, 0x00, 0x00, 0x00, 0x00, 0x03, 0xFC, 0x00, 0x43, 0xFF, 0xE0, 0x70, 0xFF,
    0xFF, 0xFC, 0x3F, 0xFF, 0xFF, 0x0F, 0xFF, 0xFF, 0xC3, 0xFF, 0xFF, 0xF0, 0xE0, 0x7F, 0xF8, 0x20,
    0x03, 0xFC, 0x00, 0x00, 0x00, 0x00, 0x00, 0x00, 0x00, 0x00, 0x00, 0x00, 0x00, 0x00, 0x00, 0x00,
    0x00, 0x00, 0x00, 0x00, 0x00, 0x00, 0x00, 0x00, 0x00, 0x00, 0x00, 0x00, 0x00, 0x00, 0x00, 0x00,
    0x00, 0x00, 0x00, 0x00, 0x00, 0x00, 0x00, 0x00, 0x00, 0x00, 0x00, 0x00, 0x00,
};

static const GFXglyph kUi48Glyphs[] PROGMEM = {
    {0, 11, 0, 11, 0, 0},
    {0, 13, 35, 13, 0, -35},
    {57, 22, 35, 22, 0, -35},
    {154, 29, 35, 29, 0, -35},
    {281, 26, 40, 26, 0, -37},
    {411, 41, 36, 41, 0, -36},
    {596, 34, 36, 33, 0, -36},
    {749, 12, 35, 12, 0, -35},
    {802, 16, 43, 16, 0, -35},
    {888, 16, 43, 16, 0, -35},
    {974, 24, 37, 24, 0, -37},
    {1085, 26, 28, 26, 0, -28},
    {1176, 13, 12, 13, 0, -6},
    {1196, 15, 16, 15, 0, -16},
    {1226, 13, 8, 13, 0, -8},
    {1239, 20, 35, 20, 0, -35},
    {1327, 26, 36, 26, 0, -36},
    {1444, 26, 35, 26, 0, -35},
    {1558, 26, 36, 26, 0, -36},
    {1675, 26, 36, 26, 0, -36},
    {1792, 26, 35, 26, 0, -35},
    {1906, 26, 35, 26, 0, -35},
    {2020, 26, 36, 26, 0, -36},
    {2137, 26, 35, 26, 0, -35},
    {2251, 26, 36, 26, 0, -36},
    {2368, 26, 36, 26, 0, -36},
    {2485, 13, 27, 13, 0, -27},
    {2529, 13, 33, 13, 0, -27},
    {2583, 26, 30, 26, 0, -30},
    {2681, 26, 25, 26, 0, -25},
    {2763, 26, 30, 26, 0, -30},
    {2861, 21, 36, 21, 0, -36},
    {2956, 40, 38, 40, 0, -35},
    {3146, 31, 35, 30, 0, -35},
    {3282, 30, 35, 30, 0, -35},
    {3414, 28, 36, 28, 0, -36},
    {3540, 32, 35, 32, 0, -35},
    {3680, 25, 35, 25, 0, -35},
    {3790, 24, 35, 24, 0, -35},
    {3895, 32, 36, 32, 0, -36},
    {4039, 33, 35, 33, 0, -35},
    {4184, 18, 35, 18, 0, -35},
    {4263, 19, 45, 15, -4, -35},
    {4370, 30, 35, 29, 0, -35},
    {4502, 24, 35, 24, 0, -35},
    {4607, 42, 35, 42, 0, -35},
    {4791, 36, 35, 36, 0, -35},
    {4949, 35, 36, 35, 0, -36},
    {5107, 28, 35, 28, 0, -35},
    {5230, 35, 44, 35, 0, -36},
    {5423, 30, 35, 29, 0, -35},
    {5555, 24, 36, 24, 0, -36},
    {5663, 25, 35, 25, 0, -35},
    {5773, 33, 35, 33, 0, -35},
    {5918, 29, 35, 29, 0, -35},
    {6045, 44, 35, 43, 0, -35},
    {6238, 29, 35, 29, 0, -35},
    {6365, 28, 35, 27, 0, -35},
    {6488, 25, 35, 25, 0, -35},
    {6598, 15, 43, 15, 0, -35},
    {6679, 20, 35, 20, 0, -35},
    {6767, 15, 43, 15, 0, -35},
    {6848, 26, 35, 26, 0, -35},
    {6962, 22, 8, 21, -1, 0},
    {6984, 16, 37, 16, 0, -37},
    {7058, 27, 27, 27, 0, -27},
    {7150, 28, 37, 28, 0, -37},
    {7280, 23, 27, 23, 0, -27},
    {7358, 28, 37, 28, 0, -37},
    {7488, 26, 27, 26, 0, -27},
    {7576, 19, 37, 17, 0, -37},
    {7664, 28, 39, 28, 0, -27},
    {7801, 29, 37, 29, 0, -37},
    {7936, 14, 37, 14, 0, -37},
    {8001, 17, 49, 14, -3, -37},
    {8106, 28, 37, 27, 0, -37},
    {8236, 14, 37, 14, 0, -37},
    {8301, 43, 27, 43, 0, -27},
    {8447, 29, 27, 29, 0, -27},
    {8545, 27, 27, 27, 0, -27},
    {8637, 28, 39, 28, 0, -27},
    {8774, 28, 39, 28, 0, -27},
    {8911, 20, 27, 20, 0, -27},
    {8979, 22, 27, 22, 0, -27},
    {9054, 19, 33, 19, 0, -33},
    {9133, 29, 27, 29, 0, -27},
    {9231, 26, 27, 25, 0, -27},
    {9319, 38, 27, 38, 0, -27},
    {9448, 25, 27, 25, 0, -27},
    {9533, 26, 39, 25, 0, -27},
    {9660, 21, 27, 21, 0, -27},
    {9731, 18, 43, 18, 0, -35},
    {9828, 24, 48, 24, 0, -37},
    {9972, 18, 43, 18, 0, -35},
    {10069, 26, 22, 26, 0, -22},
};

static const GFXfont kUiFont48 PROGMEM = {
    (uint8_t*)kUi48Bitmaps,
    (GFXglyph*)kUi48Glyphs,
    0x0020, 0x007E, 56};

}  // namespace data
}  // namespace calendar_latin_font
